Workbook

Sheet Sheet1
A1: S.no | B1: Site Name | C1: Bunk Name | D1: Diesel(Liters) | E1: Diesel Amount | F1: Petrol(Liters) | G1: Petrol Amount | H1: Total Amount | I1: Opening Blance | J1: Amount Paid | K1: Closing Balances
A2: 1 | B2: Khammam-1 | C2: Sri Ramakotaiah Fuel Point | D2: 11984.26 | E2: 1146654 | F2: 130 | G2: 13969.8 | H2: =E2+G2 -> 1160623.8 | I2: 5140597 | J2: 2500000 | K2: =I2+H2-J2 -> 3801220.8
A3: 2 | B3: Khammam-2 | C3: Divya laxmi ganapathi | D3: 118512.26 | E3: 11339228 | F3: 535 | G3: 57491.1 | H3: =E3+G3 -> 11396719 | I3: 3730421 | J3: 1500000 | K3: =I3+H3-J3 -> 13627140
A4: 3 | B4: Khammam-3 | C4: Jayasai union bunk | D4: 33155.09 | E4: 3172942.1 | F4: 70 | G4: 7523.6 | H4: =E4+G4 -> 3180465.7 | I4: 8891075.4 | J4: 2000000 | K4: =I4+H4-J4 -> 10071541
A5: 4 | B5: Jadcherla-1 | C5: Sai Baba Fuel Station | D5: 6550.84 | E5: 631631.99 | F5: 305.75 | G5: 33091.323 | H5: =E5+G5 -> 664723.32 | I5: 1966837 | J5: 0 | K5: =I5+H5-J5 -> 2631560.3
A6: 5 | B6: Jadcherla-2 | C6: Uttara Enterprises | D6: 0 | E6: 0 | F6: 0 | G6: 0 | H6: =E6+G6 -> 0 | I6: 1832240.6 | J6: 0 | K6: =I6+H6-J6 -> 1832240.6
A7: 6 | B7: Jadcherla-3 | C7: Bhavani KSK Fuel Station-Nawabpet | D7: 4040 | E7: 389092.4 | F7: 0 | G7: 0 | H7: =E7+G7 -> 389092.4 | I7: 0 | J7: 0 | K7: =I7+H7-J7 -> 389092.4
A8: 7 | B8: Jadcherla-4 | C8: ADHOC FILLING STATION STATION | D8: 11600 | E8: 1118588 | F8: 0 | G8: 0 | H8: =E8+G8 -> 1118588 | I8: 0 | J8: 0 | K8: =I8+H8-J8 -> 1118588
A9: 8 | B9: Sangareddy-1 | C9: Shree lakshmi ganapathi F/S | D9: 4185.96 | E9: 403359.11 | F9: 62 | G9: 6706.54 | H9: =E9+G9 -> 410065.65 | I9: 1004532 | J9: 1414699.8 | K9: 0
A10: 9 | B10: Sangareddy-2 | C10: Sri Durgabhavani Filling Station | D10: 165 | E10: 15912 | F10: 16 | G10: 1732.96 | H10: =E10+G10 -> 17644.96 | I10: 0 | J10: 17644.96 | K10: =I10+H10-J10 -> 0
A11: 10 | B11: Sangareddy-3 | C11: Laxmi Narasimha Enterprises F/S | D11: 40 | E11: 3849 | F11: 0 | G11: 0 | H11: =E11+G11 -> 3849 | I11: 0 | J11: 3849 | K11: =I11+H11-J11 -> 0
A12: 11 | B12: Sangareddy-4 | C12: Sree Shiva Parvathi Filling Station | D12: 1459.79 | E12: 140476 | F12: 16 | G12: 1732.96 | H12: =E12+G12 -> 142208.96 | I12: 0 | J12: 142208.96 | K12: =I12+H12-J12 -> 0
A13: 12 | B13: YG Gudda | C13: Pallavi Petrolium | D13: 3800 | E13: 346940 | F13: 385 | G13: 39747.4 | H13: =E13+G13 -> 386687.4 | I13: 244365 | J13: 299920 | K13: =I13+H13-J13 -> 331132.4
A14: 13 | B14: Hosadurga-1 | C14: Merchant Petroliums | D14: 4500 | E14: 412380 | F14: 140 | G14: 14777 | H14: =E14+G14 -> 427157 | I14: 0 | J14: 150000 | K14: =I14+H14-J14 -> 277157
A15: 14 | B15: Hosadurga-2 | C15: Shree Veeraprathap Fuel | D15: 2000 | E15: 182780 | F15: 135 | G15: 13967.1 | H15: =E15+G15 -> 196747.1 | I15: 151569.4 | J15: 150000 | K15: =I15+H15-J15 -> 198316.5
A16: 15 | B16: Malebennuru(KUWSDB) | C16: Sri Ramanjuneya Service Station | D16: 3277.82 | E16: 301888 | F16: 138 | G16: 14332 | H16: =E16+G16 -> 316220 | I16: 96655 | J16: 385490 | K16: =I16+H16-J16 -> 27385
A17: 16 | B17: kadur | C17: Vishal Service Station | D17: 2000 | E17: 182300 | F17: 145 | G17: 15119.15 | H17: =E17+G17 -> 197419.15 | I17: 578097.65 | J17: 0 | K17: =I17+H17-J17 -> 775516.8
A18: 17 | B18: Hiriyur(VJNL) | C18: Sri Balaji Agencies | D18: 2400 | E18: 221040 | F18: 210 | G18: 21810.6 | H18: =E18+G18 -> 242850.6 | I18: 237520 | J18: 250000 | K18: =I18+H18-J18 -> 230370.6
A19: 18 | B19: Chellakere(KUWSDB) | C19: Sri Vishnu Baba Petroleum | D19: 2045 | E19: 188324.05 | F19: 125 | G19: 12982.5 | H19: =E19+G19 -> 201306.55 | I19: 0 | J19: 201306.55 | K19: =I19+H19-J19 -> 0
A20: 19 | B20: Khanapur(PKG-3) | C20: J K Makavi | D20: 169 | E20: 15411.11 | F20: 16.25 | G20: 1669.23 | H20: =E20+G20 -> 17080.34 | I20: 0 | J20: 17080.34 | K20: =I20+H20-J20 -> 0
A21: 20 | B21: Munavalli(PKG-3) | C21: Shahapur Petroleum | D21: 14283.35 | E21: 1303412.1 | F21: 127 | G21: 13103.86 | H21: =E21+G21 -> 1316516 | I21: 58857 | J21: 1134279.9 | K21: =I21+H21-J21 -> 241093.08
... A24: 23 | B24: Kabbur(PKG-3) | C24: Shri Jai Hanuman Petrolium | D24: 509.02 | E24: 46621.142 | F24: 11.56 | G24: 1196.8068 | H24: =E24+G24 -> 47817.949 | I24: 0 | J24: 47817.949 | K24: =I24+H24-J24 -> 0
A25: 24 | B25: Kumta (PKG-1) | C25: Krishma fuel station | D25: 760.33 | E25: 69889.534 | F25: 47.46 | G25: 4933.9416 | H25: =E25+G25 -> 74823.475 | J25: 74823.475 | K25: =I25+H25-J25 -> 0
A26: 25 | B26: Jalgaon | C26: Sri Sai Petrol Pump | D26: 597.14 | E26: 54712.182 | F26: 13.52 | G26: 1419.4272 | H26: =E26+G26 -> 56131.609 | I26: 4528.49 | J26: 49930.511 | K26: =I26+H26-J26 -> 10729.588
A27: 26 | B27: MKBD | C27: Shree Sai Samarth Petroleum | D27: 25450 | E27: 2319513 | F27: 75 | G27: 7845 | H27: =E27+G27 -> 2327358 | I27: 1668531 | J27: 2000000 | K27: =I27+H27-J27 -> 1995889
A28: 27 | B28: Haveri | C28: Shivalingeshwar Petroleum | D28: 944.46 | E28: 86389.756 | F28: 63.01 | G28: 6517.1243 | H28: =E28+G28 -> 92906.88 | I28: 90058 | J28: 115444 | K28: =I28+H28-J28 -> 67520.88
A29: 28 | B29: Guttal | C29: Taware filling station | D29: 935.89 | E29: 85914.702 | F29: 40 | G29: 4150.4 | H29: =E29+G29 -> 90065.102 | J29: 90065.102 | K29: =I29+H29-J29 -> 0
A30: 29 | B30: Rattihali | C30: Shree Siri Gowari petroliam | D30: 1032.57 | E30: 95037.743 | F30: 45 | G30: 4680.9 | H30: =E30+G30 -> 99718.643 | J30: 99718.643 | K30: =I30+H30-J30 -> 0
A31: 30 | B31: Gajendragada | C31: Vanasri Petrol Pump | D31: 60 | E31: 5509.8 | F31: 18 | G31: 1868.4 | H31: =E31+G31 -> 7378.2 | I31: 30323 | J31: 7378.2 | K31: =I31+H31-J31 -> 30323
A32: 31 | B32: Ghattaprabha(PKG-3) | C32: Vivek Petrol Pump | D32: 0 | E32: 0 | F32: 0 | G32: 0 | H32: =E32+G32 -> 0 | I32: 1036347.3 | J32: 400000 | K32: =I32+H32-J32 -> 636347.32
A33: 32 | B33: Gokak(PKG-3) | C33: AJ Petrolinks | D33: 11163.57 | E33: 1021243.4 | F33: 271 | G33: 28024.11 | H33: =E33+G33 -> 1049267.5 | I33: 473791 | J33: 300000 | K33: =I33+H33-J33 -> 1223058.5
A34: 33 | B34: Ghattaprabha-2(PKG-3) | C34: Manikeri Petroleums | D34: 0 | E34: 0 | F34: 4.82 | G34: 499.98 | H34: =E34+G34 -> 499.98 | I34: 0 | J34: 499.98 | K34: =I34+H34-J34 -> 0
A35: 34 | B35: Ankalgi(PKG-3) | C35: Nirwani Petroleums | D35: 152.92 | E35: 13949.929 | F35: 37.28 | G35: 3857.5144 | H35: =E35+G35 -> 17807.443 | I35: 0 | J35: 17807.443 | K35: =I35+H35-J35 -> 0
A36: 35 | B36: Talikote(PKG-1) | C36: Raykar Oil Agencies | D36: 637.8 | E36: 58358.7 | F36: 61.99 | G36: 5912.6304 | H36: =E36+G36 -> 64271.33 | I36: 0 | J36: 64271.33 | K36: =I36+H36-J36 -> 0
A37: 36 | B37: Chadchan(PKG-1) | C37: Khavekar Petrolium | D37: 577.29 | E37: 52088.877 | F37: 43.88 | G37: 4482.7808 | H37: =E37+G37 -> 56571.658 | I37: 192780 | J37: 192780 | K37: =I37+H37-J37 -> 56571.658
A38: 37 | B38: Sindagi | C38: G.P.PORWAL | D38: 138 | E38: 12589.74 | F38: 0 | G38: 0 | H38: =E38+G38 -> 12589.74 | I38: 0 | J38: 12589.74 | K38: =I38+H38-J38 -> 0
A39: 38 | B39: Muddebihal(PKG-1) | C39: Bhosle Service Station | D39: 98.41 | E39: 8999.5945 | F39: 33.81 | G39: 3495.6159 | H39: =E39+G39 -> 12495.21 | I39: 0 | J39: 12495.21 | K39: =I39+H39-J39 -> 0
A40: 39 | B40: Almela(PKG-1) | C40: Shiddeshwar Petroleums | D40: 35.03 | E40: 3199.2899 | F40: 30.92 | G40: 3192.7992 | H40: =E40+G40 -> 6392.0891 | I40: 0 | J40: 6392.0891 | K40: =I40+H40-J40 -> 0
A41: 40 | B41: Srirangapatna | C41: Sri Chakra Fuel Station | D41: 71.77 | E41: 6500.2089 | F41: 35.13 | G41: 3599.4198 | H41: =E41+G41 -> 10099.629 | I41: 0 | J41: 10099.629 | K41: =I41+H41-J41 -> 0
A42: 41 | B42: Nalatwad(PKG-1) | C42: Shri Pawad Basaweshwar Petroleums | D42: 436.89 | E42: 40027.862 | F42: 21.25 | G42: 2200.8625 | H42: =E42+G42 -> 42228.724 | I42: 48315 | J42: 90535.84 | K42: =I42+H42-J42 -> 7.8843
A43: Total | D43: =SUM(D2:D42) -> 272571.36 | E43: =SUM(E2:E42) -> 25754294 | F43: =SUM(F2:F42) -> 3563.63 | G43: =SUM(G2:G42) -> 373628.94 | H43: =SUM(H2:H42) -> 26127923 | I43: =SUM(I2:I42) -> 27985140 | J43: =SUM(J2:J42) -> 14320973 | K43: =SUM(K2:K42) -> 39792192
D49: =PROPER(C49)

Sheet July-25
A1: S.no | B1: Site Name | C1: Bunk Name | D1: Diesel(Liters) | E1: Diesel Amount | F1: Petrol(Liters) | G1: Petrol Amount | H1: Total Amount | I1: Opening Blance | J1: Amount Paid | K1: Closing Balances
A2: 1 | B2: Khammam-2 | C2: Divya laxmi ganapathi | D2: =+'Khammam-2'!E39 -> 72956.65 | E2: =+'Khammam-2'!G39 -> 6980416.3 | F2: =+'Khammam-2'!H39 -> 596.7 | G2: =+'Khammam-2'!J39 -> 64121.382 | H2: =E2+G2 -> 7044537.7 | I2: =+'Khammam-2'!K3 -> 13565410 | J2: =+'Khammam-2'!L39 -> 6000000 | K2: =H2+I2-J2 -> 14609947
A3: 2 | B3: Khammam-3 | C3: Jayasai union bunk | D3: =+'Khammam-3'!E35 -> 66079.65 | E3: =+'Khammam-3'!G35 -> 6323822.5 | F3: =+'Khammam-3'!H35 -> 445 | G3: =+'Khammam-3'!J35 -> 47828.6 | H3: =E3+G3 -> 6371651.1 | I3: =+'Khammam-3'!K3 -> 10291937 | J3: =+'Khammam-3'!L35 -> 4000000 | K3: =H3+I3-J3 -> 12663588
A4: 3 | B4: Jadcherla-1 | C4: Sai Baba Fuel Station | D4: =+'Jedcherla -1'!E36 -> 17003.65 | E4: =+'Jedcherla -1'!G36 -> 1639491.9 | F4: =+'Jedcherla -1'!H36 -> 548.62 | G4: =+'Jedcherla -1'!J36 -> 59377.143 | H4: =E4+G4 -> 1698869.1 | I4: =+'Jedcherla -1'!M3 -> 2139146.2 | J4: =+'Jedcherla -1'!L36 -> 2450000 | K4: =H4+I4-J4 -> 1388015.3
A5: 4 | B5: Jadcherla-4 | C5: ADHOC FILLING STATION STATION | D5: =+'Jedcharla-3'!E35 -> 51757.47 | E5: =+'Jedcharla-3'!G35 -> 4990972.8 | F5: 0 | G5: 0 | H5: =E5+G5 -> 4990972.8 | I5: =+'Jedcharla-3'!K3 -> 1209626.7 | J5: =+'Jedcharla-3'!L35 -> 4800000 | K5: =H5+I5-J5 -> 1400599.6
A6: 5 | B6: Sangareddy-1 | C6: Sree Shiva Parvathi Filling Station | D6: =+Sangareddy!E40 -> 0 | E6: =+Sangareddy!G40 -> 0 | F6: =+Sangareddy!H40 -> 120 | G6: =+Sangareddy!J40 -> 0 | H6: =E6+G6 -> 0 | I6: =+Sangareddy!K3 -> 362536.8 | J6: =+Sangareddy!L40 -> 362536.8 | K6: =H6+I6-J6 -> 0
A7: 6 | B7: Dindi | C7: Akarapu Balakistamma Fillling | D7: =+Dindi!E35 -> 117.57 | E7: =+Dindi!G35 -> 11384.303 | F7: =+Dindi!H35 -> 5.52 | G7: =+Dindi!J35 -> 599.8032 | H7: =E7+G7 -> 11984.106 | J7: =+Dindi!L35 -> 11984.106 | K7: =H7+I7-J7 -> 0
A8: 7 | B8: Devarkhadra | C8: Kurumurthy Swami F/S | D8: =+Devarakhadra!E35 -> 16462.22 | E8: =+Devarakhadra!G35 -> 1598481.6 | F8: =+Devarakhadra!H35 -> 60 | G8: =+Devarakhadra!J35 -> 6529.8 | H8: =E8+G8 -> 1605011.4 | I8: =+Devarakhadra!M3 -> 169047.22 | J8: =+Devarakhadra!L35 -> 1193133 | K8: =H8+I8-J8 -> 580925.58
A9: 8 | B9: YG Gudda | C9: Pallavi Petrolium | D9: =+'YG Gudda '!E36 -> 12447.47 | E9: =+'YG Gudda '!G36 -> 1136470.4 | F9: =+'YG Gudda '!H36 -> 630 | G9: =+'YG Gudda '!J36 -> 65041.2 | H9: =E9+G9 -> 1201511.6 | I9: ='YG Gudda '!K3 -> 48480.979 | J9: =+'YG Gudda '!L36 -> 1150000 | K9: =H9+I9-J9 -> 99992.615
A10: 9 | B10: Hosadurga-1 | C10: Merchant Petroliums | D10: =+Hosadurga!E35 -> 2500 | E10: =+Hosadurga!G35 -> 229500 | F10: =+Hosadurga!H35 -> 105 | G10: =+Hosadurga!J35 -> 11175.15 | H10: =E10+G10 -> 240675.15 | I10: =+Hosadurga!K3 -> 0 | J10: =+Hosadurga!L35 -> 240675.3 | K10: =H10+I10-J10 -> -0.15
A11: 10 | B11: Hosadurga-2 | C11: Shree Veeraprathap Fuel | D11: =+'Hosadurga -2'!E35 -> 8000 | E11: =+'Hosadurga -2'!G35 -> 732400 | F11: =+'Hosadurga -2'!H35 -> 345 | G11: =+'Hosadurga -2'!J35 -> 35786.85 | H11: =+'Hosadurga -2'!K35 -> 768186.85 | I11: =+'Hosadurga -2'!K3 -> 380044.4 | J11: =+'Hosadurga -2'!L35 -> 530000 | K11: =H11+I11-J11 -> 618231.25
A12: 11 | B12: Malebennuru(KUWSDB) | C12: Sri Ramanjuneya Service Station | D12: =+'Malebenur(KUWSDB)'!E38 -> 4216 | E12: =+'Malebenur(KUWSDB)'!G38 -> 388968.16 | F12: =+'Malebenur(KUWSDB)'!H38 -> 210 | G12: =+'Malebenur(KUWSDB)'!J38 -> 21867.3 | H12: =E12+G12 -> 410835.46 | I12: =+'Malebenur(KUWSDB)'!K3 -> 98761.304 | J12: =+'Malebenur(KUWSDB)'!L36 -> 463458 | K12: =H12+I12-J12 -> 46138.764
A13: 12 | B13: kadur | C13: Vishal Service Station | D13: =+Kadur!E35 -> 2000 | E13: =+Kadur!G35 -> 184300 | F13: =+Kadur!H35 -> 110 | G13: =+Kadur!J35 -> 11469.7 | H13: =E13+G13 -> 195769.7 | I13: =+Kadur!K3 -> 209799.73 | J13: =+Kadur!L35 -> 0 | K13: =H13+I13-J13 -> 405569.43
A14: 13 | B14: Hiriyur(VJNL) | C14: Sri Balaji Agencies | D14: =+'Hiriyur(VJNL)'!E35 -> 4500 | E14: =+'Hiriyur(VJNL)'!G35 -> 415170 | F14: =+'Hiriyur(VJNL)'!H35 -> 280 | G14: =+'Hiriyur(VJNL)'!J35 -> 29159.2 | H14: =E14+G14 -> 444329.2 | I14: =+'Hiriyur(VJNL)'!K3 -> 382940.4 | J14: =+'Hiriyur(VJNL)'!L35 -> 800519.8 | K14: =H14+I14-J14 -> 26749.8
A15: 14 | B15: Chellakere(KUWSDB) | C15: Sri Vishnu Baba Petroleum | D15: =+'Chellakere (KUWSDB)'!E35 -> 4890 | E15: =+'Chellakere (KUWSDB)'!G35 -> 451102.5 | F15: =+'Chellakere (KUWSDB)'!H35 -> 215 | G15: =+'Chellakere (KUWSDB)'!J35 -> 22387.2 | H15: =E15+G15 -> 473489.7 | I15: 0 | J15: =+'Chellakere (KUWSDB)'!L35 -> 473489.7 | K15: =H15+I15-J15 -> 0
A16: 15 | B16: Khanapur(PKG-3) | C16: J K Makavi | D16: =+Khanapur!E35 -> 20 | E16: =+Khanapur!G35 -> 1817.6 | F16: =+Khanapur!H35 -> 27.03 | G16: =+Khanapur!J35 -> 2777.8731 | H16: =E16+G16 -> 4595.4731 | I16: 0 | J16: =+Khanapur!M35 -> 4595.4731 | K16: =H16+I16-J16 -> 0
A17: 16 | B17: Munavalli(PKG-3) | C17: Shahapur Petroleum | D17: =+'Munavalli(KUWSDB)'!E36 -> 219.15 | E17: =+'Munavalli(KUWSDB)'!G36 -> 19999.629 | F17: =+'Munavalli(KUWSDB)'!H36 -> 0 | G17: =+'Munavalli(KUWSDB)'!J36 -> 0 | H17: =E17+G17 -> 19999.629 | I17: =+'Munavalli(KUWSDB)'!M3 -> 587810.79 | J17: =+'Munavalli(KUWSDB)'!L36 -> 607810.42 | K17: =H17+I17-J17 -> 0
A18: 17 | B18: Munavalli(PKG-3)-2 | C18: Shri Daneshwari | D18: =+'Munavali-2'!E36 -> 1839 | E18: =+'Munavali-2'!G36 -> 167937.48 | F18: =+'Munavali-2'!H36 -> 83 | G18: =+'Munavali-2'!J36 -> 8568.92 | H18: =E18+G18 -> 176506.4 | I18: =+'Munavali-2'!M3 -> 0 | J18: =+'Munavali-2'!L36 -> 150000 | K18: =H18+I18-J18 -> 26506.4
A19: 18 | B19: Borgaon(PKG-3) | C19: Aadisagar Petrolium | D19: =+Borgaon!E35 -> 922.62 | E19: =+Borgaon!G35 -> 84668.837 | F19: =+Borgaon!H35 -> 40 | G19: =+Borgaon!J35 -> 4149.2 | H19: =E19+G19 -> 88818.037 | I19: =+Borgaon!K3 -> 59999.798 | J19: =+Borgaon!L35 -> 119123 | K19: =H19+I19-J19 -> 29694.836
A20: 19 | B20: Ugar,Kudichi(PKG-3) | C20: Shiri Bhrhmanath Petrolium | D20: =+'Ugar,Khagwad,Kudichi'!E35 -> 5405.66 | E20: =+'Ugar,Khagwad,Kudichi'!G35 -> 496942.32 | F20: =+'Ugar,Khagwad,Kudichi'!H35 -> 241 | G20: =+'Ugar,Khagwad,Kudichi'!J35 -> 25037.49 | H20: =E20+G20 -> 521979.81 | I20: =+'Ugar,Khagwad,Kudichi'!M4 -> 236571.24 | J20: =+'Ugar,Khagwad,Kudichi'!L35 -> 737362.07 | K20: =H20+I20-J20 -> 21188.98
A21: 20 | B21: Kabbur(PKG-3) | C21: Shri Jai Hanuman Petrolium | D21: =+Kabbur!E35 -> 195 | E21: =+Kabbur!G35 -> 17860.05 | F21: =+Kabbur!H35 -> 28.08 | G21: =+Kabbur!J35 -> 2907.1224 | H21: =E21+G21 -> 20767.172 | I21: 0 | J21: =+Kabbur!L35 -> 20767.172 | K21: =H21+I21-J21 -> 0
A22: 21 | B22: Kumta (PKG-1) | C22: Krishma fuel station | D22: =+kumta!E35 -> 1055.96 | E22: =+kumta!G35 -> 97063.843 | F22: =+kumta!H35 -> 142.22 | G22: =+kumta!J35 -> 14785.191 | H22: =E22+G22 -> 111849.03 | I22: 0 | J22: =+kumta!L35 -> 111849.03 | K22: =H22+I22-J22 -> 0
A23: 22 | B23: Jalgaon | C23: Sri Sai Petrol Pump | D23: =+Jalgaon!E42 -> 1209.65 | E23: =+Jalgaon!G42 -> 110814.88 | F23: =+Jalgaon!H42 -> 8.08 | G23: =+Jalgaon!J42 -> 849.9352 | H23: =E23+G23 -> 111664.82 | I23: =+Jalgaon!K3 -> 17065.88 | J23: =+Jalgaon!L42 -> 78567.482 | K23: =H23+I23-J23 -> 50163.215
A24: 23 | B24: MKBD | C24: Shree Sai Samarth Petroleum | D24: =+MKBD!E36 -> 2000 | E24: =+MKBD!G36 -> 182280 | F24: =+MKBD!H36 -> 40 | G24: =+MKBD!J36 -> 4184 | H24: =E24+G24 -> 186464 | I24: =+MKBD!K3 -> 1012175.6 | J24: =+MKBD!L36 -> 0 | K24: =H24+I24-J24 -> 1198639.6
A25: 24 | B25: Haveri | C25: Shivalingeshwar Petroleum | D25: =+Haveri!E35 -> 1389.88 | E25: =+Haveri!G35 -> 127132.32 | F25: =+Haveri!H35 -> 78.88 | G25: =+Haveri!J35 -> 8156.192 | H25: =E25+G25 -> 135288.52 | I25: =+Haveri!M3 -> 167921.8 | J25: =+Haveri!L35 -> 267684 | K25: =H25+I25-J25 -> 35526.318
A26: 25 | B26: Guttal | C26: Taware filling station | D26: =+Guttal!E35 -> 378.85 | E26: =+Guttal!G35 -> 34778.43 | F26: =+Guttal!H35 -> 56 | G26: =+Guttal!J35 -> 5810.56 | H26: =E26+G26 -> 40588.99 | I26: 0 | J26: =+Guttal!L35 -> 40588.99 | K26: =H26+I26-J26 -> 0
A27: 26 | B27: Rattihali | C27: Shree Siri Gowari petroliam | D27: =+Rattihali!E35 -> 4661.78 | E27: =+Rattihali!G35 -> 429070.23 | F27: =+Rattihali!H35 -> 149.77 | G27: =+Rattihali!J35 -> 15579.075 | H27: =E27+G27 -> 444649.31 | I27: =+Rattihali!M3 -> 155322.81 | J27: =+Rattihali!L35 -> 546606.43 | K27: =H27+I27-J27 -> 53365.686
A28: 27 | B28: Gajendragada | C28: Vanasri Petrol Pump | D28: =+Gajendragada!E35 -> 376.16 | E28: =+Gajendragada!G35 -> 34542.773 | F28: =+Gajendragada!H35 -> 82 | G28: =+Gajendragada!J35 -> 8511.6 | H28: =E28+G28 -> 43054.373 | I28: =+Gajendragada!K3 -> 74049.039 | J28: =+Gajendragada!L35 -> 95377 | K28: =H28+I28-J28 -> 21726.412
A29: 28 | B29: Ghattaprabha(PKG-3) | C29: Vivek Petrol Pump | D29: =+Ghattaprabha!E35 -> 0 | E29: =+Ghattaprabha!G35 -> 0 | F29: =+Ghattaprabha!H35 -> 0 | G29: =+Ghattaprabha!J35 -> 0 | H29: =E29+G29 -> 0 | I29: =+Ghattaprabha!M3 -> 308876.47 | J29: =+Ghattaprabha!L35 -> 308876 | K29: =H29+I29-J29 -> 0.465
A30: 29 | B30: Gokak(PKG-3) | C30: AJ Petrolinks | D30: =+'Gokak Dharwad PKG 3'!E40 -> 19448.83 | E30: =+'Gokak Dharwad PKG 3'!G40 -> 1779179 | F30: =+'Gokak Dharwad PKG 3'!H40 -> 444.65 | G30: =+'Gokak Dharwad PKG 3'!J40 -> 46066.616 | H30: =E30+G30 -> 1825245.6 | I30: =+'Gokak Dharwad PKG 3'!K3 -> 906887.85 | J30: =+'Gokak Dharwad PKG 3'!L40 -> 2225179 | K30: =H30+I30-J30 -> 506954.43
A31: 30 | B31: Ankaligi | C31: Shiv ganga | D31: =+Ankalgi!E35 -> 1939.68 | E31: =+Ankalgi!G35 -> 177112.18 | F31: =+Ankalgi!H35 -> 187.9 | G31: =+Ankalgi!J35 -> 19396.917 | H31: =E31+G31 -> 196509.1 | I31: =+Ankalgi!M3 -> 0 | J31: =+Ankalgi!L35 -> 73518 | K31: =H31+I31-J31 -> 122991.1
A32: 31 | B32: ShankeshWAR | C32: SR Patil | D32: =+' Shankeshwar'!E35 -> 119.76 | E32: =+' Shankeshwar'!G35 -> 10934.088 | F32: =+' Shankeshwar'!H35 -> 29 | G32: =+' Shankeshwar'!J35 -> 2993.38 | H32: =E32+G32 -> 13927.468 | J32: =+' Shankeshwar'!L35 -> 13927.468 | K32: =H32+I32-J32 -> 0
A33: 32 | B33: Talikote(PKG-1) | C33: Raykar Oil Agencies | D33: =+' Talikote'!E45 -> 1274.83 | E33: =+' Talikote'!G45 -> 116609.65 | F33: =+' Talikote'!H45 -> 110.48 | G33: =+' Talikote'!J45 -> 11458.378 | H33: =E33+G33 -> 128068.03 | I33: =+' Talikote'!N3 -> 28582.189 | J33: =+' Talikote'!L45 -> 153145.74 | K33: =H33+I33-J33 -> 3504.4807
A34: 33 | B34: Chadchan(PKG-1) | C34: Khavekar Petrolium | D34: =+Chadchan!E35 -> 1455.5 | E34: =+Chadchan!G35 -> 132785.27 | F34: =+Chadchan!H35 -> 66.91 | G34: =+Chadchan!J35 -> 6902.4356 | H34: =E34+G34 -> 139687.7 | I34: =+Chadchan!K3 -> 92995.303 | J34: =+Chadchan!L35 -> 127117 | K34: =H34+I34-J34 -> 105566
A35: 34 | B35: Sindagi | C35: G.P.PORWAL | D35: =+Sindagi!E44 -> 1574.89 | E35: =+Sindagi!G44 -> 143677.21 | F35: =+Sindagi!H44 -> 15.5 | G35: =+Sindagi!J44 -> 1712.405 | H35: =E35+G35 -> 145389.62 | I35: =+Sindagi!M3 -> 9854.749 | J35: =+Sindagi!L44 -> 154336.16 | K35: =H35+I35-J35 -> 908.2041
A36: 35 | B36: Muddebihal(PKG-1) | C36: Bhosle Service Station | D36: =+Muddebihal!E47 -> 2851 | E36: =+Muddebihal!G47 -> 260723.95 | F36: =+Muddebihal!H47 -> 48.31 | G36: =+Muddebihal!J47 -> 4994.7709 | H36: =E36+G36 -> 265718.72 | I36: =+Muddebihal!M3 -> 27514.01 | J36: =+Muddebihal!L47 -> 284211.94 | K36: =H36+I36-J36 -> 9020.7913
A37: 36 | B37: Almela(PKG-1) | C37: Shiddeshwar Petroleums | D37: =+Alemela!E43 -> 2968.21 | E37: =+Alemela!G43 -> 271086.62 | F37: =+Alemela!H43 -> 42.84 | G37: =+Alemela!J43 -> 4423.6584 | H37: =E37+G37 -> 275510.28 | I37: =+Alemela!M3 -> 74760 | J37: =+Alemela!L43 -> 329307.11 | K37: =H37+I37-J37 -> 20963.168
A38: 37 | B38: Nalatwad(PKG-1) | C38: Shri Pawad Basaweshwar Petroleums | D38: =+Nalatwad!E43 -> 1273.28 | E38: =+Nalatwad!G43 -> 116657.91 | F38: =+Nalatwad!H43 -> 118.02 | G38: =+Nalatwad!J43 -> 12223.331 | H38: =E38+G38 -> 128881.24 | I38: =+Nalatwad!M3 -> 36628.608 | J38: =+Nalatwad!L43 -> 116000 | K38: =H38+I38-J38 -> 49509.853
A39: 38 | B39: Srirangapatna | C39: Sri Chakra Fuel Station | D39: =+Srirangapatna!E35 -> 454.61 | E39: =+Srirangapatna!G35 -> 41174.028 | F39: =+Srirangapatna!H35 -> 51.88 | G39: =+Srirangapatna!J35 -> 5315.6248 | H39: =E39+G39 -> 46489.652 | I39: 0 | J39: =+Srirangapatna!L35 -> 46489.652 | K39: =H39+I39-J39 -> 0
A40: Total | D40: =SUM(D2:D39) -> 315964.98 | E40: =SUM(E2:E39) -> 29937329 | F40: =SUM(F2:F39) -> 5762.39 | G40: =SUM(G2:G39) -> 592148 | H40: =SUM(H2:H39) -> 30529477 | I40: =SUM(I2:I39) -> 32654747 | J40: =SUM(J2:J39) -> 29088236 | K40: =H40+I40-J40 -> 34095988

Sheet Khammam-1
A1: Sri Ramakotaiah Fuel Point
A2: S.No | B2: Date | C2: GRN No | D2: Ind No/Bill No | E2: Diesel (Lts) | F2: Price | G2: Amount | H2: Petrol (Lts) | I2: Price | J2: Amount | K2: Total amount | L2: Amount paid | M2: As 0n Date | N2: Remarks
A3: Opening Balance | M3: =+K3 -> 0 | P3: 220299.06
A4: 1 | B4: 45809 | E4: 0 | F4: 0 | G4: =E4*F4 -> 0 | H4: 0 | I4: 0 | J4: =H4*I4 -> 0 | K4: =G4+J4 -> 0 | L4: 0 | M4: =M3+K4-L4 -> 0
A5: 2 | B5: 45810 | E5: 0 | F5: 0 | G5: =E5*F5 -> 0 | H5: 0 | I5: 0 | J5: =H5*I5 -> 0 | K5: =G5+J5 -> 0 | L5: 0 | M5: =M4+K5-L5 -> 0
A6: 3 | B6: 45811 | E6: 0 | F6: 0 | G6: =E6*F6 -> 0 | H6: 0 | I6: 0 | J6: =H6*I6 -> 0 | K6: =G6+J6 -> 0 | L6: 0 | M6: =M5+K6-L6 -> 0
A7: 4 | B7: 45812 | E7: 0 | F7: 0 | G7: =E7*F7 -> 0 | H7: 0 | I7: 0 | J7: =H7*I7 -> 0 | K7: =G7+J7 -> 0 | M7: =M6+K7-L7 -> 0
A8: 5 | B8: 45813 | E8: 0 | F8: 0 | G8: =E8*F8 -> 0 | H8: 0 | I8: 0 | J8: =H8*I8 -> 0 | K8: =G8+J8 -> 0 | M8: =M7+K8-L8 -> 0
A9: 6 | B9: 45814 | E9: 0 | F9: 0 | G9: =E9*F9 -> 0 | H9: 0 | I9: 0 | J9: =H9*I9 -> 0 | K9: =G9+J9 -> 0 | L9: 0 | M9: =M8+K9-L9 -> 0
A10: 7 | B10: 45815 | E10: 0 | F10: 0 | G10: =E10*F10 -> 0 | H10: 0 | I10: 0 | J10: =H10*I10 -> 0 | K10: =G10+J10 -> 0 | L10: 0 | M10: =M9+K10-L10 -> 0
A11: 8 | B11: 45816 | E11: 0 | F11: 0 | G11: =E11*F11 -> 0 | H11: 0 | I11: 0 | J11: =H11*I11 -> 0 | K11: =G11+J11 -> 0 | L11: 0 | M11: =M10+K11-L11 -> 0
A12: 9 | B12: 45817 | E12: 0 | F12: 0 | G12: =E12*F12 -> 0 | H12: 0 | I12: 0 | J12: =H12*I12 -> 0 | K12: =G12+J12 -> 0 | L12: 0 | M12: =M11+K12-L12 -> 0
A13: 10 | B13: 45818 | E13: 0 | F13: 0 | G13: =E13*F13 -> 0 | H13: 0 | I13: 0 | J13: =H13*I13 -> 0 | K13: =G13+J13 -> 0 | L13: 0 | M13: =M12+K13-L13 -> 0
A14: 11 | B14: 45819 | E14: 0 | F14: 0 | G14: =E14*F14 -> 0 | H14: 0 | I14: 0 | J14: =H14*I14 -> 0 | K14: =G14+J14 -> 0 | L14: 0 | M14: =M13+K14-L14 -> 0
A15: 12 | B15: 45820 | E15: 0 | F15: 0 | G15: =E15*F15 -> 0 | H15: 0 | I15: 0 | J15: =H15*I15 -> 0 | K15: =G15+J15 -> 0 | L15: 0 | M15: =M14+K15-L15 -> 0
A16: 13 | B16: 45821 | E16: 0 | F16: 0 | G16: =E16*F16 -> 0 | H16: 0 | I16: 0 | J16: =H16*I16 -> 0 | K16: =G16+J16 -> 0 | L16: 0 | M16: =M15+K16-L16 -> 0
A17: 14 | B17: 45822 | E17: 0 | F17: 0 | G17: =E17*F17 -> 0 | H17: 0 | I17: 0 | J17: =H17*I17 -> 0 | K17: =G17+J17 -> 0 | L17: 0 | M17: =M16+K17-L17 -> 0
A18: 15 | B18: 45823 | E18: 0 | F18: 0 | G18: =E18*F18 -> 0 | H18: 0 | I18: 0 | J18: =H18*I18 -> 0 | K18: =G18+J18 -> 0 | L18: 0 | M18: =M17+K18-L18 -> 0
A19: 16 | B19: 45824 | E19: 0 | F19: 0 | G19: =E19*F19 -> 0 | H19: 0 | I19: 0 | J19: =H19*I19 -> 0 | K19: =G19+J19 -> 0 | L19: 0 | M19: =M18+K19-L19 -> 0 | O19: .
A20: 17 | B20: 45825 | E20: 0 | F20: 0 | G20: =E20*F20 -> 0 | H20: 0 | I20: 0 | J20: =H20*I20 -> 0 | K20: =G20+J20 -> 0 | L20: 0 | M20: =M19+K20-L20 -> 0
A21: 18 | B21: 45826 | E21: 0 | F21: 0 | G21: =E21*F21 -> 0 | H21: 0 | I21: 0 | J21: =H21*I21 -> 0 | K21: =G21+J21 -> 0 | L21: 0 | M21: =M20+K21-L21 -> 0
A22: 19 | B22: 45827 | E22: 0 | F22: 0 | G22: =E22*F22 -> 0 | H22: 0 | I22: 0 | J22: =H22*I22 -> 0 | K22: =G22+J22 -> 0 | L22: 0 | M22: =M21+K22-L22 -> 0
A23: 20 | B23: 45828 | E23: 0 | F23: 0 | G23: =E23*F23 -> 0 | H23: 0 | I23: 0 | J23: =H23*I23 -> 0 | K23: =G23+J23 -> 0 | L23: 0 | M23: =M22+K23-L23 -> 0
A24: 21 | B24: 45829 | E24: 0 | F24: 0 | G24: =E24*F24 -> 0 | H24: 0 | I24: 0 | J24: =H24*I24 -> 0 | K24: =G24+J24 -> 0 | L24: 0 | M24: =M23+K24-L24 -> 0
A25: 22 | B25: 45830 | E25: 0 | F25: 0 | G25: =E25*F25 -> 0 | H25: 0 | I25: 0 | J25: =H25*I25 -> 0 | K25: =G25+J25 -> 0 | L25: 0 | M25: =M24+K25-L25 -> 0
A26: 23 | B26: 45831 | E26: 0 | F26: 0 | G26: =E26*F26 -> 0 | H26: 0 | I26: 0 | J26: =H26*I26 -> 0 | K26: =G26+J26 -> 0 | L26: 0 | M26: =M25+K26-L26 -> 0
A27: 24 | B27: 45832 | E27: 0 | F27: 0 | G27: =E27*F27 -> 0 | H27: 0 | I27: 0 | J27: =H27*I27 -> 0 | K27: =G27+J27 -> 0 | L27: 0 | M27: =M26+K27-L27 -> 0
A28: 25 | B28: 45833 | E28: 0 | F28: 0 | G28: =E28*F28 -> 0 | H28: 0 | I28: 0 | J28: =H28*I28 -> 0 | K28: =G28+J28 -> 0 | L28: 0 | M28: =M27+K28-L28 -> 0
A29: 26 | B29: 45834 | E29: 0 | F29: 0 | G29: =E29*F29 -> 0 | H29: 0 | I29: 0 | J29: =H29*I29 -> 0 | K29: =G29+J29 -> 0 | L29: 0 | M29: =M28+K29-L29 -> 0
A30: 27 | B30: 45835 | E30: 0 | F30: 0 | G30: =E30*F30 -> 0 | H30: 0 | I30: 0 | J30: =H30*I30 -> 0 | K30: =G30+J30 -> 0 | L30: 0 | M30: =M29+K30-L30 -> 0
A31: 28 | B31: 45836 | E31: 0 | F31: 0 | G31: =E31*F31 -> 0 | H31: 0 | I31: 0 | J31: =H31*I31 -> 0 | K31: =G31+J31 -> 0 | L31: 0 | M31: =M30+K31-L31 -> 0
A32: 29 | B32: 45837 | E32: 0 | F32: 0 | G32: =E32*F32 -> 0 | H32: 0 | I32: 0 | J32: =H32*I32 -> 0 | K32: =G32+J32 -> 0 | L32: 0 | M32: =M31+K32-L32 -> 0
A33: 30 | B33: 45838 | E33: 0 | F33: 0 | G33: =E33*F33 -> 0 | H33: 0 | I33: 0 | J33: =H33*I33 -> 0 | K33: =G33+J33 -> 0 | L33: 0 | M33: =M32+K33-L33 -> 0 | R33: 2584221.7
A34: 31 | E34: 0 | F34: 0 | G34: =E34*F34 -> 0 | H34: 0 | I34: 0 | J34: =H34*I34 -> 0 | K34: =G34+J34 -> 0 | L34: 0 | M34: =M33+K34-L34 -> 0
E35: 0 | F35: 0 | G35: =E35*F35 -> 0 | H35: 0 | I35: 0 | J35: =H35*I35 -> 0 | K35: =G35+J35 -> 0
E36: =SUM(E4:E35) -> 0 | G36: =SUM(G4:G35) -> 0 | H36: =SUM(H4:H35) -> 0 | J36: =SUM(J3:J35) -> 0 | K36: =SUM(K4:K35) -> 0 | L36: =SUM(L4:L35) -> 0
E41: =E36+H36 -> 0

Sheet Khammam-2
A1: Divya laxmi ganapathi
A2: S.No | B2: Date | C2: GRN No | D2: Ind No/Bill No | E2: Diesel (Lts) | F2: Price | G2: Amount | H2: Petrol (Lts) | I2: Price | J2: Amount | K2: Total amount | L2: Amount paid | M2: As 0n Date | N2: Remarks
A3: Opening Balance | K3: 13565410 | M3: =+K3 -> 13565410
A4: 1 | B4: 45839 | E4: 0 | F4: 0 | G4: =E4*F4 -> 0 | H4: 0 | I4: 0 | J4: =H4*I4 -> 0 | K4: =G4+J4 -> 0 | M4: =M3+K4-L4 -> 13565410
A5: 2 | B5: 45840 | E5: 0 | F5: 0 | G5: =E5*F5 -> 0 | H5: 0 | I5: 0 | J5: =H5*I5 -> 0 | K5: =G5+J5 -> 0 | M5: =M4+K5-L5 -> 13565410
A6: 3 | B6: 45841 | E6: 0 | F6: 0 | G6: =E6*F6 -> 0 | H6: 0 | I6: 0 | J6: =H6*I6 -> 0 | K6: =G6+J6 -> 0 | M6: =M5+K6-L6 -> 13565410
A7: 4 | B7: 45842 | E7: 5300.79 | F7: 95.68 | G7: =E7*F7 -> 507179.59 | H7: 20 | I7: 107.46 | J7: =H7*I7 -> 2149.2 | K7: =G7+J7 -> 509328.79 | M7: =M6+K7-L7 -> 14074738
A8: 5 | B8: 45843 | E8: =2500+3290.99+2800 -> 8590.99 | F8: 95.68 | G8: =E8*F8 -> 821985.92 | H8: =40+26.7 -> 66.7 | I8: 107.46 | J8: =H8*I8 -> 7167.582 | K8: =G8+J8 -> 829153.51 | M8: =M7+K8-L8 -> 14903892
A9: 6 | B9: 45844 | E9: 0 | F9: 0 | G9: =E9*F9 -> 0 | H9: 0 | I9: 0 | J9: =H9*I9 -> 0 | K9: =G9+J9 -> 0 | M9: =M8+K9-L9 -> 14903892
A10: 7 | B10: 45845 | E10: 2500 | F10: 95.67 | G10: =E10*F10 -> 239175 | H10: 20 | I10: 107.46 | J10: =H10*I10 -> 2149.2 | K10: =G10+J10 -> 241324.2 | M10: =M9+K10-L10 -> 15145216
A11: 8 | B11: 45846 | E11: 7022.75 | F11: 95.68 | G11: =E11*F11 -> 671936.72 | H11: 55 | I11: 107.46 | J11: =H11*I11 -> 5910.3 | K11: =G11+J11 -> 677847.02 | M11: =M10+K11-L11 -> 15823063
A12: 9 | B12: 45847 | E12: =2500+1541.27+200 -> 4241.27 | F12: 95.68 | G12: =E12*F12 -> 405804.71 | H12: 40 | I12: 107.46 | J12: =H12*I12 -> 4298.4 | K12: =G12+J12 -> 410103.11 | M12: =M11+K12-L12 -> 16233166
A13: 10 | B13: 45847 | E13: 2600 | F13: 95.67 | G13: =E13*F13 -> 248742 | K13: =G13+J13 -> 248742 | M13: =M12+K13-L13 -> 16481908
A14: 11 | B14: 45848 | E14: 0 | F14: 0 | G14: =E14*F14 -> 0 | H14: 0 | I14: 0 | J14: =H14*I14 -> 0 | K14: =G14+J14 -> 0 | M14: =M13+K14-L14 -> 16481908
A15: 12 | B15: 45849 | E15: 0 | F15: 0 | G15: =E15*F15 -> 0 | H15: 0 | I15: 0 | J15: =H15*I15 -> 0 | K15: =G15+J15 -> 0 | M15: =M14+K15-L15 -> 16481908
A16: 13 | B16: 45850 | E16: 2700 | F16: 95.68 | G16: =E16*F16 -> 258336 | H16: 20 | I16: 107.46 | J16: =H16*I16 -> 2149.2 | K16: =G16+J16 -> 260485.2 | M16: =M15+K16-L16 -> 16742393
A17: 14 | B17: 45851 | E17: 2500.26 | F17: 95.68 | G17: =E17*F17 -> 239224.88 | H17: 20 | I17: 107.46 | J17: =H17*I17 -> 2149.2 | K17: =G17+J17 -> 241374.08 | M17: =M16+K17-L17 -> 16983767
A18: 15 | B18: 45852 | E18: 2800 | F18: 95.68 | G18: =E18*F18 -> 267904 | H18: 40 | I18: 107.46 | J18: =H18*I18 -> 4298.4 | K18: =G18+J18 -> 272202.4 | M18: =M17+K18-L18 -> 17255970
A19: 16 | B19: 45853 | E19: 2800 | F19: 95.68 | G19: =E19*F19 -> 267904 | H19: 60 | I19: 107.46 | J19: =H19*I19 -> 6447.6 | K19: =G19+J19 -> 274351.6 | L19: 6000000 | M19: =M18+K19-L19 -> 11530321
A20: 17 | B20: 45854 | E20: 2500 | F20: 95.67 | G20: =E20*F20 -> 239175 | H20: 55 | I20: 107.46 | J20: =H20*I20 -> 5910.3 | K20: =G20+J20 -> 245085.3 | M20: =M19+K20-L20 -> 11775407
A21: 18 | B21: 45854 | E21: =2800+847.32 -> 3647.32 | F21: 95.68 | G21: =E21*F21 -> 348975.58 | K21: =G21+J21 -> 348975.58 | M21: =M20+K21-L21 -> 12124382
A22: 19 | B22: 45855 | E22: 2599.93 | F22: 95.68 | G22: =E22*F22 -> 248761.3 | H22: 20 | I22: 107.46 | J22: =H22*I22 -> 2149.2 | K22: =G22+J22 -> 250910.5 | M22: =M21+K22-L22 -> 12375293
A23: 20 | B23: 45856 | E23: 1006.24 | F23: 95.68 | G23: =E23*F23 -> 96277.043 | H23: 0 | I23: 107.46 | J23: =H23*I23 -> 0 | K23: =G23+J23 -> 96277.043 | M23: =M22+K23-L23 -> 12471570
A24: 21 | B24: 45857 | E24: 2800 | F24: 95.68 | G24: =E24*F24 -> 267904 | H24: 60 | I24: 107.46 | J24: =H24*I24 -> 6447.6 | K24: =G24+J24 -> 274351.6 | M24: =M23+K24-L24 -> 12745921
A25: 22 | B25: 45858 | E25: 2600 | F25: 95.68 | G25: =E25*F25 -> 248768 | H25: 0 | I25: 107.46 | J25: =H25*I25 -> 0 | K25: =G25+J25 -> 248768 | M25: =M24+K25-L25 -> 12994689
A26: 23 | B26: 45859 | E26: 747 | F26: 95.68 | G26: =E26*F26 -> 71472.96 | H26: 0 | I26: 0 | J26: =H26*I26 -> 0 | K26: =G26+J26 -> 71472.96 | M26: =M25+K26-L26 -> 13066162
A27: 24 | B27: 45860 | E27: 0 | F27: 0 | G27: =E27*F27 -> 0 | H27: 0 | I27: 0 | J27: =H27*I27 -> 0 | K27: =G27+J27 -> 0 | M27: =M26+K27-L27 -> 13066162
A28: 25 | B28: 45861 | E28: 0 | F28: 0 | G28: =E28*F28 -> 0 | H28: 0 | I28: 0 | J28: =H28*I28 -> 0 | K28: =G28+J28 -> 0 | M28: =M27+K28-L28 -> 13066162
A29: 26 | B29: 45862 | E29: 0 | F29: 0 | G29: =E29*F29 -> 0 | H29: 0 | I29: 0 | J29: =H29*I29 -> 0 | K29: =G29+J29 -> 0 | M29: =M28+K29-L29 -> 13066162
A30: 27 | B30: 45863 | E30: 0 | F30: 0 | G30: =E30*F30 -> 0 | H30: 0 | I30: 0 | J30: =H30*I30 -> 0 | K30: =G30+J30 -> 0 | M30: =M29+K30-L30 -> 13066162
A31: 28 | B31: 45864 | E31: 0 | F31: 0 | G31: =E31*F31 -> 0 | H31: 0 | I31: 0 | J31: =H31*I31 -> 0 | K31: =G31+J31 -> 0 | M31: =M30+K31-L31 -> 13066162
A32: 29 | B32: 45865 | E32: 0 | F32: 0 | G32: =E32*F32 -> 0 | H32: 0 | I32: 0 | J32: =H32*I32 -> 0 | K32: =G32+J32 -> 0 | M32: =M31+K32-L32 -> 13066162
A33: 30 | B33: 45866 | E33: 0 | F33: 0 | G33: =E33*F33 -> 0 | H33: 0 | I33: 0 | J33: =H33*I33 -> 0 | K33: =G33+J33 -> 0 | M33: =M32+K33-L33 -> 13066162
... A36: 33 | B36: 45869 | E36: 2700 | F36: 95.68 | G36: =E36*F36 -> 258336 | H36: 20 | I36: 107.46 | J36: =H36*I36 -> 2149.2 | K36: =G36+J36 -> 260485.2 | M36: =M35+K36-L36 -> 14609947
A37: 34 | E37: 0 | F37: 0 | G37: =E37*F37 -> 0 | H37: 0 | I37: 0 | J37: =H37*I37 -> 0 | K37: =G37+J37 -> 0
A38: 35
E39: =SUM(E3:E38) -> 72956.65 | G39: =SUM(G3:G38) -> 6980416.3 | H39: =SUM(H3:H38) -> 596.7 | J39: =SUM(J3:J38) -> 64121.382 | K39: =SUM(K4:K38) -> 7044537.7 | L39: =SUM(L3:L38) -> 6000000

Sheet Khammam-3
A1: Jayasai union bunk
A2: S.No | B2: Date | C2: GRN No | D2: Ind No/Bill No | E2: Diesel (Lts) | F2: Price | G2: Amount | H2: Petrol (Lts) | I2: Price | J2: Amount | K2: Total amount | L2: Amount paid | M2: As 0n Date | N2: Remarks
A3: Opening Balance | K3: 10291937 | M3: =+K3 -> 10291937
A4: 1 | B4: 45839 | E4: 4931.2 | F4: 95.7 | G4: =E4*F4 -> 471915.84 | H4: 55 | I4: 107.48 | J4: =H4*I4 -> 5911.4 | K4: =G4+J4 -> 477827.24 | M4: =M3+K4-L4 -> 10769764
A5: 2 | B5: 45840 | E5: 1000 | F5: 95.7 | G5: =E5*F5 -> 95700 | H5: 0 | I5: 0 | J5: =H5*I5 -> 0 | K5: =G5+J5 -> 95700 | M5: =M4+K5-L5 -> 10865464
A6: 3 | B6: 45841 | E6: 3500 | F6: 95.7 | G6: =E6*F6 -> 334950 | H6: 20 | I6: 107.48 | J6: =H6*I6 -> 2149.6 | K6: =G6+J6 -> 337099.6 | M6: =M5+K6-L6 -> 11202564
A7: 4 | B7: 45842 | E7: 1000 | F7: 95.7 | G7: =E7*F7 -> 95700 | H7: 0 | I7: 0 | J7: =H7*I7 -> 0 | K7: =G7+J7 -> 95700 | M7: =M6+K7-L7 -> 11298264
A8: 5 | B8: 45843 | E8: =2500+1000 -> 3500 | F8: 95.7 | G8: =E8*F8 -> 334950 | H8: 20 | I8: 107.48 | J8: =H8*I8 -> 2149.6 | K8: =G8+J8 -> 337099.6 | M8: =M7+K8-L8 -> 11635364
A9: 6 | B9: 45844 | E9: 1500 | F9: 95.7 | G9: =E9*F9 -> 143550 | H9: 0 | I9: 0 | J9: =H9*I9 -> 0 | K9: =G9+J9 -> 143550 | M9: =M8+K9-L9 -> 11778914
A10: 7 | B10: 45845 | E10: 3961.8 | F10: 95.7 | G10: =E10*F10 -> 379144.26 | H10: 40 | I10: 107.48 | J10: =H10*I10 -> 4299.2 | K10: =G10+J10 -> 383443.46 | M10: =M9+K10-L10 -> 12162357
A11: 8 | B11: 45846 | E11: 1500 | F11: 95.7 | G11: =E11*F11 -> 143550 | H11: 0 | I11: 0 | J11: =H11*I11 -> 0 | K11: =G11+J11 -> 143550 | M11: =M10+K11-L11 -> 12305907
A12: 9 | B12: 45847 | G12: =E12*F12 -> 0 | H12: 0 | I12: 0 | J12: =H12*I12 -> 0 | K12: =G12+J12 -> 0 | M12: =M11+K12-L12 -> 12305907
A13: 10 | B13: 45848 | E13: 2800 | F13: 95.7 | G13: =E13*F13 -> 267960 | H13: 55 | I13: 107.48 | J13: =H13*I13 -> 5911.4 | K13: =G13+J13 -> 273871.4 | M13: =M12+K13-L13 -> 12579778
A14: 11 | B14: 45849 | E14: 2700 | F14: 95.7 | G14: =E14*F14 -> 258390 | H14: 20 | I14: 107.48 | J14: =H14*I14 -> 2149.6 | K14: =G14+J14 -> 260539.6 | M14: =M13+K14-L14 -> 12840318
A15: 12 | B15: 45850 | E15: 2800 | F15: 95.7 | G15: =E15*F15 -> 267960 | H15: 20 | I15: 107.48 | J15: =H15*I15 -> 2149.6 | K15: =G15+J15 -> 270109.6 | M15: =M14+K15-L15 -> 13110428
A16: 13 | B16: 45851 | G16: =E16*F16 -> 0 | H16: 0 | I16: 0 | J16: =H16*I16 -> 0 | K16: =G16+J16 -> 0 | M16: =M15+K16-L16 -> 13110428
A17: 14 | B17: 45852 | G17: =E17*F17 -> 0 | H17: 0 | I17: 0 | J17: =H17*I17 -> 0 | K17: =G17+J17 -> 0 | M17: =M16+K17-L17 -> 13110428
A18: 15 | B18: 45853 | G18: =E18*F18 -> 0 | H18: 0 | I18: 0 | J18: =H18*I18 -> 0 | K18: =G18+J18 -> 0 | L18: 2000000 | M18: =M17+K18-L18 -> 11110428
A19: 16 | B19: 45854 | E19: 5200 | F19: 95.7 | G19: =E19*F19 -> 497640 | H19: 0 | I19: 0 | J19: =H19*I19 -> 0 | K19: =G19+J19 -> 497640 | L19: 2000000 | M19: =M18+K19-L19 -> 9608067.7
A20: 17 | B20: 45855 | G20: =E20*F20 -> 0 | H20: 0 | I20: 0 | J20: =H20*I20 -> 0 | K20: =G20+J20 -> 0 | M20: =M19+K20-L20 -> 9608067.7
A21: 18 | B21: 45856 | E21: 2700 | F21: 95.7 | G21: =E21*F21 -> 258390 | H21: 20 | I21: 107.48 | J21: =H21*I21 -> 2149.6 | K21: =G21+J21 -> 260539.6 | M21: =M20+K21-L21 -> 9868607.3
A22: 19 | B22: 45857 | E22: 2700 | F22: 95.7 | G22: =E22*F22 -> 258390 | H22: 0 | I22: 107.48 | J22: =H22*I22 -> 0 | K22: =G22+J22 -> 258390 | M22: =M21+K22-L22 -> 10126997
A23: 20 | B23: 45858 | E23: 2700 | F23: 95.7 | G23: =E23*F23 -> 258390 | H23: 35 | I23: 107.48 | J23: =H23*I23 -> 3761.8 | K23: =G23+J23 -> 262151.8 | M23: =M22+K23-L23 -> 10389149
A24: 21 | B24: 45859 | E24: 2700 | F24: 95.7 | G24: =E24*F24 -> 258390 | H24: 20 | I24: 107.48 | J24: =H24*I24 -> 2149.6 | K24: =G24+J24 -> 260539.6 | M24: =M23+K24-L24 -> 10649689
A25: 22 | B25: 45860 | E25: 2700 | F25: 95.7 | G25: =E25*F25 -> 258390 | H25: 20 | I25: 107.48 | J25: =H25*I25 -> 2149.6 | K25: =G25+J25 -> 260539.6 | M25: =M24+K25-L25 -> 10910228
A26: 23 | B26: 45861 | E26: 2000 | F26: 95.7 | G26: =E26*F26 -> 191400 | H26: 0 | I26: 0 | J26: =H26*I26 -> 0 | K26: =G26+J26 -> 191400 | M26: =M25+K26-L26 -> 11101628
A27: 24 | B27: 45862 | E27: 2000 | F27: 95.7 | G27: =E27*F27 -> 191400 | H27: 40 | I27: 107.48 | J27: =H27*I27 -> 4299.2 | K27: =G27+J27 -> 195699.2 | M27: =M26+K27-L27 -> 11297327
A28: 25 | B28: 45863 | E28: 3857.15 | F28: 95.7 | G28: =E28*F28 -> 369129.26 | H28: 20 | I28: 107.48 | J28: =H28*I28 -> 2149.6 | K28: =G28+J28 -> 371278.85 | M28: =M27+K28-L28 -> 11668606
A29: 26 | B29: 45864 | E29: =2700+1048.23 -> 3748.23 | F29: 95.7 | G29: =E29*F29 -> 358705.61 | H29: 20 | I29: 107.48 | J29: =H29*I29 -> 2149.6 | K29: =G29+J29 -> 360855.21 | M29: =M28+K29-L29 -> 12029462
A30: 27 | B30: 45865 | E30: =1500+1033.82 -> 2533.82 | F30: 95.7 | G30: =E30*F30 -> 242486.57 | H30: 20 | I30: 107.48 | J30: =H30*I30 -> 2149.6 | K30: =G30+J30 -> 244636.17 | M30: =M29+K30-L30 -> 12274098
A31: 28 | B31: 45866 | E31: 2700 | F31: 95.7 | G31: =E31*F31 -> 258390 | H31: 20 | I31: 107.48 | J31: =H31*I31 -> 2149.6 | K31: =G31+J31 -> 260539.6 | M31: =M30+K31-L31 -> 12534637
A32: 29 | B32: 45867 | E32: 1347.45 | F32: 95.7 | G32: =E32*F32 -> 128950.97 | H32: 0 | I32: 0 | J32: =H32*I32 -> 0 | K32: =G32+J32 -> 128950.97 | M32: =M31+K32-L32 -> 12663588
A33: 30 | B33: 45868 | G33: =E33*F33 -> 0 | H33: 0 | I33: 0 | J33: =H33*I33 -> 0 | K33: =G33+J33 -> 0 | M33: =M32+K33-L33 -> 12663588
A34: 31 | G34: =E34*F34 -> 0 | H34: 0 | I34: 0 | J34: =H34*I34 -> 0 | K34: =G34+J34 -> 0 | M34: =M33+K34-L34 -> 12663588
E35: =SUM(E4:E34) -> 66079.65 | G35: =SUM(G4:G34) -> 6323822.5 | H35: =SUM(H4:H34) -> 445 | J35: =SUM(J4:J34) -> 47828.6 | K35: =SUM(K4:K34) -> 6371651.1 | L35: =SUM(L4:L34) -> 4000000

Sheet Jedcherla -1
A1: Sai Baba Fuel Station
A2: S.No | B2: Date | C2: GRN No | D2: Ind No/Bill No | E2: Diesel (Lts) | F2: Price | G2: Amount | H2: Petrol (Lts) | I2: Price | J2: Amount | K2: Total amount | L2: Amount paid | M2: As on date | N2: Remarks
A3: Opening Balance | M3: 2139146.2
A4: 1 | B4: 45839 | E4: 0 | F4: 0 | G4: 0 | H4: 15 | I4: 108.23 | J4: =H4*I4 -> 1623.45 | K4: =G4+J4 -> 1623.45 | L4: 0 | M4: =M3+K4-L4 -> 2140769.6 | P4: 2259050
A5: 2 | B5: 45840 | E5: 4025 | F5: 96.42 | G5: =E5*F5 -> 388090.5 | H5: 29.62 | I5: 108.23 | J5: =H5*I5 -> 3205.7726 | K5: =G5+J5 -> 391296.27 | L5: 0 | M5: =M4+K5-L5 -> 2532065.9
A6: 3 | B6: 45841 | E6: 0 | F6: 0 | G6: =E6*F6 -> 0 | H6: 20 | I6: 108.23 | J6: =H6*I6 -> 2164.6 | K6: =G6+J6 -> 2164.6 | L6: 0 | M6: =M5+K6-L6 -> 2534230.5
A7: 4 | B7: 45842 | E7: 0 | F7: 0 | G7: =E7*F7 -> 0 | H7: 10 | I7: 108.23 | J7: =H7*I7 -> 1082.3 | K7: =G7+J7 -> 1082.3 | L7: 0 | M7: =M6+K7-L7 -> 2535312.8
A8: 5 | B8: 45843 | E8: 0 | F8: 0 | G8: =E8*F8 -> 0 | H8: 18 | I8: 108.23 | J8: =H8*I8 -> 1948.14 | K8: =G8+J8 -> 1948.14 | L8: 0 | M8: =M7+K8-L8 -> 2537261
A9: 6 | B9: 45844 | D9: 30 | E9: 30 | F9: 96.42 | G9: =E9*F9 -> 2892.6 | H9: 27 | I9: 108.23 | J9: =H9*I9 -> 2922.21 | K9: =G9+J9 -> 5814.81 | L9: 0 | M9: =M8+K9-L9 -> 2543075.8
A10: 7 | B10: 45845 | E10: 0 | F10: 0 | G10: =E10*F10 -> 0 | H10: 10 | I10: 108.23 | J10: =H10*I10 -> 1082.3 | K10: =G10+J10 -> 1082.3 | L10: 0 | M10: =M9+K10-L10 -> 2544158.1 | P10: =1619072*96.42 -> 1.5611092e+08
A11: 8 | B11: 45846 | E11: 0 | F11: 0 | G11: =E11*F11 -> 0 | H11: 15 | I11: 108.23 | J11: =H11*I11 -> 1623.45 | K11: =G11+J11 -> 1623.45 | L11: 0 | M11: =M10+K11-L11 -> 2545781.5
A12: 9 | B12: 45847 | E12: 0 | F12: 0 | G12: =E12*F12 -> 0 | H12: 15 | I12: 108.23 | J12: =H12*I12 -> 1623.45 | K12: =G12+J12 -> 1623.45 | L12: 0 | M12: =M11+K12-L12 -> 2547405
A13: 10 | B13: 45848 | E13: 20.74 | F13: 96.42 | G13: =E13*F13 -> 1999.7508 | H13: 30 | I13: 108.23 | J13: =H13*I13 -> 3246.9 | K13: =G13+J13 -> 5246.6508 | L13: 0 | M13: =M12+K13-L13 -> 2552651.6
A14: 11 | B14: 45849 | E14: 124.35 | F14: 96.42 | G14: =E14*F14 -> 11989.827 | H14: 10 | I14: 108.23 | J14: =H14*I14 -> 1082.3 | K14: =G14+J14 -> 13072.127 | L14: 0 | M14: =M13+K14-L14 -> 2565723.7
A15: 12 | B15: 45850 | E15: 0 | F15: 0 | G15: =E15*F15 -> 0 | H15: 14 | I15: 108.23 | J15: =H15*I15 -> 1515.22 | K15: =G15+J15 -> 1515.22 | L15: 0 | M15: =M14+K15-L15 -> 2567239
A16: 13 | B16: 45851 | E16: 0 | F16: 0 | G16: =E16*F16 -> 0 | H16: 15 | I16: 108.23 | J16: =H16*I16 -> 1623.45 | K16: =G16+J16 -> 1623.45 | L16: 0 | M16: =M15+K16-L16 -> 2568862.4
A17: 14 | B17: 45852 | E17: 34.74 | F17: 96.42 | G17: =E17*F17 -> 3349.6308 | H17: 20 | I17: 108.23 | J17: =H17*I17 -> 2164.6 | K17: =G17+J17 -> 5514.2308 | L17: 0 | M17: =M16+K17-L17 -> 2574376.6
A18: 15 | B18: 45853 | E18: 36.09 | F18: 96.42 | G18: =E18*F18 -> 3479.7978 | H18: 20 | I18: 108.23 | J18: =H18*I18 -> 2164.6 | K18: =G18+J18 -> 5644.3978 | L18: 1500000 | M18: =M17+K18-L18 -> 1080021
A19: 16 | B19: 45854 | E19: 0 | F19: 0 | G19: =E19*F19 -> 0 | H19: 20 | I19: 108.23 | J19: =H19*I19 -> 2164.6 | K19: =G19+J19 -> 2164.6 | L19: 0 | M19: =M18+K19-L19 -> 1082185.6
A20: 17 | B20: 45855 | E20: 2000 | F20: 96.42 | G20: =E20*F20 -> 192840 | H20: 5 | I20: 108.23 | J20: =H20*I20 -> 541.15 | K20: =G20+J20 -> 193381.15 | L20: 0 | M20: =M19+K20-L20 -> 1275566.8
A21: 18 | B21: 45856 | E21: 0 | F21: 0 | G21: =E21*F21 -> 0 | H21: 10 | I21: 108.23 | J21: =H21*I21 -> 1082.3 | K21: =G21+J21 -> 1082.3 | L21: 0 | M21: =M20+K21-L21 -> 1276649.1
A22: 19 | B22: 45857 | E22: 2000 | F22: 96.42 | G22: =E22*F22 -> 192840 | H22: 40 | I22: 108.23 | J22: =H22*I22 -> 4329.2 | K22: =G22+J22 -> 197169.2 | L22: 0 | M22: =M21+K22-L22 -> 1473818.3 | P22: 2422641
A23: 20 | B23: 45858 | E23: 0 | F23: 0 | G23: =E23*F23 -> 0 | H23: 5 | I23: 108.23 | J23: =H23*I23 -> 541.15 | K23: =G23+J23 -> 541.15 | L23: 0 | M23: =M22+K23-L23 -> 1474359.4 | P23: 2419549
A24: 21 | B24: 45859 | E24: 0 | F24: 0 | G24: =E24*F24 -> 0 | H24: 5 | I24: 108.23 | J24: =H24*I24 -> 541.15 | K24: =G24+J24 -> 541.15 | L24: 0 | M24: =M23+K24-L24 -> 1474900.6 | P24: =P23-P22 -> -3092
A25: 22 | B25: 45860 | E25: 44 | F25: 96.42 | G25: =E25*F25 -> 4242.48 | H25: 35 | I25: 108.23 | J25: =H25*I25 -> 3788.05 | K25: =G25+J25 -> 8030.53 | L25: 0 | M25: =M24+K25-L25 -> 1482931.1
A26: 23 | B26: 45861 | E26: 31 | F26: 96.42 | G26: =E26*F26 -> 2989.02 | H26: 10 | I26: 108.23 | J26: =H26*I26 -> 1082.3 | K26: =G26+J26 -> 4071.32 | L26: 0 | M26: =M25+K26-L26 -> 1487002.4
A27: 24 | B27: 45862 | E27: 35.19 | F27: 96.42 | G27: =E27*F27 -> 3393.0198 | H27: 25 | I27: 108.23 | J27: =H27*I27 -> 2705.75 | K27: =G27+J27 -> 6098.7698 | L27: 0 | M27: =M26+K27-L27 -> 1493101.2
A28: 25 | B28: 45863 | E28: 0 | F28: 0 | G28: =E28*F28 -> 0 | H28: 15 | I28: 108.23 | J28: =H28*I28 -> 1623.45 | K28: =G28+J28 -> 1623.45 | L28: 0 | M28: =M27+K28-L28 -> 1494724.7
A29: 26 | B29: 45864 | E29: 0 | F29: 0 | G29: =E29*F29 -> 0 | H29: 0 | I29: 0 | J29: =H29*I29 -> 0 | K29: =G29+J29 -> 0 | L29: 0 | M29: =M28+K29-L29 -> 1494724.7
A30: 27 | B30: 45865 | E30: 0 | F30: 0 | G30: =E30*F30 -> 0 | H30: 5 | I30: 108.23 | J30: =H30*I30 -> 541.15 | K30: =G30+J30 -> 541.15 | L30: 0 | M30: =M29+K30-L30 -> 1495265.8
A31: 28 | B31: 45866 | E31: 2500 | F31: 96.42 | G31: =E31*F31 -> 241050 | H31: 25 | I31: 108.23 | J31: =H31*I31 -> 2705.75 | K31: =G31+J31 -> 243755.75 | L31: 0 | M31: =M30+K31-L31 -> 1739021.6
A32: 29 | B32: 45867 | E32: 1622.54 | F32: 96.42 | G32: =E32*F32 -> 156445.31 | H32: 25 | I32: 108.23 | J32: =H32*I32 -> 2705.75 | K32: =G32+J32 -> 159151.06 | L32: 0 | M32: =M31+K32-L32 -> 1898172.6
A33: 30 | B33: 45868 | E33: 2000 | F33: 96.42 | G33: =E33*F33 -> 192840 | H33: 20 | I33: 108.23 | J33: =H33*I33 -> 2164.6 | K33: =G33+J33 -> 195004.6 | L33: 0 | M33: =M32+K33-L33 -> 2093177.2 | O33: 2085613 | P33: =M33-O33 -> 7564.2185
A34: 31 | B34: 45869 | E34: 2500 | F34: 96.42 | G34: =E34*F34 -> 241050 | H34: 35 | I34: 108.23 | J34: =H34*I34 -> 3788.05 | K34: =G34+J34 -> 244838.05 | L34: 950000 | M34: =M33+K34-L34 -> 1388015.3
E35: 0 | F35: 0 | G35: =E35*F35 -> 0 | H35: 0 | I35: 0 | J35: =H35*I35 -> 0 | K35: =G35+J35 -> 0 | M35: =M34+K35-L35 -> 1388015.3
E36: =SUM(E4:E34) -> 17003.65 | G36: =SUM(G4:G34) -> 1639491.9 | H36: =SUM(H4:H34) -> 548.62 | J36: =SUM(J4:J34) -> 59377.143 | K36: =SUM(K4:K34) -> 1698869.1 | L36: =SUM(L4:L34) -> 2450000
E38: 16973.46
E40: =E36-E38 -> 30.19

Sheet Jedcharla-3
A1: ADHOC FILLING STATION STATION
A2: S.No | B2: Date | C2: GRN No | D2: Ind No/Bill No | E2: Diesel (Lts) | F2: Price | G2: Amount | H2: Petrol (Lts) | I2: Price | J2: Amount | K2: Total amount | L2: Amount paid | M2: As on Date | N2: Remarks
A3: Opening Balance | K3: 1209626.7 | M3: =+K3 -> 1209626.7
A4: 1 | B4: 45839 | E4: 1640 | F4: 96.43 | G4: =E4*F4 -> 158145.2 | J4: =H4*I4 -> 0 | K4: =G4+J4 -> 158145.2 | M4: =M3+K4-L4 -> 1367771.9
A5: 2 | B5: 45840 | E5: 0 | F5: 0 | G5: =E5*F5 -> 0 | J5: =H5*I5 -> 0 | K5: =G5+J5 -> 0 | M5: =M4+K5-L5 -> 1367771.9
A6: 3 | B6: 45841 | E6: 2400 | F6: 96.43 | G6: =E6*F6 -> 231432 | J6: =H6*I6 -> 0 | K6: =G6+J6 -> 231432 | M6: =M5+K6-L6 -> 1599203.9 | R6: 541.08
A7: 4 | B7: 45842 | E7: 2000 | F7: 96.43 | G7: =E7*F7 -> 192860 | J7: =H7*I7 -> 0 | K7: =G7+J7 -> 192860 | M7: =M6+K7-L7 -> 1792063.9
A8: 5 | B8: 45843 | E8: 2300 | F8: 96.43 | G8: =E8*F8 -> 221789 | J8: =H8*I8 -> 0 | K8: =G8+J8 -> 221789 | M8: =M7+K8-L8 -> 2013852.9
A9: 6 | B9: 45844 | E9: 2200 | F9: 96.43 | G9: =E9*F9 -> 212146 | J9: =H9*I9 -> 0 | K9: =G9+J9 -> 212146 | M9: =M8+K9-L9 -> 2225998.9
A10: 7 | B10: 45845 | E10: 3400 | F10: 96.43 | G10: =E10*F10 -> 327862 | J10: =H10*I10 -> 0 | K10: =G10+J10 -> 327862 | M10: =M9+K10-L10 -> 2553860.9
A11: 8 | B11: 45846 | E11: 2300 | F11: 96.43 | G11: =E11*F11 -> 221789 | J11: =H11*I11 -> 0 | K11: =G11+J11 -> 221789 | M11: =M10+K11-L11 -> 2775649.9
A12: 9 | B12: 45847 | E12: 3300 | F12: 96.43 | G12: =E12*F12 -> 318219 | J12: =H12*I12 -> 0 | K12: =G12+J12 -> 318219 | M12: =M11+K12-L12 -> 3093868.9
A13: 10 | B13: 45848 | E13: 2500 | F13: 96.43 | G13: =E13*F13 -> 241075 | J13: =H13*I13 -> 0 | K13: =G13+J13 -> 241075 | M13: =M12+K13-L13 -> 3334943.9
A14: 11 | B14: 45849 | E14: 3900 | F14: 96.43 | G14: =E14*F14 -> 376077 | J14: =H14*I14 -> 0 | K14: =G14+J14 -> 376077 | M14: =M13+K14-L14 -> 3711020.9
A15: 12 | B15: 45850 | E15: 4374.39 | F15: 96.43 | G15: =E15*F15 -> 421822.43 | J15: =H15*I15 -> 0 | K15: =G15+J15 -> 421822.43 | M15: =M14+K15-L15 -> 4132843.4
A16: 13 | B16: 45851 | E16: 0 | F16: 0 | G16: =E16*F16 -> 0 | J16: =H16*I16 -> 0 | K16: =G16+J16 -> 0 | M16: =M15+K16-L16 -> 4132843.4
A17: 14 | B17: 45852 | E17: 2000 | F17: 96.43 | G17: =E17*F17 -> 192860 | J17: =H17*I17 -> 0 | K17: =G17+J17 -> 192860 | L17: 400000 | M17: =M16+K17-L17 -> 3925703.4
A18: 15 | B18: 45853 | E18: 2500 | F18: 96.43 | G18: =E18*F18 -> 241075 | J18: =H18*I18 -> 0 | K18: =G18+J18 -> 241075 | L18: 2400000 | M18: =M17+K18-L18 -> 1766778.4
A19: 16 | B19: 45854 | E19: 4600 | F19: 96.43 | G19: =E19*F19 -> 443578 | J19: =H19*I19 -> 0 | K19: =G19+J19 -> 443578 | M19: =M18+K19-L19 -> 2210356.4
A20: 17 | B20: 45855 | E20: 0 | F20: 0 | G20: =E20*F20 -> 0 | J20: =H20*I20 -> 0 | K20: =G20+J20 -> 0 | M20: =M19+K20-L20 -> 2210356.4
A21: 18 | B21: 45856 | E21: 2424 | F21: 96.43 | G21: =E21*F21 -> 233746.32 | J21: =H21*I21 -> 0 | K21: =G21+J21 -> 233746.32 | M21: =M20+K21-L21 -> 2444102.7
A22: 19 | B22: 45857 | E22: 0 | F22: 0 | G22: =E22*F22 -> 0 | J22: =H22*I22 -> 0 | K22: =G22+J22 -> 0 | M22: =M21+K22-L22 -> 2444102.7
A23: 20 | B23: 45858 | E23: 1918.96 | F23: 96.43 | G23: =E23*F23 -> 185045.31 | J23: =H23*I23 -> 0 | K23: =G23+J23 -> 185045.31 | M23: =M22+K23-L23 -> 2629148
A24: 21 | B24: 45859 | E24: 1500.12 | F24: 96.43 | G24: =E24*F24 -> 144656.57 | J24: =H24*I24 -> 0 | K24: =G24+J24 -> 144656.57 | M24: =M23+K24-L24 -> 2773804.6
A25: 22 | B25: 45860 | E25: 2300 | F25: 96.43 | G25: =E25*F25 -> 221789 | J25: =H25*I25 -> 0 | K25: =G25+J25 -> 221789 | M25: =M24+K25-L25 -> 2995593.6
A26: 23 | B26: 45861 | E26: 2000 | F26: 96.43 | G26: =E26*F26 -> 192860 | J26: =H26*I26 -> 0 | K26: =G26+J26 -> 192860 | M26: =M25+K26-L26 -> 3188453.6
A27: 24 | B27: 45862 | E27: 1000 | F27: 96.43 | G27: =E27*F27 -> 96430 | J27: =H27*I27 -> 0 | K27: =G27+J27 -> 96430 | M27: =M26+K27-L27 -> 3284883.6
A28: 25 | B28: 45863 | E28: 1200 | F28: 96.43 | G28: =E28*F28 -> 115716 | J28: =H28*I28 -> 0 | K28: =G28+J28 -> 115716 | M28: =M27+K28-L28 -> 3400599.6
A29: 26 | B29: 45864 | E29: 0 | F29: 0 | G29: =E29*F29 -> 0 | J29: =H29*I29 -> 0 | K29: =G29+J29 -> 0 | L29: 1500000 | M29: =M28+K29-L29 -> 1900599.6
A30: 27 | B30: 45865 | E30: 0 | F30: 0 | G30: =E30*F30 -> 0 | J30: =H30*I30 -> 0 | K30: =G30+J30 -> 0 | M30: =M29+K30-L30 -> 1900599.6
A31: 28 | B31: 45866 | E31: 0 | F31: 0 | G31: =E31*F31 -> 0 | J31: =H31*I31 -> 0 | K31: =G31+J31 -> 0 | M31: =M30+K31-L31 -> 1900599.6
A32: 29 | B32: 45867 | E32: 0 | F32: 0 | G32: =E32*F32 -> 0 | J32: =H32*I32 -> 0 | K32: =G32+J32 -> 0 | M32: =M31+K32-L32 -> 1900599.6
A33: 30 | B33: 45868 | E33: 0 | F33: 0 | G33: =E33*F33 -> 0 | J33: =H33*I33 -> 0 | K33: =G33+J33 -> 0 | M33: =M32+K33-L33 -> 1900599.6
A34: 31 | B34: 45869 | G34: =E34*F34 -> 0 | J34: =H34*I34 -> 0 | K34: =G34+J34 -> 0 | L34: 500000 | M34: =M33+K34-L34 -> 1400599.6 | O34: 1688453.6 | P34: 1900671 | Q34: =P34-O34 -> 212217.42
E35: =SUM(E4:E34) -> 51757.47 | G35: =SUM(G4:G34) -> 4990972.8 | H35: =SUM(H4:H34) -> 0 | J35: =SUM(J4:J34) -> 0 | K35: =SUM(K4:K34) -> 4990972.8 | L35: =SUM(L4:L34) -> 4800000

Sheet Sangareddy
A1: Sree Shiva Parvathi Filling Station
A2: S.No | B2: Date | C2: GRN No | D2: Ind No/Bill No | E2: Diesel (Lts) | F2: Price | G2: Amount | H2: Petrol (Lts) | I2: Price | J2: Amount | K2: Total amount | L2: Amount paid | M2: As on Date | N2: Remarks
A3: Opening Balance | K3: 362536.8 | M3: =+K3 -> 362536.8
A4: 1 | B4: 45839 | E4: 0 | F4: 0 | G4: =E4*F4 -> 0 | H4: 0 | I4: 0 | J4: =H4*I4 -> 0 | K4: =G4+J4 -> 0 | M4: =M3+K4-L4 -> 362536.8
A5: 2 | B5: 45840 | E5: 0 | F5: 0 | G5: =E5*F5 -> 0 | H5: 0 | I5: 0 | J5: =H5*I5 -> 0 | K5: =G5+J5 -> 0 | M5: =M4+K5-L5 -> 362536.8
A6: 3 | B6: 45841 | E6: 0 | F6: 0 | G6: =E6*F6 -> 0 | H6: 0 | I6: 0 | J6: =H6*I6 -> 0 | K6: =G6+J6 -> 0 | M6: =M5+K6-L6 -> 362536.8
B7: 45842 | E7: 0 | F7: 0 | G7: =E7*F7 -> 0 | H7: 0 | I7: 0 | J7: =H7*I7 -> 0 | K7: =G7+J7 -> 0 | M7: =M6+K7-L7 -> 362536.8
A8: 4 | B8: 45843 | E8: 0 | F8: 0 | G8: =E8*F8 -> 0 | H8: 0 | I8: 0 | J8: =H8*I8 -> 0 | K8: =G8+J8 -> 0 | M8: =M7+K8-L8 -> 362536.8
A9: 5 | B9: 45844 | E9: 0 | F9: 0 | G9: =E9*F9 -> 0 | H9: 0 | I9: 0 | J9: =H9*I9 -> 0 | K9: =G9+J9 -> 0 | M9: =M8+K9-L9 -> 362536.8
A10: 6 | B10: 45845 | E10: 0 | F10: 0 | G10: =E10*F10 -> 0 | H10: 0 | I10: 0 | J10: =H10*I10 -> 0 | K10: =G10+J10 -> 0 | M10: =M9+K10-L10 -> 362536.8
A11: 7 | B11: 45846 | E11: 0 | F11: 0 | G11: =E11*F11 -> 0 | H11: 20 | I11: 0 | J11: =H11*I11 -> 0 | K11: =G11+J11 -> 0 | M11: =M10+K11-L11 -> 362536.8
A12: 8 | B12: 45847 | E12: 0 | F12: 0 | G12: =E12*F12 -> 0 | H12: 0 | I12: 0 | J12: =H12*I12 -> 0 | K12: =G12+J12 -> 0 | M12: =M11+K12-L12 -> 362536.8
A13: 9 | B13: 45848 | E13: 0 | F13: 0 | G13: =E13*F13 -> 0 | H13: 0 | I13: 0 | J13: =H13*I13 -> 0 | K13: =G13+J13 -> 0 | M13: =M12+K13-L13 -> 362536.8
A14: 10 | B14: 45849 | E14: 0 | F14: 0 | G14: =E14*F14 -> 0 | H14: 0 | I14: 0 | J14: =H14*I14 -> 0 | K14: =G14+J14 -> 0 | M14: =M13+K14-L14 -> 362536.8
A15: 11 | B15: 45850 | E15: 0 | F15: 0 | G15: =E15*F15 -> 0 | H15: 20 | I15: 0 | J15: =H15*I15 -> 0 | K15: =G15+J15 -> 0 | M15: =M14+K15-L15 -> 362536.8
A16: 12 | B16: 45851 | E16: 0 | F16: 0 | G16: =E16*F16 -> 0 | H16: 0 | I16: 0 | J16: =H16*I16 -> 0 | K16: =G16+J16 -> 0 | M16: =M15+K16-L16 -> 362536.8
A17: 13 | B17: 45852 | E17: 0 | F17: 0 | G17: =E17*F17 -> 0 | H17: 0 | I17: 0 | J17: =H17*I17 -> 0 | K17: =G17+J17 -> 0 | M17: =M16+K17-L17 -> 362536.8
A18: 14 | B18: 45853 | E18: 0 | F18: 0 | G18: =E18*F18 -> 0 | H18: 0 | I18: 0 | J18: =H18*I18 -> 0 | K18: =G18+J18 -> 0 | L18: 362532 | M18: =M17+K18-L18 -> 4.8
A19: 15 | B19: 45854 | E19: 0 | F19: 0 | G19: =E19*F19 -> 0 | H19: 20 | I19: 0 | J19: =H19*I19 -> 0 | K19: =G19+J19 -> 0 | L19: 4.8 | M19: =M18+K19-L19 -> 4.6566306e-11
A20: 16 | B20: 45855 | E20: 0 | F20: 0 | G20: =E20*F20 -> 0 | H20: 0 | I20: 0 | J20: =H20*I20 -> 0 | K20: =G20+J20 -> 0 | M20: =M19+K20-L20 -> 4.6566306e-11
A21: 17 | B21: 45856 | E21: 0 | F21: 0 | G21: =E21*F21 -> 0 | H21: 0 | I21: 0 | J21: =H21*I21 -> 0 | K21: =G21+J21 -> 0 | M21: =M20+K21-L21 -> 4.6566306e-11
A22: 18 | B22: 45857 | E22: 0 | F22: 0 | G22: =E22*F22 -> 0 | H22: 20 | I22: 0 | J22: =H22*I22 -> 0 | K22: =G22+J22 -> 0 | M22: =M21+K22-L22 -> 4.6566306e-11
A23: 19 | B23: 45858 | E23: 0 | F23: 0 | G23: =E23*F23 -> 0 | H23: 0 | I23: 0 | J23: =H23*I23 -> 0 | K23: =G23+J23 -> 0 | M23: =M22+K23-L23 -> 4.6566306e-11
A24: 20 | B24: 45859 | E24: 0 | F24: 0 | G24: =E24*F24 -> 0 | H24: 20 | I24: 0 | J24: =H24*I24 -> 0 | K24: =G24+J24 -> 0 | M24: =M23+K24-L24 -> 4.6566306e-11
A25: 21 | B25: 45860 | E25: 0 | F25: 0 | G25: =E25*F25 -> 0 | H25: 0 | I25: 0 | J25: =H25*I25 -> 0 | K25: =G25+J25 -> 0 | M25: =M24+K25-L25 -> 4.6566306e-11
A26: 22 | B26: 45861 | E26: 0 | F26: 0 | G26: =E26*F26 -> 0 | H26: 0 | I26: 0 | J26: =H26*I26 -> 0 | K26: =G26+J26 -> 0 | M26: =M25+K26-L26 -> 4.6566306e-11
A27: 23 | B27: 45862 | E27: 0 | F27: 0 | G27: =E27*F27 -> 0 | H27: 0 | I27: 0 | J27: =H27*I27 -> 0 | K27: =G27+J27 -> 0 | M27: =M26+K27-L27 -> 4.6566306e-11
A28: 24 | B28: 45863 | E28: 0 | F28: 0 | G28: =E28*F28 -> 0 | H28: 0 | I28: 0 | J28: =H28*I28 -> 0 | K28: =G28+J28 -> 0 | M28: =M27+K28-L28 -> 4.6566306e-11
A29: 25 | B29: 45864 | E29: 0 | F29: 0 | G29: =E29*F29 -> 0 | H29: 0 | I29: 0 | J29: =H29*I29 -> 0 | K29: =G29+J29 -> 0 | M29: =M28+K29-L29 -> 4.6566306e-11
A30: 26 | B30: 45865 | E30: 0 | F30: 0 | G30: =E30*F30 -> 0 | H30: 0 | I30: 0 | J30: =H30*I30 -> 0 | K30: =G30+J30 -> 0 | M30: =M29+K30-L30 -> 4.6566306e-11
A31: 27 | B31: 45866 | E31: 0 | F31: 0 | G31: =E31*F31 -> 0 | H31: 0 | I31: 0 | J31: =H31*I31 -> 0 | K31: =G31+J31 -> 0 | M31: =M30+K31-L31 -> 4.6566306e-11
... A39: 35 | B39: 45874 | E39: 0 | F39: 0 | G39: =E39*F39 -> 0 | H39: 0 | I39: 0 | J39: =H39*I39 -> 0 | K39: =G39+J39 -> 0 | M39: =M38+K39-L39 -> 4.6566306e-11
E40: =SUM(E4:E39) -> 0 | G40: =SUM(G4:G39) -> 0 | H40: =SUM(H4:H39) -> 120 | J40: =SUM(J4:J39) -> 0 | K40: =SUM(K4:K39) -> 0 | L40: =SUM(L4:L39) -> 362536.8

Sheet Dindi
A1: Akarapu Balakistamma Fillling
A2: S.No | B2: Date | C2: GRN No | D2: Ind no/Bill No | E2: Diesel (Lts) | F2: Price | G2: Amount | H2: Petrol (Lts) | I2: Price | J2: Amount | K2: Total amount | L2: Amount paid | M2: As on Date | N2: Remarks
A3: Opening Balance | M3: 0
A4: 1 | B4: 45839 | E4: 0 | F4: 0 | G4: =E4*F4 -> 0 | H4: 0 | I4: 0 | J4: =H4*I4 -> 0 | K4: =G4+J4 -> 0 | L4: =+K4 -> 0 | M4: 0
A5: 2 | B5: 45840 | E5: 42.74 | F5: 96.83 | G5: =E5*F5 -> 4138.5142 | H5: 0 | I5: 0 | J5: =H5*I5 -> 0 | K5: =G5+J5 -> 4138.5142 | L5: =+K5 -> 4138.5142 | M5: 0
A6: 3 | B6: 45841 | E6: 0 | F6: 0 | G6: =E6*F6 -> 0 | H6: 0 | I6: 0 | J6: =H6*I6 -> 0 | K6: =G6+J6 -> 0 | L6: =+K6 -> 0 | M6: 0
A7: 4 | B7: 45842 | E7: 0 | F7: 0 | G7: =E7*F7 -> 0 | H7: 0 | I7: 0 | J7: =H7*I7 -> 0 | K7: =G7+J7 -> 0 | L7: =+K7 -> 0 | M7: 0
A8: 5 | B8: 45843 | E8: 0 | F8: 0 | G8: =E8*F8 -> 0 | H8: 0 | I8: 0 | J8: =H8*I8 -> 0 | K8: =G8+J8 -> 0 | L8: =+K8 -> 0 | M8: 0
A9: 6 | B9: 45844 | E9: 0 | F9: 0 | G9: =E9*F9 -> 0 | H9: 0 | I9: 0 | J9: =H9*I9 -> 0 | K9: =G9+J9 -> 0 | L9: =+K9 -> 0 | M9: 0
A10: 7 | B10: 45845 | E10: 0 | F10: 0 | G10: =E10*F10 -> 0 | H10: 0 | I10: 0 | J10: =H10*I10 -> 0 | K10: =G10+J10 -> 0 | L10: =+K10 -> 0 | M10: 0
A11: 8 | B11: 45846 | E11: 0 | F11: 0 | G11: =E11*F11 -> 0 | H11: 0 | I11: 0 | J11: =H11*I11 -> 0 | K11: =G11+J11 -> 0 | L11: =+K11 -> 0 | M11: 0
A12: 9 | B12: 45847 | E12: 0 | F12: 0 | G12: =E12*F12 -> 0 | H12: 0 | I12: 0 | J12: =H12*I12 -> 0 | K12: =G12+J12 -> 0 | L12: =+K12 -> 0 | M12: 0
A13: 10 | B13: 45848 | E13: 0 | F13: 0 | G13: =E13*F13 -> 0 | H13: 0 | I13: 0 | J13: =H13*I13 -> 0 | K13: =G13+J13 -> 0 | L13: =+K13 -> 0 | M13: 0
A14: 11 | B14: 45849 | E14: 0 | F14: 0 | G14: =E14*F14 -> 0 | H14: 0 | I14: 0 | J14: =H14*I14 -> 0 | K14: =G14+J14 -> 0 | L14: =+K14 -> 0 | M14: 0
A15: 12 | B15: 45850 | E15: 0 | F15: 0 | G15: =E15*F15 -> 0 | H15: 0 | I15: 0 | J15: =H15*I15 -> 0 | K15: =G15+J15 -> 0 | L15: =+K15 -> 0 | M15: 0
... A33: 30 | B33: 45868 | E33: 0 | F33: 0 | G33: =E33*F33 -> 0 | H33: 0 | I33: 0 | J33: =H33*I33 -> 0 | K33: =G33+J33 -> 0 | L33: =+K33 -> 0 | M33: 0
A34: 31 | E34: 0 | F34: 0 | G34: =E34*F34 -> 0 | H34: 0 | I34: 0 | J34: =H34*I34 -> 0 | K34: =G34+J34 -> 0 | L34: =+K34 -> 0 | M34: 0
E35: =SUM(E4:E34) -> 117.57 | G35: =SUM(G4:G34) -> 11384.303 | H35: =SUM(H4:H34) -> 5.52 | J35: =SUM(J4:J34) -> 599.8032 | K35: =SUM(K4:K34) -> 11984.106 | L35: =SUM(L4:L34) -> 11984.106

Sheet Devarakhadra
A1: Kurumurthy Swami F/S
A2: S.No | B2: Date | C2: GRN No | D2: Ind no/Bill No | E2: Diesel (Lts) | F2: Price | G2: Amount | H2: Petrol (Lts) | I2: Price | J2: Amount | K2: Total amount | L2: Amount paid | M2: As on Date | N2: Remarks
A3: Opening Balance | M3: 169047.22
A4: 1 | B4: 45839 | E4: 200 | F4: 97.1 | G4: =E4*F4 -> 19420 | H4: 0 | I4: 0 | J4: =H4*I4 -> 0 | K4: =G4+J4 -> 19420 | L4: 0 | M4: =+M3+K4-L4 -> 188467.22
A5: 2 | B5: 45840 | E5: 0 | F5: 0 | G5: =E5*F5 -> 0 | H5: 0 | I5: 0 | J5: =H5*I5 -> 0 | K5: =G5+J5 -> 0 | L5: 169047 | M5: =+M4+K5-L5 -> 19420.216
A6: 3 | B6: 45841 | E6: 242.14 | F6: 97.1 | G6: =E6*F6 -> 23511.794 | H6: 0 | I6: 0 | J6: =H6*I6 -> 0 | K6: =G6+J6 -> 23511.794 | L6: 0 | M6: =+M5+K6-L6 -> 42932.01
A7: 4 | B7: 45842 | E7: 200 | F7: 97.1 | G7: =E7*F7 -> 19420 | H7: 0 | I7: 0 | J7: =H7*I7 -> 0 | K7: =G7+J7 -> 19420 | L7: 0 | M7: =+M6+K7-L7 -> 62352.01
A8: 5 | B8: 45843 | E8: 197.84 | F8: 97.1 | G8: =E8*F8 -> 19210.264 | H8: 0 | I8: 0 | J8: =H8*I8 -> 0 | K8: =G8+J8 -> 19210.264 | L8: 0 | M8: =+M7+K8-L8 -> 81562.274
A9: 6 | B9: 45844 | E9: 400 | F9: 97.1 | G9: =E9*F9 -> 38840 | H9: 0 | I9: 0 | J9: =H9*I9 -> 0 | K9: =G9+J9 -> 38840 | L9: 0 | M9: =+M8+K9-L9 -> 120402.27
A10: 7 | B10: 45845 | E10: 0 | F10: 0 | G10: =E10*F10 -> 0 | H10: 0 | I10: 0 | J10: =H10*I10 -> 0 | K10: =G10+J10 -> 0 | L10: =+K10 -> 0 | M10: =+M9+K10-L10 -> 120402.27
A11: 8 | B11: 45846 | E11: 100 | F11: 97.1 | G11: =E11*F11 -> 9710 | H11: 5 | I11: 108.83 | J11: =H11*I11 -> 544.15 | K11: =G11+J11 -> 10254.15 | L11: 0 | M11: =+M10+K11-L11 -> 130656.42
A12: 9 | B12: 45847 | E12: 598.19 | F12: 97.1 | G12: =E12*F12 -> 58084.249 | H12: 5 | I12: 108.83 | J12: =H12*I12 -> 544.15 | K12: =G12+J12 -> 58628.399 | L12: 0 | M12: =+M11+K12-L12 -> 189284.82
A13: 10 | B13: 45848 | E13: 580 | F13: 97.1 | G13: =E13*F13 -> 56318 | H13: 0 | I13: 0 | J13: =H13*I13 -> 0 | K13: =G13+J13 -> 56318 | L13: 0 | M13: =+M12+K13-L13 -> 245602.82
A14: 11 | B14: 45849 | E14: 790 | F14: 97.1 | G14: =E14*F14 -> 76709 | H14: 0 | I14: 0 | J14: =H14*I14 -> 0 | K14: =G14+J14 -> 76709 | L14: 0 | M14: =+M13+K14-L14 -> 322311.82
A15: 12 | B15: 45850 | E15: 400 | F15: 97.1 | G15: =E15*F15 -> 38840 | H15: 5 | I15: 108.83 | J15: =H15*I15 -> 544.15 | K15: =G15+J15 -> 39384.15 | L15: 0 | M15: =+M14+K15-L15 -> 361695.97
A16: 13 | B16: 45851 | E16: 642.55 | F16: 97.1 | G16: =E16*F16 -> 62391.605 | H16: 0 | I16: 0 | J16: =H16*I16 -> 0 | K16: =G16+J16 -> 62391.605 | L16: 0 | M16: =+M15+K16-L16 -> 424087.58
A17: 14 | B17: 45852 | E17: =51+58.5 -> 109.5 | F17: 97.1 | G17: =E17*F17 -> 10632.45 | H17: 0 | I17: 0 | J17: =H17*I17 -> 0 | K17: =G17+J17 -> 10632.45 | M17: =+M16+K17-L17 -> 434720.03
A18: 15 | B18: 45853 | E18: =200+39+200 -> 439 | F18: 97.1 | G18: =E18*F18 -> 42626.9 | H18: 5 | I18: 108.83 | J18: =H18*I18 -> 544.15 | K18: =G18+J18 -> 43171.05 | L18: 424086 | M18: =+M17+K18-L18 -> 53805.078
A19: 16 | B19: 45854 | E19: 1492 | F19: 97.1 | G19: =E19*F19 -> 144873.2 | H19: 0 | I19: 0 | J19: =H19*I19 -> 0 | K19: =G19+J19 -> 144873.2 | L19: 0 | M19: =+M18+K19-L19 -> 198678.28 | N19: Fuel bills
A20: 17 | B20: 45855 | E20: 453 | F20: 97.1 | G20: =E20*F20 -> 43986.3 | H20: 10 | I20: 108.83 | J20: =H20*I20 -> 1088.3 | K20: =G20+J20 -> 45074.6 | L20: 0 | M20: =+M19+K20-L20 -> 243752.88
A21: 18 | B21: 45856 | E21: 851.35 | F21: 97.1 | G21: =E21*F21 -> 82666.085 | H21: 0 | I21: 0 | J21: =H21*I21 -> 0 | K21: =G21+J21 -> 82666.085 | L21: 0 | M21: =+M20+K21-L21 -> 326418.96
A22: 19 | B22: 45857 | E22: 1110.81 | F22: 97.1 | G22: =E22*F22 -> 107859.65 | H22: 0 | I22: 0 | J22: =H22*I22 -> 0 | K22: =G22+J22 -> 107859.65 | M22: =+M21+K22-L22 -> 434278.61
A23: 20 | B23: 45858 | E23: 192.5 | F23: 97.1 | G23: =E23*F23 -> 18691.75 | H23: 0 | I23: 0 | J23: =H23*I23 -> 0 | K23: =G23+J23 -> 18691.75 | L23: 0 | M23: =+M22+K23-L23 -> 452970.36
A24: 21 | B24: 45859 | E24: 1107.33 | F24: 97.1 | G24: =E24*F24 -> 107521.74 | H24: 5 | I24: 108.83 | J24: =H24*I24 -> 544.15 | K24: =G24+J24 -> 108065.89 | L24: 0 | M24: =+M23+K24-L24 -> 561036.26
A25: 22 | B25: 45860 | E25: 620 | F25: 97.1 | G25: =E25*F25 -> 60202 | H25: 0 | I25: 0 | J25: =H25*I25 -> 0 | K25: =G25+J25 -> 60202 | L25: 0 | M25: =+M24+K25-L25 -> 621238.26
A26: 23 | B26: 45861 | E26: 489.92 | F26: 97.1 | G26: =E26*F26 -> 47571.232 | H26: 5 | I26: 108.83 | J26: =H26*I26 -> 544.15 | K26: =G26+J26 -> 48115.382 | L26: 0 | M26: =+M25+K26-L26 -> 669353.64
A27: 24 | B27: 45862 | E27: 450 | F27: 97.1 | G27: =E27*F27 -> 43695 | H27: 0 | I27: 0 | J27: =H27*I27 -> 0 | K27: =G27+J27 -> 43695 | L27: 0 | M27: =+M26+K27-L27 -> 713048.64
A28: 25 | B28: 45863 | E28: 478.25 | F28: 97.1 | G28: =E28*F28 -> 46438.075 | H28: 5 | I28: 108.83 | J28: =H28*I28 -> 544.15 | K28: =G28+J28 -> 46982.225 | L28: 300000 | M28: =+M27+K28-L28 -> 460030.86
A29: 26 | B29: 45864 | E29: 729 | F29: 97.1 | G29: =E29*F29 -> 70785.9 | H29: 0 | I29: 0 | J29: =H29*I29 -> 0 | K29: =G29+J29 -> 70785.9 | L29: 300000 | M29: =+M28+K29-L29 -> 230816.76
A30: 27 | B30: 45865 | E30: 165.73 | F30: 97.1 | G30: =E30*F30 -> 16092.383 | H30: 0 | I30: 0 | J30: =H30*I30 -> 0 | K30: =G30+J30 -> 16092.383 | L30: 0 | M30: =+M29+K30-L30 -> 246909.15
A31: 28 | B31: 45866 | E31: 1040 | F31: 97.1 | G31: =E31*F31 -> 100984 | H31: 10 | I31: 108.83 | J31: =H31*I31 -> 1088.3 | K31: =G31+J31 -> 102072.3 | L31: 0 | M31: =+M30+K31-L31 -> 348981.45
A32: 29 | B32: 45867 | E32: 733 | F32: 97.1 | G32: =E32*F32 -> 71174.3 | H32: 0 | I32: 0 | J32: =H32*I32 -> 0 | K32: =G32+J32 -> 71174.3 | L32: 0 | M32: =+M31+K32-L32 -> 420155.75
A33: 30 | B33: 45868 | E33: 887 | F33: 97.1 | G33: =E33*F33 -> 86127.7 | H33: 5 | I33: 108.83 | J33: =H33*I33 -> 544.15 | K33: =G33+J33 -> 86671.85 | L33: 0 | M33: =+M32+K33-L33 -> 506827.6
A34: 31 | B34: 45868 | E34: 763.11 | F34: 97.1 | G34: =E34*F34 -> 74097.981 | H34: 0 | I34: 0 | J34: =H34*I34 -> 0 | K34: =G34+J34 -> 74097.981 | L34: 0 | M34: =+M33+K34-L34 -> 580925.58
E35: =SUM(E4:E34) -> 16462.22 | G35: =SUM(G4:G34) -> 1598481.6 | H35: =SUM(H4:H34) -> 60 | J35: =SUM(J4:J34) -> 6529.8 | K35: =SUM(K4:K34) -> 1605011.4 | L35: =SUM(L4:L34) -> 1193133

Sheet Hosadurga
A1: Merchant Petroliums
A2: S.No | B2: Date | C2: GRN No | D2: Ind No/Bill No | E2: Diesel (Lts) | F2: Price | G2: Amount | H2: Petrol (Lts) | I2: Price | J2: Amount | K2: Total amount | L2: Amount paid | M2: As on Date | N2: Remarks
A3: Opening Balance | K3: 0 | M3: =+K3 -> 0
A4: 1 | B4: 45839 | G4: =E4*F4 -> 0 | H4: 0 | J4: =H4*I4 -> 0 | K4: =G4+J4 -> 0 | L4: 0 | M4: =M3+K4-L4 -> 0
A5: 2 | B5: 45840 | G5: =E5*F5 -> 0 | H5: 0 | I5: 0 | J5: =H5*I5 -> 0 | K5: =G5+J5 -> 0 | L5: 0 | M5: =M4+K5-L5 -> 0
A6: 3 | B6: 45841 | G6: =E6*F6 -> 0 | H6: 0 | I6: 0 | J6: =H6*I6 -> 0 | K6: =G6+J6 -> 0 | L6: 0 | M6: =M5+K6-L6 -> 0
A7: 4 | B7: 45842 | G7: =E7*F7 -> 0 | H7: 0 | I7: 0 | J7: =H7*I7 -> 0 | K7: =G7+J7 -> 0 | L7: 0 | M7: =M6+K7-L7 -> 0
A8: 5 | B8: 45843 | G8: =E8*F8 -> 0 | H8: 0 | I8: 0 | J8: =H8*I8 -> 0 | K8: =G8+J8 -> 0 | L8: 0 | M8: =M7+K8-L8 -> 0
A9: 6 | B9: 45844 | G9: =E9*F9 -> 0 | H9: 0 | I9: 0 | J9: =H9*I9 -> 0 | K9: =G9+J9 -> 0 | L9: 0 | M9: =M8+K9-L9 -> 0
A10: 7 | B10: 45845 | G10: =E10*F10 -> 0 | H10: 0 | I10: 0 | J10: =H10*I10 -> 0 | K10: =G10+J10 -> 0 | L10: 0 | M10: =M9+K10-L10 -> 0
A11: 8 | B11: 45846 | G11: =E11*F11 -> 0 | H11: 0 | I11: 0 | J11: =H11*I11 -> 0 | K11: =G11+J11 -> 0 | L11: 0 | M11: =M10+K11-L11 -> 0
A12: 9 | B12: 45847 | E12: 1000 | F12: 91.8 | G12: =E12*F12 -> 91800 | H12: 70 | I12: 103.99 | J12: =H12*I12 -> 7279.3 | K12: =G12+J12 -> 99079.3 | L12: 0 | M12: =M11+K12-L12 -> 99079.3
A13: 10 | B13: 45848 | G13: =E13*F13 -> 0 | H13: 0 | I13: 0 | J13: =H13*I13 -> 0 | K13: =G13+J13 -> 0 | L13: 0 | M13: =M12+K13-L13 -> 99079.3
A14: 11 | B14: 45849 | G14: =E14*F14 -> 0 | H14: 0 | I14: 0 | J14: =H14*I14 -> 0 | K14: =G14+J14 -> 0 | L14: 0 | M14: =M13+K14-L14 -> 99079.3
A15: 12 | B15: 45850 | G15: =E15*F15 -> 0 | H15: 0 | I15: 0 | J15: =H15*I15 -> 0 | K15: =G15+J15 -> 0 | L15: 0 | M15: =M14+K15-L15 -> 99079.3
A16: 13 | B16: 45851 | G16: =E16*F16 -> 0 | H16: 0 | I16: 0 | J16: =H16*I16 -> 0 | K16: =G16+J16 -> 0 | L16: 0 | M16: =M15+K16-L16 -> 99079.3 | X16: =100*104 -> 10400
A17: 14 | B17: 45852 | G17: =E17*F17 -> 0 | H17: 0 | I17: 0 | J17: =H17*I17 -> 0 | K17: =G17+J17 -> 0 | L17: 0 | M17: =M16+K17-L17 -> 99079.3
A18: 15 | B18: 45853 | G18: =E18*F18 -> 0 | H18: 0 | I18: 0 | J18: =H18*I18 -> 0 | K18: =G18+J18 -> 0 | L18: 0 | M18: =M17+K18-L18 -> 99079.3
A19: 16 | B19: 45854 | G19: =E19*F19 -> 0 | H19: 0 | I19: 0 | J19: =H19*I19 -> 0 | K19: =G19+J19 -> 0 | L19: 0 | M19: =M18+K19-L19 -> 99079.3
A20: 17 | B20: 45855 | G20: =E20*F20 -> 0 | H20: 0 | I20: 0 | J20: =H20*I20 -> 0 | K20: =G20+J20 -> 0 | L20: 0 | M20: =M19+K20-L20 -> 99079.3
A21: 18 | B21: 45856 | G21: =E21*F21 -> 0 | H21: 0 | I21: 0 | J21: =H21*I21 -> 0 | K21: =G21+J21 -> 0 | L21: 0 | M21: =M20+K21-L21 -> 99079.3
A22: 19 | B22: 45857 | G22: =E22*F22 -> 0 | H22: 0 | I22: 0 | J22: =H22*I22 -> 0 | K22: =G22+J22 -> 0 | L22: 99079.3 | M22: =M21+K22-L22 -> 0
A23: 20 | B23: 45858 | G23: =E23*F23 -> 0 | H23: 0 | I23: 0 | J23: =H23*I23 -> 0 | K23: =G23+J23 -> 0 | L23: 0 | M23: =M22+K23-L23 -> 0
A24: 21 | B24: 45859 | E24: 1500 | F24: 91.8 | G24: =E24*F24 -> 137700 | H24: 35 | I24: 111.31 | J24: =H24*I24 -> 3895.85 | K24: =G24+J24 -> 141595.85 | L24: 0 | M24: =M23+K24-L24 -> 141595.85
A25: 22 | B25: 45860 | G25: =E25*F25 -> 0 | H25: 0 | I25: 0 | J25: =H25*I25 -> 0 | K25: =G25+J25 -> 0 | L25: 0 | M25: =M24+K25-L25 -> 141595.85
A26: 23 | B26: 45861 | G26: =E26*F26 -> 0 | H26: 0 | I26: 0 | J26: =H26*I26 -> 0 | K26: =G26+J26 -> 0 | L26: 0 | M26: =M25+K26-L26 -> 141595.85
A27: 24 | B27: 45862 | G27: =E27*F27 -> 0 | H27: 0 | I27: 0 | J27: =H27*I27 -> 0 | K27: =G27+J27 -> 0 | L27: 0 | M27: =M26+K27-L27 -> 141595.85
A28: 25 | B28: 45863 | G28: =E28*F28 -> 0 | H28: 0 | I28: 0 | J28: =H28*I28 -> 0 | K28: =G28+J28 -> 0 | L28: 0 | M28: =M27+K28-L28 -> 141595.85
A29: 26 | B29: 45864 | G29: =E29*F29 -> 0 | H29: 0 | I29: 0 | J29: =H29*I29 -> 0 | K29: =G29+J29 -> 0 | L29: 0 | M29: =M28+K29-L29 -> 141595.85
A30: 27 | B30: 45865 | G30: =E30*F30 -> 0 | H30: 0 | I30: 0 | J30: =H30*I30 -> 0 | K30: =G30+J30 -> 0 | L30: 0 | M30: =M29+K30-L30 -> 141595.85
A31: 28 | B31: 45866 | G31: =E31*F31 -> 0 | H31: 0 | I31: 0 | J31: =H31*I31 -> 0 | K31: =G31+J31 -> 0 | L31: 0 | M31: =M30+K31-L31 -> 141595.85
A32: 29 | B32: 45867 | G32: =E32*F32 -> 0 | H32: 0 | I32: 0 | J32: =H32*I32 -> 0 | K32: =G32+J32 -> 0 | L32: 0 | M32: =M31+K32-L32 -> 141595.85
A33: 30 | B33: 45868 | G33: =E33*F33 -> 0 | H33: 0 | I33: 0 | J33: =H33*I33 -> 0 | K33: =G33+J33 -> 0 | L33: 0 | M33: =M32+K33-L33 -> 141595.85
A34: 31 | B34: 45869 | E34: 0 | F34: 0 | G34: =E34*F34 -> 0 | H34: 0 | I34: 0 | J34: =H34*I34 -> 0 | K34: =G34+J34 -> 0 | L34: 141596 | M34: =M33+K34-L34 -> -0.15
E35: =SUM(E4:E34) -> 2500 | G35: =SUM(G4:G34) -> 229500 | H35: =SUM(H4:H34) -> 105 | J35: =SUM(J4:J34) -> 11175.15 | K35: =SUM(K4:K34) -> 240675.15 | L35: =SUM(L4:L34) -> 240675.3

Sheet Hosadurga -2
A1: Shree Veeraprathap Fuel
A2: S.No | B2: Date | C2: GRN No | D2: Ind No/Bill No | E2: Diesel (Lts) | F2: Price | G2: Amount | H2: Petrol (Lts) | I2: Price | J2: Amount | K2: Total amount | L2: Amount paid | M2: As on Date | N2: Remarks
A3: Opening Balance | K3: 380044.4 | M3: =+K3 -> 380044.4
A4: 1 | B4: 45839 | C4: 0 | E4: 0 | F4: 0 | G4: =E4*F4 -> 0 | H4: 0 | I4: 0 | J4: =H4*I4 -> 0 | K4: =G4+J4 -> 0 | L4: 0 | M4: =M3+K4-L4 -> 380044.4
A5: 2 | B5: 45840 | C5: 0 | E5: 0 | F5: 0 | G5: =E5*F5 -> 0 | H5: 0 | I5: 0 | J5: =H5*I5 -> 0 | K5: =G5+J5 -> 0 | L5: 0 | M5: =M4+K5-L5 -> 380044.4
A6: 3 | B6: 45841 | C6: 0 | E6: 0 | F6: 0 | G6: =E6*F6 -> 0 | H6: 100 | I6: 103.73 | J6: =H6*I6 -> 10373 | K6: =G6+J6 -> 10373 | L6: 0 | M6: =M5+K6-L6 -> 390417.4
A7: 4 | B7: 45842 | C7: 0 | E7: 2000 | F7: 91.55 | G7: =E7*F7 -> 183100 | H7: 0 | I7: 0 | J7: =H7*I7 -> 0 | K7: =G7+J7 -> 183100 | L7: 0 | M7: =M6+K7-L7 -> 573517.4
A8: 5 | B8: 45843 | C8: 0 | E8: 0 | F8: 0 | G8: =E8*F8 -> 0 | H8: 0 | I8: 0 | J8: =H8*I8 -> 0 | K8: =G8+J8 -> 0 | L8: 0 | M8: =M7+K8-L8 -> 573517.4
A9: 6 | B9: 45844 | C9: 0 | E9: 0 | F9: 0 | G9: =E9*F9 -> 0 | H9: 0 | I9: 0 | J9: =H9*I9 -> 0 | K9: =G9+J9 -> 0 | L9: 0 | M9: =M8+K9-L9 -> 573517.4
A10: 7 | B10: 45845 | C10: 0 | E10: 0 | F10: 0 | G10: =E10*F10 -> 0 | H10: 0 | I10: 0 | J10: =H10*I10 -> 0 | K10: =G10+J10 -> 0 | L10: 0 | M10: =M9+K10-L10 -> 573517.4
A11: 8 | B11: 45846 | C11: 0 | E11: 0 | F11: 0 | G11: =E11*F11 -> 0 | H11: 0 | I11: 0 | J11: =H11*I11 -> 0 | K11: =G11+J11 -> 0 | L11: 0 | M11: =M10+K11-L11 -> 573517.4
A12: 9 | B12: 45847 | C12: 0 | E12: 0 | F12: 0 | G12: =E12*F12 -> 0 | H12: 0 | I12: 0 | J12: =H12*I12 -> 0 | K12: =G12+J12 -> 0 | L12: 0 | M12: =M11+K12-L12 -> 573517.4
A13: 10 | B13: 45848 | C13: 0 | E13: 0 | F13: 0 | G13: =E13*F13 -> 0 | H13: 0 | I13: 0 | J13: =H13*I13 -> 0 | K13: =G13+J13 -> 0 | L13: 0 | M13: =M12+K13-L13 -> 573517.4
A14: 11 | B14: 45849 | C14: 0 | E14: 0 | F14: 0 | G14: =E14*F14 -> 0 | H14: 0 | I14: 0 | J14: =H14*I14 -> 0 | K14: =G14+J14 -> 0 | L14: 380000 | M14: =M13+K14-L14 -> 193517.4
A15: 12 | B15: 45850 | C15: 0 | E15: 2000 | F15: 91.55 | G15: =E15*F15 -> 183100 | H15: 35 | I15: 103.73 | J15: =H15*I15 -> 3630.55 | K15: =G15+J15 -> 186730.55 | L15: 0 | M15: =M14+K15-L15 -> 380247.95
... A20: 17 | B20: 45855 | C20: 0 | E20: 2000 | F20: 91.55 | G20: =E20*F20 -> 183100 | H20: 70 | I20: 103.73 | J20: =H20*I20 -> 7261.1 | K20: =G20+J20 -> 190361.1 | L20: 0 | M20: =M19+K20-L20 -> 577870.15
A21: 18 | B21: 45856 | C21: 0 | E21: 0 | F21: 0 | G21: 0 | H21: 0 | I21: 0 | J21: =H21*I21 -> 0 | K21: =G21+J21 -> 0 | L21: 150000 | M21: =M20+K21-L21 -> 427870.15
A22: 19 | B22: 45857 | C22: 0 | E22: 0 | F22: 0 | G22: 0 | H22: 0 | I22: 0 | J22: =H22*I22 -> 0 | K22: =G22+J22 -> 0 | L22: 0 | M22: =M21+K22-L22 -> 427870.15
A23: 20 | B23: 45858 | C23: 0 | E23: 0 | F23: 0 | G23: 0 | H23: 0 | I23: 0 | J23: =H23*I23 -> 0 | K23: =G23+J23 -> 0 | L23: 0 | M23: =M22+K23-L23 -> 427870.15
A24: 21 | B24: 45859 | C24: 0 | E24: 0 | F24: 0 | G24: =E24*F24 -> 0 | H24: 0 | I24: 0 | J24: =H24*I24 -> 0 | K24: =G24+J24 -> 0 | L24: 0 | M24: =M23+K24-L24 -> 427870.15
A25: 22 | B25: 45860 | C25: 0 | E25: 0 | F25: 0 | G25: =E25*F25 -> 0 | H25: 0 | I25: 0 | J25: =H25*I25 -> 0 | K25: =G25+J25 -> 0 | L25: 0 | M25: =M24+K25-L25 -> 427870.15
A26: 23 | B26: 45861 | C26: 0 | E26: 0 | F26: 0 | G26: =E26*F26 -> 0 | H26: 0 | I26: 0 | J26: =H26*I26 -> 0 | K26: =G26+J26 -> 0 | L26: 0 | M26: =M25+K26-L26 -> 427870.15
A27: 24 | B27: 45862 | C27: 0 | E27: 0 | F27: 0 | G27: =E27*F27 -> 0 | H27: 0 | I27: 0 | J27: =H27*I27 -> 0 | K27: =G27+J27 -> 0 | L27: 0 | M27: =M26+K27-L27 -> 427870.15
A28: 25 | B28: 45863 | C28: 0 | E28: 0 | F28: 0 | G28: =E28*F28 -> 0 | H28: 0 | I28: 0 | J28: =H28*I28 -> 0 | K28: =G28+J28 -> 0 | L28: 0 | M28: =M27+K28-L28 -> 427870.15
A29: 26 | B29: 45864 | C29: 0 | E29: 2000 | F29: 91.55 | G29: =E29*F29 -> 183100 | H29: 70 | I29: 103.73 | J29: =H29*I29 -> 7261.1 | K29: =G29+J29 -> 190361.1 | L29: 0 | M29: =M28+K29-L29 -> 618231.25
A30: 27 | B30: 45865 | C30: 0 | E30: 0 | F30: 0 | G30: =E30*F30 -> 0 | H30: 0 | I30: 0 | J30: =H30*I30 -> 0 | K30: =G30+J30 -> 0 | L30: 0 | M30: =M29+K30-L30 -> 618231.25
A31: 28 | B31: 45866 | C31: 0 | E31: 0 | F31: 0 | G31: =E31*F31 -> 0 | H31: 0 | I31: 0 | J31: =H31*I31 -> 0 | K31: =G31+J31 -> 0 | L31: 0 | M31: =M30+K31-L31 -> 618231.25
A32: 29 | B32: 45867 | C32: 0 | E32: 0 | F32: 0 | G32: 0 | H32: 0 | I32: 0 | J32: =H32*I32 -> 0 | K32: =G32+J32 -> 0 | L32: 0
A33: 30 | B33: 45868 | C33: 0 | E33: 0 | F33: 0 | G33: 0 | H33: 0 | I33: 0 | J33: =H33*I33 -> 0 | K33: =G33+J33 -> 0 | L33: 0
A34: 31
E35: =SUM(E4:E34) -> 8000 | G35: =SUM(G4:G34) -> 732400 | H35: =SUM(H4:H34) -> 345 | J35: =SUM(J4:J34) -> 35786.85 | K35: =SUM(K4:K34) -> 768186.85 | L35: =SUM(L4:L34) -> 530000

Sheet YG Gudda 
A1: Pallavi Petrolium
A2: S.No | B2: Date | C2: GRN No | D2: Ind No/Bill No | E2: Diesel (Lts) | F2: Price | G2: Amount | H2: Petrol (Lts) | I2: Price | J2: Amount | K2: Total amount | L2: Amount paid | M2: As on Date | N2: Remarks
A3: Opening Balance | K3: 48480.979 | M3: =+K3 -> 48480.979
A4: 1 | B4: 45839 | E4: 2400 | F4: 91.3 | G4: =E4*F4 -> 219120 | H4: 70 | I4: 103.24 | J4: =H4*I4 -> 7226.8 | K4: =G4+J4 -> 226346.8 | M4: =M3+K4-L4 -> 274827.78
A5: 2 | B5: 45840 | E5: 0 | G5: =E5*F5 -> 0 | H5: 0 | J5: =H5*I5 -> 0 | K5: =G5+J5 -> 0 | M5: =M4+K5-L5 -> 274827.78
A6: 3 | B6: 45841 | E6: 0 | G6: =E6*F6 -> 0 | H6: 0 | J6: =H6*I6 -> 0 | K6: =G6+J6 -> 0 | M6: =M5+K6-L6 -> 274827.78
A7: 4 | B7: 45842 | E7: 0 | G7: =E7*F7 -> 0 | H7: 105 | I7: 103.24 | J7: =H7*I7 -> 10840.2 | K7: =G7+J7 -> 10840.2 | M7: =M6+K7-L7 -> 285667.98
A8: 5 | B8: 45843 | E8: 0 | G8: =E8*F8 -> 0 | H8: 0 | J8: =H8*I8 -> 0 | K8: =G8+J8 -> 0 | M8: =M7+K8-L8 -> 285667.98
A9: 6 | B9: 45844 | E9: 0 | G9: =E9*F9 -> 0 | H9: 0 | J9: =H9*I9 -> 0 | K9: =G9+J9 -> 0 | M9: =M8+K9-L9 -> 285667.98
A10: 7 | B10: 45845 | E10: 2400 | F10: 91.3 | G10: =E10*F10 -> 219120 | H10: 35 | I10: 103.24 | J10: =H10*I10 -> 3613.4 | K10: =G10+J10 -> 222733.4 | M10: =M9+K10-L10 -> 508401.38
A11: 8 | B11: 45846 | E11: 0 | G11: =E11*F11 -> 0 | H11: 0 | J11: =H11*I11 -> 0 | K11: =G11+J11 -> 0 | M11: =M10+K11-L11 -> 508401.38
A12: 9 | B12: 45847 | E12: 0 | G12: =E12*F12 -> 0 | H12: 0 | J12: =H12*I12 -> 0 | K12: =G12+J12 -> 0 | M12: =M11+K12-L12 -> 508401.38
A13: 10 | B13: 45848 | E13: 0 | G13: =E13*F13 -> 0 | H13: 0 | J13: =H13*I13 -> 0 | K13: =G13+J13 -> 0 | L13: 300000 | M13: =M12+K13-L13 -> 208401.38
A14: 11 | B14: 45849 | E14: 0 | G14: =E14*F14 -> 0 | H14: 105 | I14: 103.24 | J14: =H14*I14 -> 10840.2 | K14: =G14+J14 -> 10840.2 | M14: =M13+K14-L14 -> 219241.58
A15: 12 | B15: 45850 | E15: 1200 | F15: 91.3 | G15: =E15*F15 -> 109560 | H15: 0 | J15: =H15*I15 -> 0 | K15: =G15+J15 -> 109560 | M15: =M14+K15-L15 -> 328801.58
A16: 13 | B16: 45851 | E16: 0 | G16: =E16*F16 -> 0 | H16: 0 | J16: =H16*I16 -> 0 | K16: =G16+J16 -> 0 | M16: =M15+K16-L16 -> 328801.58
A17: 14 | B17: 45852 | E17: 0 | G17: =E17*F17 -> 0 | H17: 0 | J17: =H17*I17 -> 0 | K17: =G17+J17 -> 0 | M17: =M16+K17-L17 -> 328801.58
A18: 15 | B18: 45853 | E18: 0 | G18: =E18*F18 -> 0 | H18: 0 | J18: =H18*I18 -> 0 | K18: =G18+J18 -> 0 | L18: 150000 | M18: =M17+K18-L18 -> 178801.58
A19: 16 | B19: 45854 | E19: 1000 | F19: 91.3 | G19: =E19*F19 -> 91300 | H19: 105 | I19: 103.24 | J19: =H19*I19 -> 10840.2 | K19: =G19+J19 -> 102140.2 | M19: =M18+K19-L19 -> 280941.78
A20: 17 | B20: 45855 | E20: 0 | G20: =E20*F20 -> 0 | H20: 0 | J20: =H20*I20 -> 0 | K20: =G20+J20 -> 0 | M20: =M19+K20-L20 -> 280941.78
A21: 18 | B21: 45856 | E21: 2400 | F21: 91.3 | G21: =E21*F21 -> 219120 | H21: 0 | J21: =H21*I21 -> 0 | K21: =G21+J21 -> 219120 | M21: =M20+K21-L21 -> 500061.78
A22: 19 | B22: 45857 | E22: 0 | G22: =E22*F22 -> 0 | H22: 0 | J22: =H22*I22 -> 0 | K22: =G22+J22 -> 0 | M22: =M21+K22-L22 -> 500061.78
A23: 20 | B23: 45858 | E23: 0 | G23: =E23*F23 -> 0 | H23: 0 | J23: =H23*I23 -> 0 | K23: =G23+J23 -> 0 | M23: =M22+K23-L23 -> 500061.78
A24: 21 | B24: 45859 | E24: 0 | G24: =E24*F24 -> 0 | H24: 105 | I24: 103.24 | J24: =H24*I24 -> 10840.2 | K24: =G24+J24 -> 10840.2 | M24: =M23+K24-L24 -> 510901.98
A25: 22 | B25: 45860 | E25: 0 | G25: =E25*F25 -> 0 | H25: 0 | J25: =H25*I25 -> 0 | K25: =G25+J25 -> 0 | M25: =M24+K25-L25 -> 510901.98
A26: 23 | B26: 45861 | E26: 1000 | F26: 91.3 | G26: =E26*F26 -> 91300 | H26: 0 | J26: =H26*I26 -> 0 | K26: =G26+J26 -> 91300 | M26: =M25+K26-L26 -> 602201.98
A27: 24 | B27: 45862 | E27: 0 | G27: =E27*F27 -> 0 | H27: 0 | J27: =H27*I27 -> 0 | K27: =G27+J27 -> 0 | M27: =M26+K27-L27 -> 602201.98
A28: 25 | B28: 45863 | E28: 0 | G28: =E28*F28 -> 0 | H28: 0 | J28: =H28*I28 -> 0 | K28: =G28+J28 -> 0 | L28: 300000 | M28: =M27+K28-L28 -> 302201.98
A29: 26 | B29: 45864 | E29: 0 | G29: =E29*F29 -> 0 | H29: 105 | I29: 103.24 | J29: =H29*I29 -> 10840.2 | K29: =G29+J29 -> 10840.2 | L29: 150000 | M29: =M28+K29-L29 -> 163042.18
A30: 27 | B30: 45865 | E30: 1500 | F30: 91.3 | G30: =E30*F30 -> 136950 | H30: 0 | J30: =H30*I30 -> 0 | K30: =G30+J30 -> 136950 | M30: =M29+K30-L30 -> 299992.18
A31: 28 | B31: 45866 | E31: 0 | G31: =E31*F31 -> 0 | H31: 0 | J31: =H31*I31 -> 0 | K31: =G31+J31 -> 0 | M31: =M30+K31-L31 -> 299992.18
A32: 29 | B32: 45867 | E32: 0 | G32: =E32*F32 -> 0 | H32: 0 | J32: =H32*I32 -> 0 | K32: =G32+J32 -> 0 | M32: =M31+K32-L32 -> 299992.18
A33: 30 | B33: 45868 | E33: 547.47 | F33: 91.33 | G33: =E33*F33 -> 50000.435 | H33: 0 | J33: =H33*I33 -> 0 | K33: =G33+J33 -> 50000.435 | L33: 50000 | M33: =M32+K33-L33 -> 299992.61
A34: 31 | B34: 45869 | E34: 0 | G34: =E34*F34 -> 0 | H34: 0 | J34: =H34*I34 -> 0 | K34: =G34+J34 -> 0 | L34: 200000 | M34: =M33+K34-L34 -> 99992.615
A35: 32 | E35: 0 | G35: =E35*F35 -> 0 | H35: 0 | J35: =H35*I35 -> 0 | K35: =G35+J35 -> 0 | M35: =M34+K35-L35 -> 99992.615
E36: =SUM(E4:E35) -> 12447.47 | G36: =SUM(G4:G35) -> 1136470.4 | H36: =SUM(H4:H35) -> 630 | J36: =SUM(J4:J35) -> 65041.2 | K36: =SUM(K4:K35) -> 1201511.6 | L36: =SUM(L4:L35) -> 1150000

Sheet Kadur
A1: Vishal Service Station
A2: S.No | B2: Date | C2: GRN No | D2: Ind No/Bill No | E2: Diesel (Lts) | F2: Price | G2: Amount | H2: Petrol (Lts) | I2: Price | J2: Amount | K2: Total amount | L2: Amount paid | M2: As on Date | N2: Remarks
A3: Opening Balance | K3: 209799.73 | M3: 209799.73 | P3: 1142944.1
A4: 1 | B4: 45839 | F4: 0 | G4: =E4*F4 -> 0 | H4: 0 | I4: 0 | J4: =H4*I4 -> 0 | K4: =G4+J4 -> 0 | M4: =M3+K4-L4 -> 209799.73
A5: 2 | B5: 45840 | F5: 0 | G5: =E5*F5 -> 0 | H5: 0 | I5: 0 | J5: =H5*I5 -> 0 | K5: =G5+J5 -> 0 | M5: =M4+K5-L5 -> 209799.73
A6: 3 | B6: 45841 | F6: 0 | G6: =E6*F6 -> 0 | H6: 0 | I6: 0 | J6: =H6*I6 -> 0 | K6: =G6+J6 -> 0 | M6: =M5+K6-L6 -> 209799.73
A7: 4 | B7: 45842 | F7: 0 | G7: =E7*F7 -> 0 | H7: 0 | I7: 0 | J7: =H7*I7 -> 0 | K7: =G7+J7 -> 0 | M7: =M6+K7-L7 -> 209799.73
A8: 5 | B8: 45843 | F8: 0 | G8: =E8*F8 -> 0 | H8: 0 | I8: 0 | J8: =H8*I8 -> 0 | K8: =G8+J8 -> 0 | M8: =M7+K8-L8 -> 209799.73
A9: 6 | B9: 45844 | F9: 0 | G9: =E9*F9 -> 0 | H9: 0 | I9: 0 | J9: =H9*I9 -> 0 | K9: =G9+J9 -> 0 | M9: =M8+K9-L9 -> 209799.73
A10: 7 | B10: 45845 | F10: 0 | G10: =E10*F10 -> 0 | H10: 0 | I10: 0 | J10: =H10*I10 -> 0 | K10: =G10+J10 -> 0 | M10: =M9+K10-L10 -> 209799.73
A11: 8 | B11: 45846 | F11: 0 | G11: =E11*F11 -> 0 | H11: 0 | I11: 0 | J11: =H11*I11 -> 0 | K11: =G11+J11 -> 0 | M11: =M10+K11-L11 -> 209799.73
A12: 9 | B12: 45847 | F12: 0 | G12: =E12*F12 -> 0 | H12: 0 | I12: 0 | J12: =H12*I12 -> 0 | K12: =G12+J12 -> 0 | M12: =M11+K12-L12 -> 209799.73
A13: 10 | B13: 45848 | F13: 0 | G13: =E13*F13 -> 0 | H13: 0 | I13: 0 | J13: =H13*I13 -> 0 | K13: =G13+J13 -> 0 | M13: =M12+K13-L13 -> 209799.73
A14: 11 | B14: 45849 | F14: 0 | G14: =E14*F14 -> 0 | H14: 0 | I14: 0 | J14: =H14*I14 -> 0 | K14: =G14+J14 -> 0 | M14: =M13+K14-L14 -> 209799.73
A15: 12 | B15: 45850 | F15: 0 | G15: =E15*F15 -> 0 | H15: 0 | I15: 0 | J15: =H15*I15 -> 0 | K15: =G15+J15 -> 0 | M15: =M14+K15-L15 -> 209799.73
... A27: 24 | B27: 45862 | F27: 0 | G27: =E27*F27 -> 0 | H27: 0 | I27: 0 | J27: =H27*I27 -> 0 | K27: =G27+J27 -> 0 | M27: =M26+K27-L27 -> 209799.73
A28: 25 | B28: 45863 | E28: 2000 | F28: 92.15 | G28: =E28*F28 -> 184300 | H28: 110 | I28: 104.27 | J28: =H28*I28 -> 11469.7 | K28: =G28+J28 -> 195769.7 | M28: =M27+K28-L28 -> 405569.43
A29: 26 | B29: 45864 | F29: 0 | G29: =E29*F29 -> 0 | H29: 0 | I29: 0 | J29: =H29*I29 -> 0 | K29: =G29+J29 -> 0 | M29: =M28+K29-L29 -> 405569.43
A30: 27 | B30: 45865 | F30: 0 | G30: =E30*F30 -> 0 | H30: 0 | I30: 0 | J30: =H30*I30 -> 0 | K30: =G30+J30 -> 0 | M30: =M29+K30-L30 -> 405569.43
A31: 28 | B31: 45866 | F31: 0 | G31: =E31*F31 -> 0 | H31: 0 | I31: 0 | J31: =H31*I31 -> 0 | K31: =G31+J31 -> 0 | M31: =M30+K31-L31 -> 405569.43
A32: 29 | B32: 45867 | F32: 0 | G32: =E32*F32 -> 0 | H32: 0 | I32: 0 | J32: =H32*I32 -> 0 | K32: =G32+J32 -> 0 | M32: =M31+K32-L32 -> 405569.43
A33: 30 | B33: 45868 | F33: 0 | G33: =E33*F33 -> 0 | H33: 0 | I33: 0 | J33: =H33*I33 -> 0 | K33: =G33+J33 -> 0 | M33: =M32+K33-L33 -> 405569.43
A34: 31 | F34: 0 | G34: =E34*F34 -> 0 | J34: =H34*I34 -> 0 | K34: =G34+J34 -> 0
E35: =SUM(E4:E34) -> 2000 | G35: =SUM(G4:G34) -> 184300 | H35: =SUM(H4:H34) -> 110 | J35: =SUM(J4:J34) -> 11469.7 | K35: =SUM(K4:K34) -> 195769.7 | L35: =SUM(L4:L31) -> 0

Sheet Hiriyur(VJNL)
A1: Sri Balaji Agencies
A2: S.No | B2: Date | C2: GRN No | D2: Ind No/Bill No | E2: Diesel (Lts) | F2: Price | G2: Amount | H2: Petrol (Lts) | I2: Price | J2: Amount | K2: Total amount | L2: Amount paid | M2: As on Date | N2: Remarks
A3: Opening Balance | K3: 382940.4 | M3: =+K3 -> 382940.4
A4: 1 | B4: 45839 | E4: 0 | G4: =E4*F4 -> 0 | H4: 0 | I4: 0 | J4: =H4*I4 -> 0 | K4: =G4+J4 -> 0 | M4: =M3+K4-L4 -> 382940.4
A5: 2 | B5: 45840 | E5: 0 | G5: =E5*F5 -> 0 | H5: 70 | I5: 104.14 | J5: =H5*I5 -> 7289.8 | K5: =G5+J5 -> 7289.8 | L5: 200000 | M5: =M4+K5-L5 -> 190230.2
A6: 3 | B6: 45841 | E6: 0 | G6: =E6*F6 -> 0 | H6: 0 | I6: 0 | J6: =H6*I6 -> 0 | K6: =G6+J6 -> 0 | M6: =M5+K6-L6 -> 190230.2
A7: 4 | B7: 45842 | E7: 2200 | F7: 92.26 | G7: =E7*F7 -> 202972 | H7: 0 | I7: 0 | J7: =H7*I7 -> 0 | K7: =G7+J7 -> 202972 | M7: =M6+K7-L7 -> 393202.2
A8: 5 | B8: 45843 | E8: 0 | G8: =E8*F8 -> 0 | H8: 0 | I8: 0 | J8: =H8*I8 -> 0 | K8: =G8+J8 -> 0 | M8: =M7+K8-L8 -> 393202.2
A9: 6 | B9: 45844 | E9: 0 | G9: =E9*F9 -> 0 | H9: 0 | I9: 0 | J9: =H9*I9 -> 0 | K9: =G9+J9 -> 0 | M9: =M8+K9-L9 -> 393202.2
A10: 7 | B10: 45845 | E10: 0 | G10: =E10*F10 -> 0 | H10: 0 | I10: 0 | J10: =H10*I10 -> 0 | K10: =G10+J10 -> 0 | M10: =M9+K10-L10 -> 393202.2
A11: 8 | B11: 45846 | E11: 0 | G11: =E11*F11 -> 0 | H11: 0 | I11: 0 | J11: =H11*I11 -> 0 | K11: =G11+J11 -> 0 | M11: =M10+K11-L11 -> 393202.2
A12: 9 | B12: 45847 | E12: 0 | G12: =E12*F12 -> 0 | H12: 0 | I12: 0 | J12: =H12*I12 -> 0 | K12: =G12+J12 -> 0 | M12: =M11+K12-L12 -> 393202.2
A13: 10 | B13: 45848 | E13: 0 | G13: =E13*F13 -> 0 | H13: 0 | I13: 0 | J13: =H13*I13 -> 0 | K13: =G13+J13 -> 0 | L13: 190230 | M13: =M12+K13-L13 -> 202972.2
A14: 11 | B14: 45849 | E14: 0 | F14: 0 | G14: =E14*F14 -> 0 | H14: 70 | I14: 104.14 | J14: =H14*I14 -> 7289.8 | K14: =G14+J14 -> 7289.8 | L14: 7289.8 | M14: =M13+K14-L14 -> 202972.2
A15: 12 | B15: 45850 | E15: 0 | G15: =E15*F15 -> 0 | H15: 0 | I15: 0 | J15: =H15*I15 -> 0 | K15: =G15+J15 -> 0 | M15: =M14+K15-L15 -> 202972.2
A16: 13 | B16: 45851 | E16: 0 | G16: =E16*F16 -> 0 | H16: 0 | I16: 0 | J16: =H16*I16 -> 0 | K16: =G16+J16 -> 0 | M16: =M15+K16-L16 -> 202972.2
A17: 14 | B17: 45852 | E17: 0 | G17: =E17*F17 -> 0 | H17: 0 | I17: 0 | J17: =H17*I17 -> 0 | K17: =G17+J17 -> 0 | M17: =M16+K17-L17 -> 202972.2
A18: 15 | B18: 45853 | E18: 0 | G18: =E18*F18 -> 0 | H18: 0 | I18: 0 | J18: =H18*I18 -> 0 | K18: =G18+J18 -> 0 | L18: 100000 | M18: =M17+K18-L18 -> 102972.2
A19: 16 | B19: 45854 | E19: 0 | G19: =E19*F19 -> 0 | H19: 0 | I19: 0 | J19: =H19*I19 -> 0 | K19: =G19+J19 -> 0 | M19: =M18+K19-L19 -> 102972.2
A20: 17 | B20: 45855 | E20: 0 | G20: =E20*F20 -> 0 | H20: 0 | I20: 0 | J20: =H20*I20 -> 0 | K20: =G20+J20 -> 0 | M20: =M19+K20-L20 -> 102972.2
A21: 18 | B21: 45856 | E21: 2300 | F21: 92.26 | G21: =E21*F21 -> 212198 | H21: 70 | I21: 104.14 | J21: =H21*I21 -> 7289.8 | K21: =G21+J21 -> 219487.8 | M21: =M20+K21-L21 -> 322460
A22: 19 | B22: 45857 | E22: 0 | G22: =E22*F22 -> 0 | H22: 0 | I22: 0 | J22: =H22*I22 -> 0 | K22: =G22+J22 -> 0 | M22: =M21+K22-L22 -> 322460
A23: 20 | B23: 45858 | E23: 0 | G23: =E23*F23 -> 0 | H23: 0 | I23: 0 | J23: =H23*I23 -> 0 | K23: =G23+J23 -> 0 | M23: =M22+K23-L23 -> 322460
A24: 21 | B24: 45859 | E24: 0 | G24: =E24*F24 -> 0 | H24: 0 | I24: 0 | J24: =H24*I24 -> 0 | K24: =G24+J24 -> 0 | M24: =M23+K24-L24 -> 322460
A25: 22 | B25: 45860 | E25: 0 | G25: =E25*F25 -> 0 | H25: 0 | I25: 0 | J25: =H25*I25 -> 0 | K25: =G25+J25 -> 0 | M25: =M24+K25-L25 -> 322460
A26: 23 | B26: 45861 | E26: 0 | G26: =E26*F26 -> 0 | H26: 0 | I26: 0 | J26: =H26*I26 -> 0 | K26: =G26+J26 -> 0 | L26: 103000 | M26: =M25+K26-L26 -> 219460
A27: 24 | B27: 45862 | E27: 0 | G27: =E27*F27 -> 0 | H27: 70 | I27: 104.14 | J27: =H27*I27 -> 7289.8 | K27: =G27+J27 -> 7289.8 | M27: =M26+K27-L27 -> 226749.8
A28: 25 | B28: 45863 | E28: 0 | G28: =E28*F28 -> 0 | H28: 0 | I28: 0 | J28: =H28*I28 -> 0 | K28: =G28+J28 -> 0 | M28: =M27+K28-L28 -> 226749.8
A29: 26 | B29: 45864 | E29: 0 | G29: =E29*F29 -> 0 | H29: 0 | I29: 0 | J29: =H29*I29 -> 0 | K29: =G29+J29 -> 0 | M29: =M28+K29-L29 -> 226749.8
A30: 27 | B30: 45865 | E30: 0 | G30: =E30*F30 -> 0 | H30: 0 | I30: 0 | J30: =H30*I30 -> 0 | K30: =G30+J30 -> 0 | M30: =M29+K30-L30 -> 226749.8
A31: 28 | B31: 45866 | E31: 0 | G31: =E31*F31 -> 0 | H31: 0 | I31: 0 | J31: =H31*I31 -> 0 | K31: =G31+J31 -> 0 | M31: =M30+K31-L31 -> 226749.8
A32: 29 | B32: 45867 | E32: 0 | G32: =E32*F32 -> 0 | H32: 0 | I32: 0 | J32: =H32*I32 -> 0 | K32: =G32+J32 -> 0 | M32: =M31+K32-L32 -> 226749.8
A33: 30 | B33: 45868 | E33: 0 | G33: =E33*F33 -> 0 | H33: 0 | I33: 0 | J33: =H33*I33 -> 0 | K33: =G33+J33 -> 0 | M33: =M32+K33-L33 -> 226749.8
A34: 31 | B34: 45869 | E34: 0 | G34: =E34*F34 -> 0 | H34: 0 | I34: 0 | J34: =H34*I34 -> 0 | K34: =G34+J34 -> 0 | L34: 200000 | M34: =M33+K34-L34 -> 26749.8
E35: =SUM(E4:E34) -> 4500 | G35: =SUM(G4:G34) -> 415170 | H35: =SUM(H4:H34) -> 280 | J35: =SUM(J4:J34) -> 29159.2 | K35: =SUM(K4:K34) -> 444329.2 | L35: =SUM(L4:L34) -> 800519.8

Sheet Chellakere (KUWSDB)
A1: Sri Vishnu Baba Petroleum
A2: S.No | B2: Date | C2: GRN No | D2: Ind No/Bill No | E2: Diesel (Lts) | F2: Price | G2: Amount | H2: Petrol (Lts) | I2: Price | J2: Amount | K2: Total amount | L2: Amount paid | M2: As on Date | N2: Remarks
A3: Opening Balance | K3: 0 | L3: 0 | M3: =+K3 -> 0
A4: 1 | B4: 45839 | E4: 105 | F4: 92.25 | G4: =E4*F4 -> 9686.25 | H4: 20 | I4: 104.16 | J4: =H4*I4 -> 2083.2 | K4: =G4+J4 -> 11769.45 | L4: =K4 -> 11769.45 | M4: =M3+K4-L4 -> 0
A5: 2 | B5: 45840 | E5: 300 | F5: 92.25 | G5: =E5*F5 -> 27675 | H5: 20 | I5: 104.16 | J5: =H5*I5 -> 2083.2 | K5: =G5+J5 -> 29758.2 | L5: =K5 -> 29758.2 | M5: =M4+K5-L5 -> 0
A6: 3 | B6: 45841 | E6: 325 | F6: 92.25 | G6: =E6*F6 -> 29981.25 | J6: =H6*I6 -> 0 | K6: =G6+J6 -> 29981.25 | L6: =K6 -> 29981.25 | M6: =M5+K6-L6 -> 0
A7: 4 | B7: 45842 | G7: =E7*F7 -> 0 | J7: =H7*I7 -> 0 | K7: =G7+J7 -> 0 | L7: =K7 -> 0 | M7: =M6+K7-L7 -> 0
A8: 5 | B8: 45843 | G8: =E8*F8 -> 0 | J8: =H8*I8 -> 0 | K8: =G8+J8 -> 0 | L8: =K8 -> 0 | M8: =M7+K8-L8 -> 0
A9: 6 | B9: 45844 | G9: =E9*F9 -> 0 | J9: =H9*I9 -> 0 | K9: =G9+J9 -> 0 | L9: =K9 -> 0 | M9: =M8+K9-L9 -> 0
A10: 7 | B10: 45845 | G10: =E10*F10 -> 0 | J10: =H10*I10 -> 0 | K10: =G10+J10 -> 0 | L10: =K10 -> 0 | M10: =M9+K10-L10 -> 0
A11: 8 | B11: 45846 | G11: =E11*F11 -> 0 | J11: =H11*I11 -> 0 | K11: =G11+J11 -> 0 | L11: =K11 -> 0 | M11: =M10+K11-L11 -> 0
A12: 9 | B12: 45847 | E12: 325 | F12: 92.25 | G12: =E12*F12 -> 29981.25 | J12: =H12*I12 -> 0 | K12: =G12+J12 -> 29981.25 | L12: =K12 -> 29981.25 | M12: =M11+K12-L12 -> 0
A13: 10 | B13: 45848 | E13: 515 | F13: 92.25 | G13: =E13*F13 -> 47508.75 | H13: 20 | I13: 104.16 | J13: =H13*I13 -> 2083.2 | K13: =G13+J13 -> 49591.95 | L13: =K13 -> 49591.95 | M13: =M12+K13-L13 -> 0
A14: 11 | B14: 45849 | G14: =E14*F14 -> 0 | J14: =H14*I14 -> 0 | K14: =G14+J14 -> 0 | L14: =K14 -> 0 | M14: =M13+K14-L14 -> 0
A15: 12 | B15: 45850 | E15: 90 | F15: 92.25 | G15: =E15*F15 -> 8302.5 | H15: 15 | I15: 104.16 | J15: =H15*I15 -> 1562.4 | K15: =G15+J15 -> 9864.9 | L15: =K15 -> 9864.9 | M15: =M14+K15-L15 -> 0
A16: 13 | B16: 45851 | G16: =E16*F16 -> 0 | J16: =H16*I16 -> 0 | K16: =G16+J16 -> 0 | L16: =K16 -> 0 | M16: =M15+K16-L16 -> 0
A17: 14 | B17: 45852 | E17: 105 | F17: 92.25 | G17: =E17*F17 -> 9686.25 | J17: =H17*I17 -> 0 | K17: =G17+J17 -> 9686.25 | L17: =K17 -> 9686.25 | M17: =M16+K17-L17 -> 0
A18: 15 | B18: 45853 | E18: 290 | F18: 92.25 | G18: =E18*F18 -> 26752.5 | H18: 30 | I18: 104.13 | J18: =H18*I18 -> 3123.9 | K18: =G18+J18 -> 29876.4 | L18: =K18 -> 29876.4 | M18: =M17+K18-L18 -> 0
A19: 16 | B19: 45854 | E19: 415 | F19: 92.25 | G19: =E19*F19 -> 38283.75 | H19: 15 | I19: 104.13 | J19: =H19*I19 -> 1561.95 | K19: =G19+J19 -> 39845.7 | L19: =K19 -> 39845.7 | M19: =M18+K19-L19 -> 0
A20: 17 | B20: 45855 | G20: =E20*F20 -> 0 | J20: =H20*I20 -> 0 | K20: =G20+J20 -> 0 | L20: =K20 -> 0 | M20: =M19+K20-L20 -> 0
A21: 18 | B21: 45856 | E21: 540 | F21: 92.25 | G21: =E21*F21 -> 49815 | J21: =H21*I21 -> 0 | K21: =G21+J21 -> 49815 | L21: =K21 -> 49815 | M21: =M20+K21-L21 -> 0
A22: 19 | B22: 45857 | G22: =E22*F22 -> 0 | J22: =H22*I22 -> 0 | K22: =G22+J22 -> 0 | L22: =K22 -> 0 | M22: =M21+K22-L22 -> 0
A23: 20 | B23: 45858 | G23: =E23*F23 -> 0 | J23: =H23*I23 -> 0 | K23: =G23+J23 -> 0 | L23: =K23 -> 0 | M23: =M22+K23-L23 -> 0
A24: 21 | B24: 45859 | E24: 300 | F24: 92.25 | G24: =E24*F24 -> 27675 | H24: 20 | I24: 104.13 | J24: =H24*I24 -> 2082.6 | K24: =G24+J24 -> 29757.6 | L24: =K24 -> 29757.6 | M24: =M23+K24-L24 -> 0
A25: 22 | B25: 45860 | E25: 215 | F25: 92.25 | G25: =E25*F25 -> 19833.75 | H25: 0 | I25: 0 | J25: 0 | K25: =G25+J25 -> 19833.75 | L25: =K25 -> 19833.75 | M25: =M24+K25-L25 -> 0
A26: 23 | B26: 45861 | G26: =E26*F26 -> 0 | J26: =H26*I26 -> 0 | K26: =G26+J26 -> 0 | L26: =K26 -> 0 | M26: =M25+K26-L26 -> 0
A27: 24 | B27: 45862 | E27: 305 | F27: 92.25 | G27: =E27*F27 -> 28136.25 | H27: 15 | I27: 104.09 | J27: =H27*I27 -> 1561.35 | K27: =G27+J27 -> 29697.6 | L27: =K27 -> 29697.6 | M27: =M26+K27-L27 -> 0 | N27: BPCL
A28: 25 | B28: 45863 | G28: =E28*F28 -> 0 | J28: =H28*I28 -> 0 | K28: =G28+J28 -> 0 | L28: =K28 -> 0 | M28: 0
A29: 26 | B29: 45864 | E29: 190 | F29: 92.25 | G29: =E29*F29 -> 17527.5 | H29: 20 | I29: 104.09 | J29: =H29*I29 -> 2081.8 | K29: =G29+J29 -> 19609.3 | L29: =K29 -> 19609.3 | M29: 0
A30: 27 | B30: 45865 | G30: =E30*F30 -> 0 | J30: =H30*I30 -> 0 | K30: =G30+J30 -> 0 | L30: =K30 -> 0 | M30: 0
A31: 28 | B31: 45866 | E31: 310 | F31: 92.25 | G31: =E31*F31 -> 28597.5 | H31: 10 | I31: 104.09 | J31: =H31*I31 -> 1040.9 | K31: =G31+J31 -> 29638.4 | L31: =K31 -> 29638.4 | M31: 0
A32: 29 | B32: 45867 | G32: =E32*F32 -> 0 | J32: =H32*I32 -> 0 | K32: =G32+J32 -> 0 | L32: =K32 -> 0
A33: 30 | B33: 45868 | E33: 560 | F33: 92.25 | G33: =E33*F33 -> 51660 | H33: 30 | I33: 104.09 | J33: =H33*I33 -> 3122.7 | K33: =G33+J33 -> 54782.7 | L33: =K33 -> 54782.7
A34: 31
E35: =SUM(E4:E34) -> 4890 | G35: =SUM(G4:G34) -> 451102.5 | H35: =SUM(H4:H34) -> 215 | J35: =SUM(J4:J34) -> 22387.2 | K35: =SUM(K4:K34) -> 473489.7 | L35: =SUM(L4:L34) -> 473489.7

Sheet Malebenur(KUWSDB)
A1: Sri Ramanjuneya Service Station
A2: S.No | B2: Date | C2: GRN No | D2: Ind No/Bill No | E2: Diesel (Lts) | F2: Price | G2: Amount | H2: Petrol (Lts) | I2: Price | J2: Amount | K2: Total amount | L2: Amount paid | M2: As on Date | N2: Remarks
A3: Opening Balance | K3: 98761.304 | M3: =+K3 -> 98761.304
A4: 1 | B4: 45839 | E4: 0 | F4: 0 | G4: =E4*F4 -> 0 | H4: 0 | J4: =H4*I4 -> 0 | K4: =G4+J4 -> 0 | L4: 0 | M4: =M3+K4-L4 -> 98761.304
A5: 2 | B5: 45840 | E5: 500 | F5: 92.26 | G5: =E5*F5 -> 46130 | H5: 35 | I5: 104.13 | J5: =H5*I5 -> 3644.55 | K5: =G5+J5 -> 49774.55 | L5: 0 | M5: =M4+K5-L5 -> 148535.85
A6: 3 | B6: 45841 | E6: 0 | F6: 0 | G6: =E6*F6 -> 0 | H6: 0 | J6: =H6*I6 -> 0 | K6: =G6+J6 -> 0 | L6: 0 | M6: =M5+K6-L6 -> 148535.85
A7: 4 | B7: 45842 | E7: 0 | F7: 0 | G7: =E7*F7 -> 0 | H7: 0 | J7: =H7*I7 -> 0 | K7: =G7+J7 -> 0 | L7: 0 | M7: =M6+K7-L7 -> 148535.85
A8: 5 | B8: 45843 | E8: 0 | F8: 0 | G8: =E8*F8 -> 0 | H8: 0 | J8: =H8*I8 -> 0 | K8: =G8+J8 -> 0 | L8: 0 | M8: =M7+K8-L8 -> 148535.85
A9: 6 | B9: 45844 | E9: 0 | F9: 0 | G9: =E9*F9 -> 0 | H9: 0 | J9: =H9*I9 -> 0 | K9: =G9+J9 -> 0 | L9: 0 | M9: =M8+K9-L9 -> 148535.85
A10: 7 | B10: 45845 | E10: 0 | F10: 0 | G10: =E10*F10 -> 0 | H10: 0 | J10: =H10*I10 -> 0 | K10: =G10+J10 -> 0 | L10: 0 | M10: =M9+K10-L10 -> 148535.85
A11: 8 | B11: 45846 | E11: 0 | F11: 92.26 | G11: =E11*F11 -> 0 | H11: 0 | J11: =H11*I11 -> 0 | K11: =G11+J11 -> 0 | L11: 0 | M11: =M10+K11-L11 -> 148535.85
A12: 9 | B12: 45847 | E12: 216 | F12: 92.26 | G12: =E12*F12 -> 19928.16 | H12: 0 | J12: =H12*I12 -> 0 | K12: =G12+J12 -> 19928.16 | L12: 19928 | M12: =M11+K12-L12 -> 148536.01
A13: 10 | B13: 45848 | E13: 0 | F13: 0 | G13: =E13*F13 -> 0 | H13: 0 | J13: =H13*I13 -> 0 | K13: =G13+J13 -> 0 | L13: 0 | M13: =M12+K13-L13 -> 148536.01
A14: 11 | B14: 45849 | E14: 0 | F14: 0 | G14: =E14*F14 -> 0 | H14: 0 | J14: =H14*I14 -> 0 | K14: =G14+J14 -> 0 | L14: 148600 | M14: =M13+K14-L14 -> -63.986
A15: 12 | B15: 45850 | E15: 500 | F15: 92.26 | G15: =E15*F15 -> 46130 | H15: 35 | I15: 104.13 | J15: =H15*I15 -> 3644.55 | K15: =G15+J15 -> 49774.55 | L15: 0 | M15: =M14+K15-L15 -> 49710.564
A16: 13 | B16: 45851 | E16: 0 | F16: 0 | G16: =E16*F16 -> 0 | H16: 0 | J16: =H16*I16 -> 0 | K16: =G16+J16 -> 0 | L16: 0 | M16: =M15+K16-L16 -> 49710.564
A17: 14 | B17: 45852 | E17: 500 | F17: 92.26 | G17: =E17*F17 -> 46130 | H17: 35 | I17: 104.13 | J17: =H17*I17 -> 3644.55 | K17: =G17+J17 -> 49774.55 | L17: 0 | M17: =M16+K17-L17 -> 99485.114
A18: 15 | B18: 45853 | E18: 0 | F18: 0 | G18: =E18*F18 -> 0 | H18: 0 | J18: =H18*I18 -> 0 | K18: =G18+J18 -> 0 | L18: 0 | M18: =M17+K18-L18 -> 99485.114
A19: 16 | B19: 45854 | E19: 0 | F19: 0 | G19: =E19*F19 -> 0 | H19: 0 | J19: =H19*I19 -> 0 | K19: =G19+J19 -> 0 | L19: =50000+49400 -> 99400 | M19: =M18+K19-L19 -> 85.114
A20: 17 | B20: 45855 | E20: 500 | F20: 92.26 | G20: =E20*F20 -> 46130 | H20: 0 | J20: =H20*I20 -> 0 | K20: =G20+J20 -> 46130 | L20: 0 | M20: =M19+K20-L20 -> 46215.114 | V20: =400*90.23 -> 36092
A21: 18 | B21: 45856 | E21: 0 | F21: 0 | G21: =E21*F21 -> 0 | H21: 0 | J21: =H21*I21 -> 0 | K21: =G21+J21 -> 0 | L21: 0 | M21: =M20+K21-L21 -> 46215.114 | V21: =35*104.14 -> 3644.9
A22: 19 | B22: 45857 | E22: 500 | F22: 92.26 | G22: =E22*F22 -> 46130 | H22: 35 | I22: 104.13 | J22: =H22*I22 -> 3644.55 | K22: =G22+J22 -> 49774.55 | L22: 0 | M22: =M21+K22-L22 -> 95989.664
A23: 20 | B23: 45858 | E23: 0 | F23: 0 | G23: =E23*F23 -> 0 | H23: 0 | J23: =H23*I23 -> 0 | K23: =G23+J23 -> 0 | L23: 0 | M23: =M22+K23-L23 -> 95989.664
A24: 21 | B24: 45859 | E24: 0 | F24: 0 | G24: =E24*F24 -> 0 | H24: 0 | J24: =H24*I24 -> 0 | K24: =G24+J24 -> 0 | L24: 0 | M24: =M23+K24-L24 -> 95989.664
A25: 22 | B25: 45860 | E25: 0 | F25: 0 | G25: =E25*F25 -> 0 | H25: 0 | J25: =H25*I25 -> 0 | K25: =G25+J25 -> 0 | L25: 0 | M25: =M24+K25-L25 -> 95989.664
A26: 23 | B26: 45861 | E26: 500 | F26: 92.26 | G26: =E26*F26 -> 46130 | H26: 35 | I26: 104.13 | J26: =H26*I26 -> 3644.55 | K26: =G26+J26 -> 49774.55 | L26: 96080 | M26: =M25+K26-L26 -> 49684.214
A27: 24 | B27: 45862 | E27: 0 | F27: 0 | G27: =E27*F27 -> 0 | H27: 0 | J27: =H27*I27 -> 0 | K27: =G27+J27 -> 0 | L27: 0 | M27: =M26+K27-L27 -> 49684.214
A28: 25 | B28: 45863 | E28: 0 | F28: 0 | G28: =E28*F28 -> 0 | H28: 0 | J28: =H28*I28 -> 0 | K28: =G28+J28 -> 0 | L28: 0 | M28: =M27+K28-L28 -> 49684.214
A29: 26 | B29: 45864 | E29: 500 | F29: 92.26 | G29: =E29*F29 -> 46130 | H29: 35 | I29: 104.13 | J29: =H29*I29 -> 3644.55 | K29: =G29+J29 -> 49774.55 | L29: 0 | M29: =M28+K29-L29 -> 99458.764
A30: 27 | B30: 45865 | E30: 0 | F30: 0 | G30: =E30*F30 -> 0 | H30: 0 | J30: =H30*I30 -> 0 | K30: =G30+J30 -> 0 | L30: 0 | M30: =M29+K30-L30 -> 99458.764
A31: 28 | B31: 45866 | E31: 0 | F31: 0 | G31: =E31*F31 -> 0 | H31: 0 | J31: =H31*I31 -> 0 | K31: =G31+J31 -> 0 | L31: 0 | M31: =M30+K31-L31 -> 99458.764
A32: 29 | B32: 45867 | E32: 0 | F32: 0 | G32: =E32*F32 -> 0 | H32: 0 | J32: =H32*I32 -> 0 | K32: =G32+J32 -> 0 | L32: 0 | M32: =M31+K32-L32 -> 99458.764
A33: 30 | B33: 45868 | E33: 0 | F33: 0 | G33: =E33*F33 -> 0 | H33: 0 | J33: =H33*I33 -> 0 | K33: =G33+J33 -> 0 | L33: 0 | M33: =M32+K33-L33 -> 99458.764
A34: 31 | B34: 45869 | E34: 500 | F34: 92.26 | G34: =E34*F34 -> 46130 | H34: 0 | J34: =H34*I34 -> 0 | K34: =G34+J34 -> 46130 | L34: 99450 | M34: =M33+K34-L34 -> 46138.764
E35: 0 | F35: 0 | G35: =E35*F35 -> 0 | H35: 0 | J35: =H35*I35 -> 0 | K35: =G35+J35 -> 0 | L35: 0 | M35: =M34+K35-L35 -> 46138.764
E36: =SUM(E4:E34) -> 4216 | G36: =SUM(G4:G34) -> 388968.16 | H36: =SUM(H4:H34) -> 210 | J36: =SUM(J4:J34) -> 21867.3 | K36: =SUM(K4:K34) -> 410835.46 | L36: =SUM(L4:L34) -> 463458
E37: 0 | G37: 0 | H37: 0 | J37: 0 | K37: =G37+J37 -> 0 | L37: 0
E38: =SUM(E36:E37) -> 4216 | F38: =SUM(F36:F37) -> 0 | G38: =SUM(G36:G37) -> 388968.16 | H38: =SUM(H36:H37) -> 210 | I38: =SUM(I36:I37) -> 0 | J38: =SUM(J36:J37) -> 21867.3 | K38: =SUM(K36:K37) -> 410835.46 | L38: =SUM(L36:L37) -> 463458 | M38: 50356.73
M40: =M38-M35 -> 4217.966
S42: 9052944708

Sheet Haveri
A1: Shivalingeshwar Petroleum
A2: S.No | B2: Date | C2: GRN No | D2: Ind No/Bill No | E2: Diesel (Lts) | F2: Price | G2: Amount | H2: Petrol (Lts) | I2: Price | J2: Amount | K2: Total amount | L2: Amount paid | M2: As on Date | N2: Remarks
D3: Opening Balance | K3: 0 | L3: 0 | M3: 167921.8
A4: 1 | B4: 45839 | E4: 0 | F4: 0 | G4: =E4*F4 -> 0 | H4: 0 | I4: 0 | J4: =H4*I4 -> 0 | K4: =G4+J4 -> 0 | L4: 0 | M4: =M3+K4-L4 -> 167921.8
A5: 2 | B5: 45840 | E5: 73.01 | F5: 91.47 | G5: =E5*F5 -> 6678.2247 | H5: 0 | I5: 0 | J5: =H5*I5 -> 0 | K5: =G5+J5 -> 6678.2247 | L5: =100000+67847 -> 167847 | M5: =M4+K5-L5 -> 6753.0267
A6: 3 | B6: 45841 | E6: 0 | F6: 0 | G6: =E6*F6 -> 0 | H6: 0 | I6: 0 | J6: =H6*I6 -> 0 | K6: =G6+J6 -> 0 | L6: 0 | M6: =M5+K6-L6 -> 6753.0267
A7: 4 | B7: 45842 | E7: 0 | F7: 0 | G7: =E7*F7 -> 0 | H7: 0 | I7: 0 | J7: =H7*I7 -> 0 | K7: =G7+J7 -> 0 | L7: 0 | M7: =M6+K7-L7 -> 6753.0267
A8: 5 | B8: 45843 | E8: 100 | F8: 91.47 | G8: =E8*F8 -> 9147 | H8: 14.03 | I8: 103.4 | J8: =H8*I8 -> 1450.702 | K8: =G8+J8 -> 10597.702 | L8: 0 | M8: =M7+K8-L8 -> 17350.729
A9: 6 | B9: 45844 | E9: 0 | F9: 0 | G9: =E9*F9 -> 0 | H9: 0 | I9: 0 | J9: =H9*I9 -> 0 | K9: =G9+J9 -> 0 | L9: 0 | M9: =M8+K9-L9 -> 17350.729
A10: 7 | B10: 45845 | E10: 0 | F10: 0 | G10: =E10*F10 -> 0 | H10: 0 | I10: 0 | J10: =H10*I10 -> 0 | K10: =G10+J10 -> 0 | L10: 0 | M10: =M9+K10-L10 -> 17350.729
A11: 8 | B11: 45846 | E11: 220.21 | F11: 91.47 | G11: =E11*F11 -> 20142.609 | H11: 0 | I11: 0 | J11: =H11*I11 -> 0 | K11: =G11+J11 -> 20142.609 | L11: 0 | M11: =M10+K11-L11 -> 37493.337
A12: 9 | B12: 45847 | E12: 0 | F12: 0 | G12: =E12*F12 -> 0 | H12: 5 | I12: 103.4 | J12: =H12*I12 -> 517 | K12: =G12+J12 -> 517 | L12: 0 | M12: =M11+K12-L12 -> 38010.337 | O12: .
A13: 10 | B13: 45848 | E13: 117.01 | F13: 91.47 | G13: =E13*F13 -> 10702.905 | H13: 0 | I13: 0 | J13: =H13*I13 -> 0 | K13: =G13+J13 -> 10702.905 | L13: 0 | M13: =M12+K13-L13 -> 48713.242
A14: 11 | B14: 45849 | E14: 0 | F14: 91.47 | G14: =E14*F14 -> 0 | H14: 0 | I14: 0 | J14: =H14*I14 -> 0 | K14: =G14+J14 -> 0 | L14: 0 | M14: =M13+K14-L14 -> 48713.242
A15: 12 | B15: 45850 | E15: 46 | F15: 91.47 | G15: =E15*F15 -> 4207.62 | H15: 0 | I15: 0 | J15: =H15*I15 -> 0 | K15: =G15+J15 -> 4207.62 | L15: 0 | M15: =M14+K15-L15 -> 52920.862
A16: 13 | B16: 45851 | E16: 48.24 | F16: 91.47 | G16: =E16*F16 -> 4412.5128 | H16: 6 | I16: 103.4 | J16: =H16*I16 -> 620.4 | K16: =G16+J16 -> 5032.9128 | L16: 0 | M16: =M15+K16-L16 -> 57953.775
A17: 14 | B17: 45852 | E17: 55.09 | F17: 91.47 | G17: =E17*F17 -> 5039.0823 | H17: 0 | I17: 0 | J17: =H17*I17 -> 0 | K17: =G17+J17 -> 5039.0823 | L17: 0 | M17: =M16+K17-L17 -> 62992.857
A18: 15 | B18: 45853 | E18: 100 | F18: 91.47 | G18: =E18*F18 -> 9147 | H18: 0 | I18: 0 | J18: =H18*I18 -> 0 | K18: =G18+J18 -> 9147 | L18: 53000 | M18: =M17+K18-L18 -> 19139.857
A19: 16 | B19: 45854 | E19: 29.77 | F19: 91.47 | G19: =E19*F19 -> 2723.0619 | H19: 9.83 | I19: 103.4 | J19: =H19*I19 -> 1016.422 | K19: =G19+J19 -> 3739.4839 | L19: 0 | M19: =M18+K19-L19 -> 22879.341
A20: 17 | B20: 45855 | E20: 54.01 | F20: 91.47 | G20: =E20*F20 -> 4940.2947 | H20: 6 | I20: 103.4 | J20: =H20*I20 -> 620.4 | K20: =G20+J20 -> 5560.6947 | L20: 0 | M20: =M19+K20-L20 -> 28440.036
A21: 18 | B21: 45856 | E21: 40 | F21: 91.47 | G21: =E21*F21 -> 3658.8 | H21: 0 | I21: 103.4 | J21: =H21*I21 -> 0 | K21: =G21+J21 -> 3658.8 | L21: 0 | M21: =M20+K21-L21 -> 32098.836
A22: 19 | B22: 45857 | E22: 0 | F22: 91.47 | G22: =E22*F22 -> 0 | H22: 8.22 | I22: 103.4 | J22: =H22*I22 -> 849.948 | K22: =G22+J22 -> 849.948 | L22: 0 | M22: =M21+K22-L22 -> 32948.784
A23: 20 | B23: 45858 | E23: 0 | F23: 91.47 | G23: =E23*F23 -> 0 | H23: 1 | I23: 103.4 | J23: =H23*I23 -> 103.4 | K23: =G23+J23 -> 103.4 | L23: 0 | M23: =M22+K23-L23 -> 33052.184
A24: 21 | B24: 45859 | E24: 82 | F24: 91.47 | G24: =E24*F24 -> 7500.54 | H24: 7.08 | I24: 103.4 | J24: =H24*I24 -> 732.072 | K24: =G24+J24 -> 8232.612 | L24: 0 | M24: =M23+K24-L24 -> 41284.796
... A32: 29 | B32: 45867 | E32: 48.01 | F32: 91.47 | G32: =E32*F32 -> 4391.4747 | H32: 0 | I32: 0 | J32: =H32*I32 -> 0 | K32: =G32+J32 -> 4391.4747 | L32: 0 | M32: =M31+K32-L32 -> 22865.054
A33: 30 | B33: 45868 | E33: 51 | F33: 91.47 | G33: =E33*F33 -> 4664.97 | H33: 10 | I33: 103.4 | J33: =H33*I33 -> 1034 | K33: =G33+J33 -> 5698.97 | L33: 0 | M33: =M32+K33-L33 -> 28564.024 | Q33: =35000-8000 -> 27000
A34: 31 | B34: 45869 | E34: 70 | F34: 91.47 | G34: =E34*F34 -> 6402.9 | H34: 5.41 | I34: 103.4 | J34: =H34*I34 -> 559.394 | K34: =G34+J34 -> 6962.294 | L34: 0 | M34: =M33+K34-L34 -> 35526.318
E35: =SUM(E4:E34) -> 1389.88 | G35: =SUM(G4:G34) -> 127132.32 | H35: =SUM(H4:H34) -> 78.88 | J35: =SUM(J4:J34) -> 8156.192 | K35: =SUM(K4:K34) -> 135288.52 | L35: =SUM(L4:L34) -> 267684
I38: =K24+L24 -> 8232.612

Sheet Guttal
A1: Taware filling station
A2: S.No | B2: Date | C2: GRN No | D2: Ind No/Bill No | E2: Diesel (Lts) | F2: Price | G2: Amount | H2: Petrol (Lts) | I2: Price | J2: Amount | K2: Total amount | L2: Amount paid | M2: As on Date | N2: Remarks
D3: Opening Balance | K3: 0 | L3: 0 | M3: =+K3 -> 0
A4: 1 | B4: 45839 | E4: 0 | F4: 0 | G4: =E4*F4 -> 0 | H4: 0 | I4: 0 | J4: =H4*I4 -> 0 | K4: =G4+J4 -> 0 | L4: 0 | M4: =M3+K4-L4 -> 0
A5: 2 | B5: 45840 | E5: 43.85 | F5: 91.8 | G5: =E5*F5 -> 4025.43 | H5: 7 | I5: 103.76 | J5: =H5*I5 -> 726.32 | K5: =G5+J5 -> 4751.75 | L5: =+K5 -> 4751.75 | M5: =M4+K5-L5 -> 0
A6: 3 | B6: 45841 | E6: 35 | F6: 91.8 | G6: =E6*F6 -> 3213 | H6: 0 | I6: 0 | J6: =H6*I6 -> 0 | K6: =G6+J6 -> 3213 | L6: =+K6 -> 3213 | M6: =M5+K6-L6 -> 0
A7: 4 | B7: 45842 | E7: 35 | F7: 91.8 | G7: =E7*F7 -> 3213 | H7: 0 | I7: 0 | J7: =H7*I7 -> 0 | K7: =G7+J7 -> 3213 | L7: =+K7 -> 3213 | M7: =M6+K7-L7 -> 0
A8: 5 | B8: 45843 | E8: 0 | F8: 0 | G8: =E8*F8 -> 0 | H8: 0 | I8: 0 | J8: =H8*I8 -> 0 | K8: =G8+J8 -> 0 | L8: =+K8 -> 0 | M8: =M7+K8-L8 -> 0
A9: 6 | B9: 45844 | E9: 0 | F9: 0 | G9: =E9*F9 -> 0 | H9: 0 | I9: 0 | J9: =H9*I9 -> 0 | K9: =G9+J9 -> 0 | L9: =+K9 -> 0 | M9: =M8+K9-L9 -> 0
A10: 7 | B10: 45845 | E10: 0 | F10: 0 | G10: =E10*F10 -> 0 | H10: 0 | I10: 0 | J10: =H10*I10 -> 0 | K10: =G10+J10 -> 0 | L10: =+K10 -> 0 | M10: =M9+K10-L10 -> 0
A11: 8 | B11: 45846 | E11: 30 | F11: 91.8 | G11: =E11*F11 -> 2754 | H11: 0 | I11: 0 | J11: =H11*I11 -> 0 | K11: =G11+J11 -> 2754 | L11: =+K11 -> 2754 | M11: =M10+K11-L11 -> 0
A12: 9 | B12: 45847 | E12: 5 | F12: 91.8 | G12: =E12*F12 -> 459 | H12: 15 | I12: 103.76 | J12: =H12*I12 -> 1556.4 | K12: =G12+J12 -> 2015.4 | L12: =+K12 -> 2015.4 | M12: =M11+K12-L12 -> 0 | O12: .
A13: 10 | B13: 45848 | E13: 5 | F13: 91.8 | G13: =E13*F13 -> 459 | H13: 0 | I13: 103.76 | J13: =H13*I13 -> 0 | K13: =G13+J13 -> 459 | L13: =+K13 -> 459 | M13: =M12+K13-L13 -> 0
A14: 11 | B14: 45849 | E14: 0 | F14: 0 | G14: =E14*F14 -> 0 | H14: 0 | I14: 0 | J14: =H14*I14 -> 0 | K14: =G14+J14 -> 0 | L14: =+K14 -> 0 | M14: =M13+K14-L14 -> 0
A15: 12 | B15: 45850 | E15: 0 | F15: 0 | G15: =E15*F15 -> 0 | H15: 0 | I15: 0 | J15: =H15*I15 -> 0 | K15: =G15+J15 -> 0 | L15: =+K15 -> 0 | M15: =M14+K15-L15 -> 0
A16: 13 | B16: 45851 | E16: 0 | F16: 0 | G16: =E16*F16 -> 0 | H16: 0 | I16: 0 | J16: =H16*I16 -> 0 | K16: =G16+J16 -> 0 | L16: =+K16 -> 0 | M16: =M15+K16-L16 -> 0
A17: 14 | B17: 45852 | E17: 0 | F17: 0 | G17: =E17*F17 -> 0 | H17: 0 | I17: 0 | J17: =H17*I17 -> 0 | K17: =G17+J17 -> 0 | L17: =+K17 -> 0 | M17: =M16+K17-L17 -> 0
A18: 15 | B18: 45853 | E18: 55 | F18: 91.8 | G18: =E18*F18 -> 5049 | H18: 5 | I18: 103.76 | J18: =H18*I18 -> 518.8 | K18: =G18+J18 -> 5567.8 | L18: =+K18 -> 5567.8 | M18: =M17+K18-L18 -> 0
A19: 16 | B19: 45854 | E19: 10 | F19: 91.8 | G19: =E19*F19 -> 918 | H19: 0 | I19: 103.76 | J19: =H19*I19 -> 0 | K19: =G19+J19 -> 918 | L19: =+K19 -> 918 | M19: =M18+K19-L19 -> 0
A20: 17 | B20: 45855 | E20: 50 | F20: 91.8 | G20: =E20*F20 -> 4590 | H20: 6 | I20: 103.76 | J20: =H20*I20 -> 622.56 | K20: =G20+J20 -> 5212.56 | L20: =+K20 -> 5212.56 | M20: =M19+K20-L20 -> 0
A21: 18 | B21: 45856 | E21: 0 | F21: 0 | G21: =E21*F21 -> 0 | H21: 2 | I21: 103.76 | J21: =H21*I21 -> 207.52 | K21: =G21+J21 -> 207.52 | L21: =+K21 -> 207.52 | M21: =M20+K21-L21 -> 0
A22: 19 | B22: 45857 | E22: 0 | F22: 0 | G22: =E22*F22 -> 0 | H22: 0 | I22: 0 | J22: =H22*I22 -> 0 | K22: =G22+J22 -> 0 | L22: =+K22 -> 0 | M22: =M21+K22-L22 -> 0
A23: 20 | B23: 45858 | E23: 0 | F23: 0 | G23: =E23*F23 -> 0 | H23: 0 | I23: 0 | J23: =H23*I23 -> 0 | K23: =G23+J23 -> 0 | L23: =+K23 -> 0 | M23: =M22+K23-L23 -> 0
A24: 21 | B24: 45859 | E24: 0 | F24: 0 | G24: =E24*F24 -> 0 | H24: 0 | I24: 0 | J24: =H24*I24 -> 0 | K24: =G24+J24 -> 0 | L24: =+K24 -> 0 | M24: =M23+K24-L24 -> 0
... A33: 30 | B33: 45868 | E33: 0 | F33: 0 | G33: =E33*F33 -> 0 | H33: 0 | I33: 0 | J33: =H33*I33 -> 0 | K33: =G33+J33 -> 0 | L33: =+K33 -> 0 | M33: =M32+K33-L33 -> 0
A34: 31 | B34: 45869 | E34: 35 | F34: 91.8 | G34: =E34*F34 -> 3213 | H34: 0 | I34: 0 | J34: =H34*I34 -> 0 | K34: =G34+J34 -> 3213 | L34: =+K34 -> 3213
E35: =SUM(E4:E34) -> 378.85 | G35: =SUM(G4:G34) -> 34778.43 | H35: =SUM(H4:H34) -> 56 | J35: =SUM(J4:J34) -> 5810.56 | K35: =SUM(K4:K34) -> 40588.99 | L35: =SUM(L4:L34) -> 40588.99
I38: =K24+L24 -> 0

Sheet Rattihali
A1: Shree Siri Gowari petroliam
A2: S.No | B2: Date | C2: GRN No | D2: Ind No/Bill No | E2: Diesel (Lts) | F2: Price | G2: Amount | H2: Petrol (Lts) | I2: Price | J2: Amount | K2: Total amount | L2: Amount paid | M2: As on Date | N2: Remarks
D3: Opening Balance | K3: 0 | L3: 0 | M3: 155322.81
A4: 1 | B4: 45839 | E4: 0 | F4: 0 | G4: =E4*F4 -> 0 | H4: 0 | I4: 0 | J4: =H4*I4 -> 0 | K4: =G4+J4 -> 0 | L4: =+K4 -> 0 | M4: =M3+K4-L4 -> 155322.81
A5: 2 | B5: 45840 | E5: 430.02 | F5: 92.04 | G5: =E5*F5 -> 39579.041 | H5: 35 | I5: 104.02 | J5: =H5*I5 -> 3640.7 | K5: =G5+J5 -> 43219.741 | L5: 0 | M5: =M4+K5-L5 -> 198542.55
A6: 3 | B6: 45841 | E6: 0 | F6: 0 | G6: =E6*F6 -> 0 | H6: 0 | I6: 0 | J6: =H6*I6 -> 0 | K6: =G6+J6 -> 0 | L6: =+K6 -> 0 | M6: =M5+K6-L6 -> 198542.55
A7: 4 | B7: 45842 | E7: 0 | F7: 0 | G7: =E7*F7 -> 0 | H7: 0 | I7: 0 | J7: =H7*I7 -> 0 | K7: =G7+J7 -> 0 | L7: =+K7 -> 0 | M7: =M6+K7-L7 -> 198542.55
A8: 5 | B8: 45843 | E8: 0 | F8: 0 | G8: =E8*F8 -> 0 | H8: 0 | I8: 0 | J8: =H8*I8 -> 0 | K8: =G8+J8 -> 0 | L8: =+K8 -> 0 | M8: =M7+K8-L8 -> 198542.55
A9: 6 | B9: 45844 | E9: 477 | F9: 92.04 | G9: =E9*F9 -> 43903.08 | H9: 40 | I9: 104.02 | J9: =H9*I9 -> 4160.8 | K9: =G9+J9 -> 48063.88 | L9: 0 | M9: =M8+K9-L9 -> 246606.43
A10: 7 | B10: 45845 | E10: 0 | F10: 0 | G10: =E10*F10 -> 0 | H10: 0 | I10: 0 | J10: =H10*I10 -> 0 | K10: =G10+J10 -> 0 | L10: =+K10 -> 0 | M10: =M9+K10-L10 -> 246606.43
A11: 8 | B11: 45846 | E11: 0 | F11: 0 | G11: =E11*F11 -> 0 | H11: 0 | I11: 0 | J11: =H11*I11 -> 0 | K11: =G11+J11 -> 0 | L11: =+K11 -> 0 | M11: =M10+K11-L11 -> 246606.43
A12: 9 | B12: 45847 | E12: 446.84 | F12: 92.04 | G12: =E12*F12 -> 41127.154 | H12: 5.77 | I12: 104.02 | J12: =H12*I12 -> 600.1954 | K12: =G12+J12 -> 41727.349 | L12: 0 | M12: =M11+K12-L12 -> 288333.78
A13: 10 | B13: 45848 | E13: 0 | F13: 0 | G13: =E13*F13 -> 0 | H13: 0 | I13: 0 | J13: =H13*I13 -> 0 | K13: =G13+J13 -> 0 | L13: 246606.43 | M13: =M12+K13-L13 -> 41727.349 | Q13: =+K13 -> 0
A14: 11 | B14: 45849 | E14: 200 | F14: 92.04 | G14: =E14*F14 -> 18408 | H14: 0 | I14: 0 | J14: =H14*I14 -> 0 | K14: =G14+J14 -> 18408 | L14: 0 | M14: =M13+K14-L14 -> 60135.349
A15: 12 | B15: 45850 | E15: 470 | F15: 92.04 | G15: =E15*F15 -> 43258.8 | H15: 0 | I15: 0 | J15: =H15*I15 -> 0 | K15: =G15+J15 -> 43258.8 | M15: =M14+K15-L15 -> 103394.15
A16: 13 | B16: 45851 | E16: 0 | F16: 0 | G16: =E16*F16 -> 0 | H16: 0 | I16: 0 | J16: =H16*I16 -> 0 | K16: =G16+J16 -> 0 | L16: =+K16 -> 0 | M16: =M15+K16-L16 -> 103394.15
A17: 14 | B17: 45852 | E17: 0 | F17: 0 | G17: =E17*F17 -> 0 | H17: 0 | I17: 0 | J17: =H17*I17 -> 0 | K17: =G17+J17 -> 0 | L17: =+K17 -> 0 | M17: =M16+K17-L17 -> 103394.15
A18: 15 | B18: 45853 | E18: 0 | F18: 0 | G18: =E18*F18 -> 0 | H18: 0 | I18: 0 | J18: =H18*I18 -> 0 | K18: =G18+J18 -> 0 | L18: =+K18 -> 0 | M18: =M17+K18-L18 -> 103394.15
A19: 16 | B19: 45854 | E19: 498.66 | F19: 92.04 | G19: =E19*F19 -> 45896.666 | H19: 5 | I19: 104.02 | J19: =H19*I19 -> 520.1 | K19: =G19+J19 -> 46416.766 | L19: 0 | M19: =M18+K19-L19 -> 149810.92
A20: 17 | B20: 45855 | E20: 150 | F20: 92.04 | G20: =E20*F20 -> 13806 | H20: 0 | I20: 0 | J20: =H20*I20 -> 0 | K20: =G20+J20 -> 13806 | L20: 0 | M20: =M19+K20-L20 -> 163616.92
A21: 18 | B21: 45856 | E21: 0 | F21: 0 | G21: =E21*F21 -> 0 | H21: 6 | I21: 104.02 | J21: =H21*I21 -> 624.12 | K21: =G21+J21 -> 624.12 | L21: 0 | M21: =M20+K21-L21 -> 164241.04
A22: 19 | B22: 45857 | E22: 250 | F22: 92.04 | G22: =E22*F22 -> 23010 | H22: 0 | I22: 0 | J22: =H22*I22 -> 0 | K22: =G22+J22 -> 23010 | L22: 0 | M22: =M21+K22-L22 -> 187251.04
A23: 20 | B23: 45858 | E23: 200 | F23: 92.04 | G23: =E23*F23 -> 18408 | H23: 0 | I23: 0 | J23: =H23*I23 -> 0 | K23: =G23+J23 -> 18408 | L23: 0 | M23: =M22+K23-L23 -> 205659.04
A24: 21 | B24: 45859 | E24: 575 | F24: 92.04 | G24: =E24*F24 -> 52923 | H24: 18 | I24: 104.02 | J24: =H24*I24 -> 1872.36 | K24: =G24+J24 -> 54795.36 | L24: 0 | M24: =M23+K24-L24 -> 260454.4
A25: 22 | B25: 45860 | E25: 165 | F25: 92.04 | G25: =E25*F25 -> 15186.6 | H25: 35 | I25: 104.02 | J25: =H25*I25 -> 3640.7 | K25: =G25+J25 -> 18827.3 | L25: 0 | M25: =M24+K25-L25 -> 279281.7
A26: 23 | B26: 45861 | E26: 250 | F26: 92.04 | G26: =E26*F26 -> 23010 | H26: 0 | I26: 0 | J26: =H26*I26 -> 0 | K26: =G26+J26 -> 23010 | L26: 0 | M26: =M25+K26-L26 -> 302291.7
A27: 24 | B27: 45862 | E27: 0 | F27: 0 | G27: =E27*F27 -> 0 | H27: 0 | I27: 0 | J27: =H27*I27 -> 0 | K27: =G27+J27 -> 0 | L27: =+K27 -> 0 | M27: =M26+K27-L27 -> 302291.7
A28: 25 | B28: 45863 | E28: 0 | F28: 0 | G28: =E28*F28 -> 0 | H28: 0 | I28: 0 | J28: =H28*I28 -> 0 | K28: =G28+J28 -> 0 | L28: 0 | M28: =M27+K28-L28 -> 302291.7
A29: 26 | B29: 45864 | E29: 0 | F29: 0 | G29: =E29*F29 -> 0 | H29: 0 | I29: 0 | J29: =H29*I29 -> 0 | K29: =G29+J29 -> 0 | L29: 300000 | M29: =M28+K29-L29 -> 2291.6954
A30: 27 | B30: 45865 | E30: 0 | F30: 0 | G30: =E30*F30 -> 0 | H30: 0 | I30: 0 | J30: =H30*I30 -> 0 | K30: =G30+J30 -> 0 | L30: =+K30 -> 0 | M30: =M29+K30-L30 -> 2291.6954
A31: 28 | B31: 45866 | E31: 200 | F31: 92.04 | G31: =E31*F31 -> 18408 | H31: 0 | I31: 0 | J31: =H31*I31 -> 0 | K31: =G31+J31 -> 18408 | L31: 0 | M31: =M30+K31-L31 -> 20699.695
A32: 29 | B32: 45867 | E32: 270 | F32: 92.04 | G32: =E32*F32 -> 24850.8 | H32: 5 | I32: 104.02 | J32: =H32*I32 -> 520.1 | K32: =G32+J32 -> 25370.9 | L32: 0 | M32: =M31+K32-L32 -> 46070.595
A33: 30 | B33: 45868 | E33: 0 | F33: 0 | G33: =E33*F33 -> 0 | H33: 0 | I33: 0 | J33: =H33*I33 -> 0 | K33: =G33+J33 -> 0 | L33: 0 | M33: =M32+K33-L33 -> 46070.595
A34: 31 | B34: 45869 | E34: 79.26 | F34: 92.04 | G34: =E34*F34 -> 7295.0904 | J34: =H34*I34 -> 0 | K34: =G34+J34 -> 7295.0904 | L34: 0 | M34: =M33+K34-L34 -> 53365.686
E35: =SUM(E4:E34) -> 4661.78 | G35: =SUM(G4:G34) -> 429070.23 | H35: =SUM(H4:H34) -> 149.77 | J35: =SUM(J4:J34) -> 15579.075 | K35: =SUM(K4:K34) -> 444649.31 | L35: =SUM(L4:L34) -> 546606.43
I38: =K24+L24 -> 54795.36

Sheet Gajendragada
A1: Vanasri Petrol Pump
A2: S.No | B2: Date | C2: GRN No | D2: Ind no/Bill No | E2: Diesel (Lts) | F2: Price | G2: Amount | H2: Petrol (Lts) | I2: Price | J2: Amount | K2: Total amount | L2: Amount paid | M2: As on Date | N2: Remarks
A3: Opening Balance | K3: 74049.039 | M3: =+K3 -> 74049.039
A4: 1 | B4: 45839 | E4: 25 | F4: 91.83 | G4: =E4*F4 -> 2295.75 | H4: 0 | I4: 0 | J4: =H4*I4 -> 0 | K4: =G4+J4 -> 2295.75 | M4: =M3+K4-L4 -> 76344.789
A5: 2 | B5: 45840 | E5: 10 | F5: 91.83 | G5: =E5*F5 -> 918.3 | H5: 0 | I5: 0 | J5: =H5*I5 -> 0 | K5: =G5+J5 -> 918.3 | M5: =M4+K5-L5 -> 77263.089
A6: 3 | B6: 45841 | E6: 0 | F6: 0 | G6: =E6*F6 -> 0 | H6: 0 | I6: 0 | J6: =H6*I6 -> 0 | K6: =G6+J6 -> 0 | M6: =M5+K6-L6 -> 77263.089
A7: 4 | B7: 45842 | E7: 30 | F7: 91.83 | G7: =E7*F7 -> 2754.9 | H7: 15 | I7: 103.8 | J7: =H7*I7 -> 1557 | K7: =G7+J7 -> 4311.9 | M7: =M6+K7-L7 -> 81574.989
A8: 5 | B8: 45843 | E8: 100 | F8: 91.83 | G8: =E8*F8 -> 9183 | H8: 0 | I8: 0 | J8: =H8*I8 -> 0 | K8: =G8+J8 -> 9183 | M8: =M7+K8-L8 -> 90757.989 | O8: 8497892194 | P8: raja bhakshi
A9: 6 | B9: 45844 | E9: 0 | F9: 0 | G9: =E9*F9 -> 0 | H9: 0 | I9: 0 | J9: =H9*I9 -> 0 | K9: =G9+J9 -> 0 | M9: =M8+K9-L9 -> 90757.989
A10: 7 | B10: 45845 | E10: 0 | F10: 0 | G10: =E10*F10 -> 0 | H10: 0 | I10: 0 | J10: =H10*I10 -> 0 | K10: =G10+J10 -> 0 | M10: =M9+K10-L10 -> 90757.989
A11: 8 | B11: 45846 | E11: 0 | F11: 0 | G11: =E11*F11 -> 0 | H11: 5 | I11: 103.8 | J11: =H11*I11 -> 519 | K11: =G11+J11 -> 519 | M11: =M10+K11-L11 -> 91276.989
A12: 9 | B12: 45847 | E12: 0 | F12: 0 | G12: =E12*F12 -> 0 | H12: 5 | I12: 103.8 | J12: =H12*I12 -> 519 | K12: =G12+J12 -> 519 | M12: =M11+K12-L12 -> 91795.989
A13: 10 | B13: 45848 | E13: 0 | F13: 0 | G13: =E13*F13 -> 0 | H13: 7 | I13: 103.8 | J13: =H13*I13 -> 726.6 | K13: =G13+J13 -> 726.6 | M13: =M12+K13-L13 -> 92522.589
A14: 11 | B14: 45849 | E14: 25 | F14: 91.83 | G14: =E14*F14 -> 2295.75 | H14: 0 | I14: 0 | J14: =H14*I14 -> 0 | K14: =G14+J14 -> 2295.75 | M14: =M13+K14-L14 -> 94818.339
A15: 12 | B15: 45850 | E15: 0 | F15: 0 | G15: =E15*F15 -> 0 | H15: 5 | I15: 103.8 | J15: =H15*I15 -> 519 | K15: =G15+J15 -> 519 | M15: =M14+K15-L15 -> 95337.339
A16: 13 | B16: 45851 | E16: 0 | F16: 0 | G16: =E16*F16 -> 0 | H16: 0 | I16: 0 | J16: =H16*I16 -> 0 | K16: =G16+J16 -> 0 | M16: =M15+K16-L16 -> 95337.339
A17: 14 | B17: 45852 | E17: 0 | F17: 0 | G17: =E17*F17 -> 0 | H17: 0 | I17: 0 | J17: =H17*I17 -> 0 | K17: =G17+J17 -> 0 | M17: =M16+K17-L17 -> 95337.339
A18: 15 | B18: 45853 | E18: 0 | F18: 0 | G18: =E18*F18 -> 0 | H18: 0 | I18: 0 | J18: =H18*I18 -> 0 | K18: =G18+J18 -> 0 | L18: 95377 | M18: =M17+K18-L18 -> -39.6613 | O18: 3544.89
A19: 16 | B19: 45854 | E19: 0 | F19: 0 | G19: =E19*F19 -> 0 | H19: 5 | I19: 103.8 | J19: =H19*I19 -> 519 | K19: =G19+J19 -> 519 | M19: =M18+K19-L19 -> 479.3387
A20: 17 | B20: 45855 | E20: 0 | F20: 0 | G20: =E20*F20 -> 0 | H20: 0 | I20: 0 | J20: =H20*I20 -> 0 | K20: =G20+J20 -> 0 | M20: =M19+K20-L20 -> 479.3387
A21: 18 | B21: 45856 | E21: 50 | F21: 91.83 | G21: =E21*F21 -> 4591.5 | H21: 5 | I21: 103.8 | J21: =H21*I21 -> 519 | K21: =G21+J21 -> 5110.5 | M21: =M20+K21-L21 -> 5589.8387
A22: 19 | B22: 45857 | E22: 0 | F22: 0 | G22: =E22*F22 -> 0 | H22: 0 | I22: 0 | J22: =H22*I22 -> 0 | K22: =G22+J22 -> 0 | M22: =M21+K22-L22 -> 5589.8387
A23: 20 | B23: 45858 | E23: 100 | F23: 91.83 | G23: =E23*F23 -> 9183 | H23: 5 | I23: 103.8 | J23: =H23*I23 -> 519 | K23: =G23+J23 -> 9702 | M23: =M22+K23-L23 -> 15291.839
A24: 21 | B24: 45859 | E24: 0 | F24: 0 | G24: =E24*F24 -> 0 | H24: 0 | I24: 0 | J24: =H24*I24 -> 0 | K24: =G24+J24 -> 0 | M24: =M23+K24-L24 -> 15291.839
A25: 22 | B25: 45860 | E25: 0 | F25: 0 | G25: =E25*F25 -> 0 | H25: 0 | I25: 0 | J25: =H25*I25 -> 0 | K25: =G25+J25 -> 0 | M25: =M24+K25-L25 -> 15291.839
A26: 23 | B26: 45861 | E26: 0 | F26: 0 | G26: =E26*F26 -> 0 | H26: 5 | I26: 103.8 | J26: =H26*I26 -> 519 | K26: =G26+J26 -> 519 | M26: =M25+K26-L26 -> 15810.839
A27: 24 | B27: 45862 | E27: 0 | F27: 0 | G27: =E27*F27 -> 0 | H27: 5 | I27: 103.8 | J27: =H27*I27 -> 519 | K27: =G27+J27 -> 519 | M27: =M26+K27-L27 -> 16329.839 | R27: 66742
A28: 25 | B28: 45863 | E28: 0 | F28: 0 | G28: =E28*F28 -> 0 | H28: 5 | I28: 103.8 | J28: =H28*I28 -> 519 | K28: =G28+J28 -> 519 | M28: =M27+K28-L28 -> 16848.839
A29: 26 | B29: 45864 | E29: 0 | F29: 0 | G29: =E29*F29 -> 0 | H29: 0 | I29: 0 | J29: =H29*I29 -> 0 | K29: =G29+J29 -> 0 | M29: =M28+K29-L29 -> 16848.839
A30: 27 | B30: 45865 | E30: 0 | F30: 0 | G30: =E30*F30 -> 0 | H30: 0 | I30: 0 | J30: =H30*I30 -> 0 | K30: =G30+J30 -> 0 | M30: =M29+K30-L30 -> 16848.839
A31: 28 | B31: 45866 | E31: 36.16 | F31: 91.83 | G31: =E31*F31 -> 3320.5728 | H31: 0 | I31: 0 | J31: =H31*I31 -> 0 | K31: =G31+J31 -> 3320.5728 | M31: =M30+K31-L31 -> 20169.412
A32: 29 | B32: 45867 | E32: 0 | F32: 0 | G32: =E32*F32 -> 0 | H32: 5 | I32: 103.8 | J32: =H32*I32 -> 519 | K32: =G32+J32 -> 519 | M32: =M31+K32-L32 -> 20688.412
A33: 30 | B33: 45868 | E33: 0 | F33: 0 | G33: =E33*F33 -> 0 | H33: 5 | I33: 103.8 | J33: =H33*I33 -> 519 | K33: =G33+J33 -> 519 | M33: =M32+K33-L33 -> 21207.412
A34: 31 | B34: 45869 | E34: 0 | F34: 0 | G34: =E34*F34 -> 0 | H34: 5 | I34: 103.8 | J34: =H34*I34 -> 519 | K34: =G34+J34 -> 519 | M34: =M33+K34-L34 -> 21726.412
E35: =SUM(E4:E34) -> 376.16 | G35: =SUM(G4:G34) -> 34542.773 | H35: =SUM(H4:H34) -> 82 | J35: =SUM(J4:J34) -> 8511.6 | K35: =SUM(K4:K34) -> 43054.373 | L35: =SUM(L4:L34) -> 95377

Sheet  Talikote
A1: Talikote
A2: S.No | B2: Date | C2: GRN No | D2: Ind no/Bill No | E2: Diesel (Lts) | F2: Price | G2: Amount | H2: Petrol (Lts) | I2: Price | J2: Amount | K2: Total amount | L2: Amount paid | M2: As on Date | N2: Remarks
A3: Opening Balance | N3: 28582.189
A4: 1 | B4: 01.07.2025 | E4: 33 | F4: 91.5 | G4: =E4*F4 -> 3019.5 | H4: 4.87 | I4: 103.44 | J4: =H4*I4 -> 503.7528 | K4: =G4+J4 -> 3523.2528 | L4: 19000 | M4: =+N3+K4-L4 -> 13105.442 | N4: IOCL Card
A5: 2 | B5: 02.07.2025 | E5: 0 | F5: 0 | G5: =E5*F5 -> 0 | H5: 13.6 | I5: 103.44 | J5: =H5*I5 -> 1406.784 | K5: =G5+J5 -> 1406.784 | L5: 13114.25 | M5: =M4+K5-L5 -> 1397.976 | N5: IOCL Card
A6: 3 | B6: 03.07.2025 | E6: 84.53 | F6: 91.15 | G6: =E6*F6 -> 7704.9095 | H6: 0 | I6: 0 | J6: =H6*I6 -> 0 | K6: =G6+J6 -> 7704.9095 | M6: =M5+K6-L6 -> 9102.8855 | N6: IOCL Card
A7: 4 | B7: 04.07.2025 | E7: 0 | F7: 0 | G7: =E7*F7 -> 0 | H7: 7.98 | I7: 103.44 | J7: =H7*I7 -> 825.4512 | K7: =G7+J7 -> 825.4512 | M7: =M6+K7-L7 -> 9928.3367 | N7: IOCL Card
A8: 5 | B8: 05.07.2025 | E8: 30 | F8: 91.5 | G8: =E8*F8 -> 2745 | H8: 0 | I8: 0 | J8: =H8*I8 -> 0 | K8: =G8+J8 -> 2745 | M8: =M7+K8-L8 -> 12673.337 | N8: IOCL Card
A9: 6 | B9: 05.07.2025 | E9: 11.01 | F9: 90.8 | G9: =E9*F9 -> 999.708 | H9: 6.77 | I9: 103.44 | J9: =H9*I9 -> 700.2888 | K9: =G9+J9 -> 1699.9968 | L9: 1000 | M9: =M8+K9-L9 -> 13373.333 | N9: IOCL Card
A10: 7 | B10: 06.07.2025 | E10: 41.1 | F10: 91.5 | G10: =E10*F10 -> 3760.65 | H10: 0 | I10: 0 | J10: =H10*I10 -> 0 | K10: =G10+J10 -> 3760.65 | M10: =M9+K10-L10 -> 17133.983 | N10: IOCL Card
A11: 8 | B11: 07.07.2025 | E11: 44.59 | F11: 91.5 | G11: =E11*F11 -> 4079.985 | H11: 0 | I11: 0 | J11: =H11*I11 -> 0 | K11: =G11+J11 -> 4079.985 | M11: =M10+K11-L11 -> 21213.968 | N11: IOCL Card
A12: 9 | B12: 09.07.2025 | E12: 83.2 | F12: 91.5 | G12: =E12*F12 -> 7612.8 | H12: 0 | I12: 0 | J12: =H12*I12 -> 0 | K12: =G12+J12 -> 7612.8 | L12: 21000 | M12: =M11+K12-L12 -> 7826.7685 | N12: IOCL Card
A13: 10 | B13: 10.07.2025 | E13: 40.31 | F13: 91.5 | G13: =E13*F13 -> 3688.365 | H13: 0 | I13: 0 | J13: =H13*I13 -> 0 | K13: =G13+J13 -> 3688.365 | M13: =M12+K13-L13 -> 11515.133 | N13: IOCL Card
A14: 11 | B14: 11.07.2025 | E14: 37.81 | F14: 91.5 | G14: =E14*F14 -> 3459.615 | H14: 0 | I14: 0 | J14: =H14*I14 -> 0 | K14: =G14+J14 -> 3459.615 | L14: 15000 | M14: =M13+K14-L14 -> -25.2515 | N14: IOCL Card
A15: 12 | B15: 12.07.2025 | E15: 35.85 | F15: 91.5 | G15: =E15*F15 -> 3280.275 | H15: 0 | I15: 0 | J15: =H15*I15 -> 0 | K15: =G15+J15 -> 3280.275 | M15: =M14+K15-L15 -> 3255.0235 | N15: IOCL Card
A16: 13 | B16: 13.07.2025 | E16: 0 | F16: 0 | G16: =E16*F16 -> 0 | H16: 0 | I16: 0 | J16: =H16*I16 -> 0 | K16: =G16+J16 -> 0 | M16: =M15+K16-L16 -> 3255.0235 | N16: IOCL Card
A17: 14 | B17: 14.07.2025 | E17: 0 | F17: 0 | G17: =E17*F17 -> 0 | H17: 7.25 | I17: 103.44 | J17: =H17*I17 -> 749.94 | K17: =G17+J17 -> 749.94 | L17: 749.94 | M17: =M16+K17-L17 -> 3255.0235 | N17: IOCL Card
A18: 15 | B18: 15.07.2025 | E18: 78.19 | F18: 91.5 | G18: =E18*F18 -> 7154.385 | H18: 12.19 | I18: 103.44 | J18: =H18*I18 -> 1260.9336 | K18: =G18+J18 -> 8415.3186 | L18: 8415.3186 | M18: =M17+K18-L18 -> 3255.0235 | N18: IOCL Card
A19: 16 | B19: 16.07.2025 | E19: 0 | F19: 0 | G19: =E19*F19 -> 0 | H19: 14.09 | I19: 103.44 | J19: =H19*I19 -> 1457.4696 | K19: =G19+J19 -> 1457.4696 | L19: 1457.47 | M19: =M18+K19-L19 -> 3255.0231 | N19: IOCL Card
A20: 17 | B20: 17.07.2025 | E20: 39.41 | F20: 91.5 | G20: =E20*F20 -> 3606.015 | H20: 4.16 | I20: 110.73 | J20: =H20*I20 -> 460.6368 | K20: =G20+J20 -> 4066.6518 | L20: 3606 | M20: =M19+K20-L20 -> 3715.6749 | N20: IOCL Card
A21: 18 | B21: 18.07.2025 | E21: 93.97 | F21: 91.5 | G21: =E21*F21 -> 8598.255 | H21: 1.93 | I21: 103.44 | J21: =H21*I21 -> 199.6392 | K21: =G21+J21 -> 8797.8942 | L21: 8797.89 | M21: =M20+K21-L21 -> 3715.6791 | N21: IOCL Card
A22: 19 | B22: 19.07.2025 | E22: 114.4 | F22: 91.5 | G22: =E22*F22 -> 10467.6 | H22: 0 | I22: 0 | J22: =H22*I22 -> 0 | K22: =G22+J22 -> 10467.6 | L22: 10467.6 | M22: =M21+K22-L22 -> 3715.6791 | N22: IOCL Card
A23: 21 | B23: 20.07.2025 | E23: 0 | F23: 0 | G23: =E23*F23 -> 0 | H23: 0 | I23: 0 | J23: =H23*I23 -> 0 | K23: =G23+J23 -> 0 | M23: =M22+K23-L23 -> 3715.6791 | N23: IOCL Card
A24: 22 | B24: 21.07.2025 | E24: 0 | F24: 0 | G24: =E24*F24 -> 0 | H24: 6.29 | I24: 103.44 | J24: =H24*I24 -> 650.6376 | K24: =G24+J24 -> 650.6376 | L24: 650.64 | M24: =M23+K24-L24 -> 3715.6767 | N24: IOCL Card
A25: 23 | B25: 22.07.2025 | E25: 42.96 | F25: 91.5 | G25: =E25*F25 -> 3930.84 | H25: 9.24 | I25: 103.44 | J25: =H25*I25 -> 955.7856 | K25: =G25+J25 -> 4886.6256 | L25: 4886.63 | M25: =M24+K25-L25 -> 3715.6723 | N25: IOCL Card
A26: 24 | B26: 23.07.2025 | E26: 68.85 | F26: 91.5 | G26: =E26*F26 -> 6299.775 | H26: 0 | I26: 0 | J26: =H26*I26 -> 0 | K26: =G26+J26 -> 6299.775 | M26: =M25+K26-L26 -> 10015.447 | N26: IOCL Card
A27: 25 | B27: 25.07.2025 | E27: 127.6 | F27: 91.5 | G27: =E27*F27 -> 11675.4 | H27: 0 | I27: 0 | J27: =H27*I27 -> 0 | K27: =G27+J27 -> 11675.4 | L27: 15000 | M27: =M26+K27-L27 -> 6690.8473 | N27: IOCL Card
A28: 26 | B28: 26.07.2025 | E28: 161.02 | F28: 91.5 | G28: =E28*F28 -> 14733.33 | H28: 3 | I28: 103.44 | J28: =H28*I28 -> 310.32 | K28: =G28+J28 -> 15043.65 | M28: =M27+K28-L28 -> 21734.497 | N28: IOCL Card
A29: 27 | B29: 27.07.2025 | E29: 0 | F29: 0 | G29: =E29*F29 -> 0 | H29: 7.32 | I29: 103.44 | J29: =H29*I29 -> 757.1808 | K29: =G29+J29 -> 757.1808 | M29: =M28+K29-L29 -> 22491.678 | N29: IOCL Card
A30: 28 | B30: 30.07.2025 | E30: 77.03 | F30: 91.5 | G30: =E30*F30 -> 7048.245 | H30: 3 | I30: 103.44 | J30: =H30*I30 -> 310.32 | K30: =G30+J30 -> 7358.565 | M30: =M29+K30-L30 -> 29850.243 | N30: IOCL Card
A31: 29 | B31: 31.07.2025 | E31: 30 | F31: 91.5 | G31: =E31*F31 -> 2745 | H31: 8.79 | I31: 103.44 | J31: =H31*I31 -> 909.2376 | K31: =G31+J31 -> 3654.2376 | L31: 30000 | M31: =M30+K31-L31 -> 3504.4807 | N31: IOCL Card
A32: 30 | E32: 0 | F32: 0 | G32: =E32*F32 -> 0 | H32: 0 | I32: 0 | J32: =H32*I32 -> 0 | K32: =G32+J32 -> 0 | L32: 0 | M32: 0 | N32: IOCL Card
A33: 31 | E33: 0 | F33: 0 | G33: =E33*F33 -> 0 | H33: 0 | I33: 0 | J33: =H33*I33 -> 0 | K33: =G33+J33 -> 0 | L33: 0 | M33: 0 | N33: IOCL Card
A34: 32 | E34: 0 | F34: 0 | G34: =E34*F34 -> 0 | H34: 0 | I34: 0 | J34: =H34*I34 -> 0 | K34: =G34+J34 -> 0 | L34: 0 | M34: 0 | N34: IOCL Card
A35: 33 | E35: 0 | F35: 0 | G35: =E35*F35 -> 0 | H35: 0 | I35: 0 | J35: =H35*I35 -> 0 | K35: =G35+J35 -> 0 | L35: 0 | M35: 0 | N35: IOCL Card
A36: 34 | E36: 0 | F36: 0 | G36: =E36*F36 -> 0 | H36: 0 | I36: 0 | J36: =H36*I36 -> 0 | K36: =G36+J36 -> 0 | L36: 0 | M36: 0 | N36: IOCL Card
A37: 35 | E37: 0 | F37: 0 | G37: =E37*F37 -> 0 | H37: 0 | I37: 0 | J37: =H37*I37 -> 0 | K37: =G37+J37 -> 0 | L37: 0 | M37: 0 | N37: IOCL Card
A38: 36 | E38: 0 | F38: 0 | G38: =E38*F38 -> 0 | H38: 0 | I38: 0 | J38: =H38*I38 -> 0 | K38: =G38+J38 -> 0 | L38: 0 | M38: 0 | N38: IOCL Card
A39: 37 | E39: 0 | F39: 0 | G39: =E39*F39 -> 0 | H39: 0 | I39: 0 | J39: =H39*I39 -> 0 | K39: =G39+J39 -> 0 | L39: 0 | M39: 0 | N39: IOCL Card
A40: 38 | E40: 0 | F40: 0 | G40: =E40*F40 -> 0 | H40: 0 | I40: 0 | J40: =H40*I40 -> 0 | K40: =G40+J40 -> 0 | L40: =+K40 -> 0 | M40: 0 | N40: IOCL Card
A41: 39 | E41: 0 | F41: 0 | G41: =E41*F41 -> 0 | H41: 0 | I41: 0 | J41: =H41*I41 -> 0 | K41: =G41+J41 -> 0 | L41: =+K41 -> 0 | M41: 0 | N41: IOCL Card
A42: 40 | E42: 0 | F42: 0 | G42: =E42*F42 -> 0 | H42: 0 | I42: 0 | J42: =H42*I42 -> 0 | K42: =G42+J42 -> 0 | L42: =+K42 -> 0 | M42: 0 | N42: IOCL Card
A43: 41 | E43: 0 | F43: 0 | G43: =E43*F43 -> 0 | H43: 0 | I43: 0 | J43: =H43*I43 -> 0 | K43: =G43+J43 -> 0 | L43: =+K43 -> 0 | M43: 0 | N43: IOCL Card
A44: 42 | E44: 0 | F44: 0 | G44: =E44*F44 -> 0 | H44: 0 | I44: 0 | J44: =H44*I44 -> 0 | K44: =G44+J44 -> 0 | L44: =+K44 -> 0 | M44: 0 | N44: IOCL Card
E45: =SUM(E4:E44) -> 1274.83 | G45: =SUM(G4:G44) -> 116609.65 | H45: =SUM(H4:H44) -> 110.48 | J45: =SUM(J4:J44) -> 11458.378 | K45: =SUM(K4:K44) -> 128068.03 | L45: =SUM(L4:L44) -> 153145.74

Sheet Chadchan
A1: Khavekar Petrolium
A2: S.No | B2: Date | C2: GRN No | D2: Ind no/Bill No | E2: Diesel (Lts) | F2: Price | G2: Amount | H2: Petrol (Lts) | I2: Price | J2: Amount | K2: Total amount | L2: Amount paid | M2: As on Date | N2: Remarks
B3: Opening Balance | K3: 92995.303 | M3: =+K3 -> 92995.303 | O3: 237866.59
A4: 1 | B4: 45839 | E4: 0 | F4: 0 | G4: =E4*F4 -> 0 | H4: 0 | I4: 0 | J4: =H4*I4 -> 0 | K4: =G4+J4 -> 0 | M4: =M3+K4-L4 -> 92995.303
A5: 2 | B5: 45840 | E5: 0 | F5: 0 | G5: =E5*F5 -> 0 | H5: 0 | I5: 0 | J5: =H5*I5 -> 0 | K5: =G5+J5 -> 0 | M5: =M4+K5-L5 -> 92995.303
A6: 3 | B6: 45841 | E6: 0 | F6: 0 | G6: =E6*F6 -> 0 | H6: 0 | I6: 0 | J6: =H6*I6 -> 0 | K6: =G6+J6 -> 0 | M6: =M5+K6-L6 -> 92995.303
A7: 4 | B7: 45842 | E7: 0 | F7: 0 | G7: =E7*F7 -> 0 | H7: 7.76 | I7: 103.16 | J7: =H7*I7 -> 800.5216 | K7: =G7+J7 -> 800.5216 | M7: =M6+K7-L7 -> 93795.824
A8: 5 | B8: 45843 | E8: 0 | F8: 0 | G8: =E8*F8 -> 0 | H8: 0 | I8: 0 | J8: =H8*I8 -> 0 | K8: =G8+J8 -> 0 | L8: 0 | M8: =M7+K8-L8 -> 93795.824
A9: 6 | B9: 45844 | E9: 32.89 | F9: 91.23 | G9: =E9*F9 -> 3000.5547 | H9: 0 | I9: 0 | J9: =H9*I9 -> 0 | K9: =G9+J9 -> 3000.5547 | M9: =M8+K9-L9 -> 96796.379
A10: 7 | B10: 45845 | E10: 0 | F10: 0 | G10: =E10*F10 -> 0 | H10: 7.18 | I10: 103.16 | J10: =H10*I10 -> 740.6888 | K10: =G10+J10 -> 740.6888 | M10: =M9+K10-L10 -> 97537.068
A11: 8 | B11: 45846 | E11: 0 | F11: 91.23 | G11: =E11*F11 -> 0 | H11: 0 | I11: 103.16 | J11: =H11*I11 -> 0 | K11: =G11+J11 -> 0 | M11: =M10+K11-L11 -> 97537.068
A12: 9 | B12: 45847 | E12: 44.22 | F12: 91.23 | G12: =E12*F12 -> 4034.1906 | H12: 5.37 | I12: 103.16 | J12: =H12*I12 -> 553.9692 | K12: =G12+J12 -> 4588.1598 | M12: =M11+K12-L12 -> 102125.23
A13: 10 | B13: 45848 | E13: 63.21 | F13: 91.23 | G13: =E13*F13 -> 5766.6483 | H13: 6.79 | I13: 103.16 | J13: =H13*I13 -> 700.4564 | K13: =G13+J13 -> 6467.1047 | M13: =M12+K13-L13 -> 108592.33
A14: 11 | B14: 45849 | E14: 0 | F14: 0 | G14: =E14*F14 -> 0 | H14: 0 | I14: 0 | J14: =H14*I14 -> 0 | K14: =G14+J14 -> 0 | M14: =M13+K14-L14 -> 108592.33
A15: 12 | B15: 45850 | E15: 173.46 | F15: 91.23 | G15: =E15*F15 -> 15824.756 | H15: 0 | I15: 0 | J15: =H15*I15 -> 0 | K15: =G15+J15 -> 15824.756 | M15: =M14+K15-L15 -> 124417.09
A16: 13 | B16: 45851 | E16: 29.59 | F16: 91.23 | G16: =E16*F16 -> 2699.4957 | H16: 5.82 | I16: 103.16 | J16: =H16*I16 -> 600.3912 | K16: =G16+J16 -> 3299.8869 | M16: =M15+K16-L16 -> 127716.97
A17: 14 | B17: 45852 | E17: 149.86 | F17: 91.23 | G17: =E17*F17 -> 13671.728 | H17: 0 | I17: 0 | J17: =H17*I17 -> 0 | K17: =G17+J17 -> 13671.728 | M17: =M16+K17-L17 -> 141388.7
A18: 15 | B18: 45853 | E18: 90.36 | F18: 91.23 | G18: =E18*F18 -> 8243.5428 | H18: 6.01 | I18: 103.16 | J18: =H18*I18 -> 619.9916 | K18: =G18+J18 -> 8863.5344 | L18: 127117 | M18: =M17+K18-L18 -> 23135.237
A19: 16 | B19: 45854 | E19: 0 | F19: 0 | G19: =E19*F19 -> 0 | H19: 0 | I19: 0 | J19: =H19*I19 -> 0 | K19: =G19+J19 -> 0 | M19: =M18+K19-L19 -> 23135.237
A20: 17 | B20: 45855 | E20: 0 | F20: 0 | G20: =E20*F20 -> 0 | H20: 0 | I20: 0 | J20: =H20*I20 -> 0 | K20: =G20+J20 -> 0 | M20: =M19+K20-L20 -> 23135.237
A21: 18 | B21: 45856 | E21: 156.83 | F21: 91.23 | G21: =E21*F21 -> 14307.601 | H21: 0 | I21: 0 | J21: =H21*I21 -> 0 | K21: =G21+J21 -> 14307.601 | M21: =M20+K21-L21 -> 37442.838
A22: 19 | B22: 45857 | E22: 0 | F22: 0 | G22: =E22*F22 -> 0 | H22: 0 | I22: 0 | J22: =H22*I22 -> 0 | K22: =G22+J22 -> 0 | M22: =M21+K22-L22 -> 37442.838
A23: 20 | B23: 45858 | E23: 40.19 | F23: 91.23 | G23: =E23*F23 -> 3666.5337 | H23: 0 | I23: 0 | J23: =H23*I23 -> 0 | K23: =G23+J23 -> 3666.5337 | M23: =M22+K23-L23 -> 41109.372
A24: 21 | B24: 45859 | E24: 116.02 | F24: 91.23 | G24: =E24*F24 -> 10584.505 | H24: 0 | I24: 0 | J24: =H24*I24 -> 0 | K24: =G24+J24 -> 10584.505 | M24: =M23+K24-L24 -> 51693.876
A25: 22 | B25: 45860 | E25: 0 | F25: 0 | G25: =E25*F25 -> 0 | H25: 0 | I25: 0 | J25: =H25*I25 -> 0 | K25: =G25+J25 -> 0 | M25: =M24+K25-L25 -> 51693.876
A26: 23 | B26: 45861 | E26: 114 | F26: 91.23 | G26: =E26*F26 -> 10400.22 | H26: 7.1 | I26: 103.16 | J26: =H26*I26 -> 732.436 | K26: =G26+J26 -> 11132.656 | M26: =M25+K26-L26 -> 62826.532 | O26: 51702
A27: 24 | B27: 45862 | E27: 0 | F27: 0 | G27: =E27*F27 -> 0 | H27: 0 | I27: 0 | J27: =H27*I27 -> 0 | K27: =G27+J27 -> 0 | M27: =M26+K27-L27 -> 62826.532
A28: 25 | B28: 45863 | E28: 0 | F28: 0 | G28: =E28*F28 -> 0 | H28: 0 | I28: 0 | J28: =H28*I28 -> 0 | K28: =G28+J28 -> 0 | M28: =M27+K28-L28 -> 62826.532
A29: 26 | B29: 45864 | E29: 0 | F29: 0 | G29: =E29*F29 -> 0 | H29: 0 | I29: 0 | J29: =H29*I29 -> 0 | K29: =G29+J29 -> 0 | M29: =M28+K29-L29 -> 62826.532
A30: 27 | B30: 45865 | E30: 0 | F30: 0 | G30: =E30*F30 -> 0 | H30: 0 | I30: 0 | J30: =H30*I30 -> 0 | K30: =G30+J30 -> 0 | M30: =M29+K30-L30 -> 62826.532
A31: 28 | B31: 45866 | E31: 244.45 | F31: 91.23 | G31: =E31*F31 -> 22301.174 | H31: 3.88 | I31: 103.16 | J31: =H31*I31 -> 400.2608 | K31: =G31+J31 -> 22701.434 | M31: =M30+K31-L31 -> 85527.967
A32: 29 | B32: 45867 | E32: 121.54 | F32: 91.23 | G32: =E32*F32 -> 11088.094 | H32: 7 | I32: 103.16 | J32: =H32*I32 -> 722.12 | K32: =G32+J32 -> 11810.214 | M32: =M31+K32-L32 -> 97338.181
A33: 30 | B33: 45868 | E33: 0 | F33: 0 | G33: =E33*F33 -> 0 | H33: 0 | I33: 0 | J33: =H33*I33 -> 0 | K33: =G33+J33 -> 0 | M33: =M32+K33-L33 -> 97338.181
A34: 31 | B34: 45869 | E34: 78.88 | F34: 91.23 | G34: =E34*F34 -> 7196.2224 | H34: 10 | I34: 103.16 | J34: =H34*I34 -> 1031.6 | K34: =G34+J34 -> 8227.8224 | M34: =M33+K34-L34 -> 105566
E35: =SUM(E4:E34) -> 1455.5 | G35: =SUM(G4:G34) -> 132785.27 | H35: =SUM(H4:H34) -> 66.91 | J35: =SUM(J4:J34) -> 6902.4356 | K35: =SUM(K4:K34) -> 139687.7 | L35: =SUM(L4:L31) -> 127117

Sheet Sindagi
A1: G.P.PORWAL
A2: S.No | B2: Date | C2: GRN No | D2: Ind no/Bill No | E2: Diesel (Lts) | F2: Price | G2: Amount | H2: Petrol (Lts) | I2: Price | J2: Amount | K2: Total amount | L2: Amount paid | M2: As on Date | N2: Remarks
A3: Opening Balance | M3: 9854.749
A4: 1 | B4: 45839 | E4: 309.87 | F4: 91.23 | G4: =E4*F4 -> 28269.44 | H4: 0 | I4: 0 | J4: =H4*I4 -> 0 | K4: =G4+J4 -> 28269.44 | L4: 9579.15 | M4: =M3+K4-L4 -> 28545.039
A5: 2 | B5: 45840 | E5: 143 | F5: 91.23 | G5: =E5*F5 -> 13045.89 | H5: 0 | I5: 0 | J5: =H5*I5 -> 0 | K5: =G5+J5 -> 13045.89 | L5: 8940.54 | M5: =M4+K5-L5 -> 32650.389
A6: 3 | B6: 45841 | E6: 0 | F6: 0 | G6: =E6*F6 -> 0 | H6: 0 | I6: 0 | J6: =H6*I6 -> 0 | K6: =G6+J6 -> 0 | L6: =+K6 -> 0 | M6: =M5+K6-L6 -> 32650.389
A7: 4 | B7: 45842 | E7: 15 | F7: 91.23 | G7: =E7*F7 -> 1368.45 | H7: 5 | I7: 110.47 | J7: =H7*I7 -> 552.35 | K7: =G7+J7 -> 1920.8 | L7: 0 | M7: =M6+K7-L7 -> 34571.189
A8: 5 | B8: 45843 | E8: 0 | F8: 0 | G8: =E8*F8 -> 0 | H8: 0 | I8: 0 | J8: =H8*I8 -> 0 | K8: =G8+J8 -> 0 | L8: =+K8 -> 0 | M8: =M7+K8-L8 -> 34571.189
A9: 6 | B9: 45844 | E9: 0 | F9: 0 | G9: =E9*F9 -> 0 | H9: 0 | I9: 0 | J9: =H9*I9 -> 0 | K9: =G9+J9 -> 0 | L9: =+K9 -> 0 | M9: =M8+K9-L9 -> 34571.189
A10: 7 | B10: 45845 | E10: 0 | F10: 0 | G10: =E10*F10 -> 0 | H10: 0 | I10: 0 | J10: =H10*I10 -> 0 | K10: =G10+J10 -> 0 | L10: =+K10 -> 0 | M10: =M9+K10-L10 -> 34571.189
A11: 8 | B11: 45846 | E11: 200 | F11: 91.23 | G11: =E11*F11 -> 18246 | H11: 0 | I11: 0 | J11: =H11*I11 -> 0 | K11: =G11+J11 -> 18246 | L11: 0 | M11: =M10+K11-L11 -> 52817.189 | P11: =P10+N11-O11 -> 0
A12: 9 | B12: 45847 | E12: 30 | F12: 91.23 | G12: =E12*F12 -> 2736.9 | H12: 0 | I12: 0 | J12: =H12*I12 -> 0 | K12: =G12+J12 -> 2736.9 | L12: 39958 | M12: =M11+K12-L12 -> 15596.089
A13: 10 | B13: 45848 | E13: 394 | F13: 91.23 | G13: =E13*F13 -> 35944.62 | H13: 0 | I13: 0 | J13: =H13*I13 -> 0 | K13: =G13+J13 -> 35944.62 | L13: 12042 | M13: =M12+K13-L13 -> 39498.709
A14: 11 | B14: 45849 | E14: 0 | F14: 0 | G14: =E14*F14 -> 0 | H14: 4.5 | I14: 110.47 | J14: =H14*I14 -> 497.115 | K14: =G14+J14 -> 497.115 | L14: 27369 | M14: =M13+K14-L14 -> 12626.824
A15: 12 | B15: 45850 | E15: 0 | F15: 0 | G15: =E15*F15 -> 0 | H15: 0 | I15: 0 | J15: =H15*I15 -> 0 | K15: =G15+J15 -> 0 | L15: =+K15 -> 0 | M15: =M14+K15-L15 -> 12626.824
A16: 13 | B16: 45851 | E16: 0 | F16: 0 | G16: =E16*F16 -> 0 | H16: 0 | I16: 0 | J16: =H16*I16 -> 0 | K16: =G16+J16 -> 0 | L16: =+K16 -> 0 | M16: =M15+K16-L16 -> 12626.824
A17: 14 | B17: 45852 | E17: 0 | F17: 0 | G17: =E17*F17 -> 0 | H17: 0 | I17: 0 | J17: =H17*I17 -> 0 | K17: =G17+J17 -> 0 | L17: =+K17 -> 0 | M17: =M16+K17-L17 -> 12626.824
A18: 15 | B18: 45853 | E18: 0 | F18: 0 | G18: =E18*F18 -> 0 | H18: 0 | I18: 0 | J18: =H18*I18 -> 0 | K18: =G18+J18 -> 0 | L18: =+K18 -> 0 | M18: =M17+K18-L18 -> 12626.824
A19: 16 | B19: 45854 | E19: 218 | F19: 91.23 | G19: =E19*F19 -> 19888.14 | H19: 6 | I19: 110.49 | J19: =H19*I19 -> 662.94 | K19: =G19+J19 -> 20551.08 | L19: 33182 | M19: =M18+K19-L19 -> -4.0959
A20: 17 | B20: 45855 | E20: 10 | F20: 91.23 | G20: =E20*F20 -> 912.3 | H20: 0 | I20: 0 | J20: =H20*I20 -> 0 | K20: =G20+J20 -> 912.3 | L20: =+K20 -> 912.3 | M20: =M19+K20-L20 -> -4.0959
A21: 18 | B21: 45856 | E21: 0 | F21: 0 | G21: =E21*F21 -> 0 | H21: 0 | I21: 0 | J21: =H21*I21 -> 0 | K21: =G21+J21 -> 0 | L21: =+K21 -> 0 | M21: =M20+K21-L21 -> -4.0959
A22: 19 | B22: 45857 | E22: 0 | F22: 0 | G22: =E22*F22 -> 0 | H22: 0 | I22: 0 | J22: =H22*I22 -> 0 | K22: =G22+J22 -> 0 | L22: =+K22 -> 0 | M22: =M21+K22-L22 -> -4.0959
A23: 20 | B23: 45858 | E23: 0 | F23: 0 | G23: =E23*F23 -> 0 | H23: 0 | I23: 0 | J23: =H23*I23 -> 0 | K23: =G23+J23 -> 0 | L23: =+K23 -> 0 | M23: =M22+K23-L23 -> -4.0959
A24: 21 | B24: 45859 | E24: 245.02 | F24: 91.23 | G24: =E24*F24 -> 22353.175 | H24: 0 | I24: 0 | J24: =H24*I24 -> 0 | K24: =G24+J24 -> 22353.175 | L24: =+K24 -> 22353.175 | M24: =M23+K24-L24 -> -4.0959
A25: 22 | B25: 45860 | E25: 0 | F25: 0 | G25: =E25*F25 -> 0 | H25: 0 | I25: 0 | J25: =H25*I25 -> 0 | K25: =G25+J25 -> 0 | L25: =+K25 -> 0 | M25: =M24+K25-L25 -> -4.0959
A26: 23 | B26: 45861 | E26: 0 | F26: 0 | G26: =E26*F26 -> 0 | H26: 0 | I26: 0 | J26: =H26*I26 -> 0 | K26: =G26+J26 -> 0 | L26: =+K26 -> 0 | M26: =M25+K26-L26 -> -4.0959
A27: 24 | B27: 45862 | E27: 0 | F27: 0 | G27: =E27*F27 -> 0 | H27: 0 | I27: 0 | J27: =H27*I27 -> 0 | K27: =G27+J27 -> 0 | L27: =+K27 -> 0 | M27: =M26+K27-L27 -> -4.0959
A28: 25 | B28: 45863 | E28: 0 | F28: 0 | G28: =E28*F28 -> 0 | H28: 0 | I28: 0 | J28: =H28*I28 -> 0 | K28: =G28+J28 -> 0 | L28: =+K28 -> 0 | M28: =M27+K28-L28 -> -4.0959
A29: 26 | B29: 45864 | E29: 0 | F29: 0 | G29: =E29*F29 -> 0 | H29: 0 | I29: 0 | J29: =H29*I29 -> 0 | K29: =G29+J29 -> 0 | L29: =+K29 -> 0 | M29: =M28+K29-L29 -> -4.0959
A30: 27 | B30: 45865 | E30: 0 | F30: 0 | G30: =E30*F30 -> 0 | H30: 0 | I30: 0 | J30: =H30*I30 -> 0 | K30: =G30+J30 -> 0 | L30: =+K30 -> 0 | M30: =M29+K30-L30 -> -4.0959
A31: 28 | B31: 45866 | E31: 0 | F31: 0 | G31: =E31*F31 -> 0 | H31: 0 | I31: 0 | J31: =H31*I31 -> 0 | K31: =G31+J31 -> 0 | L31: =+K31 -> 0 | M31: =M30+K31-L31 -> -4.0959
A32: 29 | B32: 45867 | E32: 10 | F32: 91.23 | G32: =E32*F32 -> 912.3 | H32: 0 | I32: 0 | J32: =H32*I32 -> 0 | K32: =G32+J32 -> 912.3 | L32: 0 | M32: =M31+K32-L32 -> 908.2041
A33: 30 | B33: 45868 | E33: 0 | F33: 0 | G33: =E33*F33 -> 0 | H33: 0 | I33: 0 | J33: =H33*I33 -> 0 | K33: =G33+J33 -> 0 | L33: =+K33 -> 0 | M33: =M32+K33-L33 -> 908.2041
A34: 31 | E34: 0 | F34: 0 | G34: =E34*F34 -> 0 | H34: 0 | I34: 0 | J34: =H34*I34 -> 0 | K34: =G34+J34 -> 0 | L34: =+K34 -> 0 | M34: =M33+K34-L34 -> 908.2041
A35: 34 | E35: 0 | F35: 0 | G35: =E35*F35 -> 0 | H35: 0 | I35: 0 | J35: =H35*I35 -> 0 | K35: =G35+J35 -> 0 | L35: =+K35 -> 0 | M35: =M34+K35-L35 -> 908.2041
A36: 35 | E36: 0 | F36: 0 | G36: =E36*F36 -> 0 | H36: 0 | I36: 0 | J36: =H36*I36 -> 0 | K36: =G36+J36 -> 0 | L36: =+K36 -> 0 | M36: =M35+K36-L36 -> 908.2041
A37: 36 | E37: 0 | F37: 0 | G37: =E37*F37 -> 0 | H37: 0 | I37: 0 | J37: =H37*I37 -> 0 | K37: =G37+J37 -> 0 | L37: =+K37 -> 0 | M37: =M36+K37-L37 -> 908.2041
A38: 37 | E38: 0 | F38: 0 | G38: =E38*F38 -> 0 | H38: 0 | I38: 0 | J38: =H38*I38 -> 0 | K38: =G38+J38 -> 0 | L38: =+K38 -> 0 | M38: =M37+K38-L38 -> 908.2041
A39: 38 | E39: 0 | F39: 0 | G39: =E39*F39 -> 0 | H39: 0 | I39: 0 | J39: =H39*I39 -> 0 | K39: =G39+J39 -> 0 | L39: =+K39 -> 0 | M39: =M38+K39-L39 -> 908.2041
A40: 39 | E40: 0 | F40: 0 | G40: =E40*F40 -> 0 | H40: 0 | I40: 0 | J40: =H40*I40 -> 0 | K40: =G40+J40 -> 0 | L40: =+K40 -> 0 | M40: =M39+K40-L40 -> 908.2041
A41: 40 | E41: 0 | F41: 0 | G41: =E41*F41 -> 0 | H41: 0 | I41: 0 | J41: =H41*I41 -> 0 | K41: =G41+J41 -> 0 | L41: =+K41 -> 0 | M41: =M40+K41-L41 -> 908.2041
A42: 41 | E42: 0 | F42: 0 | G42: =E42*F42 -> 0 | H42: 0 | I42: 0 | J42: =H42*I42 -> 0 | K42: =G42+J42 -> 0 | L42: =+K42 -> 0 | M42: =M41+K42-L42 -> 908.2041
A43: 42 | E43: 0 | F43: 0 | G43: =E43*F43 -> 0 | H43: 0 | I43: 0 | J43: =H43*I43 -> 0 | K43: =G43+J43 -> 0 | L43: =+K43 -> 0 | M43: =M42+K43-L43 -> 908.2041
E44: =SUM(E4:E43) -> 1574.89 | G44: =SUM(G4:G43) -> 143677.21 | H44: =SUM(H4:H43) -> 15.5 | J44: =SUM(J4:J43) -> 1712.405 | K44: =SUM(K4:K43) -> 145389.62 | L44: =SUM(L4:L43) -> 154336.16 | M44: =SUM(M4:M43) -> 414021.88

Sheet Alemela
A1: Shiddeshwar Petroleums
A2: S.No | B2: Date | C2: GRN No | D2: Ind no/Bill No | E2: Diesel (Lts) | F2: Price | G2: Amount | H2: Petrol (Lts) | I2: Price | J2: Amount | K2: Total amount | L2: Amount paid | M2: As on Date | N2: Remarks
A3: Opening Balance | M3: 74760
A4: 1 | B4: 01.07.2027 | E4: 40 | F4: 91.33 | G4: =E4*F4 -> 3653.2 | H4: 0 | I4: 0 | J4: =H4*I4 -> 0 | K4: =G4+J4 -> 3653.2 | L4: 0 | M4: =M3+K4-L4 -> 78413.2 | N4: IOCL Card
A5: 2 | B5: 02.07.2025 | E5: 160 | F5: 91.33 | G5: =E5*F5 -> 14612.8 | H5: 0 | I5: 0 | J5: =H5*I5 -> 0 | K5: =G5+J5 -> 14612.8 | L5: 0 | M5: =M4+K5-L5 -> 93026 | N5: IOCL Card
A6: 3 | B6: 03.07.2025 | E6: 83.8 | F6: 91.33 | G6: =E6*F6 -> 7653.454 | H6: 0 | I6: 0 | J6: =H6*I6 -> 0 | K6: =G6+J6 -> 7653.454 | L6: 0 | M6: =M5+K6-L6 -> 100679.45 | N6: IOCL Card
A7: 4 | B7: 04.07.2025 | E7: 198.3 | F7: 91.33 | G7: =E7*F7 -> 18110.739 | H7: 0 | I7: 0 | J7: =H7*I7 -> 0 | K7: =G7+J7 -> 18110.739 | L7: 37000 | M7: =M6+K7-L7 -> 81790.193 | N7: IOCL Card
A8: 5 | B8: 05.07.2025 | E8: 274 | F8: 91.33 | G8: =E8*F8 -> 25024.42 | H8: 0 | I8: 0 | J8: =H8*I8 -> 0 | K8: =G8+J8 -> 25024.42 | L8: 0 | M8: =M7+K8-L8 -> 106814.61 | N8: IOCL Card
A9: 6 | B9: 06.07.2025 | E9: 175 | F9: 91.33 | G9: =E9*F9 -> 15982.75 | H9: 0 | I9: 0 | J9: =H9*I9 -> 0 | K9: =G9+J9 -> 15982.75 | L9: 0 | M9: =M8+K9-L9 -> 122797.36 | N9: IOCL Card
A10: 7 | B10: 07.07.2025 | E10: 180 | F10: 91.33 | G10: =E10*F10 -> 16439.4 | H10: 5 | I10: 103.26 | J10: =H10*I10 -> 516.3 | K10: =G10+J10 -> 16955.7 | L10: 0 | M10: =M9+K10-L10 -> 139753.06 | N10: IOCL Card
A11: 8 | B11: 08.07.2025 | E11: 40 | F11: 91.33 | G11: =E11*F11 -> 3653.2 | H11: 0 | I11: 0 | J11: =H11*I11 -> 0 | K11: =G11+J11 -> 3653.2 | L11: 0 | M11: =M10+K11-L11 -> 143406.26 | N11: IOCL Card
A12: 9 | B12: 09.07.2025 | E12: 70 | F12: 91.33 | G12: =E12*F12 -> 6393.1 | H12: 0 | I12: 0 | J12: =H12*I12 -> 0 | K12: =G12+J12 -> 6393.1 | L12: 0 | M12: =M11+K12-L12 -> 149799.36 | N12: IOCL Card
A13: 10 | B13: 10.07.2025 | E13: 0 | F13: 91.33 | G13: =E13*F13 -> 0 | H13: 6 | I13: 103.26 | J13: =H13*I13 -> 619.56 | K13: =G13+J13 -> 619.56 | L13: 0 | M13: =M12+K13-L13 -> 150418.92 | N13: IOCL Card
A14: 11 | B14: 11.07.2025 | E14: 230 | F14: 91.33 | G14: =E14*F14 -> 21005.9 | H14: 0 | I14: 0 | J14: =H14*I14 -> 0 | K14: =G14+J14 -> 21005.9 | L14: 137000 | M14: =M13+K14-L14 -> 34424.823 | N14: IOCL Card
A15: 12 | B15: 12.07.2025 | E15: 190 | F15: 91.33 | G15: =E15*F15 -> 17352.7 | H15: 0 | I15: 0 | J15: =H15*I15 -> 0 | K15: =G15+J15 -> 17352.7 | L15: 40000 | M15: =M14+K15-L15 -> 11777.523 | N15: IOCL Card
... A22: 19 | B22: 19.07.2025 | E22: 160 | F22: 91.33 | G22: =E22*F22 -> 14612.8 | H22: 0 | I22: 0 | J22: =H22*I22 -> 0 | K22: =G22+J22 -> 14612.8 | L22: 0 | M22: =M21+K22-L22 -> 21007.214 | N22: IOCL Card
A23: 20 | B23: 20.07.2025 | E23: 20 | F23: 91.33 | G23: =E23*F23 -> 1826.6 | H23: 5 | I23: 103.26 | J23: =H23*I23 -> 516.3 | K23: =G23+J23 -> 2342.9 | L23: 0 | M23: =M22+K23-L23 -> 23350.114
A24: 21 | B24: 21.07.2025 | E24: 100 | F24: 91.33 | G24: =E24*F24 -> 9133 | H24: 6 | I24: 103.26 | J24: =H24*I24 -> 619.56 | K24: =G24+J24 -> 9752.56 | L24: 0 | M24: =M23+K24-L24 -> 33102.674
A25: 22 | B25: 23.07.2025 | E25: 107.8 | F25: 91.33 | G25: =E25*F25 -> 9845.374 | H25: 0 | I25: 0 | J25: =H25*I25 -> 0 | K25: =G25+J25 -> 9845.374 | L25: 30362 | M25: =M24+K25-L25 -> 12586.048
A26: 23 | B26: 24.07.2025 | E26: 0 | F26: 0 | G26: =E26*F26 -> 0 | H26: 0 | I26: 0 | J26: =H26*I26 -> 0 | K26: =G26+J26 -> 0 | L26: 9844.82 | M26: =M25+K26-L26 -> 2741.2277
A27: 24 | B27: 26.07.2025 | E27: 40 | F27: 91.33 | G27: =E27*F27 -> 3653.2 | H27: 0 | I27: 0 | J27: =H27*I27 -> 0 | K27: =G27+J27 -> 3653.2 | L27: 0 | M27: =M26+K27-L27 -> 6394.4277
A28: 25 | B28: 27.07.2025 | E28: 40 | F28: 91.33 | G28: =E28*F28 -> 3653.2 | H28: 0 | I28: 0 | J28: =H28*I28 -> 0 | K28: =G28+J28 -> 3653.2 | L28: 0 | M28: =M27+K28-L28 -> 10047.628
A29: 26 | B29: 29.07.2025 | E29: 40 | F29: 91.33 | G29: =E29*F29 -> 3653.2 | H29: 9.84 | I29: 103.26 | J29: =H29*I29 -> 1016.0784 | K29: =G29+J29 -> 4669.2784 | L29: 0 | M29: =M28+K29-L29 -> 14716.906
A30: 27 | B30: 30.07.2025 | E30: 40 | F30: 91.33 | G30: =E30*F30 -> 3653.2 | H30: 0 | I30: 0 | J30: =H30*I30 -> 0 | K30: =G30+J30 -> 3653.2 | L30: 0 | M30: =M29+K30-L30 -> 18370.106
A31: 28 | B31: 31.07.2025 | E31: 159.52 | F31: 91.33 | G31: =E31*F31 -> 14568.962 | H31: 0 | I31: 0 | J31: =H31*I31 -> 0 | K31: =G31+J31 -> 14568.962 | L31: 11975.9 | M31: =M30+K31-L31 -> 20963.168
A32: 29 | E32: 0 | F32: 0 | G32: =E32*F32 -> 0 | H32: 0 | I32: 0 | J32: =H32*I32 -> 0 | K32: =G32+J32 -> 0 | L32: =+K32 -> 0 | M32: =M31+K32-L32 -> 20963.168
A33: 30 | E33: 0 | F33: 0 | G33: =E33*F33 -> 0 | H33: 0 | I33: 0 | J33: =H33*I33 -> 0 | K33: =G33+J33 -> 0 | L33: =+K33 -> 0 | M33: =M32+K33-L33 -> 20963.168
A34: 31 | E34: 0 | F34: 0 | G34: =E34*F34 -> 0 | H34: 0 | I34: 0 | J34: =H34*I34 -> 0 | K34: =G34+J34 -> 0 | L34: =+K34 -> 0 | M34: =M33+K34-L34 -> 20963.168
A35: 35 | E35: 0 | F35: 0 | G35: =E35*F35 -> 0 | H35: 0 | I35: 0 | J35: =H35*I35 -> 0 | K35: =G35+J35 -> 0 | L35: =+K35 -> 0 | M35: =M34+K35-L35 -> 20963.168
A36: 36 | E36: 0 | F36: 0 | G36: =E36*F36 -> 0 | H36: 0 | I36: 0 | J36: =H36*I36 -> 0 | K36: =G36+J36 -> 0 | L36: =+K36 -> 0 | M36: =M35+K36-L36 -> 20963.168
A37: 37 | E37: 0 | F37: 0 | G37: =E37*F37 -> 0 | H37: 0 | I37: 0 | J37: =H37*I37 -> 0 | K37: =G37+J37 -> 0 | L37: =+K37 -> 0 | M37: =M36+K37-L37 -> 20963.168
A38: 38 | E38: 0 | F38: 0 | G38: =E38*F38 -> 0 | H38: 0 | I38: 0 | J38: =H38*I38 -> 0 | K38: =G38+J38 -> 0 | L38: =+K38 -> 0 | M38: =M37+K38-L38 -> 20963.168
A39: 39 | E39: 0 | F39: 0 | G39: =E39*F39 -> 0 | H39: 0 | I39: 0 | J39: =H39*I39 -> 0 | K39: =G39+J39 -> 0 | L39: =+K39 -> 0 | M39: =M38+K39-L39 -> 20963.168
A40: 40 | E40: 0 | F40: 0 | G40: =E40*F40 -> 0 | H40: 0 | I40: 0 | J40: =H40*I40 -> 0 | K40: =G40+J40 -> 0 | L40: =+K40 -> 0 | M40: =M39+K40-L40 -> 20963.168
A41: 41 | E41: 0 | F41: 0 | G41: =E41*F41 -> 0 | H41: 0 | I41: 0 | J41: =H41*I41 -> 0 | K41: =G41+J41 -> 0 | L41: =+K41 -> 0 | M41: =M40+K41-L41 -> 20963.168
A42: 42 | E42: 0 | F42: 0 | G42: =E42*F42 -> 0 | J42: =H42*I42 -> 0 | K42: =G42+J42 -> 0 | L42: =+K42 -> 0 | M42: =M41+K42-L42 -> 20963.168
E43: =SUM(E4:E42) -> 2968.21 | G43: =SUM(G4:G42) -> 271086.62 | H43: =SUM(H4:H42) -> 42.84 | J43: =SUM(J4:J42) -> 4423.6584 | K43: =SUM(K4:K42) -> 275510.28 | L43: =SUM(L4:L42) -> 329307.11
L46: 41648.541
L47: =L43+L46 -> 370955.65

Sheet Nalatwad
A1: Shri Pawad Basaweshwar Petroleums
A2: S.No | B2: Date | C2: GRN No | D2: Ind no/Bill No | E2: Diesel (Lts) | F2: Price | G2: Amount | H2: Petrol (Lts) | I2: Price | J2: Amount | K2: Total amount | L2: Amount paid | M2: As on Date | N2: Remarks
A3: Opening Balance | M3: 36628.608
A4: 1 | B4: 45839 | E4: 0 | F4: 0 | G4: =E4*F4 -> 0 | H4: 0 | I4: 0 | J4: =H4*I4 -> 0 | K4: =G4+J4 -> 0 | L4: =+K4 -> 0 | M4: =M3+K4-L4 -> 36628.608 | N4: IOCL Card
A5: 2 | B5: 45840 | E5: 0 | F5: 0 | G5: =E5*F5 -> 0 | H5: 0 | I5: 0 | J5: =H5*I5 -> 0 | K5: =G5+J5 -> 0 | L5: =+K5 -> 0 | M5: =M4+K5-L5 -> 36628.608 | N5: IOCL Card
A6: 3 | B6: 45841 | E6: 38.2 | F6: 91.62 | G6: =E6*F6 -> 3499.884 | H6: 0 | I6: 0 | J6: =H6*I6 -> 0 | K6: =G6+J6 -> 3499.884 | L6: 36000 | M6: =M5+K6-L6 -> 4128.4916 | N6: IOCL Card
A7: 4 | B7: 45842 | E7: 0 | F7: 0 | G7: =E7*F7 -> 0 | H7: 0 | I7: 0 | J7: =H7*I7 -> 0 | K7: =G7+J7 -> 0 | L7: =+K7 -> 0 | M7: =M6+K7-L7 -> 4128.4916 | N7: IOCL Card
A8: 5 | B8: 45843 | E8: 0 | F8: 0 | G8: =E8*F8 -> 0 | H8: 0 | I8: 0 | J8: =H8*I8 -> 0 | K8: =G8+J8 -> 0 | L8: =+K8 -> 0 | M8: =M7+K8-L8 -> 4128.4916 | N8: IOCL Card
A9: 6 | B9: 45844 | E9: 0 | F9: 0 | G9: =E9*F9 -> 0 | H9: 0 | I9: 0 | J9: =H9*I9 -> 0 | K9: =G9+J9 -> 0 | L9: =+K9 -> 0 | M9: =M8+K9-L9 -> 4128.4916 | N9: IOCL Card
A10: 7 | B10: 45845 | E10: 0 | F10: 0 | G10: =E10*F10 -> 0 | H10: 0 | I10: 0 | J10: =H10*I10 -> 0 | K10: =G10+J10 -> 0 | L10: =+K10 -> 0 | M10: =M9+K10-L10 -> 4128.4916 | N10: IOCL Card
A11: 8 | B11: 45846 | E11: 0 | F11: 0 | G11: =E11*F11 -> 0 | H11: 0 | I11: 0 | J11: =H11*I11 -> 0 | K11: =G11+J11 -> 0 | L11: =+K11 -> 0 | M11: =M10+K11-L11 -> 4128.4916 | N11: IOCL Card
A12: 9 | B12: 45847 | E12: 0 | F12: 0 | G12: =E12*F12 -> 0 | H12: 0 | I12: 0 | J12: =H12*I12 -> 0 | K12: =G12+J12 -> 0 | L12: =+K12 -> 0 | M12: =M11+K12-L12 -> 4128.4916 | N12: IOCL Card
A13: 10 | B13: 45848 | E13: 0 | F13: 0 | G13: =E13*F13 -> 0 | H13: 4.83 | I13: 103.57 | J13: =H13*I13 -> 500.2431 | K13: =G13+J13 -> 500.2431 | L13: 0 | M13: =M12+K13-L13 -> 4628.7347 | N13: IOCL Card
A14: 11 | B14: 45849 | E14: 0 | F14: 0 | G14: =E14*F14 -> 0 | H14: 0 | I14: 0 | J14: =H14*I14 -> 0 | K14: =G14+J14 -> 0 | L14: =+K14 -> 0 | M14: =M13+K14-L14 -> 4628.7347 | N14: IOCL Card
A15: 12 | B15: 45850 | E15: 0 | F15: 0 | G15: =E15*F15 -> 0 | H15: 0 | I15: 0 | J15: =H15*I15 -> 0 | K15: =G15+J15 -> 0 | L15: =+K15 -> 0 | M15: =M14+K15-L15 -> 4628.7347 | N15: IOCL Card
A16: 13 | B16: 45851 | E16: 39.72 | F16: 91.62 | G16: =E16*F16 -> 3639.1464 | H16: 0 | I16: 0 | J16: =H16*I16 -> 0 | K16: =G16+J16 -> 3639.1464 | L16: 0 | M16: =M15+K16-L16 -> 8267.8811 | N16: IOCL Card
A17: 14 | B17: 45852 | E17: 27.29 | F17: 91.62 | G17: =E17*F17 -> 2500.3098 | H17: 0 | I17: 0 | J17: =H17*I17 -> 0 | K17: =G17+J17 -> 2500.3098 | L17: 0 | M17: =M16+K17-L17 -> 10768.191 | N17: IOCL Card
A18: 15 | B18: 45853 | E18: 50 | F18: 91.62 | G18: =E18*F18 -> 4581 | H18: 0 | I18: 0 | J18: =H18*I18 -> 0 | K18: =G18+J18 -> 4581 | L18: 0 | M18: =M17+K18-L18 -> 15349.191 | N18: IOCL Card
A19: 16 | B19: 45854 | E19: 169.7 | F19: 91.62 | G19: =E19*F19 -> 15547.914 | H19: 38.72 | I19: 103.57 | J19: =H19*I19 -> 4010.2304 | K19: =G19+J19 -> 19558.144 | L19: 0 | M19: =M18+K19-L19 -> 34907.335 | N19: IOCL Card
A20: 17 | B20: 45855 | E20: 50 | F20: 91.62 | G20: =E20*F20 -> 4581 | H20: 0 | I20: 0 | J20: =H20*I20 -> 0 | K20: =G20+J20 -> 4581 | L20: 0 | M20: =M19+K20-L20 -> 39488.335 | N20: IOCL Card
A21: 18 | B21: 45856 | E21: 0 | F21: 91.62 | G21: =E21*F21 -> 0 | H21: 0 | I21: 0 | J21: =H21*I21 -> 0 | K21: =G21+J21 -> 0 | L21: 0 | M21: =M20+K21-L21 -> 39488.335 | N21: IOCL Card
A22: 19 | B22: 45857 | D22: 235.5 | E22: 152.75 | F22: 91.62 | G22: =E22*F22 -> 13994.955 | H22: 0.96 | I22: 103.57 | J22: =H22*I22 -> 99.4272 | K22: =G22+J22 -> 14094.382 | L22: 0 | M22: =M21+K22-L22 -> 53582.717 | N22: IOCL Card
A23: 20 | B23: 45858 | E23: 0 | F23: 0 | G23: =E23*F23 -> 0 | H23: 0 | I23: 0 | J23: =H23*I23 -> 0 | K23: =G23+J23 -> 0 | L23: =+K23 -> 0 | M23: =M22+K23-L23 -> 53582.717
A24: 21 | B24: 45859 | E24: 82.74 | F24: 91.62 | G24: =E24*F24 -> 7580.6388 | H24: 4.82 | I24: 103.57 | J24: =H24*I24 -> 499.2074 | K24: =G24+J24 -> 8079.8462 | L24: 0 | M24: =M23+K24-L24 -> 61662.564
A25: 22 | B25: 45860 | E25: 131.87 | F25: 91.62 | G25: =E25*F25 -> 12081.929 | H25: 0 | I25: 0 | J25: =H25*I25 -> 0 | K25: =G25+J25 -> 12081.929 | L25: 0 | M25: =M24+K25-L25 -> 73744.493
A26: 23 | B26: 45861 | E26: 112.74 | F26: 91.62 | G26: =E26*F26 -> 10329.239 | H26: 0 | I26: 0 | J26: =H26*I26 -> 0 | K26: =G26+J26 -> 10329.239 | L26: 0 | M26: =M25+K26-L26 -> 84073.732
A27: 24 | B27: 45862 | E27: 125 | F27: 91.62 | G27: =E27*F27 -> 11452.5 | H27: 0 | I27: 0 | J27: =H27*I27 -> 0 | K27: =G27+J27 -> 11452.5 | L27: 80000 | M27: =M26+K27-L27 -> 15526.232
A28: 25 | B28: 45863 | E28: 75 | F28: 91.62 | G28: =E28*F28 -> 6871.5 | I28: 103.57 | J28: =H28*I28 -> 0 | K28: =G28+J28 -> 6871.5 | L28: 0 | M28: =M27+K28-L28 -> 22397.732
A29: 26 | B29: 45864 | E29: 0 | F29: 0 | G29: =E29*F29 -> 0 | H29: 0 | I29: 0 | J29: =H29*I29 -> 0 | K29: =G29+J29 -> 0 | L29: =+K29 -> 0 | M29: =M28+K29-L29 -> 22397.732
A30: 27 | B30: 45865 | E30: 0 | F30: 0 | G30: =E30*F30 -> 0 | H30: 4.83 | I30: 103.57 | J30: =H30*I30 -> 500.2431 | K30: =G30+J30 -> 500.2431 | L30: 0 | M30: =M29+K30-L30 -> 22897.975
A31: 28 | B31: 45866 | E31: 32.74 | F31: 91.62 | G31: =E31*F31 -> 2999.6388 | H31: 0 | I31: 0 | J31: =H31*I31 -> 0 | K31: =G31+J31 -> 2999.6388 | L31: 0 | M31: =M30+K31-L31 -> 25897.614
A32: 29 | B32: 45867 | E32: 0 | F32: 0 | G32: =E32*F32 -> 0 | H32: 0 | I32: 0 | J32: =H32*I32 -> 0 | K32: =G32+J32 -> 0 | L32: =+K32 -> 0 | M32: =M31+K32-L32 -> 25897.614
A33: 30 | B33: 45868 | E33: 84.53 | F33: 91.62 | G33: =E33*F33 -> 7744.6386 | H33: 0 | I33: 0 | J33: =H33*I33 -> 0 | K33: =G33+J33 -> 7744.6386 | L33: 0 | M33: =M32+K33-L33 -> 33642.252
A34: 31 | B34: 45869 | E34: 101 | F34: 91.62 | G34: =E34*F34 -> 9253.62 | H34: 63.86 | I34: 103.57 | J34: =H34*I34 -> 6613.9802 | K34: =G34+J34 -> 15867.6 | L34: 0 | M34: =M33+K34-L34 -> 49509.853
A35: 35 | E35: 0 | F35: 0 | G35: =E35*F35 -> 0 | H35: 0 | I35: 0 | J35: =H35*I35 -> 0 | K35: =G35+J35 -> 0 | L35: =+K35 -> 0 | M35: =M34+K35-L35 -> 49509.853
A36: 36 | E36: 0 | F36: 0 | G36: =E36*F36 -> 0 | H36: 0 | I36: 0 | J36: =H36*I36 -> 0 | K36: =G36+J36 -> 0 | L36: =+K36 -> 0 | M36: =M35+K36-L36 -> 49509.853
A37: 37 | E37: 0 | F37: 0 | G37: =E37*F37 -> 0 | H37: 0 | I37: 0 | J37: =H37*I37 -> 0 | K37: =G37+J37 -> 0 | L37: =+K37 -> 0 | M37: =M36+K37-L37 -> 49509.853
A38: 38 | E38: 0 | F38: 0 | G38: =E38*F38 -> 0 | H38: 0 | I38: 0 | J38: =H38*I38 -> 0 | K38: =G38+J38 -> 0 | L38: =+K38 -> 0 | M38: =M37+K38-L38 -> 49509.853
A39: 39 | E39: 0 | F39: 0 | G39: =E39*F39 -> 0 | H39: 0 | I39: 0 | J39: =H39*I39 -> 0 | K39: =G39+J39 -> 0 | L39: =+K39 -> 0 | M39: =M38+K39-L39 -> 49509.853
A40: 40 | E40: 0 | F40: 0 | G40: =E40*F40 -> 0 | H40: 0 | I40: 0 | J40: =H40*I40 -> 0 | K40: =G40+J40 -> 0 | L40: =+K40 -> 0 | M40: =M39+K40-L40 -> 49509.853
A41: 41 | E41: 0 | F41: 0 | G41: =E41*F41 -> 0 | H41: 0 | I41: 0 | J41: =H41*I41 -> 0 | K41: =G41+J41 -> 0 | L41: =+K41 -> 0 | M41: =M40+K41-L41 -> 49509.853
A42: 42 | E42: 0 | F42: 0 | G42: =E42*F42 -> 0 | J42: =H42*I42 -> 0 | K42: =G42+J42 -> 0 | L42: =+K42 -> 0 | M42: 0
E43: =SUM(E4:E42) -> 1273.28 | G43: =SUM(G4:G42) -> 116657.91 | H43: =SUM(H4:H42) -> 118.02 | J43: =SUM(J4:J42) -> 12223.331 | K43: =SUM(K4:K42) -> 128881.25 | L43: =SUM(L4:L42) -> 116000
Q47: 9542400867

Sheet Muddebihal
A1: Bhosle Service Station
A2: S.No | B2: Date | C2: GRN No | D2: Ind no/Bill No | E2: Diesel (Lts) | F2: Price | G2: Amount | H2: Petrol (Lts) | I2: Price | J2: Amount | K2: Total amount | L2: Amount paid | M2: As on Date | N2: Remarks
A3: Opening Balance | M3: 27514.01
A4: 1 | E4: 0 | F4: 0 | G4: =E4*F4 -> 0 | H4: 0 | I4: 0 | J4: =H4*I4 -> 0 | K4: =G4+J4 -> 0 | L4: =8600+500+500+9000+914.5 -> 19514.5 | M4: =M3+K4-L4 -> 7999.5104 | N4: IOCL Card
A5: 2 | B5: 02.07.2025 | E5: 0 | F5: 0 | G5: =E5*F5 -> 0 | H5: 0 | I5: 0 | J5: =H5*I5 -> 0 | K5: =G5+J5 -> 0 | L5: 8000 | M5: =M4+K5-L5 -> -0.4896 | N5: IOCL Card
A6: 3 | B6: 03.07.2025 | E6: 0 | F6: 0 | G6: =E6*F6 -> 0 | H6: 9.66 | I6: 103.39 | J6: =H6*I6 -> 998.7474 | K6: =G6+J6 -> 998.7474 | L6: 0 | M6: =M5+K6-L6 -> 998.2578 | N6: IOCL Card
A7: 4 | B7: 04.07.2025 | E7: 86.54 | F7: 91.45 | G7: =E7*F7 -> 7914.083 | H7: 0 | I7: 0 | J7: =H7*I7 -> 0 | K7: =G7+J7 -> 7914.083 | M7: =M6+K7-L7 -> 8912.3408 | N7: IOCL Card
A8: 5 | B8: 05.07.2025 | E8: 164.01 | F8: 91.45 | G8: =E8*F8 -> 14998.715 | H8: 0 | I8: 0 | J8: =H8*I8 -> 0 | K8: =G8+J8 -> 14998.715 | L8: 9414.5 | M8: =M7+K8-L8 -> 14496.555 | N8: IOCL Card
A9: 6 | B9: 06.07.2025 | E9: 43.74 | F9: 91.45 | G9: =E9*F9 -> 4000.023 | H9: 0 | I9: 0 | J9: =H9*I9 -> 0 | K9: =G9+J9 -> 4000.023 | L9: 0 | M9: =M8+K9-L9 -> 18496.578 | N9: IOCL Card
A10: 7 | B10: 07.07.2025 | E10: 109.34 | F10: 91.45 | G10: =E10*F10 -> 9999.143 | H10: 0 | I10: 0 | J10: =H10*I10 -> 0 | K10: =G10+J10 -> 9999.143 | L10: 0 | M10: =M9+K10-L10 -> 28495.721 | N10: IOCL Card
A11: 8 | B11: 08.07.2025 | E11: 38.27 | F11: 91.45 | G11: =E11*F11 -> 3499.7915 | H11: 0 | I11: 0 | J11: =H11*I11 -> 0 | K11: =G11+J11 -> 3499.7915 | L11: 27500 | M11: =M10+K11-L11 -> 4495.5128 | N11: IOCL Card
A12: 9 | B12: 09.07.2025 | E12: 109.34 | F12: 91.45 | G12: =E12*F12 -> 9999.143 | H12: 0 | I12: 0 | J12: =H12*I12 -> 0 | K12: =G12+J12 -> 9999.143 | L12: 0 | M12: =M11+K12-L12 -> 14494.656 | N12: IOCL Card
A13: 10 | B13: 10.07.2025 | E13: 123.42 | F13: 91.45 | G13: =E13*F13 -> 11286.759 | H13: 4.83 | I13: 103.39 | J13: =H13*I13 -> 499.3737 | K13: =G13+J13 -> 11786.133 | L13: =914.5+3000+1371.75+5000+7000+9000+506 -> 26792.25 | M13: =M12+K13-L13 -> -511.4615 | N13: IOCL Card
A14: 11 | B14: 11.07.2025 | E14: 239.32 | F14: 91.45 | G14: =E14*F14 -> 21885.814 | H14: 0 | I14: 0 | J14: =H14*I14 -> 0 | K14: =G14+J14 -> 21885.814 | L14: 21885.81 | M14: =M13+K14-L14 -> -511.4575 | N14: IOCL Card
A15: 12 | B15: 12.07.2025 | E15: 65.62 | F15: 91.45 | G15: =E15*F15 -> 6000.949 | H15: 0 | I15: 0 | J15: =H15*I15 -> 0 | K15: =G15+J15 -> 6000.949 | L15: 6000.95 | M15: =M14+K15-L15 -> -511.4585 | N15: IOCL Card
A16: 13 | B16: 13.07.2025 | E16: 98.41 | F16: 91.45 | G16: =E16*F16 -> 8999.5945 | H16: 0 | I16: 103.39 | J16: =H16*I16 -> 0 | K16: =G16+J16 -> 8999.5945 | L16: 9000 | M16: =M15+K16-L16 -> -511.864 | N16: IOCL Card
A17: 14 | B17: 14.07.2025 | E17: =32.8+76.54 -> 109.34 | F17: 91.45 | G17: =E17*F17 -> 9999.143 | H17: 4.84 | I17: 103.39 | J17: =H17*I17 -> 500.4076 | K17: =G17+J17 -> 10499.551 | L17: 10499.55 | M17: =M16+K17-L17 -> -511.8634 | N17: IOCL Card
A18: 15 | B18: 15.07.2025 | E18: 10 | F18: 91.45 | G18: =E18*F18 -> 914.5 | H18: 0 | I18: 0 | J18: =H18*I18 -> 0 | K18: =G18+J18 -> 914.5 | L18: =+K18 -> 914.5 | M18: =M17+K18-L18 -> -511.8634 | N18: IOCL Card
A19: 16 | B19: 16.07.2025 | E19: 142.8 | F19: 91.45 | G19: =E19*F19 -> 13059.06 | H19: 0 | I19: 0 | J19: =H19*I19 -> 0 | K19: =G19+J19 -> 13059.06 | L19: 13059 | M19: =M18+K19-L19 -> -511.8034 | N19: IOCL Card
A20: 17 | B20: 17.07.2025 | E20: 218.68 | F20: 91.45 | G20: =E20*F20 -> 19998.286 | H20: 4.83 | I20: 103.39 | J20: =H20*I20 -> 499.3737 | K20: =G20+J20 -> 20497.66 | L20: 20497.66 | M20: =M19+K20-L20 -> -511.8037 | N20: IOCL Card
A21: 18 | B21: 18.07.2025 | E21: 0 | F21: 0 | G21: =E21*F21 -> 0 | H21: 0 | I21: 0 | J21: =H21*I21 -> 0 | K21: =G21+J21 -> 0 | L21: =+K21 -> 0 | M21: =M20+K21-L21 -> -511.8037 | N21: IOCL Card | Q21: =76.54*91.45 -> 6999.583
A22: 19 | B22: 19.07.2025 | E22: 187.47 | F22: 91.45 | G22: =E22*F22 -> 17144.131 | H22: 4.83 | I22: 103.39 | J22: =H22*I22 -> 499.3737 | K22: =G22+J22 -> 17643.505 | L22: 14643.51 | M22: =M21+K22-L22 -> 2488.1915 | N22: IOCL Card
A23: 20 | B23: 20.07.2025 | E23: 163.08 | F23: 91.45 | G23: =E23*F23 -> 14913.666 | H23: 0 | I23: 0 | J23: =H23*I23 -> 0 | K23: =G23+J23 -> 14913.666 | L23: 0 | M23: =M22+K23-L23 -> 17401.858 | N23: IOCL Card
A24: 21 | B24: 21.07.2025 | E24: 45.18 | F24: 91.45 | G24: =E24*F24 -> 4131.711 | H24: 0 | I24: 0 | J24: =H24*I24 -> 0 | K24: =G24+J24 -> 4131.711 | L24: 0 | M24: =M23+K24-L24 -> 21533.569 | N24: IOCL Card
A25: 22 | B25: 22.07.2025 | E25: 239.61 | F25: 91.45 | G25: =E25*F25 -> 21912.335 | H25: 4.83 | I25: 103.39 | J25: =H25*I25 -> 499.3737 | K25: =G25+J25 -> 22411.708 | L25: 29830 | M25: =M24+K25-L25 -> 14115.277 | N25: IOCL Card
A26: 23 | B26: 23.07.2025 | E26: 128.24 | F26: 91.45 | G26: =E26*F26 -> 11727.548 | H26: 4.83 | I26: 103.39 | J26: =H26*I26 -> 499.3737 | K26: =G26+J26 -> 12226.922 | L26: 14631.71 | M26: =M25+K26-L26 -> 11710.488 | N26: IOCL Card | O26: 14616
A27: 24 | B27: 24.07.2025 | E27: 32.8 | F27: 91.45 | G27: =E27*F27 -> 2999.56 | H27: 0 | I27: 0 | J27: =H27*I27 -> 0 | K27: =G27+J27 -> 2999.56 | L27: 0 | M27: =M26+K27-L27 -> 14710.048 | N27: IOCL Card
A28: 25 | B28: 25.07.2025 | E28: 32.8 | F28: 91.45 | G28: =E28*F28 -> 2999.56 | H28: 0 | I28: 0 | J28: =H28*I28 -> 0 | K28: =G28+J28 -> 2999.56 | L28: 12228 | M28: =M27+K28-L28 -> 5481.6084 | N28: IOCL Card
A29: 26 | B29: 26.07.2025 | E29: 183.71 | F29: 91.45 | G29: =E29*F29 -> 16800.28 | H29: 0 | I29: 0 | J29: =H29*I29 -> 0 | K29: =G29+J29 -> 16800.28 | L29: 0 | M29: =M28+K29-L29 -> 22281.888 | N29: IOCL Card
B30: 27.07.2025 | E30: 32.8 | F30: 91.45 | G30: =E30*F30 -> 2999.56 | H30: 0 | I30: 0 | J30: =H30*I30 -> 0 | K30: =G30+J30 -> 2999.56 | L30: 0 | M30: =M29+K30-L30 -> 25281.448 | N30: IOCL Card
A31: 27 | B31: 28.07.2025 | E31: 76.54 | F31: 91.45 | G31: =E31*F31 -> 6999.583 | H31: 4.83 | I31: 103.39 | J31: =H31*I31 -> 499.3737 | K31: =G31+J31 -> 7498.9567 | L31: 0 | M31: =M30+K31-L31 -> 32780.405 | N31: IOCL Card
A32: 28 | B32: 29.07.2025 | E32: 0 | F32: 0 | G32: =E32*F32 -> 0 | H32: 4.83 | I32: 103.39 | J32: =H32*I32 -> 499.3737 | K32: =G32+J32 -> 499.3737 | L32: 14000 | M32: =M31+K32-L32 -> 19279.778 | N32: IOCL Card
A33: 29 | B33: 30.07.2025 | E33: 65.6 | F33: 91.45 | G33: =E33*F33 -> 5999.12 | H33: 0 | I33: 0 | J33: =H33*I33 -> 0 | K33: =G33+J33 -> 5999.12 | L33: 13500 | M33: =M32+K33-L33 -> 11778.898 | N33: IOCL Card
A34: 30 | B34: 31.07.2025 | E34: 104.34 | F34: 91.45 | G34: =E34*F34 -> 9541.893 | H34: 0 | I34: 0 | J34: =H34*I34 -> 0 | K34: =G34+J34 -> 9541.893 | L34: 12300 | M34: =M33+K34-L34 -> 9020.7913 | N34: IOCL Card
A35: 31 | E35: 0 | F35: 0 | G35: =E35*F35 -> 0 | H35: 0 | I35: 0 | J35: =H35*I35 -> 0 | K35: =G35+J35 -> 0 | L35: =+K35 -> 0 | M35: =M34+K35-L35 -> 9020.7913 | N35: IOCL Card
A36: 32 | E36: 0 | F36: 0 | G36: =E36*F36 -> 0 | H36: 0 | I36: 0 | J36: =H36*I36 -> 0 | K36: =G36+J36 -> 0 | L36: =+K36 -> 0 | M36: =M35+K36-L36 -> 9020.7913 | N36: IOCL Card
A37: 33 | E37: 0 | F37: 0 | G37: =E37*F37 -> 0 | H37: 0 | I37: 0 | J37: =H37*I37 -> 0 | K37: =G37+J37 -> 0 | L37: =+K37 -> 0 | M37: =M36+K37-L37 -> 9020.7913 | N37: IOCL Card
A38: 34 | E38: 0 | F38: 0 | G38: =E38*F38 -> 0 | H38: 0 | I38: 0 | J38: =H38*I38 -> 0 | K38: =G38+J38 -> 0 | L38: =+K38 -> 0 | M38: =M37+K38-L38 -> 9020.7913
A39: 35 | E39: 0 | F39: 0 | G39: =E39*F39 -> 0 | H39: 0 | I39: 0 | J39: =H39*I39 -> 0 | K39: =G39+J39 -> 0 | L39: =+K39 -> 0 | M39: =M38+K39-L39 -> 9020.7913
A40: 36 | E40: 0 | F40: 0 | G40: =E40*F40 -> 0 | H40: 0 | I40: 0 | J40: =H40*I40 -> 0 | K40: =G40+J40 -> 0 | L40: =+K40 -> 0 | M40: =M39+K40-L40 -> 9020.7913
A41: 37 | E41: 0 | F41: 0 | G41: =E41*F41 -> 0 | H41: 0 | I41: 0 | J41: =H41*I41 -> 0 | K41: =G41+J41 -> 0 | L41: =+K41 -> 0 | M41: =M40+K41-L41 -> 9020.7913
A42: 38 | E42: 0 | F42: 0 | G42: =E42*F42 -> 0 | H42: 0 | I42: 0 | J42: =H42*I42 -> 0 | K42: =G42+J42 -> 0 | L42: =+K42 -> 0 | M42: =M41+K42-L42 -> 9020.7913
A43: 39 | E43: 0 | F43: 0 | G43: =E43*F43 -> 0 | H43: 0 | I43: 0 | J43: =H43*I43 -> 0 | K43: =G43+J43 -> 0 | L43: =+K43 -> 0 | M43: =M42+K43-L43 -> 9020.7913
A44: 40 | E44: 0 | F44: 0 | G44: =E44*F44 -> 0 | J44: =H44*I44 -> 0 | K44: =G44+J44 -> 0 | L44: =+K44 -> 0 | M44: =M43+K44-L44 -> 9020.7913
A45: 41 | E45: 0 | F45: 0 | G45: =E45*F45 -> 0 | J45: =H45*I45 -> 0 | K45: =G45+J45 -> 0 | L45: =+K45 -> 0 | M45: =M44+K45-L45 -> 9020.7913
A46: 42 | E46: 0 | F46: 0 | G46: =E46*F46 -> 0 | J46: =H46*I46 -> 0 | K46: =G46+J46 -> 0 | L46: =+K46 -> 0 | M46: =M45+K46-L46 -> 9020.7913
E47: =SUM(E4:E46) -> 2851 | G47: =SUM(G4:G46) -> 260723.95 | H47: =SUM(H4:H46) -> 48.31 | J47: =SUM(J4:J46) -> 4994.7709 | K47: =SUM(K4:K46) -> 265718.72 | L47: =SUM(L4:L46) -> 284211.94

Sheet Khanapur
A1: J K Makavi
A2: S.No | B2: Date | C2: GRN No | D2: Ind No/Bill No | E2: Diesel (Lts) | F2: Price | G2: Amount | H2: Petrol (Lts) | I2: Price | J2: Amount | K2: Total amount | L2: Date of payment | M2: Amount paid | N2: Remarks
D3: Opening Balance | K3: 0 | M3: =+K3 -> 0
A4: 1 | B4: 45839 | E4: 0 | F4: 0 | G4: =F4*E4 -> 0 | H4: 9.72 | I4: 102.77 | J4: =H4*I4 -> 998.9244 | K4: =G4+J4 -> 998.9244 | L4: =+K4 -> 998.9244 | M4: =+L4 -> 998.9244
A5: 2 | B5: 45840 | E5: 0 | F5: 0 | G5: =F5*E5 -> 0 | H5: 0 | I5: 0 | J5: =H5*I5 -> 0 | K5: =G5+J5 -> 0 | L5: =+K5 -> 0 | M5: =+L5 -> 0
A6: 3 | B6: 45841 | E6: 0 | F6: 0 | G6: =F6*E6 -> 0 | H6: 0 | I6: 0 | J6: =H6*I6 -> 0 | K6: =G6+J6 -> 0 | L6: =+K6 -> 0 | M6: 0
A7: 4 | B7: 45842 | E7: 0 | F7: 0 | G7: =F7*E7 -> 0 | H7: 0 | I7: 0 | J7: =H7*I7 -> 0 | K7: =G7+J7 -> 0 | L7: =+K7 -> 0 | M7: =+L7 -> 0
A8: 5 | B8: 45843 | E8: 0 | F8: 0 | G8: =F8*E8 -> 0 | H8: 0 | I8: 0 | J8: =H8*I8 -> 0 | K8: =G8+J8 -> 0 | L8: =+K8 -> 0 | M8: =+L8 -> 0
A9: 6 | B9: 45844 | E9: 0 | F9: 0 | G9: =F9*E9 -> 0 | H9: 0 | I9: 0 | J9: =H9*I9 -> 0 | K9: =G9+J9 -> 0 | L9: =+K9 -> 0 | M9: =+L9 -> 0
A10: 7 | B10: 45845 | E10: 0 | F10: 0 | G10: =F10*E10 -> 0 | H10: 0 | I10: 0 | J10: =H10*I10 -> 0 | K10: =G10+J10 -> 0 | L10: =+K10 -> 0 | M10: =+L10 -> 0 | R10: 4.86
A11: 8 | B11: 45846 | E11: 0 | F11: 0 | G11: =F11*E11 -> 0 | H11: 0 | I11: 0 | J11: =H11*I11 -> 0 | K11: =G11+J11 -> 0 | L11: =+K11 -> 0 | M11: =+L11 -> 0 | R11: 4.86
A12: 9 | B12: 45847 | E12: 0 | F12: 0 | G12: =F12*E12 -> 0 | H12: 0 | I12: 0 | J12: =H12*I12 -> 0 | K12: =G12+J12 -> 0 | L12: =+K12 -> 0 | M12: =+L12 -> 0 | P12: =4999.17+50339.51 -> 55338.68
A13: 10 | B13: 45848 | E13: 0 | F13: 0 | G13: =F13*E13 -> 0 | H13: 0 | I13: 0 | J13: =H13*I13 -> 0 | K13: =G13+J13 -> 0 | L13: =+K13 -> 0 | M13: =+L13 -> 0
A14: 11 | B14: 45849 | E14: 0 | F14: 0 | G14: =F14*E14 -> 0 | H14: 0 | I14: 0 | J14: =H14*I14 -> 0 | K14: =G14+J14 -> 0 | L14: =+K14 -> 0 | M14: =+L14 -> 0
A15: 12 | B15: 45850 | E15: 0 | F15: 0 | G15: =F15*E15 -> 0 | H15: 4.86 | I15: 102.77 | J15: =H15*I15 -> 499.4622 | K15: =G15+J15 -> 499.4622 | L15: =+K15 -> 499.4622 | M15: =+L15 -> 499.4622
A16: 13 | B16: 45851 | E16: 0 | F16: 0 | G16: =F16*E16 -> 0 | H16: 0 | I16: 0 | J16: =H16*I16 -> 0 | K16: =G16+J16 -> 0 | L16: =+K16 -> 0 | M16: =+L16 -> 0
A17: 14 | B17: 45852 | E17: 0 | F17: 0 | G17: =F17*E17 -> 0 | H17: 4.86 | I17: 102.77 | J17: =H17*I17 -> 499.4622 | K17: =G17+J17 -> 499.4622 | L17: =+K17 -> 499.4622 | M17: =+L17 -> 499.4622
A18: 15 | B18: 45853 | E18: 0 | F18: 0 | G18: =F18*E18 -> 0 | H18: 0 | I18: 0 | J18: =H18*I18 -> 0 | K18: =G18+J18 -> 0 | L18: =+K18 -> 0 | M18: =+L18 -> 0
A19: 16 | B19: 45854 | E19: 0 | F19: 0 | G19: =F19*E19 -> 0 | H19: 0 | I19: 0 | J19: =H19*I19 -> 0 | K19: =G19+J19 -> 0 | L19: =+K19 -> 0 | M19: =+L19 -> 0
A20: 17 | B20: 45855 | E20: 0 | F20: 0 | G20: =F20*E20 -> 0 | H20: 0 | I20: 0 | J20: =H20*I20 -> 0 | K20: =G20+J20 -> 0 | L20: =+K20 -> 0 | M20: =+L20 -> 0
A21: 18 | B21: 45856 | E21: 0 | F21: 0 | G21: =F21*E21 -> 0 | H21: 0 | I21: 0 | J21: =H21*I21 -> 0 | K21: =G21+J21 -> 0 | L21: =+K21 -> 0 | M21: =+L21 -> 0
A22: 19 | B22: 45857 | E22: 0 | F22: 0 | G22: =F22*E22 -> 0 | H22: 0 | I22: 0 | J22: =H22*I22 -> 0 | K22: =G22+J22 -> 0 | L22: =+K22 -> 0 | M22: =+L22 -> 0
A23: 20 | B23: 45858 | E23: 0 | F23: 0 | G23: =F23*E23 -> 0 | H23: 0 | I23: 0 | J23: =H23*I23 -> 0 | K23: =G23+J23 -> 0 | L23: =+K23 -> 0 | M23: =+L23 -> 0 | N23: 0
A24: 21 | B24: 45859 | E24: 0 | F24: 0 | G24: =F24*E24 -> 0 | H24: 0 | I24: 0 | J24: =H24*I24 -> 0 | K24: =G24+J24 -> 0 | L24: =+K24 -> 0 | M24: =+L24 -> 0
A25: 22 | B25: 45860 | E25: 0 | F25: 0 | G25: =F25*E25 -> 0 | H25: 0 | I25: 0 | J25: =H25*I25 -> 0 | K25: =G25+J25 -> 0 | L25: =+K25 -> 0 | M25: =+L25 -> 0
A26: 23 | B26: 45861 | E26: 0 | F26: 0 | G26: =F26*E26 -> 0 | H26: 0 | I26: 0 | J26: =H26*I26 -> 0 | K26: =G26+J26 -> 0 | L26: =+K26 -> 0 | M26: =+L26 -> 0
A27: 24 | B27: 45862 | E27: 0 | F27: 0 | G27: =F27*E27 -> 0 | H27: 0 | I27: 0 | J27: =H27*I27 -> 0 | K27: =G27+J27 -> 0 | L27: =+K27 -> 0 | M27: =+L27 -> 0
A28: 25 | B28: 45863 | E28: 0 | F28: 0 | G28: =F28*E28 -> 0 | H28: 7.59 | I28: 102.77 | J28: =H28*I28 -> 780.0243 | K28: =G28+J28 -> 780.0243 | L28: =+K28 -> 780.0243 | M28: =+L28 -> 780.0243
A29: 26 | B29: 45864 | E29: 0 | F29: 0 | G29: =F29*E29 -> 0 | H29: 0 | I29: 0 | J29: =H29*I29 -> 0 | K29: =G29+J29 -> 0 | L29: =+K29 -> 0 | M29: =+L29 -> 0
A30: 27 | B30: 45865 | E30: 0 | F30: 0 | G30: =F30*E30 -> 0 | H30: 0 | I30: 0 | J30: =H30*I30 -> 0 | K30: =G30+J30 -> 0 | L30: =+K30 -> 0 | M30: =+L30 -> 0
A31: 28 | B31: 45866 | E31: 0 | F31: 0 | G31: =F31*E31 -> 0 | H31: 0 | I31: 0 | J31: =H31*I31 -> 0 | K31: =G31+J31 -> 0 | L31: =+K31 -> 0 | M31: =+L31 -> 0
A32: 29 | B32: 45867 | E32: 20 | F32: 90.88 | G32: =F32*E32 -> 1817.6 | H32: 0 | I32: 0 | J32: =H32*I32 -> 0 | K32: =G32+J32 -> 1817.6 | L32: =+K32 -> 1817.6 | M32: =+L32 -> 1817.6
A33: 30 | B33: 45868 | E33: 0 | F33: 0 | G33: =F33*E33 -> 0 | H33: 0 | I33: 0 | J33: =H33*I33 -> 0 | K33: =G33+J33 -> 0 | L33: =+K33 -> 0 | M33: =+L33 -> 0
A34: 31
E35: =SUM(E4:E34) -> 20 | G35: =SUM(G4:G34) -> 1817.6 | H35: =SUM(H4:H34) -> 27.03 | J35: =SUM(J4:J34) -> 2777.8731 | K35: =SUM(K4:K34) -> 4595.4731 | M35: =SUM(M4:M34) -> 4595.4731

Sheet Munavalli(KUWSDB)
A1: Shahapur Petroleum
A2: S.No | B2: Date | C2: GRN No | D2: Ind No/Bill No | E2: Diesel (Lts) | F2: Price | G2: Amount | H2: Petrol (Lts) | I2: Price | J2: Amount | K2: Total amount | L2: Amount paid | M2: As on date | N2: Remarks
D3: Opening Balance | K3: 0 | M3: 587810.79
A4: 1 | B4: 45839 | E4: 0 | F4: 0 | G4: =E4*F4 -> 0 | H4: 0 | I4: 0 | J4: =H4*I4 -> 0 | K4: =G4+J4 -> 0 | L4: 587810.79 | M4: =M3+K4-L4 -> 0
A5: 2 | B5: 45840 | E5: 0 | F5: 0 | G5: =E5*F5 -> 0 | H5: 0 | I5: 0 | J5: =H5*I5 -> 0 | K5: =G5+J5 -> 0 | L5: 0 | M5: =M4+K5-L5 -> 0
A6: 3 | B6: 45841 | E6: 0 | F6: 0 | G6: =E6*F6 -> 0 | H6: 0 | I6: 0 | J6: =H6*I6 -> 0 | K6: =G6+J6 -> 0 | L6: 0 | M6: =M5+K6-L6 -> 0
A7: 4 | B7: 45842 | E7: 0 | F7: 0 | G7: =E7*F7 -> 0 | H7: 0 | I7: 0 | J7: =H7*I7 -> 0 | K7: =G7+J7 -> 0 | L7: 0 | M7: =M6+K7-L7 -> 0
A8: 5 | B8: 45843 | E8: 0 | F8: 0 | G8: =E8*F8 -> 0 | H8: 0 | I8: 0 | J8: =H8*I8 -> 0 | K8: =G8+J8 -> 0 | L8: 0 | M8: =M7+K8-L8 -> 0
A9: 6 | B9: 45844 | E9: 0 | F9: 0 | G9: =E9*F9 -> 0 | H9: 0 | I9: 0 | J9: =H9*I9 -> 0 | K9: =G9+J9 -> 0 | L9: 0 | M9: =M8+K9-L9 -> 0
A10: 7 | B10: 45845 | E10: 0 | F10: 0 | G10: =E10*F10 -> 0 | H10: 0 | I10: 0 | J10: =H10*I10 -> 0 | K10: =G10+J10 -> 0 | L10: 0 | M10: =M9+K10-L10 -> 0
A11: 8 | B11: 45846 | E11: 0 | F11: 0 | G11: =E11*F11 -> 0 | H11: 0 | I11: 0 | J11: =H11*I11 -> 0 | K11: =G11+J11 -> 0 | L11: 0 | M11: =M10+K11-L11 -> 0
A12: 9 | B12: 45847 | E12: 0 | F12: 0 | G12: =E12*F12 -> 0 | H12: 0 | I12: 0 | J12: =H12*I12 -> 0 | K12: =G12+J12 -> 0 | L12: 0 | M12: =M11+K12-L12 -> 0
A13: 10 | B13: 45848 | E13: 0 | F13: 0 | G13: =E13*F13 -> 0 | H13: 0 | I13: 0 | J13: =H13*I13 -> 0 | K13: =G13+J13 -> 0 | L13: 0 | M13: =M12+K13-L13 -> 0
A14: 11 | B14: 45849 | E14: 0 | F14: 0 | G14: =E14*F14 -> 0 | H14: 0 | I14: 0 | J14: =H14*I14 -> 0 | K14: =G14+J14 -> 0 | L14: 0 | M14: =M13+K14-L14 -> 0
A15: 12 | B15: 45850 | E15: 0 | F15: 0 | G15: =E15*F15 -> 0 | H15: 0 | I15: 0 | J15: =H15*I15 -> 0 | K15: =G15+J15 -> 0 | L15: 0 | M15: =M14+K15-L15 -> 0
... A23: 20 | B23: 45858 | E23: 0 | F23: 0 | G23: =E23*F23 -> 0 | H23: 0 | I23: 0 | J23: =H23*I23 -> 0 | K23: =G23+J23 -> 0 | L23: 0 | M23: =M22+K23-L23 -> 0
A24: 21 | B24: 45859 | E24: 219.15 | F24: 91.26 | G24: =E24*F24 -> 19999.629 | H24: 0 | I24: 0 | J24: =H24*I24 -> 0 | K24: =G24+J24 -> 19999.629 | L24: =H24+K24 -> 19999.629 | M24: =M23+K24-L24 -> 0
A25: 22 | B25: 45860 | E25: 0 | F25: 0 | G25: =E25*F25 -> 0 | H25: 0 | I25: 0 | J25: =H25*I25 -> 0 | K25: =G25+J25 -> 0 | L25: 0 | M25: =M24+K25-L25 -> 0
A26: 23 | B26: 45861 | E26: 0 | F26: 0 | G26: =E26*F26 -> 0 | H26: 0 | I26: 0 | J26: =H26*I26 -> 0 | K26: =G26+J26 -> 0 | L26: 0 | M26: =M25+K26-L26 -> 0
A27: 24 | B27: 45862 | E27: 0 | F27: 0 | G27: =E27*F27 -> 0 | H27: 0 | I27: 0 | J27: =H27*I27 -> 0 | K27: =G27+J27 -> 0 | L27: 0 | M27: =M26+K27-L27 -> 0
A28: 25 | B28: 45863 | E28: 0 | F28: 0 | G28: =E28*F28 -> 0 | H28: 0 | I28: 0 | J28: =H28*I28 -> 0 | K28: =G28+J28 -> 0 | L28: 0 | M28: =M27+K28-L28 -> 0
A29: 26 | B29: 45864 | E29: 0 | F29: 0 | G29: =E29*F29 -> 0 | H29: 0 | I29: 0 | J29: =H29*I29 -> 0 | K29: =G29+J29 -> 0 | L29: 0 | M29: =M28+K29-L29 -> 0
A30: 27 | B30: 45865 | E30: 0 | F30: 0 | G30: =E30*F30 -> 0 | H30: 0 | I30: 0 | J30: =H30*I30 -> 0 | K30: =G30+J30 -> 0 | L30: 0 | M30: =M29+K30-L30 -> 0
A31: 28 | B31: 45866 | E31: 0 | F31: 0 | G31: =E31*F31 -> 0 | H31: 0 | I31: 0 | J31: =H31*I31 -> 0 | K31: =G31+J31 -> 0 | L31: 0 | M31: =M30+K31-L31 -> 0
A32: 29 | B32: 45867 | E32: 0 | F32: 0 | G32: =E32*F32 -> 0 | H32: 0 | I32: 0 | J32: =H32*I32 -> 0 | K32: =G32+J32 -> 0 | L32: 0 | M32: =M31+K32-L32 -> 0
A33: 30 | B33: 45868 | E33: 0 | F33: 0 | G33: =E33*F33 -> 0 | H33: 0 | I33: 0 | J33: =H33*I33 -> 0 | K33: =G33+J33 -> 0 | L33: 0 | M33: =M32+K33-L33 -> 0
A34: 31 | B34: 45869 | E34: 0 | F34: 0 | G34: =E34*F34 -> 0 | H34: 0 | I34: 0 | J34: =H34*I34 -> 0 | K34: =G34+J34 -> 0 | L34: 0 | M34: =M33+K34-L34 -> 0
A35: 32 | B35: 45870 | E35: 0 | F35: 0 | G35: =E35*F35 -> 0 | H35: 0 | I35: 0 | J35: =H35*I35 -> 0 | K35: =G35+J35 -> 0 | L35: 0 | M35: =M34+K35-L35 -> 0
E36: =SUM(E4:E35) -> 219.15 | G36: =SUM(G4:G35) -> 19999.629 | H36: =SUM(H4:H35) -> 0 | J36: =SUM(J4:J35) -> 0 | K36: =SUM(K4:K35) -> 19999.629 | L36: =SUM(L4:L35) -> 607810.42

Sheet Munavali-2
A1: Shri Daneshwari
A2: S.No | B2: Date | C2: GRN No | D2: Ind No/Bill No | E2: Diesel (Lts) | F2: Price | G2: Amount | H2: Petrol (Lts) | I2: Price | J2: Amount | K2: Total amount | L2: Amount paid | M2: As on date | N2: Remarks
D3: Opening Balance | K3: 0 | M3: 0
A4: 1 | B4: 45839 | E4: 0 | F4: 0 | G4: =E4*F4 -> 0 | H4: 0 | I4: 0 | J4: =H4*I4 -> 0 | K4: =G4+J4 -> 0 | L4: 0 | M4: =M3+K4-L4 -> 0
A5: 2 | B5: 45840 | E5: 0 | F5: 0 | G5: =E5*F5 -> 0 | H5: 0 | I5: 0 | J5: =H5*I5 -> 0 | K5: =G5+J5 -> 0 | L5: 0 | M5: =M4+K5-L5 -> 0
A6: 3 | B6: 45841 | E6: 0 | F6: 0 | G6: =E6*F6 -> 0 | H6: 0 | I6: 0 | J6: =H6*I6 -> 0 | K6: =G6+J6 -> 0 | L6: 0 | M6: =M5+K6-L6 -> 0
A7: 4 | B7: 45842 | E7: 0 | F7: 0 | G7: =E7*F7 -> 0 | H7: 0 | I7: 0 | J7: =H7*I7 -> 0 | K7: =G7+J7 -> 0 | L7: 0 | M7: =M6+K7-L7 -> 0
A8: 5 | B8: 45843 | E8: 0 | F8: 0 | G8: =E8*F8 -> 0 | H8: 0 | I8: 0 | J8: =H8*I8 -> 0 | K8: =G8+J8 -> 0 | L8: 0 | M8: =M7+K8-L8 -> 0
A9: 6 | B9: 45844 | E9: 0 | F9: 0 | G9: =E9*F9 -> 0 | H9: 0 | I9: 0 | J9: =H9*I9 -> 0 | K9: =G9+J9 -> 0 | L9: 0 | M9: =M8+K9-L9 -> 0
A10: 7 | B10: 45845 | E10: 0 | F10: 0 | G10: =E10*F10 -> 0 | H10: 0 | I10: 0 | J10: =H10*I10 -> 0 | K10: =G10+J10 -> 0 | L10: 0 | M10: =M9+K10-L10 -> 0
A11: 8 | B11: 45846 | E11: 0 | F11: 0 | G11: =E11*F11 -> 0 | H11: 0 | I11: 0 | J11: =H11*I11 -> 0 | K11: =G11+J11 -> 0 | L11: 0 | M11: =M10+K11-L11 -> 0
A12: 9 | B12: 45847 | E12: 0 | F12: 0 | G12: =E12*F12 -> 0 | H12: 0 | I12: 0 | J12: =H12*I12 -> 0 | K12: =G12+J12 -> 0 | L12: 0 | M12: =M11+K12-L12 -> 0
A13: 10 | B13: 45848 | E13: 0 | F13: 0 | G13: =E13*F13 -> 0 | H13: 0 | I13: 0 | J13: =H13*I13 -> 0 | K13: =G13+J13 -> 0 | L13: 0 | M13: =M12+K13-L13 -> 0
A14: 11 | B14: 45849 | E14: 0 | F14: 0 | G14: =E14*F14 -> 0 | H14: 0 | I14: 0 | J14: =H14*I14 -> 0 | K14: =G14+J14 -> 0 | L14: 0 | M14: =M13+K14-L14 -> 0
A15: 12 | B15: 45850 | E15: 0 | F15: 0 | G15: =E15*F15 -> 0 | H15: 0 | I15: 0 | J15: =H15*I15 -> 0 | K15: =G15+J15 -> 0 | L15: 0 | M15: =M14+K15-L15 -> 0
... A23: 20 | B23: 45858 | E23: 0 | F23: 0 | G23: =E23*F23 -> 0 | H23: 0 | I23: 0 | J23: =H23*I23 -> 0 | K23: =G23+J23 -> 0 | L23: 0 | M23: =M22+K23-L23 -> 0
A24: 21 | B24: 45859 | E24: 0 | F24: 0 | G24: =E24*F24 -> 0 | H24: 0 | I24: 0 | J24: =H24*I24 -> 0 | K24: =G24+J24 -> 0 | L24: =H24+K24 -> 0 | M24: =M23+K24-L24 -> 0
A25: 22 | B25: 45860 | E25: 584 | F25: 91.32 | G25: =E25*F25 -> 53330.88 | H25: 42 | I25: 103.24 | J25: =H25*I25 -> 4336.08 | K25: =G25+J25 -> 57666.96 | L25: 0 | M25: =M24+K25-L25 -> 57666.96
A26: 23 | B26: 45861 | E26: 200 | F26: 91.32 | G26: =E26*F26 -> 18264 | H26: 0 | I26: 0 | J26: =H26*I26 -> 0 | K26: =G26+J26 -> 18264 | L26: 0 | M26: =M25+K26-L26 -> 75930.96
A27: 24 | B27: 45862 | E27: 200 | F27: 91.32 | G27: =E27*F27 -> 18264 | H27: 0 | I27: 0 | J27: =H27*I27 -> 0 | K27: =G27+J27 -> 18264 | L27: 0 | M27: =M26+K27-L27 -> 94194.96
A28: 25 | B28: 45863 | E28: 0 | F28: 0 | G28: =E28*F28 -> 0 | H28: 0 | I28: 0 | J28: =H28*I28 -> 0 | K28: =G28+J28 -> 0 | L28: 0 | M28: =M27+K28-L28 -> 94194.96
A29: 26 | B29: 45864 | E29: 0 | F29: 0 | G29: =E29*F29 -> 0 | H29: 0 | I29: 0 | J29: =H29*I29 -> 0 | K29: =G29+J29 -> 0 | L29: 0 | M29: =M28+K29-L29 -> 94194.96
A30: 27 | B30: 45865 | E30: 200 | F30: 91.32 | G30: =E30*F30 -> 18264 | H30: 0 | I30: 0 | J30: =H30*I30 -> 0 | K30: =G30+J30 -> 18264 | L30: 0 | M30: =M29+K30-L30 -> 112458.96
A31: 28 | B31: 45866 | E31: 0 | F31: 0 | G31: =E31*F31 -> 0 | H31: 6 | I31: 103.24 | J31: =H31*I31 -> 619.44 | K31: =G31+J31 -> 619.44 | L31: 0 | M31: =M30+K31-L31 -> 113078.4
A32: 29 | B32: 45867 | E32: 200 | F32: 91.32 | G32: =E32*F32 -> 18264 | H32: 35 | I32: 103.24 | J32: =H32*I32 -> 3613.4 | K32: =G32+J32 -> 21877.4 | L32: 0 | M32: =M31+K32-L32 -> 134955.8
A33: 30 | B33: 45868 | E33: 230 | F33: 91.32 | G33: =E33*F33 -> 21003.6 | H33: 0 | I33: 0 | J33: =H33*I33 -> 0 | K33: =G33+J33 -> 21003.6 | L33: 0 | M33: =M32+K33-L33 -> 155959.4
A34: 31 | B34: 45869 | E34: 225 | F34: 91.32 | G34: =E34*F34 -> 20547 | H34: 0 | I34: 0 | J34: =H34*I34 -> 0 | K34: =G34+J34 -> 20547 | L34: 150000 | M34: =M33+K34-L34 -> 26506.4
A35: 32 | B35: 45870 | E35: 0 | F35: 0 | G35: =E35*F35 -> 0 | H35: 0 | I35: 0 | J35: =H35*I35 -> 0 | K35: =G35+J35 -> 0 | L35: 0 | M35: =M34+K35-L35 -> 26506.4
E36: =SUM(E4:E35) -> 1839 | G36: =SUM(G4:G35) -> 167937.48 | H36: =SUM(H4:H35) -> 83 | J36: =SUM(J4:J35) -> 8568.92 | K36: =SUM(K4:K35) -> 176506.4 | L36: =SUM(L4:L35) -> 150000

Sheet Ghattaprabha
A1: Vivek Petrol Pump
A2: S.No | B2: Date | C2: GRN No | D2: Ind No/Bill No | E2: Diesel (Lts) | F2: Price | G2: Amount | H2: Petrol (Lts) | I2: Price | J2: Amount | K2: Total amount | L2: Amount paid | M2: As on Date | N2: Remarks
D3: Opening Balance | K3: 0 | M3: 308876.47
A4: 1 | B4: 45839 | E4: 0 | F4: 0 | G4: =E4*F4 -> 0 | H4: 0 | I4: 0 | J4: =H4*I4 -> 0 | K4: =G4+J4 -> 0 | L4: 0 | M4: =M3+K4-L4 -> 308876.47
A5: 2 | B5: 45840 | E5: 0 | F5: 0 | G5: =E5*F5 -> 0 | H5: 0 | I5: 0 | J5: =H5*I5 -> 0 | K5: =G5+J5 -> 0 | L5: 0 | M5: =M4+K5-L5 -> 308876.47
A6: 3 | B6: 45841 | E6: 0 | F6: 0 | G6: =E6*F6 -> 0 | H6: 0 | I6: 0 | J6: =H6*I6 -> 0 | K6: =G6+J6 -> 0 | L6: 0 | M6: =M5+K6-L6 -> 308876.47
A7: 4 | B7: 45842 | E7: 0 | F7: 0 | G7: =E7*F7 -> 0 | H7: 0 | I7: 0 | J7: =H7*I7 -> 0 | K7: =G7+J7 -> 0 | L7: 0 | M7: =M6+K7-L7 -> 308876.47
A8: 5 | B8: 45843 | E8: 0 | F8: 0 | G8: =E8*F8 -> 0 | H8: 0 | I8: 0 | J8: =H8*I8 -> 0 | K8: =G8+J8 -> 0 | L8: 0 | M8: =M7+K8-L8 -> 308876.47
A9: 6 | B9: 45844 | E9: 0 | F9: 0 | G9: =E9*F9 -> 0 | H9: 0 | I9: 0 | J9: =H9*I9 -> 0 | K9: =G9+J9 -> 0 | L9: 0 | M9: =M8+K9-L9 -> 308876.47
A10: 7 | B10: 45845 | E10: 0 | F10: 0 | G10: =E10*F10 -> 0 | H10: 0 | I10: 0 | J10: =H10*I10 -> 0 | K10: =G10+J10 -> 0 | L10: 0 | M10: =M9+K10-L10 -> 308876.47
A11: 8 | B11: 45846 | E11: 0 | F11: 0 | G11: =E11*F11 -> 0 | H11: 0 | I11: 0 | J11: =H11*I11 -> 0 | K11: =G11+J11 -> 0 | L11: 0 | M11: =M10+K11-L11 -> 308876.47
A12: 9 | B12: 45847 | E12: 0 | F12: 0 | G12: =E12*F12 -> 0 | H12: 0 | I12: 0 | J12: =H12*I12 -> 0 | K12: =G12+J12 -> 0 | L12: 0 | M12: =M11+K12-L12 -> 308876.47
A13: 10 | B13: 45848 | E13: 0 | F13: 0 | G13: =E13*F13 -> 0 | H13: 0 | I13: 0 | J13: =H13*I13 -> 0 | K13: =G13+J13 -> 0 | L13: 300000 | M13: =M12+K13-L13 -> 8876.465
A14: 11 | B14: 45849 | E14: 0 | F14: 0 | G14: =E14*F14 -> 0 | H14: 0 | I14: 0 | J14: =H14*I14 -> 0 | K14: =G14+J14 -> 0 | L14: 8876 | M14: =M13+K14-L14 -> 0.465
A15: 12 | B15: 45850 | E15: 0 | F15: 0 | G15: =E15*F15 -> 0 | H15: 0 | I15: 0 | J15: =H15*I15 -> 0 | K15: =G15+J15 -> 0 | L15: 0 | M15: =M14+K15-L15 -> 0.465
... A33: 30 | B33: 45868 | E33: 0 | F33: 0 | G33: =E33*F33 -> 0 | H33: 0 | I33: 0 | J33: =H33*I33 -> 0 | K33: =G33+J33 -> 0 | L33: 0 | M33: =M32+K33-L33 -> 0.465
A34: 31 | E34: 0 | F34: 0 | G34: =E34*F34 -> 0 | H34: 0 | I34: 0 | J34: =H34*I34 -> 0 | K34: =G34+J34 -> 0 | L34: 0 | M34: =M33+K34-L34 -> 0.465
E35: =SUM(E4:E33) -> 0 | G35: =SUM(G4:G33) -> 0 | H35: =SUM(H4:H33) -> 0 | J35: =SUM(J4:J33) -> 0 | K35: =SUM(K4:K33) -> 0 | L35: =SUM(L4:L33) -> 308876
L47: 3010
L48: 4900
L49: 6953
L50: 7527

Sheet Gokak Dharwad PKG 3
A1: AJ Petrolinks
A2: S.No | B2: Date | C2: GRN No | D2: Ind No/Bill No | E2: Diesel (Lts) | F2: Price | G2: Amount | H2: Petrol (Lts) | I2: Price | J2: Amount | K2: Total amount | L2: Amount paid | M2: As on Date | N2: Remarks
D3: Opening Balance | K3: 906887.85 | M3: =+K3 -> 906887.85 | O3: 901895.31 | P3: =O3-M3 -> -4992.5376
A4: 1 | B4: 45839 | E4: 1141.38 | F4: 91.48 | G4: =E4*F4 -> 104413.44 | H4: 0 | I4: 0 | J4: =H4*I4 -> 0 | K4: =G4+J4 -> 104413.44 | M4: =M3+K4-L4 -> 1011301.3
A5: 2 | B5: 45840 | E5: 265.35 | F5: 91.48 | G5: =E5*F5 -> 24274.218 | H5: 5 | I5: 103.41 | J5: =H5*I5 -> 517.05 | K5: =G5+J5 -> 24791.268 | M5: =M4+K5-L5 -> 1036092.6
B6: 45840 | E6: 0 | H6: 5 | I6: 111.17 | J6: =H6*I6 -> 555.85 | K6: =G6+J6 -> 555.85 | M6: =M5+K6-L6 -> 1036648.4
A7: 3 | B7: 45841 | E7: 1626.01 | F7: 91.48 | G7: =E7*F7 -> 148747.39 | H7: 31 | I7: 103.41 | J7: =H7*I7 -> 3205.71 | K7: =G7+J7 -> 151953.1 | M7: =M6+K7-L7 -> 1188601.5
A8: 4 | B8: 45842 | E8: 167.61 | F8: 91.48 | G8: =E8*F8 -> 15332.963 | H8: 10 | I8: 103.41 | J8: =H8*I8 -> 1034.1 | K8: =G8+J8 -> 16367.063 | M8: =M7+K8-L8 -> 1204968.6
A9: 5 | B9: 45843 | E9: 1158.81 | F9: 91.48 | G9: =E9*F9 -> 106007.94 | H9: 6 | I9: 103.41 | J9: =H9*I9 -> 620.46 | K9: =G9+J9 -> 106628.4 | M9: =M8+K9-L9 -> 1311597
A10: 6 | B10: 45844 | E10: 38.59 | F10: 91.48 | G10: =E10*F10 -> 3530.2132 | H10: 11 | I10: 103.41 | J10: =H10*I10 -> 1137.51 | K10: =G10+J10 -> 4667.7232 | M10: =M9+K10-L10 -> 1316264.7
A11: 7 | B11: 45845 | E11: 1483.8 | F11: 91.48 | G11: =E11*F11 -> 135738.02 | H11: 17 | I11: 103.41 | J11: =H11*I11 -> 1757.97 | K11: =G11+J11 -> 137495.99 | M11: =M10+K11-L11 -> 1453760.7
B12: 45845 | E12: 0 | F12: 0 | G12: 0 | H12: 6 | I12: 111.17 | J12: =H12*I12 -> 667.02 | K12: =G12+J12 -> 667.02 | M12: =M11+K12-L12 -> 1454427.7
A13: 8 | B13: 45846 | D13: 555.79 | E13: 585.29 | F13: 91.48 | G13: =E13*F13 -> 53542.329 | H13: 36 | I13: 103.41 | J13: =H13*I13 -> 3722.76 | K13: =G13+J13 -> 57265.089 | M13: =M12+K13-L13 -> 1511692.8
A14: 9 | B14: 45847 | E14: 412.32 | F14: 91.48 | G14: =E14*F14 -> 37719.034 | H14: 31.65 | I14: 103.41 | J14: =H14*I14 -> 3272.9265 | K14: =G14+J14 -> 40991.96 | M14: =M13+K14-L14 -> 1552684.8
A15: 10 | B15: 45848 | E15: 547.56 | F15: 91.48 | G15: =E15*F15 -> 50090.789 | H15: 5 | I15: 103.41 | J15: =H15*I15 -> 517.05 | K15: =G15+J15 -> 50607.839 | M15: =M14+K15-L15 -> 1603292.6
A16: 11 | B16: 45849 | E16: 802.01 | F16: 91.48 | G16: =E16*F16 -> 73367.875 | H16: 26 | I16: 103.41 | J16: =H16*I16 -> 2688.66 | K16: =G16+J16 -> 76056.535 | M16: =M15+K16-L16 -> 1679349.1
A17: 12 | B17: 45850 | E17: 365.04 | F17: 91.48 | G17: =E17*F17 -> 33393.859 | H17: 0 | I17: 0 | J17: =H17*I17 -> 0 | K17: =G17+J17 -> 33393.859 | M17: =M16+K17-L17 -> 1712743
A18: 13 | B18: 45851 | E18: 222.09 | F18: 91.48 | G18: =E18*F18 -> 20316.793 | H18: 6 | I18: 103.41 | J18: =H18*I18 -> 620.46 | K18: =G18+J18 -> 20937.253 | M18: =M17+K18-L18 -> 1733680.2
A19: 14 | B19: 45852 | E19: 158.45 | F19: 91.48 | G19: =E19*F19 -> 14495.006 | H19: 22 | I19: 103.41 | J19: =H19*I19 -> 2275.02 | K19: =G19+J19 -> 16770.026 | M19: =M18+K19-L19 -> 1750450.3 | P19: =M19-O19 -> 1750450.3
A20: 15 | B20: 45853 | E20: 1876.58 | F20: 91.48 | G20: =E20*F20 -> 171669.54 | H20: 20 | I20: 103.41 | J20: =H20*I20 -> 2068.2 | K20: =G20+J20 -> 173737.74 | L20: 1725179 | M20: =M19+K20-L20 -> 199009.01
A21: 15 | B21: 45854 | E21: 143.01 | F21: 91.48 | G21: =E21*F21 -> 13082.555 | H21: 11 | I21: 103.41 | J21: =H21*I21 -> 1137.51 | K21: =G21+J21 -> 14220.065 | M21: =M20+K21-L21 -> 213229.08
A22: 16 | B22: 45855 | E22: 548.88 | F22: 91.48 | G22: =E22*F22 -> 50211.542 | H22: 0 | I22: 0 | J22: =H22*I22 -> 0 | K22: =G22+J22 -> 50211.542 | M22: =M21+K22-L22 -> 263440.62
A23: 17 | B23: 45856 | E23: 1279.21 | F23: 91.48 | G23: =E23*F23 -> 117022.13 | H23: 5 | I23: 103.41 | J23: =H23*I23 -> 517.05 | K23: =G23+J23 -> 117539.18 | M23: =M22+K23-L23 -> 380979.8
A24: 18 | B24: 45857 | E24: =400+330.23 -> 730.23 | F24: 91.48 | G24: =E24*F24 -> 66801.44 | H24: 23 | I24: 103.41 | J24: =H24*I24 -> 2378.43 | K24: =G24+J24 -> 69179.87 | M24: =M23+K24-L24 -> 450159.67
A25: 19 | B25: 45858 | E25: 275.64 | F25: 91.48 | G25: =E25*F25 -> 25215.547 | H25: 0 | I25: 0 | J25: =H25*I25 -> 0 | K25: =G25+J25 -> 25215.547 | M25: =M24+K25-L25 -> 475375.22
A26: 20 | B26: 45859 | E26: 899.95 | F26: 91.48 | G26: =E26*F26 -> 82327.426 | H26: 38 | I26: 103.41 | J26: =H26*I26 -> 3929.58 | K26: =G26+J26 -> 86257.006 | M26: =M25+K26-L26 -> 561632.22
A27: 21 | B27: 45860 | E27: 207.44 | F27: 91.48 | G27: =E27*F27 -> 18976.611 | H27: 0 | I27: 0 | J27: =H27*I27 -> 0 | K27: =G27+J27 -> 18976.611 | M27: =M26+K27-L27 -> 580608.83
A28: 22 | B28: 45861 | E28: 250.7 | F28: 91.48 | G28: =E28*F28 -> 22934.036 | H28: 11 | I28: 103.41 | J28: =H28*I28 -> 1137.51 | K28: =G28+J28 -> 24071.546 | M28: =M27+K28-L28 -> 604680.38
A29: 23 | B29: 45862 | E29: 593.53 | F29: 91.48 | G29: =E29*F29 -> 54296.124 | H29: 6 | I29: 103.41 | J29: =H29*I29 -> 620.46 | K29: =G29+J29 -> 54916.584 | M29: =M28+K29-L29 -> 659596.96
A30: 24 | B30: 45863 | E30: 204.03 | F30: 91.48 | G30: =E30*F30 -> 18664.664 | H30: 10 | I30: 103.41 | J30: =H30*I30 -> 1034.1 | K30: =G30+J30 -> 19698.764 | M30: =M29+K30-L30 -> 679295.73
A31: 25 | B31: 45864 | E31: 380.11 | F31: 91.48 | G31: =E31*F31 -> 34772.463 | H31: 12 | I31: 103.41 | J31: =H31*I31 -> 1240.92 | K31: =G31+J31 -> 36013.383 | M31: =M30+K31-L31 -> 715309.11
A32: 26 | B32: 45865 | E32: 50 | F32: 91.48 | G32: =E32*F32 -> 4574 | H32: 10 | I32: 103.41 | J32: =H32*I32 -> 1034.1 | K32: =G32+J32 -> 5608.1 | M32: =M31+K32-L32 -> 720917.21
A33: 27 | B33: 45866 | E33: 297.66 | F33: 91.48 | G33: =E33*F33 -> 27229.937 | H33: 27 | I33: 103.41 | J33: =H33*I33 -> 2792.07 | K33: =G33+J33 -> 30022.007 | M33: =M32+K33-L33 -> 750939.22
A34: 28 | B34: 45867 | E34: 890.52 | F34: 91.48 | G34: =E34*F34 -> 81464.77 | H34: 28 | I34: 103.41 | J34: =H34*I34 -> 2895.48 | K34: =G34+J34 -> 84360.25 | M34: =M33+K34-L34 -> 835299.47
A35: 29 | B35: 45868 | E35: 1420.98 | F35: 91.48 | G35: =E35*F35 -> 129991.25 | H35: 16 | I35: 103.41 | J35: =H35*I35 -> 1654.56 | K35: =G35+J35 -> 131645.81 | M35: =M34+K35-L35 -> 966945.28
A36: 30 | B36: 45869 | E36: 426.05 | F36: 91.48 | G36: =E36*F36 -> 38975.054 | H36: 10 | I36: 103.41 | J36: =H36*I36 -> 1034.1 | K36: =G36+J36 -> 40009.154 | L36: 500000 | M36: =M35+K36-L36 -> 506954.43
A37: 31 | E37: 0 | F37: 0 | G37: =E37*F37 -> 0 | H37: 0 | I37: 0 | J37: =H37*I37 -> 0 | K37: =G37+J37 -> 0 | M37: =M36+K37-L37 -> 506954.43
E38: 0 | F38: 0 | G38: =E38*F38 -> 0 | H38: 0 | I38: 0 | J38: =H38*I38 -> 0 | K38: =G38+J38 -> 0 | M38: =M37+K38-L38 -> 506954.43
E39: 0 | F39: 0 | G39: =E39*F39 -> 0 | H39: 0 | I39: 0 | J39: =H39*I39 -> 0 | K39: =G39+J39 -> 0 | M39: =M38+K39-L39 -> 506954.43
E40: =SUM(E4:E37) -> 19448.83 | G40: =SUM(G4:G37) -> 1779179 | H40: =SUM(H4:H37) -> 444.65 | J40: =SUM(J4:J37) -> 46066.616 | K40: =SUM(K4:K37) -> 1825245.6 | L40: =SUM(L4:L37) -> 2225179

Sheet Ankalgi
A1: Shiva ganga
A2: S.No | B2: Date | C2: GRN No | D2: Ind no/Bill No | E2: Diesel (Lts) | F2: Price | G2: Amount | H2: Petrol (Lts) | I2: Price | J2: Amount | K2: Total amount | L2: Amount paid | M2: As on Date | N2: Remarks
A3: Opening Balance | M3: 0
A4: 1 | B4: 45839 | C4: 0 | E4: 200 | F4: 91.31 | G4: =E4*F4 -> 18262 | H4: 0 | I4: 0 | J4: =H4*I4 -> 0 | K4: =G4+J4 -> 18262 | L4: 0 | M4: =M3+K4-L4 -> 18262
A5: 2 | B5: 45840 | C5: 0 | E5: 0 | F5: 0 | G5: =E5*F5 -> 0 | H5: 26 | I5: 103.23 | J5: =H5*I5 -> 2683.98 | K5: =G5+J5 -> 2683.98 | L5: 0 | M5: =M4+K5-L5 -> 20945.98
A6: 3 | B6: 45841 | C6: 0 | E6: 0 | F6: 0 | G6: =E6*F6 -> 0 | H6: 0 | I6: 0 | J6: =H6*I6 -> 0 | K6: =G6+J6 -> 0 | L6: =+K6 -> 0 | M6: =M5+K6-L6 -> 20945.98
A7: 4 | B7: 45842 | C7: 0 | E7: 59.66 | F7: 91.31 | G7: =E7*F7 -> 5447.5546 | H7: 6 | I7: 103.23 | J7: =H7*I7 -> 619.38 | K7: =G7+J7 -> 6066.9346 | L7: 0 | M7: =M6+K7-L7 -> 27012.915
A8: 5 | B8: 45843 | C8: 0 | E8: 0 | F8: 0 | G8: =E8*F8 -> 0 | H8: 16 | I8: 103.23 | J8: =H8*I8 -> 1651.68 | K8: =G8+J8 -> 1651.68 | L8: 0 | M8: =M7+K8-L8 -> 28664.595
A9: 6 | B9: 45844 | C9: 0 | E9: 0 | F9: 0 | G9: =E9*F9 -> 0 | H9: 0 | I9: 0 | J9: =H9*I9 -> 0 | K9: =G9+J9 -> 0 | L9: =+K9 -> 0 | M9: =M8+K9-L9 -> 28664.595
A10: 7 | B10: 45845 | C10: 0 | E10: 0 | F10: 0 | G10: =E10*F10 -> 0 | H10: 26 | I10: 103.23 | J10: =H10*I10 -> 2683.98 | K10: =G10+J10 -> 2683.98 | L10: 0 | M10: =M9+K10-L10 -> 31348.575
A11: 8 | B11: 45846 | C11: 0 | E11: 0 | F11: 0 | G11: =E11*F11 -> 0 | H11: 0 | I11: 0 | J11: =H11*I11 -> 0 | K11: =G11+J11 -> 0 | L11: =+K11 -> 0 | M11: =M10+K11-L11 -> 31348.575
A12: 9 | B12: 45847 | C12: 0 | E12: 0 | F12: 0 | G12: =E12*F12 -> 0 | H12: 0 | I12: 0 | J12: =H12*I12 -> 0 | K12: =G12+J12 -> 0 | L12: =+K12 -> 0 | M12: =M11+K12-L12 -> 31348.575
A13: 10 | B13: 45848 | C13: 0 | E13: 0 | F13: 0 | G13: =E13*F13 -> 0 | H13: 0 | I13: 0 | J13: =H13*I13 -> 0 | K13: =G13+J13 -> 0 | L13: =+K13 -> 0 | M13: =M12+K13-L13 -> 31348.575
A14: 11 | B14: 45849 | C14: 0 | E14: 200 | F14: 91.31 | G14: =E14*F14 -> 18262 | H14: 26 | I14: 103.23 | J14: =H14*I14 -> 2683.98 | K14: =G14+J14 -> 20945.98 | L14: 0 | M14: =M13+K14-L14 -> 52294.555
A15: 12 | B15: 45850 | C15: 0 | E15: 220 | F15: 91.31 | G15: =E15*F15 -> 20088.2 | H15: 11 | I15: 103.23 | J15: =H15*I15 -> 1135.53 | K15: =G15+J15 -> 21223.73 | L15: 0 | M15: =M14+K15-L15 -> 73518.285
A16: 13 | B16: 45851 | C16: 0 | E16: 0 | F16: 0 | G16: =E16*F16 -> 0 | H16: 0 | I16: 0 | J16: =H16*I16 -> 0 | K16: =G16+J16 -> 0 | L16: =+K16 -> 0 | M16: =M15+K16-L16 -> 73518.285
A17: 14 | B17: 45852 | C17: 0 | E17: 66 | F17: 91.31 | G17: =E17*F17 -> 6026.46 | H17: 0 | I17: 0 | J17: =H17*I17 -> 0 | K17: =G17+J17 -> 6026.46 | L17: 0 | M17: =M16+K17-L17 -> 79544.745
A18: 15 | B18: 45853 | C18: 0 | E18: 50 | F18: 91.31 | G18: =E18*F18 -> 4565.5 | H18: 0 | I18: 0 | J18: =H18*I18 -> 0 | K18: =G18+J18 -> 4565.5 | L18: =50000+23518 -> 73518 | M18: =M17+K18-L18 -> 10592.245
A19: 16 | B19: 45854 | C19: 0 | E19: 200 | F19: 91.31 | G19: =E19*F19 -> 18262 | H19: 5 | I19: 103.23 | J19: =H19*I19 -> 516.15 | K19: =G19+J19 -> 18778.15 | L19: 0 | M19: =M18+K19-L19 -> 29370.395
A20: 17 | B20: 45855 | C20: 0 | E20: 0 | F20: 0 | G20: =E20*F20 -> 0 | H20: 0 | I20: 0 | J20: =H20*I20 -> 0 | K20: =G20+J20 -> 0 | L20: =+K20 -> 0 | M20: =M19+K20-L20 -> 29370.395
A21: 18 | B21: 45856 | C21: 0 | E21: 200 | F21: 91.31 | G21: =E21*F21 -> 18262 | H21: 16 | I21: 103.23 | J21: =H21*I21 -> 1651.68 | K21: =G21+J21 -> 19913.68 | L21: 0 | M21: =M20+K21-L21 -> 49284.075
A22: 19 | B22: 45857 | C22: 0 | E22: 0 | F22: 0 | G22: =E22*F22 -> 0 | H22: 11.9 | I22: 103.23 | J22: =H22*I22 -> 1228.437 | K22: =G22+J22 -> 1228.437 | L22: 0 | M22: =M21+K22-L22 -> 50512.512
A23: 20 | B23: 45858 | C23: 0 | E23: 0 | F23: 0 | G23: =E23*F23 -> 0 | H23: 0 | I23: 0 | J23: =H23*I23 -> 0 | K23: =G23+J23 -> 0 | L23: =+K23 -> 0 | M23: =M22+K23-L23 -> 50512.512
A24: 21 | B24: 45859 | C24: 0 | E24: 0 | F24: 0 | G24: =E24*F24 -> 0 | H24: 0 | I24: 0 | J24: =H24*I24 -> 0 | K24: =G24+J24 -> 0 | L24: =+K24 -> 0 | M24: =M23+K24-L24 -> 50512.512
A25: 22 | B25: 45860 | C25: 0 | E25: 0 | F25: 0 | G25: =E25*F25 -> 0 | H25: 0 | I25: 0 | J25: =H25*I25 -> 0 | K25: =G25+J25 -> 0 | L25: =+K25 -> 0 | M25: =M24+K25-L25 -> 50512.512
A26: 23 | B26: 45861 | C26: 0 | E26: 75 | F26: 91.31 | G26: =E26*F26 -> 6848.25 | H26: 0 | I26: 0 | J26: =H26*I26 -> 0 | K26: =G26+J26 -> 6848.25 | L26: 0 | M26: =M25+K26-L26 -> 57360.762
A27: 24 | B27: 45862 | C27: 0 | E27: 100 | F27: 91.31 | G27: =E27*F27 -> 9131 | H27: 6 | I27: 103.23 | J27: =H27*I27 -> 619.38 | K27: =G27+J27 -> 9750.38 | L27: 0 | M27: =M26+K27-L27 -> 67111.142
A28: 25 | B28: 45863 | C28: 0 | E28: 0 | F28: 91.31 | G28: =E28*F28 -> 0 | H28: 21 | I28: 103.23 | J28: =H28*I28 -> 2167.83 | K28: =G28+J28 -> 2167.83 | L28: 0 | M28: =M27+K28-L28 -> 69278.972
A29: 26 | B29: 45864 | C29: 0 | E29: 200 | F29: 91.31 | G29: =E29*F29 -> 18262 | H29: 6 | I29: 103.23 | J29: =H29*I29 -> 619.38 | K29: =G29+J29 -> 18881.38 | L29: 0 | M29: =M28+K29-L29 -> 88160.352
A30: 27 | B30: 45865 | C30: 0 | E30: 62 | F30: 91.31 | G30: =E30*F30 -> 5661.22 | H30: 0 | I30: 0 | J30: =H30*I30 -> 0 | K30: =G30+J30 -> 5661.22 | L30: 0 | M30: =M29+K30-L30 -> 93821.572
A31: 28 | B31: 45866 | C31: 0 | E31: 217.02 | F31: 91.31 | G31: =E31*F31 -> 19816.096 | H31: 0 | I31: 0 | J31: =H31*I31 -> 0 | K31: =G31+J31 -> 19816.096 | L31: 0 | M31: =M30+K31-L31 -> 113637.67
A32: 29 | B32: 45867 | C32: 0 | E32: 90 | F32: 91.31 | G32: =E32*F32 -> 8217.9 | H32: 0 | I32: 0 | J32: =H32*I32 -> 0 | K32: =G32+J32 -> 8217.9 | L32: 0 | M32: =M31+K32-L32 -> 121855.57
A33: 30 | B33: 45868 | C33: 0 | E33: 0 | F33: 0 | G33: =E33*F33 -> 0 | H33: 11 | I33: 103.23 | J33: =H33*I33 -> 1135.53 | K33: =G33+J33 -> 1135.53 | L33: 0 | M33: =M32+K33-L33 -> 122991.1
A34: 31 | C34: 0 | E34: 0 | F34: 0 | G34: =E34*F34 -> 0 | H34: 0 | I34: 0 | J34: =H34*I34 -> 0 | K34: =G34+J34 -> 0 | L34: =+K34 -> 0 | M34: =M33+K34-L34 -> 122991.1
E35: =SUM(E4:E34) -> 1939.68 | G35: =SUM(G4:G34) -> 177112.18 | H35: =SUM(H4:H34) -> 187.9 | J35: =SUM(J4:J34) -> 19396.917 | K35: =SUM(K4:K34) -> 196509.1 | L35: =SUM(L4:L34) -> 73518

Sheet  Shankeshwar
A1: S R PATIL
A2: S.No | B2: Date | C2: GRN No | D2: Ind no/Bill No | E2: Diesel (Lts) | F2: Price | G2: Amount | H2: Petrol (Lts) | I2: Price | J2: Amount | K2: Total amount | L2: Amount paid | M2: As on Date | N2: Remarks
A3: Opening Balance | M3: 0
A4: 1 | B4: 45839 | C4: 0 | E4: 0 | F4: 0 | G4: =E4*F4 -> 0 | H4: 0 | I4: 0 | J4: =H4*I4 -> 0 | K4: =G4+J4 -> 0 | L4: =+K4 -> 0 | M4: =M3+K4-L4 -> 0
A5: 2 | B5: 45840 | C5: 0 | E5: 0 | F5: 0 | G5: =E5*F5 -> 0 | H5: 0 | I5: 0 | J5: =H5*I5 -> 0 | K5: =G5+J5 -> 0 | L5: =+K5 -> 0 | M5: =M4+K5-L5 -> 0
A6: 3 | B6: 45841 | C6: 0 | E6: 0 | F6: 0 | G6: =E6*F6 -> 0 | H6: 0 | I6: 0 | J6: =H6*I6 -> 0 | K6: =G6+J6 -> 0 | L6: =+K6 -> 0 | M6: =M5+K6-L6 -> 0
A7: 4 | B7: 45842 | C7: 0 | E7: 15 | F7: 91.3 | G7: =E7*F7 -> 1369.5 | H7: 12 | I7: 103.22 | J7: =H7*I7 -> 1238.64 | K7: =G7+J7 -> 2608.14 | L7: =+K7 -> 2608.14 | M7: =M6+K7-L7 -> 0
A8: 5 | B8: 45843 | C8: 0 | E8: 0 | F8: 0 | G8: =E8*F8 -> 0 | H8: 0 | I8: 0 | J8: =H8*I8 -> 0 | K8: =G8+J8 -> 0 | L8: =+K8 -> 0 | M8: =M7+K8-L8 -> 0
A9: 6 | B9: 45844 | C9: 0 | E9: 0 | F9: 0 | G9: =E9*F9 -> 0 | H9: 0 | I9: 0 | J9: =H9*I9 -> 0 | K9: =G9+J9 -> 0 | L9: =+K9 -> 0 | M9: =M8+K9-L9 -> 0
A10: 7 | B10: 45845 | C10: 0 | E10: 0 | F10: 0 | G10: =E10*F10 -> 0 | H10: 0 | I10: 0 | J10: =H10*I10 -> 0 | K10: =G10+J10 -> 0 | L10: =+K10 -> 0 | M10: =M9+K10-L10 -> 0
A11: 8 | B11: 45846 | C11: 0 | E11: 0 | F11: 0 | G11: =E11*F11 -> 0 | H11: 0 | I11: 0 | J11: =H11*I11 -> 0 | K11: =G11+J11 -> 0 | L11: =+K11 -> 0 | M11: =M10+K11-L11 -> 0
A12: 9 | B12: 45847 | C12: 0 | E12: 0 | F12: 0 | G12: =E12*F12 -> 0 | H12: 0 | I12: 0 | J12: =H12*I12 -> 0 | K12: =G12+J12 -> 0 | L12: =+K12 -> 0 | M12: =M11+K12-L12 -> 0
A13: 10 | B13: 45848 | C13: 0 | E13: 0 | F13: 0 | G13: =E13*F13 -> 0 | H13: 0 | I13: 0 | J13: =H13*I13 -> 0 | K13: =G13+J13 -> 0 | L13: =+K13 -> 0 | M13: =M12+K13-L13 -> 0
A14: 11 | B14: 45849 | C14: 0 | E14: 54.76 | F14: 91.3 | G14: =E14*F14 -> 4999.588 | H14: 0 | I14: 0 | J14: =H14*I14 -> 0 | K14: =G14+J14 -> 4999.588 | L14: =+K14 -> 4999.588 | M14: =M13+K14-L14 -> 0
A15: 12 | B15: 45850 | C15: 0 | E15: 50 | F15: 91.3 | G15: =E15*F15 -> 4565 | H15: 0 | I15: 0 | J15: =H15*I15 -> 0 | K15: =G15+J15 -> 4565 | L15: =+K15 -> 4565 | M15: =M14+K15-L15 -> 0
... A33: 30 | B33: 45868 | C33: 0 | E33: 0 | F33: 0 | G33: =E33*F33 -> 0 | H33: 0 | I33: 0 | J33: =H33*I33 -> 0 | K33: =G33+J33 -> 0 | L33: =+K33 -> 0 | M33: =M32+K33-L33 -> 0
A34: 31 | C34: 0 | E34: 0 | F34: 0 | G34: =E34*F34 -> 0 | H34: 0 | I34: 0 | J34: =H34*I34 -> 0 | K34: =G34+J34 -> 0 | L34: =+K34 -> 0 | M34: =M33+K34-L34 -> 0
E35: =SUM(E4:E34) -> 119.76 | G35: =SUM(G4:G34) -> 10934.088 | H35: =SUM(H4:H34) -> 29 | J35: =SUM(J4:J34) -> 2993.38 | K35: =SUM(K4:K34) -> 13927.468 | L35: =SUM(L4:L34) -> 13927.468

Sheet kumta
A1: Krishma fuel station
A2: S.No | B2: Date | C2: GRN No | D2: Ind No/Bill No | E2: Diesel (Lts) | F2: Price | G2: Amount | H2: Petrol (Lts) | I2: Price | J2: Amount | K2: Total amount | L2: Amount paid | M2: As on Date | N2: Remarks
A3: Opening Balance | K3: 0 | M3: =+K3 -> 0
A4: 1 | B4: 45839 | E4: 40.25 | F4: 91.92 | G4: =E4*F4 -> 3699.78 | H4: 6.84 | I4: 103.96 | J4: =H4*I4 -> 711.0864 | K4: =G4+J4 -> 4410.8664 | L4: =+K4 -> 4410.8664 | M4: =M3+K4-L4 -> 0 | N4: IOCL Card
A5: 2 | B5: 45840 | E5: 0 | F5: 0 | G5: =E5*F5 -> 0 | H5: 10 | I5: 103.96 | J5: =H5*I5 -> 1039.6 | K5: =G5+J5 -> 1039.6 | L5: =+K5 -> 1039.6 | M5: =M4+K5-L5 -> 0
A6: 3 | B6: 45841 | E6: 36.96 | F6: 91.92 | G6: =E6*F6 -> 3397.3632 | H6: 0 | I6: 0 | J6: =H6*I6 -> 0 | K6: =G6+J6 -> 3397.3632 | L6: =+K6 -> 3397.3632 | M6: =M5+K6-L6 -> 0
A7: 4 | B7: 45842 | E7: 0 | F7: 0 | G7: =E7*F7 -> 0 | H7: 12.32 | I7: 103.96 | J7: =H7*I7 -> 1280.7872 | K7: =G7+J7 -> 1280.7872 | L7: =+K7 -> 1280.7872 | M7: =M6+K7-L7 -> 0
A8: 5 | B8: 45843 | E8: 0 | F8: 0 | G8: =E8*F8 -> 0 | H8: 0 | I8: 0 | J8: =H8*I8 -> 0 | K8: =G8+J8 -> 0 | L8: =+K8 -> 0 | M8: =M7+K8-L8 -> 0
A9: 6 | B9: 45844 | E9: 31.07 | F9: 91.92 | G9: =E9*F9 -> 2855.9544 | H9: 0 | I9: 0 | J9: =H9*I9 -> 0 | K9: =G9+J9 -> 2855.9544 | L9: =+K9 -> 2855.9544 | M9: =M8+K9-L9 -> 0
A10: 7 | B10: 45845 | E10: 0 | F10: 0 | G10: =E10*F10 -> 0 | H10: 10 | I10: 103.96 | J10: =H10*I10 -> 1039.6 | K10: =G10+J10 -> 1039.6 | L10: =+K10 -> 1039.6 | M10: =M9+K10-L10 -> 0
A11: 8 | B11: 45846 | E11: 16.32 | F11: 91.92 | G11: =E11*F11 -> 1500.1344 | H11: 10 | I11: 103.96 | J11: =H11*I11 -> 1039.6 | K11: =G11+J11 -> 2539.7344 | L11: =+K11 -> 2539.7344 | M11: =M10+K11-L11 -> 0
A12: 9 | B12: 45847 | E12: 227 | F12: 91.92 | G12: =E12*F12 -> 20865.84 | H12: 10 | I12: 103.96 | J12: =H12*I12 -> 1039.6 | K12: =G12+J12 -> 21905.44 | L12: =+K12 -> 21905.44 | M12: =M11+K12-L12 -> 0
A13: 10 | B13: 45848 | E13: 440.51 | F13: 91.92 | G13: =E13*F13 -> 40491.679 | H13: 0 | I13: 0 | J13: =H13*I13 -> 0 | K13: =G13+J13 -> 40491.679 | L13: =+K13 -> 40491.679 | M13: =M12+K13-L13 -> 0
A14: 11 | B14: 45849 | E14: 30 | F14: 91.92 | G14: =E14*F14 -> 2757.6 | H14: 10 | I14: 103.96 | J14: =H14*I14 -> 1039.6 | K14: =G14+J14 -> 3797.2 | L14: =+K14 -> 3797.2 | M14: =M13+K14-L14 -> 0
A15: 12 | B15: 45850 | E15: 0 | F15: 91.92 | G15: =E15*F15 -> 0 | H15: 13.02 | I15: 103.96 | J15: =H15*I15 -> 1353.5592 | K15: =G15+J15 -> 1353.5592 | L15: =+K15 -> 1353.5592 | M15: =M14+K15-L15 -> 0
A16: 13 | B16: 45851 | E16: 0 | F16: 91.92 | G16: =E16*F16 -> 0 | H16: 0 | I16: 103.96 | J16: =H16*I16 -> 0 | K16: =G16+J16 -> 0 | L16: =+K16 -> 0 | M16: =M15+K16-L16 -> 0
... A34: 31 | B34: 45869 | E34: 0 | F34: 0 | G34: =E34*F34 -> 0 | H34: 14.04 | I34: 103.96 | J34: =H34*I34 -> 1459.5984 | K34: =G34+J34 -> 1459.5984 | L34: =+K34 -> 1459.5984 | M34: =M33+K34-L34 -> 0
E35: =SUM(E4:E34) -> 1055.96 | G35: =SUM(G4:G34) -> 97063.843 | H35: =SUM(H4:H34) -> 142.22 | J35: =SUM(J4:J34) -> 14785.191 | K35: =SUM(K4:K34) -> 111849.03 | L35: =SUM(L4:L34) -> 111849.03

Sheet Borgaon
A1: Aadisagar Petrolium
A2: S.No | B2: Date | C2: GRN No | D2: Ind no/Bill No | E2: Diesel (Lts) | F2: Price | G2: Amount | H2: Petrol (Lts) | I2: Price | J2: Amount | K2: Total amount | L2: Amount paid | M2: As on Date | N2: Remarks
A3: Opening Balance | K3: 59999.798 | M3: =+K3 -> 59999.798
A4: 1 | B4: 45839 | E4: 40 | F4: 91.77 | G4: =E4*F4 -> 3670.8 | H4: 0 | I4: 0 | J4: =H4*I4 -> 0 | K4: =G4+J4 -> 3670.8 | M4: =M3+K4-L4 -> 63670.598
A5: 2 | B5: 45840 | E5: 0 | F5: 0 | G5: =E5*F5 -> 0 | H5: 0 | I5: 0 | J5: =H5*I5 -> 0 | K5: =G5+J5 -> 0 | M5: =M4+K5-L5 -> 63670.598
A6: 3 | B6: 45841 | E6: 0 | F6: 0 | G6: =E6*F6 -> 0 | H6: 0 | I6: 0 | J6: =H6*I6 -> 0 | K6: =G6+J6 -> 0 | M6: =M5+K6-L6 -> 63670.598
A7: 4 | B7: 45842 | E7: 0 | F7: 0 | G7: =E7*F7 -> 0 | H7: 0 | I7: 0 | J7: =H7*I7 -> 0 | K7: =G7+J7 -> 0 | M7: =M6+K7-L7 -> 63670.598
A8: 5 | B8: 45843 | E8: 0 | F8: 0 | G8: =E8*F8 -> 0 | H8: 0 | I8: 0 | J8: =H8*I8 -> 0 | K8: =G8+J8 -> 0 | M8: =M7+K8-L8 -> 63670.598
A9: 6 | B9: 45844 | E9: 0 | F9: 0 | G9: =E9*F9 -> 0 | H9: 0 | I9: 0 | J9: =H9*I9 -> 0 | K9: =G9+J9 -> 0 | M9: =M8+K9-L9 -> 63670.598
A10: 7 | B10: 45845 | E10: 0 | F10: 0 | G10: =E10*F10 -> 0 | H10: 0 | I10: 0 | J10: =H10*I10 -> 0 | K10: =G10+J10 -> 0 | M10: =M9+K10-L10 -> 63670.598
A11: 8 | B11: 45846 | E11: 0 | F11: 0 | G11: =E11*F11 -> 0 | H11: 0 | I11: 0 | J11: =H11*I11 -> 0 | K11: =G11+J11 -> 0 | L11: 63670 | M11: =M10+K11-L11 -> 0.5982
A12: 9 | B12: 45847 | E12: 0 | F12: 0 | G12: =E12*F12 -> 0 | H12: 0 | I12: 0 | J12: =H12*I12 -> 0 | K12: =G12+J12 -> 0 | M12: =M11+K12-L12 -> 0.5982
A13: 10 | B13: 45848 | E13: 52.62 | F13: 91.77 | G13: =E13*F13 -> 4828.9374 | H13: 5 | I13: 103.73 | J13: =H13*I13 -> 518.65 | K13: =G13+J13 -> 5347.5874 | M13: =M12+K13-L13 -> 5348.1856
A14: 11 | B14: 45849 | E14: 105 | F14: 91.77 | G14: =E14*F14 -> 9635.85 | H14: 5 | I14: 103.73 | J14: =H14*I14 -> 518.65 | K14: =G14+J14 -> 10154.5 | M14: =M13+K14-L14 -> 15502.686
A15: 12 | B15: 45850 | E15: 50 | F15: 91.77 | G15: =E15*F15 -> 4588.5 | H15: 0 | I15: 0 | J15: =H15*I15 -> 0 | K15: =G15+J15 -> 4588.5 | M15: =M14+K15-L15 -> 20091.186
A16: 13 | B16: 45851 | E16: 120 | F16: 91.77 | G16: =E16*F16 -> 11012.4 | H16: 0 | I16: 0 | J16: =H16*I16 -> 0 | K16: =G16+J16 -> 11012.4 | M16: =M15+K16-L16 -> 31103.586
A17: 14 | B17: 45852 | E17: 0 | F17: 0 | G17: =E17*F17 -> 0 | H17: 0 | I17: 0 | J17: =H17*I17 -> 0 | K17: =G17+J17 -> 0 | M17: =M16+K17-L17 -> 31103.586
A18: 15 | B18: 45853 | E18: 0 | F18: 0 | G18: =E18*F18 -> 0 | H18: 0 | I18: 0 | J18: =H18*I18 -> 0 | K18: =G18+J18 -> 0 | M18: =M17+K18-L18 -> 31103.586
A19: 16 | B19: 45854 | E19: 110 | F19: 91.77 | G19: =E19*F19 -> 10094.7 | H19: 6 | I19: 103.73 | J19: =H19*I19 -> 622.38 | K19: =G19+J19 -> 10717.08 | M19: =M18+K19-L19 -> 41820.666
A20: 17 | B20: 45855 | E20: 75 | F20: 91.77 | G20: =E20*F20 -> 6882.75 | H20: 0 | I20: 0 | J20: =H20*I20 -> 0 | K20: =G20+J20 -> 6882.75 | M20: =M19+K20-L20 -> 48703.416
A21: 18 | B21: 45856 | E21: 0 | F21: 0 | G21: =E21*F21 -> 0 | H21: 6 | I21: 103.73 | J21: =H21*I21 -> 622.38 | K21: =G21+J21 -> 622.38 | M21: =M20+K21-L21 -> 49325.796
A22: 19 | B22: 45857 | E22: 0 | F22: 0 | G22: =E22*F22 -> 0 | H22: 0 | I22: 0 | J22: =H22*I22 -> 0 | K22: =G22+J22 -> 0 | M22: =M21+K22-L22 -> 49325.796
A23: 20 | B23: 45858 | E23: 20 | F23: 91.77 | G23: =E23*F23 -> 1835.4 | H23: 0 | I23: 0 | J23: =H23*I23 -> 0 | K23: =G23+J23 -> 1835.4 | M23: =M22+K23-L23 -> 51161.196
... A25: 22 | B25: 45860 | E25: 0 | F25: 0 | G25: =E25*F25 -> 0 | H25: 0 | I25: 0 | J25: =H25*I25 -> 0 | K25: =G25+J25 -> 0 | M25: =M24+K25-L25 -> 55454.376
A26: 23 | B26: 45861 | E26: 40 | F26: 91.77 | G26: =E26*F26 -> 3670.8 | H26: 0 | I26: 0 | J26: =H26*I26 -> 0 | K26: =G26+J26 -> 3670.8 | L26: 55453 | M26: =M25+K26-L26 -> 3672.1756
A27: 24 | B27: 45862 | E27: 30 | F27: 91.77 | G27: =E27*F27 -> 2753.1 | H27: 0 | I27: 0 | J27: =H27*I27 -> 0 | K27: =G27+J27 -> 2753.1 | M27: =M26+K27-L27 -> 6425.2756
A28: 25 | B28: 45863 | E28: 70 | F28: 91.77 | G28: =E28*F28 -> 6423.9 | H28: 0 | I28: 0 | J28: =H28*I28 -> 0 | K28: =G28+J28 -> 6423.9 | M28: =M27+K28-L28 -> 12849.176
