Workbook

Sheet Dec-25 
A1: S.no | B1: Site Name | C1: Bunk Name | D1: Diesel(Liters) | E1: Diesel Amount | F1: Petrol(Liters) | G1: Petrol Amount | H1: Total Amount | I1: Opening Blance | J1: Amount Paid | K1: Closing Balances
A2: 1 | B2: Khammam-1 | C2: Divya laxmi ganapathi | D2: =+'Khammam-1'!E38 -> 83600 | E2: =+'Khammam-1'!G38 -> 7998848 | F2: =+'Khammam-1'!H38 -> 335 | G2: =+'Khammam-1'!J38 -> 35999.1 | H2: =E2+G2 -> 8034847.1 | I2: =+'Khammam-1'!K3 -> 4574619.2 | J2: =+'Khammam-1'!L38 -> 8653305 | K2: =H2+I2-J2 -> 3956161.3
A3: 2 | B3: Khammam-2 | C3: Jayasai union bunk | D3: =+'Khammam-2'!E35 -> 38100 | E3: =+'Khammam-2'!G35 -> 3646170 | F3: =+'Khammam-2'!H35 -> 220 | G3: =+'Khammam-2'!J35 -> 23645.6 | H3: =E3+G3 -> 3669815.6 | I3: =+'Khammam-2'!K3 -> 9561944.8 | J3: =+'Khammam-2'!L35 -> 9561944.8 | K3: =H3+I3-J3 -> 3669815.6
A4: 3 | B4: Jadcherla-1 | C4: Sai Baba Fuel Station | D4: =+'Jadcherla -1'!E36 -> 0 | E4: =+'Jadcherla -1'!G36 -> 0 | F4: =+'Jadcherla -1'!H36 -> 142.19791 | G4: =+'Jadcherla -1'!J36 -> 15390.08 | H4: =E4+G4 -> 15390.08 | I4: =+'Jadcherla -1'!M3 -> 801890.2 | J4: =+'Jadcherla -1'!L36 -> 817280.28 | K4: =H4+I4-J4 -> -0.0044004744
A5: 4 | B5: Jadcherla-2 | C5: ADHOC FILLING STATION STATION | D5: =+'Jadcharla-2'!E35 -> 0 | E5: =+'Jadcharla-2'!G35 -> 0 | F5: =+'Jadcharla-2'!H35 -> 0 | G5: =+'Jadcharla-2'!J35 -> 0 | H5: =E5+G5 -> 0 | I5: =+'Jadcharla-2'!K3 -> 1123622.9 | J5: =+'Jadcharla-2'!L35 -> 1123622.9 | K5: =H5+I5-J5 -> 0
A6: 5 | B6: Jadcherla-3 | C6: JSASFuel Genie India Pvt.Ltd | D6: =+'Jadcherla-3'!E35 -> 22000 | E6: =+'Jadcherla-3'!G35 -> 2099460 | F6: =+'Jadcherla-3'!H35 -> 0 | G6: =+'Jadcherla-3'!J35 -> 0 | H6: =E6+G6 -> 2099460 | I6: =+'Jadcherla-3'!M3 -> 1839042.5 | J6: =+'Jadcherla-3'!L35 -> 2755171 | K6: =H6+I6-J6 -> 1183331.5
A7: 6 | B7: Jadcherla-4 | C7: Shree Poornima F/S | D7: =+'Jadcherla-4'!E35 -> 0 | E7: =+'Jadcherla-4'!G35 -> 0 | F7: =+'Jadcherla-4'!H35 -> 50 | G7: =+'Jadcherla-4'!J35 -> 5405 | H7: =E7+G7 -> 5405 | I7: =+'Jadcherla-4'!M3 -> 0 | J7: =+'Jadcherla-4'!L35 -> 0 | K7: =H7+I7-J7 -> 5405
A8: 7 | B8: Dindi | C8: Akarapu Balakistamma Fillling | D8: =+Dindi!E35 -> 115.95 | E8: =+Dindi!G35 -> 11188.886 | F8: =+Dindi!H35 -> 0 | G8: =+Dindi!J35 -> 0 | H8: =E8+G8 -> 11188.886 | I8: =+Dindi!M3 -> 0 | J8: =+Dindi!L35 -> 11188.886 | K8: =H8+I8-J8 -> 0
A9: 8 | B9: Devarkhadra-1 | C9: Kurumurthy Swami F/S | D9: =+Devarakhadra!E35 -> 239.68 | E9: =+Devarakhadra!G35 -> 23272.928 | F9: =+Devarakhadra!H35 -> 25 | G9: =+Devarakhadra!J35 -> 2715.95 | H9: =E9+G9 -> 25988.878 | I9: =+Devarakhadra!M3 -> 34600.433 | J9: =+Devarakhadra!L35 -> 55563 | K9: =H9+I9-J9 -> 5026.311
A10: 9 | B10: Devarkhadra-3 | C10: JSASFuel Genie India Pvt.Ltd | D10: =+'Devarakhadra-2'!E35 -> 0 | E10: =+'Devarakhadra-2'!G35 -> 0 | F10: =+'Devarakhadra-2'!H35 -> 0 | G10: =+'Devarakhadra-2'!I35 -> 0 | H10: =E10+G10 -> 0 | I10: =+'Devarakhadra-2'!M3 -> 66053.768 | J10: =+'Devarakhadra-2'!L35 -> 66053.77 | K10: =+'Devarakhadra-2'!M34 -> -0.0015
A11: 10 | B11: Madanapalli | D11: =+'Madana palli'!E35 -> 600 | E11: =+'Madana palli'!G35 -> 58656 | F11: =+'Madana palli'!H35 -> 10.03 | G11: =+'Madana palli'!J35 -> 1099.3883 | H11: =E11+G11 -> 59755.388 | I11: =+'Madana palli'!M3 -> 0 | J11: =+'Madana palli'!L35 -> 59755.388 | K11: =+'Devarakhadra-2'!M35 -> 0
A12: 11 | B12: Amalapuram | C12: Sathya Filling Station | D12: =+Amalapuram!E37 -> 258.89 | E12: =+Amalapuram!G37 -> 23815.919 | F12: =+Amalapuram!H37 -> 35 | G12: =+Amalapuram!J37 -> 3813.9654 | H12: =E12+G12 -> 27629.884 | I12: =+Amalapuram!M3 -> 0 | J12: =+Amalapuram!L37 -> 27629.87 | K12: =H12+I12-J12 -> 0.014
A13: 12 | B13: YG Gudda-1 | C13: Pallavi Petrolium | D13: =+'YG Gudda '!E36 -> 0 | E13: =+'YG Gudda '!G36 -> 0 | F13: =+'YG Gudda '!H36 -> 0 | G13: =+'YG Gudda '!J36 -> 0 | H13: =E13+G13 -> 0 | I13: ='YG Gudda '!K3 -> 25021.542 | J13: =+'YG Gudda '!L36 -> 25021.54 | K13: =H13+I13-J13 -> 0.0015138002
A14: 13 | B14: YG Gudda-2 | C14: Pankaja HP Fuel Center | D14: =+'YG Gudda-2'!E36 -> 10328.479 | E14: =+'YG Gudda-2'!G36 -> 943300 | F14: =+'YG Gudda-2'!H36 -> 490 | G14: =+'YG Gudda-2'!J36 -> 50602.3 | H14: =E14+G14 -> 993902.3 | I14: =+'YG Gudda-2'!M3 -> 340400.91 | J14: =+'YG Gudda-2'!L36 -> 620413 | K14: =H14+I14-J14 -> 713890.2
A15: 14 | B15: Hosadurga-1 | C15: Merchant Petroliums | D15: =+Hosadurga!E35 -> 0 | E15: =+Hosadurga!G35 -> 0 | F15: =+Hosadurga!H35 -> 0 | G15: =+Hosadurga!J35 -> 0 | H15: =E15+G15 -> 0 | I15: =+Hosadurga!K3 -> 2258.6 | J15: =+Hosadurga!L35 -> 0 | K15: =H15+I15-J15 -> 2258.6
A16: 15 | B16: Hosadurga-2 | C16: Shree Veeraprathap Fuel | D16: =+'Hosadurga -2'!E35 -> 4000 | E16: =+'Hosadurga -2'!G35 -> 366080 | F16: =+'Hosadurga -2'!H35 -> 280 | G16: =+'Hosadurga -2'!J35 -> 29027.6 | H16: =+'Hosadurga -2'!K35 -> 395107.6 | I16: =+'Hosadurga -2'!K3 -> 354228.04 | J16: =+'Hosadurga -2'!L35 -> 551781.84 | K16: =H16+I16-J16 -> 197553.8
A17: 16 | B17: Malebennuru(KUWSDB) | C17: Sri Ramanjuneya Service Station | D17: =+'Malebenur(KUWSDB)'!E36 -> 6900 | E17: =+'Malebenur(KUWSDB)'!G36 -> 635766 | F17: =+'Malebenur(KUWSDB)'!H36 -> 255 | G17: =+'Malebenur(KUWSDB)'!J36 -> 26512.35 | H17: =E17+G17 -> 662278.35 | I17: =+'Malebenur(KUWSDB)'!K3 -> 151062.96 | J17: =+'Malebenur(KUWSDB)'!L36 -> 610983.95 | K17: =H17+I17-J17 -> 202357.35
A18: 17 | B18: kadur | C18: Vishal Service Station | D18: =+Kadur!E35 -> 2200 | E18: =+Kadur!G35 -> 202730 | F18: =+Kadur!H35 -> 180 | G18: =+Kadur!J35 -> 18768.6 | H18: =E18+G18 -> 221498.6 | I18: =+Kadur!K3 -> 164331.63 | J18: =+Kadur!L35 -> 175801 | K18: =H18+I18-J18 -> 210029.23
A19: 18 | B19: Hiriyur(VJNL) | C19: Sri Balaji Agencies | D19: =+'Hiriyur(VJNL)'!E35 -> 4600 | E19: =+'Hiriyur(VJNL)'!G35 -> 424258 | F19: =+'Hiriyur(VJNL)'!H35 -> 140 | G19: =+'Hiriyur(VJNL)'!J35 -> 14571.2 | H19: =E19+G19 -> 438829.2 | I19: =+'Hiriyur(VJNL)'!K3 -> 385911.6 | J19: =+'Hiriyur(VJNL)'!L35 -> 385912 | K19: =H19+I19-J19 -> 438828.8
A20: 19 | B20: Chellakere(KUWSDB) | C20: Shivaganga Service Station | D20: =+'Chellakere -1'!E35 -> 3270 | E20: =+'Chellakere -1'!G35 -> 301461.3 | F20: =+'Chellakere -1'!H35 -> 235 | G20: =+'Chellakere -1'!J35 -> 24449.4 | H20: =E20+G20 -> 325910.7 | I20: =+'Chellakere -1'!K3 -> 128004.75 | J20: =+'Chellakere -1'!L35 -> 308512.35 | K20: =H20+I20-J20 -> 145403.1
A21: 20 | B21: Chellakere(KUWSDB)-09 | D21: =+' Chellakere-PKG-9'!E35 -> 939.66 | E21: =+' Chellakere-PKG-9'!G35 -> 86629.505 | F21: =+' Chellakere-PKG-9'!H35 -> 80.58 | G21: =+' Chellakere-PKG-9'!J35 -> 8382.7374 | H21: =E21+G21 -> 95012.243 | I21: =+' Chellakere-PKG-9'!M3 -> 0 | J21: =+' Chellakere-PKG-9'!L35 -> 95012.243 | K21: =H21+I21-J21 -> 0
A22: 21 | B22: Molakalmuru | C22: Sri Lakshmi Venkateshwara Filling Station | D22: =+Molakamuru!E35 -> 1414.99 | E22: =+Molakamuru!G35 -> 130431.03 | F22: =+Molakamuru!H35 -> 50.012 | G22: =+Molakamuru!J35 -> 5202.2482 | H22: =E22+G22 -> 135633.28 | I22: =+Molakamuru!K3 -> 0 | J22: =+Molakamuru!L35 -> 82044.777 | K22: =H22+I22-J22 -> 53588.5
A23: 22 | B23: Chennagiri | D23: =+' Chennagiri'!E35 -> 685 | E23: =+' Chennagiri'!G35 -> 63034.95 | F23: =+' Chennagiri'!H35 -> 49 | G23: =+' Chennagiri'!J35 -> 5099.92 | H23: =E23+G23 -> 68134.87 | I23: =+' Chennagiri'!K3 -> 0 | J23: =+' Chennagiri'!L35 -> 68134.87 | K23: =H23+I23-J23 -> 0
A24: 23 | B24: Khanapur(PKG-3) | C24: V.V.Varde | D24: =+Khanapur!E35 -> 1226.17 | E24: =+Khanapur!G35 -> 111434.33 | F24: =+Khanapur!H35 -> 83 | G24: =+Khanapur!J35 -> 8529.91 | H24: =E24+G24 -> 119964.24 | I24: =+Khanapur!M3 -> 29018.261 | J24: =+Khanapur!L35 -> 50000 | K24: =H24+I24-J24 -> 98982.5
A25: 24 | B25: Munavalli(PKG-3)-2 | C25: Shri Daneshwari | D25: =+'Munavali-2'!E37 -> 8154.25 | E25: =+'Munavali-2'!G37 -> 744736.99 | F25: =+'Munavali-2'!H37 -> 189.71 | G25: =+'Munavali-2'!J37 -> 19605.804 | H25: =E25+G25 -> 764342.8 | I25: =+'Munavali-2'!M3 -> 554212.7 | J25: =+'Munavali-2'!L37 -> 658024.7 | K25: =H25+I25-J25 -> 660530.8
A26: 25 | B26: Borgaon(PKG-3) | C26: Aadisagar Petrolium | D26: =+Borgaon!E35 -> 6077.86 | E26: =+Borgaon!G35 -> 557765.21 | F26: =+Borgaon!H35 -> 70 | G26: =+Borgaon!J35 -> 7259 | H26: =E26+G26 -> 565024.21 | I26: =+Borgaon!K3 -> 67414.901 | J26: =+Borgaon!L35 -> 512043.3 | K26: =H26+I26-J26 -> 120395.81
A27: 26 | B27: Ugar,Kudichi(PKG-3) | C27: Shiri Bhrhmanath Petrolium | D27: =+'Ugar,Khagwad,Kudichi'!E35 -> 5246.45 | E27: =+'Ugar,Khagwad,Kudichi'!G35 -> 482306.15 | F27: =+'Ugar,Khagwad,Kudichi'!H35 -> 279.98 | G27: =+'Ugar,Khagwad,Kudichi'!J35 -> 29123.972 | H27: =E27+G27 -> 511430.12 | I27: =+'Ugar,Khagwad,Kudichi'!M3 -> 394249.74 | J27: =+'Ugar,Khagwad,Kudichi'!L35 -> 613314 | K27: =H27+I27-J27 -> 292365.86
A28: 27 | B28: Kabbur(PKG-3) | C28: Shri Jai Hanuman Petrolium | D28: =+Kabbur!E35 -> 240 | E28: =+Kabbur!G35 -> 21981.6 | F28: =+Kabbur!H35 -> 25.58 | G28: =+Kabbur!J35 -> 2648.2974 | H28: =E28+G28 -> 24629.897 | I28: 0 | J28: =+Kabbur!L35 -> 24629.897 | K28: =H28+I28-J28 -> 0
A29: 28 | B29: Kumta (PKG-1) | C29: Krishma fuel station | D29: =+kumta!E35 -> 2073.27 | E29: =+kumta!G35 -> 190574.98 | F29: =+kumta!H35 -> 121.24 | G29: =+kumta!J35 -> 12604.11 | H29: =E29+G29 -> 203179.09 | I29: 0 | J29: =+kumta!L35 -> 203179.09 | K29: =H29+I29-J29 -> 0
A30: 29 | B30: Jalgaon | C30: Sri Sai Petrol Pump | D30: =+Jalgaon!E54 -> 13809.45 | E30: =+Jalgaon!G54 -> 1266325.5 | F30: =+Jalgaon!H54 -> 242 | G30: =+Jalgaon!J54 -> 25455.98 | H30: =E30+G30 -> 1291781.5 | I30: =+Jalgaon!K3 -> 1148460.8 | J30: =+Jalgaon!L54 -> 1709938.5 | K30: =H30+I30-J30 -> 730303.78
A31: 30 | B31: MKBD | C31: Shree Sai Samarth Petroleum | D31: =+MKBD!E38 -> 4100 | E31: =+MKBD!G38 -> 373674 | F31: =+MKBD!H38 -> 101 | G31: =+MKBD!J38 -> 12871.9 | H31: =E31+G31 -> 386545.9 | I31: =+MKBD!K3 -> 437930.65 | J31: =+MKBD!L38 -> 461912.77 | K31: =H31+I31-J31 -> 362563.78
A32: 31 | B32: Haveri | C32: Shivalingeshwar Petroleum | D32: =+Haveri!E37 -> 100 | E32: =+Haveri!G37 -> 9147 | F32: =+Haveri!H37 -> 0 | G32: =+Haveri!J37 -> 0 | H32: =E32+G32 -> 9147 | I32: =+Haveri!M3 -> 225176.08 | J32: =+Haveri!L37 -> 224862 | K32: =H32+I32-J32 -> 9461.0769
A33: 32 | B33: Haveri | C33: M/s Magavi City Fuels | D33: =' Haveri-2'!E37 -> 3340.47 | E33: =' Haveri-2'!G37 -> 305619.6 | F33: =' Haveri-2'!H37 -> 140.56 | G33: =' Haveri-2'!J37 -> 14538.121 | H33: =E33+G33 -> 320157.72 | I33: =' Haveri-2'!M3 -> 0 | J33: =+' Haveri-2'!L37 -> 155714 | K33: =H33+I33-J33 -> 164443.72
A34: 33 | B34: Guttal | C34: Taware filling station | D34: =+Guttal!E35 -> 4725.6 | E34: =+Guttal!G35 -> 433810.08 | F34: =+Guttal!H35 -> 153 | G34: =+Guttal!J35 -> 15875.28 | H34: =E34+G34 -> 449685.36 | I34: =+Guttal!M3 -> 58502.01 | J34: =+Guttal!L35 -> 171500 | K34: =H34+I34-J34 -> 336687.37
A35: 34 | B35: Rattihali | C35: Shree Siri Gowari petroliam | D35: =+Rattihali!E35 -> 1507.83 | E35: =+Rattihali!G35 -> 138780.67 | F35: =+Rattihali!H35 -> 39 | G35: =+Rattihali!J35 -> 4056.78 | H35: =E35+G35 -> 142837.45 | I35: =+Rattihali!M3 -> 135998.27 | J35: =+Rattihali!L35 -> 272393 | K35: =H35+I35-J35 -> 6442.724
A36: 35 | B36: Rattihali-2 | C36: Shiva Oil Traders | D36: =+'Rattihali-2'!E37 -> 3253.25 | E36: =+'Rattihali-2'!G37 -> 298941.14 | F36: =+'Rattihali-2'!H37 -> 111 | G36: =+'Rattihali-2'!J37 -> 11939.16 | H36: =E36+G36 -> 310880.3 | I36: =+'Rattihali-2'!M3 -> 0 | J36: =+'Rattihali-2'!L37 -> 0 | K36: =H36+I36-J36 -> 310880.3
A37: 36 | B37: Gajendragada | C37: Vanasri Petrol Pump | D37: =+Gajendragada!E35 -> 18 | E37: =+Gajendragada!G35 -> 1652.94 | F37: =+Gajendragada!H35 -> 15 | G37: =+Gajendragada!J35 -> 1557 | H37: =E37+G37 -> 3209.94 | I37: =+Gajendragada!K3 -> 1290.2615 | J37: =+Gajendragada!L35 -> 0 | K37: =H37+I37-J37 -> 4500.2015
A38: 37 | B38: Gokak(PKG-3) | C38: AJ Petrolinks | D38: =+'Gokak Dharwad PKG 3'!E40 -> 10248.64 | E38: =+'Gokak Dharwad PKG 3'!G40 -> 937545.59 | F38: =+'Gokak Dharwad PKG 3'!H40 -> 277 | G38: =+'Gokak Dharwad PKG 3'!J40 -> 28644.57 | H38: =E38+G38 -> 966190.16 | I38: =+'Gokak Dharwad PKG 3'!K3 -> 619206.33 | J38: =+'Gokak Dharwad PKG 3'!L40 -> 1038037 | K38: =H38+I38-J38 -> 547359.48
A39: 38 | B39: Ankaligi | C39: Shiv ganga | D39: =+Ankalgi!E35 -> 4561.13 | E39: =+Ankalgi!G35 -> 416476.78 | F39: =+Ankalgi!H35 -> 150 | G39: =+Ankalgi!J35 -> 15484.5 | H39: =E39+G39 -> 431961.28 | I39: =+Ankalgi!M3 -> 109864.35 | J39: =+Ankalgi!L35 -> 361718.01 | K39: =H39+I39-J39 -> 180107.62
A40: 39 | B40: ShankeshWAR | C40: SR Patil | D40: =+' Shankeshwar'!E35 -> 730 | E40: =+' Shankeshwar'!G35 -> 66652.6 | F40: =+' Shankeshwar'!H35 -> 62 | G40: =+' Shankeshwar'!J35 -> 6399.64 | H40: =E40+G40 -> 73052.24 | J40: =+' Shankeshwar'!L35 -> 73052.24 | K40: =H40+I40-J40 -> 0
A41: 40 | B41: Talikote(PKG-1) | C41: Raykar Oil Agencies | D41: =+' Talikote'!E46 -> 364.21 | E41: =+' Talikote'!G46 -> 33325.215 | F41: =+' Talikote'!H46 -> 59.05 | G41: =+' Talikote'!J46 -> 6108.132 | H41: =E41+G41 -> 39433.347 | I41: =+' Talikote'!N3 -> 55674.449 | J41: =+' Talikote'!L46 -> 74000 | K41: =H41+I41-J41 -> 21107.796
A42: 41 | B42: Chadchan(PKG-1) | C42: Khavekar Petrolium | D42: =+Chadchan!E35 -> 1901.32 | E42: =+Chadchan!G35 -> 173457.42 | F42: =+Chadchan!H35 -> 96.77 | G42: =+Chadchan!J35 -> 9982.7932 | H42: =E42+G42 -> 183440.22 | I42: =+Chadchan!K3 -> 71075.955 | J42: =+Chadchan!L35 -> 173004 | K42: =H42+I42-J42 -> 81512.172
A43: 42 | B43: Sindagi | C43: G.P.PORWAL | D43: =+Sindagi!E44 -> 137.81 | E43: =+Sindagi!G44 -> 12897.956 | F43: =+Sindagi!H44 -> 0 | G43: =+Sindagi!J44 -> 0 | H43: =E43+G43 -> 12897.956 | I43: =+Sindagi!M3 -> 28738.362 | J43: =+Sindagi!L44 -> 37964.83 | K43: =H43+I43-J43 -> 3671.4887
A44: 43 | B44: Muddebihal(PKG-1) | C44: Bhosle Service Station | D44: =+Muddebihal!E47 -> 0 | E44: =+Muddebihal!G47 -> 0 | F44: =+Muddebihal!H47 -> 0 | G44: =+Muddebihal!J47 -> 0 | H44: =E44+G44 -> 0 | I44: =+Muddebihal!M3 -> 8551.5868 | J44: =+Muddebihal!L47 -> 8551.59 | K44: =H44+I44-J44 -> -0.0032
A45: 44 | B45: Muddebihal(PKG-1)2 | C45: PS NAGATHAN PETROLIUM | D45: =+'Muddebhihal-2'!E48 -> 2004.21 | E45: =+'Muddebhihal-2'!G48 -> 183224.88 | F45: =+'Muddebhihal-2'!H48 -> 74.36 | G45: =+'Muddebhihal-2'!J48 -> 7757.706 | H45: =+'Muddebhihal-2'!K48 -> 190982.58 | I45: =+'Muddebhihal-2'!M3 -> 75469.959 | J45: =+'Muddebhihal-2'!L48 -> 160000 | K45: =+'Muddebhihal-2'!M47 -> 106452.54
A46: 45 | B46: Almela(PKG-1) | C46: Shiddeshwar Petroleums | D46: =+Alemela!E43 -> 20 | E46: =+Alemela!G43 -> 1826.6 | F46: =+Alemela!H43 -> 67.54 | G46: =+Alemela!J43 -> 6974.1804 | H46: =E46+G46 -> 8800.7804 | I46: =+Alemela!M3 -> 28304.009 | J46: =+Alemela!L43 -> 32000 | K46: =H46+I46-J46 -> 5104.7894
A47: 46 | B47: Nalatwad(PKG-1) | C47: Shri Pawad Basaweshwar Petroleums | D47: =+Nalatwad!E43 -> 429.07 | E47: =+Nalatwad!G43 -> 39311.393 | F47: =+Nalatwad!H43 -> 109.83 | G47: =+Nalatwad!J43 -> 11454.003 | H47: =E47+G47 -> 50765.396 | I47: =+Nalatwad!M3 -> 47651.89 | J47: =+Nalatwad!L43 -> 66000 | K47: =H47+I47-J47 -> 32417.286
A48: 47 | B48: Srirangapatna | C48: Anupama F/S | D48: =+Srirangapatna!E35 -> 66.24 | E48: =+Srirangapatna!G35 -> 5999.3568 | F48: =+Srirangapatna!H35 -> 17.7 | G48: =+Srirangapatna!J35 -> 1813.542 | H48: =E48+G48 -> 7812.8988 | I48: 0 | J48: =+Srirangapatna!L35 -> 7812.8988 | K48: =H48+I48-J48 -> 0
A49: 48 | B49: HO(DG) | C49: JSASFuel Genie India Pvt.Ltd | D49: =+' Ho(DG)'!E36 -> 170.01 | E49: =+' Ho(DG)'!G36 -> 16292.058 | F49: =+' Ho(DG)'!H36 -> 0 | G49: =+' Ho(DG)'!J36 -> 0 | H49: =E49+G49 -> 16292.058 | I49: =+' Ho(DG)'!M3 -> 0 | J49: =+' Ho(DG)'!L36 -> 0 | K49: =H49+I49-J49 -> 16292.058
A50: Total | D50: =SUM(D2:D49) -> 253757.89 | E50: =SUM(E2:E49) -> 23838863 | F50: =SUM(F2:F49) -> 5062.1399 | G50: =SUM(G2:G49) -> 531369.82 | H50: =SUM(H2:H49) -> 24370232 | I50: =SUM(I2:I49) -> 23649784 | J50: =SUM(J2:J49) -> 33144784 | K50: =H50+I50-J50 -> 14875233 | L50: 14756935 | M50: =L50-K50 -> -118297.38
A55: S.no | B55: Site Name | C55: Bunk Name | D55: Diesel(Liters) | E55: Diesel Amount | F55: Petrol(Liters) | G55: Petrol Amount | H55: Total Amount | I55: Opening Blance | J55: Amount Paid | K55: Closing Balances
A56: 39 | B56: {=VLOOKUP(A56,A1:K48,{2,3,4,5,6,7,8,9,10,11},FALSE)} -> ShankeshWAR | C56: SR Patil | D56: 730 | E56: 66652.6 | F56: 62 | G56: 6399.64 | H56: 73052.24 | I56: 0 | J56: 73052.24 | K56: 0
B58: Site Name | C58: Bunk Name | D58: Diesel(Liters) | E58: Diesel Amount | F58: Petrol(Liters) | G58: Petrol Amount | H58: Total Amount | I58: Opening Blance | J58: Amount Paid | K58: Closing Balances
B59: Chellakere(KUWSDB) | C59: {=VLOOKUP(B59,B1:K48,{2,3,4,5,6,7,8,9,10},FALSE)} -> Shivaganga Service Station | D59: 3270 | E59: 301461.3 | F59: 235 | G59: 24449.4 | H59: 325910.7 | I59: 128004.75 | J59: 308512.35 | K59: 145403.1
B66: 60000
B67: 18000
B68: 18000
B69: 75000
B70: 360000

Sheet Sheet1
B2: S.no | C2: Site Name | D2: Bunk Name | E2: Outstannding | F2: Last Payment | G2: L.P Date | H2: Credit period in Days | I2: Next Payment Date
B3: 1 | C3: Khammam-1 | D3: Divya laxmi ganapathi | E3: =+'Dec-25 '!K2 -> 3956161.3 | F3: 7753305 | G3: 15.12.2025 | H3: 45 | I3: 30.01.2025
B4: 2 | C4: Khammam-2 | D4: Jayasai union bunk | E4: =+'Dec-25 '!K3 -> 3669815.6 | F4: 9561886 | G4: 15.12.2025 | H4: 45 | I4: 30.01.2025
B5: 3 | C5: Jadcherla-1 | D5: Sai Baba Fuel Station | E5: =+'Dec-25 '!K4 -> -0.0044004744 | F5: 307000 | G5: 15.12.2025 | H5: Close | I5: Close
B6: 4 | C6: Jadcherla-2 | D6: ADHOC FILLING STATION STATION | E6: =+'Dec-25 '!K5 -> 0 | F6: 1123622.9 | G6: 13.12.2025 | H6: Close | I6: Close
B7: 5 | C7: Jadcherla-3 | D7: JSASFuel Genie India Pvt.Ltd | E7: =+'Dec-25 '!K6 -> 1183331.5 | F7: 2755171 | G7: 16.12.2025 | H7: 15 | I7: 05.01.2026
B8: 6 | C8: Dindi | D8: Akarapu Balakistamma Fillling | E8: =+'Dec-25 '!K8 -> 0 | I8: C&C
B9: 7 | C9: Devarkhadra-1 | D9: Kurumurthy Swami F/S | E9: =+'Dec-25 '!K9 -> 5026.311 | F9: 55563 | G9: 16.12.2025 | H9: 10 | I9: 05.01.2026
B10: 8 | C10: Devarkhadra-3 | D10: JSASFuel Genie India Pvt.Ltd | E10: =+'Dec-25 '!K10 -> -0.0015 | F10: 66053.77 | G10: 16.12.2025 | H10: 15 | I10: 05.01.2026
B11: 9 | C11: Madanapalli | E11: =+'Dec-25 '!K11 -> 0 | I11: C&C
B12: 10 | C12: Amalapuram | D12: Sathya Filling Station | E12: =+'Dec-25 '!K12 -> 0.014 | I12: C&C
B13: 11 | C13: YG Gudda-1 | D13: Pallavi Petrolium | E13: =+'Dec-25 '!K13 -> 0.0015138002 | F13: 25000 | G13: 16.12.2025 | H13: 10 | I13: 0
B14: 12 | C14: YG Gudda-2 | D14: Pankaja HP Fuel Center | E14: =+'Dec-25 '!K14 -> 713890.2 | F14: 205413 | G14: 15.12.2025 | H14: 15 | I14: 05.01.2026
B15: 13 | C15: Hosadurga-1 | D15: Merchant Petroliums | E15: =+'Dec-25 '!K15 -> 2258.6 | I15: 0
B16: 14 | C16: Hosadurga-2 | D16: Shree Veeraprathap Fuel | E16: =+'Dec-25 '!K16 -> 197553.8 | F16: 551781.84 | G16: 15.12.2025 | H16: 15 | I16: 05.01.2026
B17: 15 | C17: Malebennuru(KUWSDB) | D17: Sri Ramanjuneya Service Station | E17: =+'Dec-25 '!K17 -> 202357.35 | F17: 40495 | G17: 15.12.2025 | H17: 10 | I17: 27.12.2025
B18: 16 | C18: kadur | D18: Vishal Service Station | E18: =+'Dec-25 '!K18 -> 210029.23 | F18: 175801 | G18: 15.12.2025 | H18: 30 | I18: 15.01.2026
B19: 17 | C19: Hiriyur(VJNL) | D19: Sri Balaji Agencies | E19: =+'Dec-25 '!K19 -> 438828.8 | F19: 135912 | G19: 15.12.2025 | H19: 10 | I19: 30.12.2025
B20: 18 | C20: Chellakere(KUWSDB) | D20: Shivaganga Service Station | E20: =+'Dec-25 '!K20 -> 145403.1 | F20: 58955.35 | G20: 15.12.2025 | H20: 15 | I20: 03.01.2025
B21: 19 | C21: Chellakere(KUWSDB)-09 | E21: =+'Dec-25 '!K21 -> 0 | I21: C&C
B22: 20 | C22: Molakalmuru | D22: Priyanka Petroleum | E22: =+'Dec-25 '!K22 -> 53588.5 | F22: New | I22: 05.01.2026
B23: 21 | C23: Chennagiri | E23: =+'Dec-25 '!K23 -> 0
B24: 22 | C24: Khanapur(PKG-3) | D24: V.V.Varde | E24: =+'Dec-25 '!K24 -> 98982.5 | F24: 50000 | G24: 13.12.2025 | H24: 15 | I24: 03.01.2025
B25: 23 | C25: Munavalli(PKG-3)-2 | D25: Shri Daneshwari | E25: =+'Dec-25 '!K25 -> 660530.8 | F25: 107000 | G25: 15.12.2025 | H25: 10 | I25: 30.12.2025
B26: 24 | C26: Borgaon(PKG-3) | D26: Aadisagar Petrolium | E26: =+'Dec-25 '!K26 -> 120395.81 | F26: 287043.3 | G26: 16.12.2025 | H26: 30 | I26: 15.01.2026
B27: 25 | C27: Ugar,Kudichi(PKG-3) | D27: Shiri Bhrhmanath Petrolium | E27: =+'Dec-25 '!K27 -> 292365.86 | F27: 313314 | G27: 15.12.2025 | H27: 30 | I27: 15.01.2026
B28: 26 | C28: Kabbur(PKG-3) | D28: Shri Jai Hanuman Petrolium | E28: =+'Dec-25 '!K28 -> 0
B29: 27 | C29: Kumta (PKG-1) | D29: Krishma fuel station | E29: =+'Dec-25 '!K29 -> 0
B30: 28 | C30: Jalgaon | D30: Sri Sai Petrol Pump | E30: =+'Dec-25 '!K30 -> 730303.78 | F30: 1700000 | G30: 15.12.2025 | H30: 30 | I30: 15.01.2026
B31: 29 | C31: MKBD | D31: Shree Sai Samarth Petroleum | E31: =+'Dec-25 '!K31 -> 362563.78 | F31: 461912.77 | G31: 15.12.2025 | H31: 30 | I31: 15.01.2026
B32: 30 | C32: Haveri | D32: Shivalingeshwar Petroleum | E32: =+'Dec-25 '!K32 -> 9461.0769 | F32: 224862 | G32: 12.12.2025 | H32: 10
B33: 31 | C33: Haveri | D33: M/s Magavi City Fuels | E33: =+'Dec-25 '!K33 -> 164443.72 | F33: 14064 | G33: 16.12.2025 | H33: 13 | I33: 03.01.2025
B34: 32 | C34: Guttal | D34: Taware filling station | E34: =+'Dec-25 '!K34 -> 336687.37 | F34: 50000 | G34: 24.12.2025 | H34: 7 | I34: 30.12.2025
B35: 33 | C35: Rattihali | D35: Shree Siri Gowari petroliam | E35: =+'Dec-25 '!K35 -> 6442.724 | F35: 272393 | G35: 15.12.2025 | H35: 15 | I35: 30.12.2025
B36: 34 | C36: Rattihali-2 | D36: Shiva Oil Traders | E36: =+'Dec-25 '!K36 -> 310880.3 | F36: New | H36: 15 | I36: 05.01.2026
B37: 35 | C37: Gajendragada | D37: Vanasri Petrol Pump | E37: =+'Dec-25 '!K37 -> 4500.2015 | H37: 30 | I37: 05.01.2026
B38: 36 | C38: Gokak(PKG-3) | D38: AJ Petrolinks | E38: =+'Dec-25 '!K38 -> 547359.48 | F38: 1000000 | G38: 13.12.2025 | H38: 15 | I38: 05.01.2026
B39: 37 | C39: Ankaligi | D39: Shiv ganga | E39: =+'Dec-25 '!K39 -> 180107.62 | F39: 361718.01 | G39: 15.12.2025 | H39: 15 | I39: 03.01.2025
B40: 38 | C40: ShankeshWAR | D40: SR Patil | E40: =+'Dec-25 '!K40 -> 0 | I40: C&C
B41: 39 | C41: Talikote(PKG-1) | D41: Raykar Oil Agencies | E41: =+'Dec-25 '!K41 -> 21107.796 | F41: 64000 | G41: 15.12.2025 | H41: 10 | I41: 30.12.2025
B42: 40 | C42: Chadchan(PKG-1) | D42: Khavekar Petrolium | E42: =+'Dec-25 '!K42 -> 81512.172 | F42: 173004 | G42: 15.12.2025 | H42: 30 | I42: 15.01.2026
B43: 41 | C43: Sindagi | D43: G.P.PORWAL | E43: =+'Dec-25 '!K43 -> 3671.4887 | F43: 11016 | G43: 15.12.2025 | H43: 15 | I43: 30.12.2025
B44: 42 | C44: Muddebihal(PKG-1) | D44: Bhosle Service Station | E44: =+'Dec-25 '!K44 -> -0.0032 | F44: 8500 | G44: 15.12.2025
B45: 43 | C45: Muddebihal(PKG-1)2 | D45: PS NAGATHAN PETROLIUM | E45: =+'Dec-25 '!K45 -> 106452.54 | F45: 160000 | G45: 15.12.2025 | H45: 15 | I45: 05.01.2026
B46: 44 | C46: Almela(PKG-1) | D46: Shiddeshwar Petroleums | E46: =+'Dec-25 '!K46 -> 5104.7894 | F46: 32000 | G46: 15.12.2025 | H46: 10 | I46: 30.12.2025
B47: 45 | C47: Nalatwad(PKG-1) | D47: Shri Pawad Basaweshwar Petroleums | E47: =+'Dec-25 '!K47 -> 32417.286 | F47: 66000 | G47: 15.12.2025 | H47: 10 | I47: 30.12.2025
B48: 46 | C48: Srirangapatna | D48: Anupama F/S | E48: =+'Dec-25 '!K48 -> 0
B49: Total | E49: =SUM(E3:E48) -> 14853535 | F49: =SUM(F3:F48) -> 28172787

Sheet  Ho(DG)
A1: JSASFuel Genie India Pvt.Ltd
A2: S.No | B2: Date | C2: GRN No | D2: Ind No/Bill No | E2: Diesel (Lts) | F2: Price | G2: Amount | H2: Petrol (Lts) | I2: Price | J2: Amount | K2: Total amount | L2: Amount paid | M2: As on date | N2: Remarks
A3: Opening Balance | M3: 0 | O3: 2623243.4
A4: 1 | B4: 45992 | G4: =E4*F4 -> 0 | H4: 0 | I4: 0 | J4: =H4*I4 -> 0 | K4: =G4+J4 -> 0 | L4: 0 | M4: =M3+K4-L4 -> 0
A5: 2 | B5: 45993 | G5: =E5*F5 -> 0 | H5: 0 | I5: 0 | J5: =H5*I5 -> 0 | K5: =G5+J5 -> 0 | L5: 0 | M5: =M4+K5-L5 -> 0
A6: 3 | B6: 45994 | G6: =E6*F6 -> 0 | H6: 0 | I6: 0 | J6: =H6*I6 -> 0 | K6: =G6+J6 -> 0 | L6: 0 | M6: =M5+K6-L6 -> 0
A7: 4 | B7: 45995 | G7: =E7*F7 -> 0 | H7: 0 | I7: 0 | J7: =H7*I7 -> 0 | K7: =G7+J7 -> 0 | L7: 0 | M7: =M6+K7-L7 -> 0 | P7: 5679
A8: 5 | B8: 45996 | G8: =E8*F8 -> 0 | H8: 0 | I8: 0 | J8: =H8*I8 -> 0 | K8: =G8+J8 -> 0 | L8: 0 | M8: =M7+K8-L8 -> 0
A9: 6 | B9: 45997 | G9: =E9*F9 -> 0 | H9: 0 | I9: 0 | J9: =H9*I9 -> 0 | K9: =G9+J9 -> 0 | L9: 0 | M9: =M8+K9-L9 -> 0
A10: 7 | B10: 45998 | G10: =E10*F10 -> 0 | H10: 0 | I10: 0 | J10: =H10*I10 -> 0 | K10: =G10+J10 -> 0 | L10: 0 | M10: =M9+K10-L10 -> 0
A11: 8 | B11: 45999 | G11: =E11*F11 -> 0 | H11: 0 | I11: 0 | J11: =H11*I11 -> 0 | K11: =G11+J11 -> 0 | L11: 0 | M11: =M10+K11-L11 -> 0
A12: 9 | B12: 46000 | G12: =E12*F12 -> 0 | H12: 0 | I12: 0 | K12: =G12+J12 -> 0 | L12: 0 | M12: =M11+K12-L12 -> 0
A13: 10 | B13: 46001 | G13: =E13*F13 -> 0 | H13: 0 | I13: 0 | K13: =G13+J13 -> 0 | L13: 0 | M13: =M12+K13-L13 -> 0
A14: 11 | B14: 46002 | G14: =E14*F14 -> 0 | H14: 0 | I14: 0 | K14: =G14+J14 -> 0 | L14: 0 | M14: =M13+K14-L14 -> 0 | P14: 1905988 | Q14: =P14-M14 -> 1905988
A15: 12 | B15: 46003 | G15: =E15*F15 -> 0 | H15: 0 | I15: 0 | K15: =G15+J15 -> 0 | L15: 0 | M15: =M14+K15-L15 -> 0
A16: 13 | B16: 46004 | G16: =E16*F16 -> 0 | H16: 0 | I16: 0 | J16: =H16*I16 -> 0 | K16: =G16+J16 -> 0 | L16: 0 | M16: =M15+K16-L16 -> 0
A17: 14 | B17: 46005 | G17: =E17*F17 -> 0 | H17: 0 | I17: 0 | J17: =H17*I17 -> 0 | K17: =G17+J17 -> 0 | L17: 0 | M17: =M16+K17-L17 -> 0
A18: 15 | B18: 46006 | G18: =E18*F18 -> 0 | H18: 0 | I18: 0 | J18: =H18*I18 -> 0 | K18: =G18+J18 -> 0 | L18: 0 | M18: =M17+K18-L18 -> 0
A19: 16 | B19: 46007 | G19: =E19*F19 -> 0 | H19: 0 | I19: 0 | J19: =H19*I19 -> 0 | K19: =G19+J19 -> 0 | L19: 0 | M19: =M18+K19-L19 -> 0
A20: 17 | B20: 46008 | G20: =E20*F20 -> 0 | J20: =H20*I20 -> 0 | K20: =G20+J20 -> 0 | L20: 0 | M20: =M19+K20-L20 -> 0
A21: 18 | B21: 46009 | G21: =E21*F21 -> 0 | J21: =H21*I21 -> 0 | K21: =G21+J21 -> 0 | L21: 0 | M21: =M20+K21-L21 -> 0
A22: 19 | B22: 46010 | G22: =E22*F22 -> 0 | J22: =H22*I22 -> 0 | K22: =G22+J22 -> 0 | M22: =M21+K22-L22 -> 0
A23: 20 | B23: 46011 | G23: =E23*F23 -> 0 | J23: =H23*I23 -> 0 | K23: =G23+J23 -> 0 | M23: =M22+K23-L23 -> 0
A24: 21 | B24: 46012 | G24: =E24*F24 -> 0 | J24: =H24*I24 -> 0 | K24: =G24+J24 -> 0 | M24: =M23+K24-L24 -> 0
A25: 22 | B25: 46013 | G25: =E25*F25 -> 0 | J25: =H25*I25 -> 0 | K25: =G25+J25 -> 0 | M25: =M24+K25-L25 -> 0
A26: 23 | B26: 46014 | G26: =E26*F26 -> 0 | J26: =H26*I26 -> 0 | K26: =G26+J26 -> 0 | M26: =M25+K26-L26 -> 0
A27: 24 | B27: 46015 | G27: =E27*F27 -> 0 | J27: =H27*I27 -> 0 | K27: =G27+J27 -> 0 | M27: =M26+K27-L27 -> 0
A28: 25 | B28: 46016 | G28: =E28*F28 -> 0 | J28: =H28*I28 -> 0 | K28: =G28+J28 -> 0 | M28: =M27+K28-L28 -> 0
A29: 26 | B29: 46017 | G29: =E29*F29 -> 0 | J29: =H29*I29 -> 0 | K29: =G29+J29 -> 0 | M29: =M28+K29-L29 -> 0
A30: 27 | B30: 46018 | G30: =E30*F30 -> 0 | J30: =H30*I30 -> 0 | K30: =G30+J30 -> 0 | M30: =M29+K30-L30 -> 0
A31: 28 | B31: 46019 | G31: =E31*F31 -> 0 | J31: =H31*I31 -> 0 | K31: =G31+J31 -> 0 | M31: =M30+K31-L31 -> 0
A32: 29 | B32: 46020 | G32: =E32*F32 -> 0 | J32: =H32*I32 -> 0 | K32: =G32+J32 -> 0 | M32: =M31+K32-L32 -> 0
A33: 30 | B33: 46021 | G33: =E33*F33 -> 0 | J33: =H33*I33 -> 0 | K33: =G33+J33 -> 0 | M33: =M32+K33-L33 -> 0
A34: 31 | B34: 46022 | E34: 170.01 | F34: 95.83 | G34: =E34*F34 -> 16292.058 | J34: =H34*I34 -> 0 | K34: =G34+J34 -> 16292.058 | L34: 0 | M34: =M33+K34-L34 -> 16292.058 | O34: 2669494 | P34: =O34-M34 -> 2653201.9
E35: 0 | F35: 0 | G35: =E35*F35 -> 0 | J35: =H35*I35 -> 0 | K35: =G35+J35 -> 0 | M35: =M34+K35-L35 -> 16292.058
E36: =SUM(E4:E34) -> 170.01 | G36: =SUM(G4:G34) -> 16292.058 | H36: =SUM(H4:H34) -> 0 | J36: =SUM(J4:J34) -> 0 | K36: =SUM(K4:K34) -> 16292.058 | L36: =SUM(L4:L34) -> 0
M45: 2408309
M46: 5327.86
M47: =M45-M46 -> 2402981.1

Sheet Khammam-1
A1: Divya laxmi ganapathi
A2: S.No | B2: Date | C2: GRN No | D2: Ind No/Bill No | E2: Diesel (Lts) | F2: Price | G2: Amount | H2: Petrol (Lts) | I2: Price | J2: Amount | K2: Total amount | L2: Amount paid | M2: As 0n Date | N2: Remarks
A3: Opening Balance | K3: 4574619.2 | M3: =+K3 -> 4574619.2 | O3: 11178224
A4: 1 | B4: 45992 | G4: =E4*F4 -> 0 | K4: =G4+J4 -> 0 | L4: 0 | M4: =M3+K4-L4 -> 4574619.2
A5: 2 | B5: 45993 | E5: 2700 | F5: 95.68 | G5: =E5*F5 -> 258336 | H5: 20 | I5: 107.46 | J5: =H5*I5 -> 2149.2 | K5: =G5+J5 -> 260485.2 | L5: 900000 | M5: =M4+K5-L5 -> 3935104.4
A6: 3 | B6: 45994 | E6: 5500 | F6: 95.68 | G6: =E6*F6 -> 526240 | H6: 40 | I6: 107.46 | J6: =H6*I6 -> 4298.4 | K6: =G6+J6 -> 530538.4 | M6: =M5+K6-L6 -> 4465642.8
A7: 4 | B7: 45995 | E7: 2700 | F7: 95.68 | G7: =E7*F7 -> 258336 | J7: =H7*I7 -> 0 | K7: =G7+J7 -> 258336 | M7: =M6+K7-L7 -> 4723978.8
A8: 5 | B8: 45996 | E8: 5500 | F8: 95.68 | G8: =E8*F8 -> 526240 | H8: 20 | I8: 107.46 | J8: =H8*I8 -> 2149.2 | K8: =G8+J8 -> 528389.2 | M8: =M7+K8-L8 -> 5252368
A9: 6 | B9: 45997 | E9: 5400 | F9: 95.68 | G9: =E9*F9 -> 516672 | H9: 20 | I9: 107.46 | J9: =H9*I9 -> 2149.2 | K9: =G9+J9 -> 518821.2 | M9: =M8+K9-L9 -> 5771189.2
A10: 7 | B10: 45998 | E10: 4400 | F10: 95.68 | G10: =E10*F10 -> 420992 | J10: =H10*I10 -> 0 | K10: =G10+J10 -> 420992 | M10: =M9+K10-L10 -> 6192181.2
A11: 8 | B11: 45999 | E11: 2700 | F11: 95.68 | G11: =E11*F11 -> 258336 | H11: 20 | I11: 107.46 | J11: =H11*I11 -> 2149.2 | K11: =G11+J11 -> 260485.2 | M11: =M10+K11-L11 -> 6452666.4
A12: 9 | B12: 46000 | E12: 5400 | F12: 95.68 | G12: =E12*F12 -> 516672 | H12: 20 | I12: 107.46 | J12: =H12*I12 -> 2149.2 | K12: =G12+J12 -> 518821.2 | M12: =M11+K12-L12 -> 6971487.6
A13: 10 | B13: 46001 | G13: =E13*F13 -> 0 | J13: =H13*I13 -> 0 | K13: =G13+J13 -> 0 | M13: =M12+K13-L13 -> 6971487.6
A14: 11 | B14: 46002 | G14: =E14*F14 -> 0 | J14: =H14*I14 -> 0 | K14: =G14+J14 -> 0 | M14: =M13+K14-L14 -> 6971487.6
A15: 12 | B15: 46003 | G15: =E15*F15 -> 0 | J15: =H15*I15 -> 0 | K15: =G15+J15 -> 0 | M15: =M14+K15-L15 -> 6971487.6
A16: 13 | B16: 46004 | E16: 5400 | F16: 95.68 | G16: =E16*F16 -> 516672 | H16: 40 | I16: 107.46 | J16: =H16*I16 -> 4298.4 | K16: =G16+J16 -> 520970.4 | M16: =M15+K16-L16 -> 7492458
A17: 14 | B17: 46005 | E17: 5500 | F17: 95.68 | G17: =E17*F17 -> 526240 | H17: 20 | I17: 107.46 | J17: =H17*I17 -> 2149.2 | K17: =G17+J17 -> 528389.2 | M17: =M16+K17-L17 -> 8020847.2
A18: 15 | B18: 46006 | G18: =E18*F18 -> 0 | J18: =H18*I18 -> 0 | K18: =G18+J18 -> 0 | L18: 7753305 | M18: =M17+K18-L18 -> 267542.24
A19: 16 | B19: 46007 | E19: 5500 | F19: 95.68 | G19: =E19*F19 -> 526240 | J19: =H19*I19 -> 0 | K19: =G19+J19 -> 526240 | M19: =M18+K19-L19 -> 793782.24
A20: 17 | B20: 46008 | E20: 5500 | F20: 95.68 | G20: =E20*F20 -> 526240 | J20: =H20*I20 -> 0 | K20: =G20+J20 -> 526240 | M20: =M19+K20-L20 -> 1320022.2
A21: 18 | B21: 46009 | E21: 0 | F21: 0 | G21: =E21*F21 -> 0 | J21: =H21*I21 -> 0 | K21: =G21+J21 -> 0 | M21: =M20+K21-L21 -> 1320022.2
A22: 19 | B22: 46010 | E22: 2800 | F22: 95.68 | G22: =E22*F22 -> 267904 | J22: =H22*I22 -> 0 | K22: =G22+J22 -> 267904 | M22: =M21+K22-L22 -> 1587926.2
A23: 20 | B23: 46011 | E23: 2800 | F23: 95.68 | G23: =E23*F23 -> 267904 | H23: 40 | I23: 107.46 | J23: =H23*I23 -> 4298.4 | K23: =G23+J23 -> 272202.4 | M23: =M22+K23-L23 -> 1860128.6
A24: 21 | B24: 46012 | E24: 2000 | F24: 95.68 | G24: =E24*F24 -> 191360 | J24: =H24*I24 -> 0 | K24: =G24+J24 -> 191360 | M24: =M23+K24-L24 -> 2051488.6
A25: 22 | B25: 46013 | E25: 1000 | F25: 95.68 | G25: =E25*F25 -> 95680 | J25: =H25*I25 -> 0 | K25: =G25+J25 -> 95680 | M25: =M24+K25-L25 -> 2147168.6
A26: 23 | B26: 46014 | E26: 4300 | F26: 95.68 | G26: =E26*F26 -> 411424 | H26: 55 | I26: 107.46 | J26: =H26*I26 -> 5910.3 | K26: =G26+J26 -> 417334.3 | M26: =M25+K26-L26 -> 2564502.9
A27: 24 | B27: 46015 | E27: 4300 | F27: 95.68 | G27: =E27*F27 -> 411424 | J27: =H27*I27 -> 0 | K27: =G27+J27 -> 411424 | M27: =M26+K27-L27 -> 2975926.9
A28: 25 | B28: 46016 | E28: 1500 | F28: 95.68 | G28: =E28*F28 -> 143520 | J28: =H28*I28 -> 0 | K28: =G28+J28 -> 143520 | M28: =M27+K28-L28 -> 3119446.9
A29: 26 | B29: 46017 | E29: 1500 | F29: 95.68 | G29: =E29*F29 -> 143520 | J29: =H29*I29 -> 0 | K29: =G29+J29 -> 143520 | M29: =M28+K29-L29 -> 3262966.9
A30: 27 | B30: 46018 | E30: 1500 | F30: 95.68 | G30: =E30*F30 -> 143520 | J30: =H30*I30 -> 0 | K30: =G30+J30 -> 143520 | M30: =M29+K30-L30 -> 3406486.9
A31: 28 | B31: 46019 | E31: 1500 | F31: 95.68 | G31: =E31*F31 -> 143520 | J31: =H31*I31 -> 0 | K31: =G31+J31 -> 143520 | M31: =M30+K31-L31 -> 3550006.9
A32: 29 | B32: 46020 | E32: 1500 | F32: 95.68 | G32: =E32*F32 -> 143520 | J32: =H32*I32 -> 0 | K32: =G32+J32 -> 143520 | M32: =M31+K32-L32 -> 3693526.9
A33: 30 | B33: 46021 | E33: 2700 | F33: 95.68 | G33: =E33*F33 -> 258336 | H33: 40 | I33: 107.46 | J33: =H33*I33 -> 4298.4 | K33: =G33+J33 -> 262634.4 | M33: =M32+K33-L33 -> 3956161.3
A34: 31 | B34: 46022 | G34: =E34*F34 -> 0 | K34: =G34+J34 -> 0 | M34: =M33+K34-L34 -> 3956161.3
A35: 32 | G35: =E35*F35 -> 0 | J35: =H35*I35 -> 0 | K35: =G35+J35 -> 0 | M35: =M34+K35-L35 -> 3956161.3
A36: 33 | G36: =E36*F36 -> 0 | J36: =H36*I36 -> 0 | K36: =G36+J36 -> 0
A37: 34 | G37: =E37*F37 -> 0 | H37: 0 | I37: 0 | J37: =H37*I37 -> 0 | K37: =G37+J37 -> 0
E38: =SUM(E3:E37) -> 83600 | G38: =SUM(G3:G37) -> 7998848 | H38: =SUM(H3:H37) -> 335 | J38: =SUM(J3:J37) -> 35999.1 | K38: =SUM(K4:K37) -> 8034847.1 | L38: =SUM(L3:L37) -> 8653305

Sheet Khammam-2
A1: Jayasai union bunk
A2: S.No | B2: Date | C2: GRN No | D2: Ind No/Bill No | E2: Diesel (Lts) | F2: Price | G2: Amount | H2: Petrol (Lts) | I2: Price | J2: Amount | K2: Total amount | L2: Amount paid | M2: As 0n Date | N2: Remarks
A3: Opening Balance | K3: 9561944.8 | M3: 9561944.8
A4: 1 | B4: 45992 | G4: =E4*F4 -> 0 | J4: =H4*I4 -> 0 | K4: =G4+J4 -> 0 | M4: =M3+K4-L4 -> 9561944.8 | O4: =O3+M4-N4 -> 9561944.8
A5: 2 | B5: 45993 | G5: =E5*F5 -> 0 | J5: =H5*I5 -> 0 | K5: =G5+J5 -> 0 | M5: =M4+K5-L5 -> 9561944.8
A6: 3 | B6: 45994 | G6: =E6*F6 -> 0 | J6: =H6*I6 -> 0 | K6: =G6+J6 -> 0 | M6: =M5+K6-L6 -> 9561944.8
A7: 4 | B7: 45995 | G7: =E7*F7 -> 0 | J7: =H7*I7 -> 0 | K7: =G7+J7 -> 0 | M7: =M6+K7-L7 -> 9561944.8
A8: 5 | B8: 45996 | G8: =E8*F8 -> 0 | J8: =H8*I8 -> 0 | K8: =G8+J8 -> 0 | M8: =M7+K8-L8 -> 9561944.8 | O8: 12802499
A9: 6 | B9: 45997 | G9: =E9*F9 -> 0 | J9: =H9*I9 -> 0 | K9: =G9+J9 -> 0 | M9: =M8+K9-L9 -> 9561944.8
A10: 7 | B10: 45998 | G10: =E10*F10 -> 0 | J10: =H10*I10 -> 0 | K10: =G10+J10 -> 0 | M10: =M9+K10-L10 -> 9561944.8
A11: 8 | B11: 45999 | G11: =E11*F11 -> 0 | J11: =H11*I11 -> 0 | K11: =G11+J11 -> 0 | M11: =M10+K11-L11 -> 9561944.8
A12: 9 | B12: 46000 | G12: =E12*F12 -> 0 | J12: =H12*I12 -> 0 | K12: =G12+J12 -> 0 | M12: =M11+K12-L12 -> 9561944.8
A13: 10 | B13: 46001 | G13: =E13*F13 -> 0 | J13: =H13*I13 -> 0 | K13: =G13+J13 -> 0 | M13: =M12+K13-L13 -> 9561944.8
A14: 11 | B14: 46002 | G14: =E14*F14 -> 0 | J14: =H14*I14 -> 0 | K14: =G14+J14 -> 0 | M14: =M13+K14-L14 -> 9561944.8
A15: 12 | B15: 46003 | G15: =E15*F15 -> 0 | J15: =H15*I15 -> 0 | K15: =G15+J15 -> 0 | M15: =M14+K15-L15 -> 9561944.8
A16: 13 | B16: 46004 | G16: =E16*F16 -> 0 | J16: =H16*I16 -> 0 | K16: =G16+J16 -> 0 | M16: =M15+K16-L16 -> 9561944.8
A17: 14 | B17: 46005 | G17: =E17*F17 -> 0 | J17: =H17*I17 -> 0 | K17: =G17+J17 -> 0 | M17: =M16+K17-L17 -> 9561944.8
A18: 15 | B18: 46006 | G18: =E18*F18 -> 0 | J18: =H18*I18 -> 0 | K18: =G18+J18 -> 0 | L18: 9561886 | M18: =M17+K18-L18 -> 58.78
A19: 16 | B19: 46007 | G19: =E19*F19 -> 0 | J19: =H19*I19 -> 0 | K19: =G19+J19 -> 0 | M19: =M18+K19-L19 -> 58.78
A20: 17 | B20: 46008 | D20: Round Off | G20: =E20*F20 -> 0 | J20: =H20*I20 -> 0 | K20: =G20+J20 -> 0 | L20: 58.78 | M20: =M19+K20-L20 -> -6.7055339e-10
A21: 18 | B21: 46009 | E21: 2700 | F21: 95.7 | G21: =E21*F21 -> 258390 | J21: =H21*I21 -> 0 | K21: =G21+J21 -> 258390 | M21: =M20+K21-L21 -> 258390
A22: 19 | B22: 46010 | E22: 2700 | F22: 95.7 | G22: =E22*F22 -> 258390 | J22: =H22*I22 -> 0 | K22: =G22+J22 -> 258390 | M22: =M21+K22-L22 -> 516780
A23: 20 | B23: 46011 | E23: 2700 | F23: 95.7 | G23: =E23*F23 -> 258390 | J23: =H23*I23 -> 0 | K23: =G23+J23 -> 258390 | M23: =M22+K23-L23 -> 775170
A24: 21 | B24: 46012 | E24: 2800 | F24: 95.7 | G24: =E24*F24 -> 267960 | J24: =H24*I24 -> 0 | K24: =G24+J24 -> 267960 | M24: =M23+K24-L24 -> 1043130
A25: 22 | B25: 46013 | E25: 2700 | F25: 95.7 | G25: =E25*F25 -> 258390 | J25: =H25*I25 -> 0 | K25: =G25+J25 -> 258390 | M25: =M24+K25-L25 -> 1301520
A26: 23 | B26: 46014 | E26: 2700 | F26: 95.7 | G26: =E26*F26 -> 258390 | H26: 40 | I26: 107.48 | J26: =H26*I26 -> 4299.2 | K26: =G26+J26 -> 262689.2 | M26: =M25+K26-L26 -> 1564209.2
A27: 24 | B27: 46015 | E27: 2700 | F27: 95.7 | G27: =E27*F27 -> 258390 | J27: =H27*I27 -> 0 | K27: =G27+J27 -> 258390 | M27: =M26+K27-L27 -> 1822599.2
A28: 25 | B28: 46016 | E28: 2700 | F28: 95.7 | G28: =E28*F28 -> 258390 | H28: 40 | I28: 107.48 | J28: =H28*I28 -> 4299.2 | K28: =G28+J28 -> 262689.2 | M28: =M27+K28-L28 -> 2085288.4
A29: 26 | B29: 46017 | E29: 2700 | F29: 95.7 | G29: =E29*F29 -> 258390 | H29: 40 | I29: 107.48 | J29: =H29*I29 -> 4299.2 | K29: =G29+J29 -> 262689.2 | M29: =M28+K29-L29 -> 2347977.6
A30: 27 | B30: 46018 | E30: 2700 | F30: 95.7 | G30: =E30*F30 -> 258390 | H30: 40 | I30: 107.48 | J30: =H30*I30 -> 4299.2 | K30: =G30+J30 -> 262689.2 | M30: =M29+K30-L30 -> 2610666.8
A31: 28 | B31: 46019 | E31: 2700 | F31: 95.7 | G31: =E31*F31 -> 258390 | H31: 40 | I31: 107.48 | J31: =H31*I31 -> 4299.2 | K31: =G31+J31 -> 262689.2 | M31: =M30+K31-L31 -> 2873356
A32: 29 | B32: 46020 | E32: 2700 | F32: 95.7 | G32: =E32*F32 -> 258390 | H32: 20 | I32: 107.48 | J32: =H32*I32 -> 2149.6 | K32: =G32+J32 -> 260539.6 | M32: =M31+K32-L32 -> 3133895.6
A33: 30 | B33: 46021 | E33: 2800 | F33: 95.7 | G33: =E33*F33 -> 267960 | J33: =H33*I33 -> 0 | K33: =G33+J33 -> 267960 | M33: =M32+K33-L33 -> 3401855.6
A34: 31 | B34: 46022 | E34: 2800 | F34: 95.7 | G34: =E34*F34 -> 267960 | J34: =H34*I34 -> 0 | K34: =G34+J34 -> 267960 | M34: =M33+K34-L34 -> 3669815.6
E35: =SUM(E4:E34) -> 38100 | G35: =SUM(G4:G34) -> 3646170 | H35: =SUM(H4:H34) -> 220 | J35: =SUM(J4:J34) -> 23645.6 | K35: =SUM(K4:K34) -> 3669815.6 | L35: =SUM(L4:L34) -> 9561944.8
E38: 83600
E40: =SUM(E35:E39) -> 121700

Sheet Jadcherla -1
A1: Sai Baba Fuel Station
A2: S.No | B2: Date | C2: GRN No | D2: Ind No/Bill No | E2: Diesel (Lts) | F2: Price | G2: Amount | H2: Petrol (Lts) | I2: Price | J2: Amount | K2: Total amount | L2: Amount paid | M2: As on date | N2: Remarks
A3: Opening Balance | M3: 801890.2 | O3: 2623243.4
A4: 1 | B4: 45992 | G4: =E4*F4 -> 0 | H4: 50 | I4: 108.23 | J4: =H4*I4 -> 5411.5 | K4: =G4+J4 -> 5411.5 | L4: 5411.5 | M4: =M3+K4-L4 -> 801890.2
A5: 2 | B5: 45993 | G5: =E5*F5 -> 0 | J5: =H5*I5 -> 0 | K5: =G5+J5 -> 0 | M5: =M4+K5-L5 -> 801890.2
A6: 3 | B6: 45994 | G6: =E6*F6 -> 0 | J6: =H6*I6 -> 0 | K6: =G6+J6 -> 0 | M6: =M5+K6-L6 -> 801890.2
A7: 4 | B7: 45995 | G7: =E7*F7 -> 0 | J7: =H7*I7 -> 0 | K7: =G7+J7 -> 0 | M7: =M6+K7-L7 -> 801890.2 | P7: 5679
A8: 5 | B8: 45996 | G8: =E8*F8 -> 0 | J8: =H8*I8 -> 0 | K8: =G8+J8 -> 0 | M8: =M7+K8-L8 -> 801890.2
A9: 6 | B9: 45997 | G9: =E9*F9 -> 0 | J9: =H9*I9 -> 0 | K9: =G9+J9 -> 0 | M9: =M8+K9-L9 -> 801890.2
A10: 7 | B10: 45998 | G10: =E10*F10 -> 0 | J10: =H10*I10 -> 0 | K10: =G10+J10 -> 0 | M10: =M9+K10-L10 -> 801890.2
A11: 8 | B11: 45999 | G11: =E11*F11 -> 0 | H11: 46 | I11: 108.23 | J11: =H11*I11 -> 4978.58 | K11: =G11+J11 -> 4978.58 | L11: 4978.58 | M11: =M10+K11-L11 -> 801890.2
A12: 9 | B12: 46000 | G12: =E12*F12 -> 0 | K12: =G12+J12 -> 0 | M12: =M11+K12-L12 -> 801890.2
A13: 10 | B13: 46001 | G13: =E13*F13 -> 0 | K13: =G13+J13 -> 0 | M13: =M12+K13-L13 -> 801890.2
A14: 11 | B14: 46002 | G14: =E14*F14 -> 0 | K14: =G14+J14 -> 0 | M14: =M13+K14-L14 -> 801890.2 | P14: 1905988 | Q14: =P14-M14 -> 1104097.8
A15: 12 | B15: 46003 | G15: =E15*F15 -> 0 | K15: =G15+J15 -> 0 | L15: 500000 | M15: =M14+K15-L15 -> 301890.2
A16: 13 | B16: 46004 | G16: =E16*F16 -> 0 | J16: =H16*I16 -> 0 | K16: =G16+J16 -> 0 | M16: =M15+K16-L16 -> 301890.2
A17: 14 | B17: 46005 | G17: =E17*F17 -> 0 | J17: =H17*I17 -> 0 | K17: =G17+J17 -> 0 | M17: =M16+K17-L17 -> 301890.2
A18: 15 | B18: 46006 | G18: =E18*F18 -> 0 | H18: 46.197912 | I18: 108.23 | J18: =H18*I18 -> 5000 | K18: =G18+J18 -> 5000 | L18: 307000 | M18: =M17+K18-L18 -> -109.8044
A19: 16 | B19: 46007 | G19: =E19*F19 -> 0 | J19: =H19*I19 -> 0 | K19: =G19+J19 -> 0 | L19: -109.8 | M19: =M18+K19-L19 -> -0.0044004743
A20: 17 | B20: 46008 | G20: =E20*F20 -> 0 | J20: =H20*I20 -> 0 | K20: =G20+J20 -> 0 | M20: =M19+K20-L20 -> -0.0044004743
A21: 18 | B21: 46009 | G21: =E21*F21 -> 0 | J21: =H21*I21 -> 0 | K21: =G21+J21 -> 0 | M21: =M20+K21-L21 -> -0.0044004743
A22: 19 | B22: 46010 | G22: =E22*F22 -> 0 | J22: =H22*I22 -> 0 | K22: =G22+J22 -> 0 | M22: =M21+K22-L22 -> -0.0044004743
A23: 20 | B23: 46011 | G23: =E23*F23 -> 0 | J23: =H23*I23 -> 0 | K23: =G23+J23 -> 0 | M23: =M22+K23-L23 -> -0.0044004743
A24: 21 | B24: 46012 | G24: =E24*F24 -> 0 | J24: =H24*I24 -> 0 | K24: =G24+J24 -> 0 | M24: =M23+K24-L24 -> -0.0044004743
A25: 22 | B25: 46013 | G25: =E25*F25 -> 0 | J25: =H25*I25 -> 0 | K25: =G25+J25 -> 0 | M25: =M24+K25-L25 -> -0.0044004743
A26: 23 | B26: 46014 | G26: =E26*F26 -> 0 | J26: =H26*I26 -> 0 | K26: =G26+J26 -> 0 | M26: =M25+K26-L26 -> -0.0044004743
A27: 24 | B27: 46015 | G27: =E27*F27 -> 0 | J27: =H27*I27 -> 0 | K27: =G27+J27 -> 0 | M27: =M26+K27-L27 -> -0.0044004743
A28: 25 | B28: 46016 | G28: =E28*F28 -> 0 | J28: =H28*I28 -> 0 | K28: =G28+J28 -> 0 | M28: =M27+K28-L28 -> -0.0044004743
A29: 26 | B29: 46017 | G29: =E29*F29 -> 0 | J29: =H29*I29 -> 0 | K29: =G29+J29 -> 0 | M29: =M28+K29-L29 -> -0.0044004743
A30: 27 | B30: 46018 | G30: =E30*F30 -> 0 | J30: =H30*I30 -> 0 | K30: =G30+J30 -> 0 | M30: =M29+K30-L30 -> -0.0044004743
A31: 28 | B31: 46019 | G31: =E31*F31 -> 0 | J31: =H31*I31 -> 0 | K31: =G31+J31 -> 0 | M31: =M30+K31-L31 -> -0.0044004743
... A33: 30 | B33: 46021 | G33: =E33*F33 -> 0 | J33: =H33*I33 -> 0 | K33: =G33+J33 -> 0 | M33: =M32+K33-L33 -> -0.0044004743
A34: 31 | B34: 46022 | G34: =E34*F34 -> 0 | J34: =H34*I34 -> 0 | K34: =G34+J34 -> 0 | L34: 0 | M34: =M33+K34-L34 -> -0.0044004743 | O34: 2669494 | P34: =O34-M34 -> 2669494
E35: 0 | F35: 0 | G35: =E35*F35 -> 0 | J35: =H35*I35 -> 0 | K35: =G35+J35 -> 0 | M35: =M34+K35-L35 -> -0.0044004743
E36: =SUM(E4:E34) -> 0 | G36: =SUM(G4:G34) -> 0 | H36: =SUM(H4:H34) -> 142.19791 | J36: =SUM(J4:J34) -> 15390.08 | K36: =SUM(K4:K34) -> 15390.08 | L36: =SUM(L4:L34) -> 817280.28
M45: 2408309
M46: 5327.86
M47: =M45-M46 -> 2402981.1

Sheet Jadcharla-2
A1: Jadcherla FILLING STATION STATION
A2: S.No | B2: Date | C2: GRN No | D2: Ind No/Bill No | E2: Diesel (Lts) | F2: Price | G2: Amount | H2: Petrol (Lts) | I2: Price | J2: Amount | K2: Total amount | L2: Amount paid | M2: As on Date | N2: Remarks
A3: Opening Balance | K3: 1123622.9 | M3: =+K3 -> 1123622.9
A4: 1 | B4: 45992 | G4: =E4*F4 -> 0 | J4: =H4*I4 -> 0 | K4: =G4+J4 -> 0 | M4: =M3+K4-L4 -> 1123622.9
A5: 2 | B5: 45993 | G5: =E5*F5 -> 0 | J5: =H5*I5 -> 0 | K5: =G5+J5 -> 0 | M5: =M4+K5-L5 -> 1123622.9
A6: 3 | B6: 45994 | G6: =E6*F6 -> 0 | J6: =H6*I6 -> 0 | K6: =G6+J6 -> 0 | M6: =M5+K6-L6 -> 1123622.9 | R6: 541.08
A7: 4 | B7: 45995 | G7: =E7*F7 -> 0 | J7: =H7*I7 -> 0 | K7: =G7+J7 -> 0 | M7: =M6+K7-L7 -> 1123622.9
A8: 5 | B8: 45996 | G8: =E8*F8 -> 0 | J8: =H8*I8 -> 0 | K8: =G8+J8 -> 0 | M8: =M7+K8-L8 -> 1123622.9
A9: 6 | B9: 45997 | G9: =E9*F9 -> 0 | J9: =H9*I9 -> 0 | K9: =G9+J9 -> 0 | M9: =M8+K9-L9 -> 1123622.9
A10: 7 | B10: 45998 | G10: =E10*F10 -> 0 | J10: =H10*I10 -> 0 | K10: =G10+J10 -> 0 | M10: =M9+K10-L10 -> 1123622.9
A11: 8 | B11: 45999 | G11: =E11*F11 -> 0 | J11: =H11*I11 -> 0 | K11: =G11+J11 -> 0 | M11: =M10+K11-L11 -> 1123622.9
A12: 9 | B12: 46000 | G12: =E12*F12 -> 0 | J12: =H12*I12 -> 0 | K12: =G12+J12 -> 0 | M12: =M11+K12-L12 -> 1123622.9
A13: 10 | B13: 46001 | G13: =E13*F13 -> 0 | J13: =H13*I13 -> 0 | K13: =G13+J13 -> 0 | M13: =M12+K13-L13 -> 1123622.9
A14: 11 | B14: 46002 | G14: =E14*F14 -> 0 | J14: =H14*I14 -> 0 | K14: =G14+J14 -> 0 | M14: =M13+K14-L14 -> 1123622.9
A15: 12 | B15: 46003 | G15: =E15*F15 -> 0 | J15: =H15*I15 -> 0 | K15: =G15+J15 -> 0 | M15: =M14+K15-L15 -> 1123622.9
A16: 13 | B16: 46004 | G16: =E16*F16 -> 0 | J16: =H16*I16 -> 0 | K16: =G16+J16 -> 0 | L16: 1123622.9 | M16: =M15+K16-L16 -> 0
A17: 14 | B17: 46005 | G17: =E17*F17 -> 0 | J17: =H17*I17 -> 0 | K17: =G17+J17 -> 0 | M17: =M16+K17-L17 -> 0
A18: 15 | B18: 46006 | G18: =E18*F18 -> 0 | J18: =H18*I18 -> 0 | K18: =G18+J18 -> 0 | M18: =M17+K18-L18 -> 0
A19: 16 | B19: 46007 | G19: =E19*F19 -> 0 | J19: =H19*I19 -> 0 | K19: =G19+J19 -> 0 | M19: =M18+K19-L19 -> 0
A20: 17 | B20: 46008 | G20: =E20*F20 -> 0 | J20: =H20*I20 -> 0 | K20: =G20+J20 -> 0 | M20: =M19+K20-L20 -> 0
A21: 18 | B21: 46009 | G21: =E21*F21 -> 0 | J21: =H21*I21 -> 0 | K21: =G21+J21 -> 0 | M21: =M20+K21-L21 -> 0
A22: 19 | B22: 46010 | G22: =E22*F22 -> 0 | J22: =H22*I22 -> 0 | K22: =G22+J22 -> 0 | M22: =M21+K22-L22 -> 0
A23: 20 | B23: 46011 | G23: =E23*F23 -> 0 | J23: =H23*I23 -> 0 | K23: =G23+J23 -> 0 | M23: =M22+K23-L23 -> 0
A24: 21 | B24: 46012 | G24: =E24*F24 -> 0 | J24: =H24*I24 -> 0 | K24: =G24+J24 -> 0 | M24: =M23+K24-L24 -> 0
A25: 22 | B25: 46013 | G25: =E25*F25 -> 0 | J25: =H25*I25 -> 0 | K25: =G25+J25 -> 0 | M25: =M24+K25-L25 -> 0
A26: 23 | B26: 46014 | G26: =E26*F26 -> 0 | J26: =H26*I26 -> 0 | K26: =G26+J26 -> 0 | M26: =M25+K26-L26 -> 0
A27: 24 | B27: 46015 | G27: =E27*F27 -> 0 | J27: =H27*I27 -> 0 | K27: =G27+J27 -> 0 | M27: =M26+K27-L27 -> 0
A28: 25 | B28: 46016 | G28: =E28*F28 -> 0 | J28: =H28*I28 -> 0 | K28: =G28+J28 -> 0 | M28: =M27+K28-L28 -> 0
... A33: 30 | B33: 46021 | G33: =E33*F33 -> 0 | J33: =H33*I33 -> 0 | K33: =G33+J33 -> 0 | M33: =M32+K33-L33 -> 0
A34: 31 | B34: 46022 | E34: 0 | F34: 0 | G34: =E34*F34 -> 0 | J34: =H34*I34 -> 0 | K34: =G34+J34 -> 0 | M34: =M33+K34-L34 -> 0 | O34: 1688453.6 | P34: 1900671 | Q34: =P34-O34 -> 212217.42
E35: =SUM(E4:E34) -> 0 | G35: =SUM(G4:G34) -> 0 | H35: =SUM(H4:H34) -> 0 | J35: =SUM(J4:J34) -> 0 | K35: =SUM(K4:K34) -> 0 | L35: =SUM(L4:L34) -> 1123622.9

Sheet Jadcherla-3
A1: JSASFuel Genie India Pvt.Ltd
A2: S.No | B2: Date | C2: GRN No | D2: Ind no/Bill No | E2: Diesel (Lts) | F2: Price | G2: Amount | H2: Petrol (Lts) | I2: Price | J2: Amount | K2: Total amount | L2: Amount paid | M2: As on Date | N2: Remarks
A3: Opening Balance | M3: 1839042.5
A4: 1 | B4: 45992 | G4: =E4*F4 -> 0 | H4: 0 | I4: 0 | J4: =H4*I4 -> 0 | K4: =G4+J4 -> 0 | L4: 0 | M4: =+M3+K4-L4 -> 1839042.5
A5: 2 | B5: 45993 | G5: =E5*F5 -> 0 | H5: 0 | I5: 0 | J5: =H5*I5 -> 0 | K5: =G5+J5 -> 0 | L5: 0 | M5: =+M4+K5-L5 -> 1839042.5
A6: 3 | B6: 45994 | E6: 2000 | F6: 95.43 | G6: =E6*F6 -> 190860 | H6: 0 | I6: 0 | J6: =H6*I6 -> 0 | K6: =G6+J6 -> 190860 | M6: =+M5+K6-L6 -> 2029902.5
A7: 4 | B7: 45995 | G7: =E7*F7 -> 0 | H7: 0 | I7: 0 | J7: =H7*I7 -> 0 | K7: =G7+J7 -> 0 | M7: =+M6+K7-L7 -> 2029902.5
A8: 5 | B8: 45996 | G8: =E8*F8 -> 0 | H8: 0 | I8: 0 | J8: =H8*I8 -> 0 | K8: =G8+J8 -> 0 | M8: =+M7+K8-L8 -> 2029902.5
A9: 6 | B9: 45997 | E9: 1500 | F9: 95.43 | G9: =E9*F9 -> 143145 | H9: 0 | I9: 0 | J9: =H9*I9 -> 0 | K9: =G9+J9 -> 143145 | M9: =+M8+K9-L9 -> 2173047.5
A10: 7 | B10: 45998 | E10: 2000 | F10: 95.43 | G10: =E10*F10 -> 190860 | H10: 0 | I10: 0 | J10: =H10*I10 -> 0 | K10: =G10+J10 -> 190860 | M10: =+M9+K10-L10 -> 2363907.5
A11: 8 | B11: 45999 | G11: =E11*F11 -> 0 | H11: 0 | I11: 0 | J11: =H11*I11 -> 0 | K11: =G11+J11 -> 0 | M11: =+M10+K11-L11 -> 2363907.5
A12: 9 | B12: 46000 | G12: =E12*F12 -> 0 | H12: 0 | I12: 0 | J12: =H12*I12 -> 0 | K12: =G12+J12 -> 0 | M12: =+M11+K12-L12 -> 2363907.5
A13: 10 | B13: 46001 | E13: 1700 | F13: 95.43 | G13: =E13*F13 -> 162231 | H13: 0 | I13: 0 | J13: =H13*I13 -> 0 | K13: =G13+J13 -> 162231 | M13: =+M12+K13-L13 -> 2526138.5
A14: 11 | B14: 46002 | E14: 2400 | F14: 95.43 | G14: =E14*F14 -> 229032 | H14: 0 | I14: 0 | J14: =H14*I14 -> 0 | K14: =G14+J14 -> 229032 | M14: =+M13+K14-L14 -> 2755170.5
A15: 12 | B15: 46003 | G15: =E15*F15 -> 0 | H15: 0 | I15: 0 | J15: =H15*I15 -> 0 | K15: =G15+J15 -> 0 | M15: =+M14+K15-L15 -> 2755170.5
A16: 13 | B16: 46004 | G16: =E16*F16 -> 0 | H16: 0 | I16: 0 | J16: =H16*I16 -> 0 | K16: =G16+J16 -> 0 | M16: =+M15+K16-L16 -> 2755170.5
A17: 14 | B17: 46005 | G17: =E17*F17 -> 0 | H17: 0 | I17: 0 | J17: =H17*I17 -> 0 | K17: =G17+J17 -> 0 | M17: =+M16+K17-L17 -> 2755170.5
A18: 15 | B18: 46006 | E18: 1500 | F18: 95.43 | G18: =E18*F18 -> 143145 | H18: 0 | I18: 0 | J18: =H18*I18 -> 0 | K18: =G18+J18 -> 143145 | M18: =+M17+K18-L18 -> 2898315.5
A19: 16 | B19: 46007 | G19: =E19*F19 -> 0 | H19: 0 | I19: 0 | J19: =H19*I19 -> 0 | K19: =G19+J19 -> 0 | L19: 2755171 | M19: =+M18+K19-L19 -> 143144.5
A20: 17 | B20: 46008 | E20: 2400 | F20: 95.43 | G20: =E20*F20 -> 229032 | H20: 0 | I20: 0 | J20: =H20*I20 -> 0 | K20: =G20+J20 -> 229032 | M20: =+M19+K20-L20 -> 372176.5
A21: 18 | B21: 46009 | G21: =E21*F21 -> 0 | H21: 0 | I21: 0 | J21: =H21*I21 -> 0 | K21: =G21+J21 -> 0 | M21: =+M20+K21-L21 -> 372176.5
A22: 19 | B22: 46010 | E22: 2000 | F22: 95.43 | G22: =E22*F22 -> 190860 | H22: 0 | I22: 0 | J22: =H22*I22 -> 0 | K22: =G22+J22 -> 190860 | M22: =+M21+K22-L22 -> 563036.5
A23: 20 | B23: 46011 | G23: =E23*F23 -> 0 | H23: 0 | I23: 0 | J23: =H23*I23 -> 0 | K23: =G23+J23 -> 0 | M23: =+M22+K23-L23 -> 563036.5
A24: 21 | B24: 46012 | E24: 1500 | F24: 95.43 | G24: =E24*F24 -> 143145 | H24: 0 | I24: 0 | J24: =H24*I24 -> 0 | K24: =G24+J24 -> 143145 | M24: =+M23+K24-L24 -> 706181.5
A25: 22 | B25: 46013 | G25: =E25*F25 -> 0 | H25: 0 | I25: 0 | J25: =H25*I25 -> 0 | K25: =G25+J25 -> 0 | M25: =+M24+K25-L25 -> 706181.5
A26: 23 | B26: 46014 | E26: 1000 | F26: 95.43 | G26: =E26*F26 -> 95430 | H26: 0 | I26: 0 | J26: =H26*I26 -> 0 | K26: =G26+J26 -> 95430 | M26: =+M25+K26-L26 -> 801611.5
A27: 24 | B27: 46015 | G27: =E27*F27 -> 0 | H27: 0 | I27: 0 | J27: =H27*I27 -> 0 | K27: =G27+J27 -> 0 | M27: =+M26+K27-L27 -> 801611.5
A28: 25 | B28: 46016 | G28: =E28*F28 -> 0 | H28: 0 | I28: 0 | J28: =H28*I28 -> 0 | K28: =G28+J28 -> 0 | M28: =+M27+K28-L28 -> 801611.5
A29: 26 | B29: 46017 | E29: 1700 | F29: 95.43 | G29: =E29*F29 -> 162231 | H29: 0 | I29: 0 | J29: =H29*I29 -> 0 | K29: =G29+J29 -> 162231 | M29: =+M28+K29-L29 -> 963842.5
A30: 27 | B30: 46018 | E30: 0 | G30: =E30*F30 -> 0 | H30: 0 | I30: 0 | J30: =H30*I30 -> 0 | K30: =G30+J30 -> 0 | M30: =+M29+K30-L30 -> 963842.5
A31: 28 | B31: 46019 | E31: 1000 | F31: 95.43 | G31: =E31*F31 -> 95430 | H31: 0 | I31: 0 | J31: =H31*I31 -> 0 | K31: =G31+J31 -> 95430 | M31: =+M30+K31-L31 -> 1059272.5
A32: 29 | B32: 46020 | G32: =E32*F32 -> 0 | H32: 0 | I32: 0 | J32: =H32*I32 -> 0 | K32: =G32+J32 -> 0 | M32: =+M31+K32-L32 -> 1059272.5
A33: 30 | B33: 46021 | E33: 1300 | F33: 95.43 | G33: =E33*F33 -> 124059 | H33: 0 | I33: 0 | J33: =H33*I33 -> 0 | K33: =G33+J33 -> 124059 | M33: =+M32+K33-L33 -> 1183331.5
A34: 31 | B34: 46022 | G34: =E34*F34 -> 0 | H34: 0 | I34: 0 | J34: =H34*I34 -> 0 | K34: =G34+J34 -> 0 | L34: 0 | M34: =+M33+K34-L34 -> 1183331.5
E35: =SUM(E4:E34) -> 22000 | G35: =SUM(G4:G34) -> 2099460 | H35: =SUM(H4:H34) -> 0 | J35: =SUM(J4:J34) -> 0 | K35: =SUM(K4:K34) -> 2099460 | L35: =SUM(L4:L34) -> 2755171
F38: /

Sheet Jadcherla-4
A1: Shree Poornima F/S
A2: S.No | B2: Date | C2: GRN No | D2: Ind No/Bill No | E2: Diesel (Lts) | F2: Price | G2: Amount | H2: Petrol (Lts) | I2: Price | J2: Amount | K2: Total amount | L2: Amount paid | M2: As on date | N2: Remarks
A3: Opening Balance | M3: 0
A4: 1 | B4: 45992 | G4: =E4*F4 -> 0 | H4: 0 | I4: 0 | J4: =H4*I4 -> 0 | K4: =G4+J4 -> 0 | L4: 0 | M4: =M3+K4-L4 -> 0
A5: 2 | B5: 45993 | G5: =E5*F5 -> 0 | H5: 0 | I5: 0 | J5: =H5*I5 -> 0 | K5: =G5+J5 -> 0 | L5: 0 | M5: =M4+K5-L5 -> 0
A6: 3 | B6: 45994 | G6: =E6*F6 -> 0 | H6: 0 | I6: 0 | J6: =H6*I6 -> 0 | K6: =G6+J6 -> 0 | L6: 0 | M6: =M5+K6-L6 -> 0
A7: 4 | B7: 45995 | G7: =E7*F7 -> 0 | H7: 0 | I7: 0 | J7: =H7*I7 -> 0 | K7: =G7+J7 -> 0 | L7: 0 | M7: =M6+K7-L7 -> 0
A8: 5 | B8: 45996 | G8: =E8*F8 -> 0 | H8: 0 | I8: 0 | J8: =H8*I8 -> 0 | K8: =G8+J8 -> 0 | L8: 0 | M8: =M7+K8-L8 -> 0
A9: 6 | B9: 45997 | G9: =E9*F9 -> 0 | H9: 0 | I9: 0 | J9: =H9*I9 -> 0 | K9: =G9+J9 -> 0 | L9: 0 | M9: =M8+K9-L9 -> 0
A10: 7 | B10: 45998 | G10: =E10*F10 -> 0 | H10: 0 | I10: 0 | J10: =H10*I10 -> 0 | K10: =G10+J10 -> 0 | L10: 0 | M10: =M9+K10-L10 -> 0
A11: 8 | B11: 45999 | G11: =E11*F11 -> 0 | H11: 0 | I11: 0 | J11: =H11*I11 -> 0 | K11: =G11+J11 -> 0 | L11: 0 | M11: =M10+K11-L11 -> 0
A12: 9 | B12: 46000 | G12: =E12*F12 -> 0 | H12: 0 | I12: 0 | K12: =G12+J12 -> 0 | L12: 0 | M12: =M11+K12-L12 -> 0
A13: 10 | B13: 46001 | G13: =E13*F13 -> 0 | H13: 0 | I13: 0 | K13: =G13+J13 -> 0 | L13: 0 | M13: =M12+K13-L13 -> 0
A14: 11 | B14: 46002 | G14: =E14*F14 -> 0 | H14: 0 | I14: 0 | K14: =G14+J14 -> 0 | L14: 0 | M14: =M13+K14-L14 -> 0
A15: 12 | B15: 46003 | G15: =E15*F15 -> 0 | H15: 0 | I15: 0 | K15: =G15+J15 -> 0 | L15: 0 | M15: =M14+K15-L15 -> 0
A16: 13 | B16: 46004 | G16: =E16*F16 -> 0 | H16: 0 | I16: 0 | J16: =H16*I16 -> 0 | K16: =G16+J16 -> 0 | L16: 0 | M16: =M15+K16-L16 -> 0
A17: 14 | B17: 46005 | G17: =E17*F17 -> 0 | H17: 0 | I17: 0 | J17: =H17*I17 -> 0 | K17: =G17+J17 -> 0 | L17: 0 | M17: =M16+K17-L17 -> 0
A18: 15 | B18: 46006 | G18: =E18*F18 -> 0 | H18: 0 | I18: 0 | J18: =H18*I18 -> 0 | K18: =G18+J18 -> 0 | L18: 0 | M18: =M17+K18-L18 -> 0
A19: 16 | B19: 46007 | G19: =E19*F19 -> 0 | H19: 0 | I19: 0 | J19: =H19*I19 -> 0 | K19: =G19+J19 -> 0 | L19: 0 | M19: =M18+K19-L19 -> 0
A20: 17 | B20: 46008 | G20: =E20*F20 -> 0 | H20: 0 | I20: 0 | J20: =H20*I20 -> 0 | K20: =G20+J20 -> 0 | L20: 0 | M20: =M19+K20-L20 -> 0
A21: 18 | B21: 46009 | G21: =E21*F21 -> 0 | H21: 0 | I21: 0 | J21: =H21*I21 -> 0 | K21: =G21+J21 -> 0 | L21: 0 | M21: =M20+K21-L21 -> 0
A22: 19 | B22: 46010 | G22: =E22*F22 -> 0 | H22: 0 | I22: 0 | J22: =H22*I22 -> 0 | K22: =G22+J22 -> 0 | L22: 0 | M22: =M21+K22-L22 -> 0
A23: 20 | B23: 46011 | G23: =E23*F23 -> 0 | H23: 0 | I23: 0 | J23: =H23*I23 -> 0 | K23: =G23+J23 -> 0 | L23: 0 | M23: =M22+K23-L23 -> 0
A24: 21 | B24: 46012 | G24: =E24*F24 -> 0 | H24: 0 | I24: 0 | J24: =H24*I24 -> 0 | K24: =G24+J24 -> 0 | L24: 0 | M24: =M23+K24-L24 -> 0
A25: 22 | B25: 46013 | G25: =E25*F25 -> 0 | H25: 0 | I25: 0 | J25: =H25*I25 -> 0 | K25: =G25+J25 -> 0 | L25: 0 | M25: =M24+K25-L25 -> 0
A26: 23 | B26: 46014 | E26: 0 | F26: 0 | G26: =E26*F26 -> 0 | H26: 50 | I26: 108.1 | J26: =H26*I26 -> 5405 | K26: =G26+J26 -> 5405 | L26: 0 | M26: =M25+K26-L26 -> 5405
A27: 24 | B27: 46015 | G27: =E27*F27 -> 0 | H27: 0 | I27: 0 | J27: =H27*I27 -> 0 | K27: =G27+J27 -> 0 | L27: 0 | M27: =M26+K27-L27 -> 5405
A28: 25 | B28: 46016 | G28: =E28*F28 -> 0 | H28: 0 | I28: 0 | J28: =H28*I28 -> 0 | K28: =G28+J28 -> 0 | L28: 0 | M28: =M27+K28-L28 -> 5405
A29: 26 | B29: 46017 | G29: =E29*F29 -> 0 | H29: 0 | I29: 0 | J29: =H29*I29 -> 0 | K29: =G29+J29 -> 0 | L29: 0 | M29: =M28+K29-L29 -> 5405
A30: 27 | B30: 46018 | G30: =E30*F30 -> 0 | H30: 0 | I30: 0 | J30: =H30*I30 -> 0 | K30: =G30+J30 -> 0 | L30: 0 | M30: =M29+K30-L30 -> 5405
A31: 28 | B31: 46019 | G31: =E31*F31 -> 0 | J31: =H31*I31 -> 0 | K31: =G31+J31 -> 0 | M31: =M30+K31-L31 -> 5405
A32: 28 | B32: 46020 | G32: =E32*F32 -> 0 | J32: =H32*I32 -> 0 | K32: =G32+J32 -> 0 | M32: =M31+K32-L32 -> 5405
A33: 28 | B33: 46021 | G33: =E33*F33 -> 0 | J33: =H33*I33 -> 0 | K33: =G33+J33 -> 0 | M33: =M32+K33-L33 -> 5405
A34: 28 | B34: 46022 | G34: =E34*F34 -> 0 | J34: =H34*I34 -> 0 | K34: =G34+J34 -> 0 | M34: =M33+K34-L34 -> 5405
E35: =SUM(E4:E34) -> 0 | G35: =SUM(G4:G34) -> 0 | H35: =SUM(H4:H34) -> 50 | J35: =SUM(J4:J34) -> 5405 | K35: =SUM(K4:K34) -> 5405 | L35: =SUM(L4:L34) -> 0

Sheet Devarakhadra
A1: Kurumurthy Swami F/S
A2: S.No | B2: Date | C2: GRN No | D2: Ind no/Bill No | E2: Diesel (Lts) | F2: Price | G2: Amount | H2: Petrol (Lts) | I2: Price | J2: Amount | K2: Total amount | L2: Amount paid | M2: As on Date | N2: Remarks
A3: Opening Balance | M3: 34600.433 | O3: 121213.37
A4: 1 | B4: 45992 | E4: 93.4 | F4: 97.1 | G4: =E4*F4 -> 9069.14 | J4: =H4*I4 -> 0 | K4: =G4+J4 -> 9069.14 | M4: =+M3+K4-L4 -> 43669.573
A5: 2 | B5: 45993 | G5: =E5*F5 -> 0 | J5: =H5*I5 -> 0 | K5: =G5+J5 -> 0 | M5: =+M4+K5-L5 -> 43669.573
A6: 3 | B6: 45994 | G6: =E6*F6 -> 0 | J6: =H6*I6 -> 0 | K6: =G6+J6 -> 0 | M6: =+M5+K6-L6 -> 43669.573
A7: 4 | B7: 45995 | E7: 35 | F7: 97.1 | G7: =E7*F7 -> 3398.5 | J7: =H7*I7 -> 0 | K7: =G7+J7 -> 3398.5 | M7: =+M6+K7-L7 -> 47068.073
A8: 5 | B8: 45996 | G8: =E8*F8 -> 0 | J8: =H8*I8 -> 0 | K8: =G8+J8 -> 0 | M8: =+M7+K8-L8 -> 47068.073
A9: 6 | B9: 45997 | E9: 39 | F9: 97.1 | G9: =E9*F9 -> 3786.9 | J9: =H9*I9 -> 0 | K9: =G9+J9 -> 3786.9 | M9: =+M8+K9-L9 -> 50854.973
A10: 7 | B10: 45998 | G10: =E10*F10 -> 0 | J10: =H10*I10 -> 0 | K10: =G10+J10 -> 0 | M10: =+M9+K10-L10 -> 50854.973
A11: 8 | B11: 45999 | G11: =E11*F11 -> 0 | H11: 5 | I11: 108.93 | J11: =H11*I11 -> 544.65 | K11: =G11+J11 -> 544.65 | M11: =+M10+K11-L11 -> 51399.623
A12: 9 | B12: 46000 | G12: =E12*F12 -> 0 | J12: =H12*I12 -> 0 | K12: =G12+J12 -> 0 | M12: =+M11+K12-L12 -> 51399.623
A13: 10 | B13: 46001 | G13: =E13*F13 -> 0 | J13: =H13*I13 -> 0 | K13: =G13+J13 -> 0 | M13: =+M12+K13-L13 -> 51399.623
A14: 11 | B14: 46002 | E14: 37.28 | F14: 97.1 | G14: =E14*F14 -> 3619.888 | H14: 5 | I14: 108.83 | J14: =H14*I14 -> 544.15 | K14: =G14+J14 -> 4164.038 | M14: =+M13+K14-L14 -> 55563.661
A15: 12 | B15: 46003 | G15: =E15*F15 -> 0 | J15: =H15*I15 -> 0 | K15: =G15+J15 -> 0 | M15: =+M14+K15-L15 -> 55563.661
A16: 13 | B16: 46004 | G16: =E16*F16 -> 0 | H16: 5 | I16: 108.83 | J16: =H16*I16 -> 544.15 | K16: =G16+J16 -> 544.15 | M16: =+M15+K16-L16 -> 56107.811
A17: 14 | B17: 46005 | G17: =E17*F17 -> 0 | J17: =H17*I17 -> 0 | K17: =G17+J17 -> 0 | M17: =+M16+K17-L17 -> 56107.811
A18: 15 | B18: 46006 | G18: =E18*F18 -> 0 | J18: =H18*I18 -> 0 | K18: =G18+J18 -> 0 | M18: =+M17+K18-L18 -> 56107.811
A19: 16 | B19: 46007 | G19: =E19*F19 -> 0 | J19: =H19*I19 -> 0 | K19: =G19+J19 -> 0 | L19: 55563 | M19: =+M18+K19-L19 -> 544.811 | N19: Fuel bills
A20: 17 | B20: 46008 | G20: =E20*F20 -> 0 | J20: =H20*I20 -> 0 | K20: =G20+J20 -> 0 | M20: =+M19+K20-L20 -> 544.811
A21: 18 | B21: 46009 | G21: =E21*F21 -> 0 | J21: =H21*I21 -> 0 | K21: =G21+J21 -> 0 | M21: =+M20+K21-L21 -> 544.811
A22: 19 | B22: 46010 | G22: =E22*F22 -> 0 | J22: =H22*I22 -> 0 | K22: =G22+J22 -> 0 | M22: =+M21+K22-L22 -> 544.811
A23: 20 | B23: 46011 | G23: =E23*F23 -> 0 | J23: =H23*I23 -> 0 | K23: =G23+J23 -> 0 | M23: =+M22+K23-L23 -> 544.811
A24: 21 | B24: 46012 | G24: =E24*F24 -> 0 | J24: =H24*I24 -> 0 | K24: =G24+J24 -> 0 | M24: =+M23+K24-L24 -> 544.811
A25: 22 | B25: 46013 | E25: 35 | F25: 97.1 | G25: =E25*F25 -> 3398.5 | J25: =H25*I25 -> 0 | K25: =G25+J25 -> 3398.5 | M25: =+M24+K25-L25 -> 3943.311
A26: 23 | B26: 46014 | G26: =E26*F26 -> 0 | J26: =H26*I26 -> 0 | K26: =G26+J26 -> 0 | M26: =+M25+K26-L26 -> 3943.311
A27: 24 | B27: 46015 | G27: =E27*F27 -> 0 | J27: =H27*I27 -> 0 | K27: =G27+J27 -> 0 | M27: =+M26+K27-L27 -> 3943.311
A28: 25 | B28: 46016 | G28: =E28*F28 -> 0 | H28: 5 | I28: 108.3 | J28: =H28*I28 -> 541.5 | K28: =G28+J28 -> 541.5 | M28: =+M27+K28-L28 -> 4484.811
A29: 26 | B29: 46017 | G29: =E29*F29 -> 0 | J29: =H29*I29 -> 0 | K29: =G29+J29 -> 0 | M29: =+M28+K29-L29 -> 4484.811
A30: 27 | B30: 46018 | G30: =E30*F30 -> 0 | J30: =H30*I30 -> 0 | K30: =G30+J30 -> 0 | M30: =+M29+K30-L30 -> 4484.811
A31: 28 | B31: 46019 | G31: =E31*F31 -> 0 | H31: 5 | I31: 108.3 | J31: =H31*I31 -> 541.5 | K31: =G31+J31 -> 541.5 | M31: =+M30+K31-L31 -> 5026.311
A32: 29 | B32: 46020 | G32: =E32*F32 -> 0 | J32: =H32*I32 -> 0 | K32: =G32+J32 -> 0 | M32: =+M31+K32-L32 -> 5026.311
A33: 30 | B33: 46021 | G33: =E33*F33 -> 0 | J33: =H33*I33 -> 0 | K33: =G33+J33 -> 0 | M33: =+M32+K33-L33 -> 5026.311
A34: 31 | B34: 46022 | G34: =E34*F34 -> 0 | J34: =H34*I34 -> 0 | K34: =G34+J34 -> 0 | M34: =+M33+K34-L34 -> 5026.311
E35: =SUM(E4:E34) -> 239.68 | G35: =SUM(G4:G34) -> 23272.928 | H35: =SUM(H4:H34) -> 25 | J35: =SUM(J4:J34) -> 2715.95 | K35: =SUM(K4:K34) -> 25988.878 | L35: =SUM(L4:L34) -> 55563

Sheet Devarakhadra-2
A1: JSASFuel Genie India Pvt.Ltd
A2: S.No | B2: Date | C2: GRN No | D2: Ind no/Bill No | E2: Diesel (Lts) | F2: Price | G2: Amount | H2: Petrol (Lts) | I2: Price | J2: Amount | K2: Total amount | L2: Amount paid | M2: As on Date | N2: Remarks
A3: Opening Balance | M3: 66053.768
A4: 1 | B4: 45992 | G4: =E4*F4 -> 0 | H4: 0 | I4: 0 | J4: =H4*I4 -> 0 | K4: =G4+J4 -> 0 | L4: 0 | M4: =+M3+K4-L4 -> 66053.768
A5: 2 | B5: 45993 | G5: =E5*F5 -> 0 | H5: 0 | I5: 0 | J5: =H5*I5 -> 0 | K5: =G5+J5 -> 0 | L5: 0 | M5: =+M4+K5-L5 -> 66053.768
A6: 3 | B6: 45994 | G6: =E6*F6 -> 0 | H6: 0 | I6: 0 | J6: =H6*I6 -> 0 | K6: =G6+J6 -> 0 | L6: 0 | M6: =+M5+K6-L6 -> 66053.768
A7: 4 | B7: 45995 | G7: =E7*F7 -> 0 | H7: 0 | I7: 0 | J7: =H7*I7 -> 0 | K7: =G7+J7 -> 0 | L7: 0 | M7: =+M6+K7-L7 -> 66053.768
A8: 5 | B8: 45996 | G8: =E8*F8 -> 0 | H8: 0 | I8: 0 | J8: =H8*I8 -> 0 | K8: =G8+J8 -> 0 | L8: 0 | M8: =+M7+K8-L8 -> 66053.768
A9: 6 | B9: 45997 | G9: =E9*F9 -> 0 | H9: 0 | I9: 0 | J9: =H9*I9 -> 0 | K9: =G9+J9 -> 0 | L9: 0 | M9: =+M8+K9-L9 -> 66053.768
A10: 7 | B10: 45998 | G10: =E10*F10 -> 0 | H10: 0 | I10: 0 | J10: =H10*I10 -> 0 | K10: =G10+J10 -> 0 | L10: 0 | M10: =+M9+K10-L10 -> 66053.768
A11: 8 | B11: 45999 | G11: =E11*F11 -> 0 | H11: 0 | I11: 0 | J11: =H11*I11 -> 0 | K11: =G11+J11 -> 0 | L11: 0 | M11: =+M10+K11-L11 -> 66053.768
A12: 9 | B12: 46000 | G12: =E12*F12 -> 0 | H12: 0 | I12: 0 | J12: =H12*I12 -> 0 | K12: =G12+J12 -> 0 | L12: 0 | M12: =+M11+K12-L12 -> 66053.768
A13: 10 | B13: 46001 | G13: =E13*F13 -> 0 | H13: 0 | I13: 0 | J13: =H13*I13 -> 0 | K13: =G13+J13 -> 0 | L13: 0 | M13: =+M12+K13-L13 -> 66053.768
A14: 11 | B14: 46002 | G14: =E14*F14 -> 0 | H14: 0 | I14: 0 | J14: =H14*I14 -> 0 | K14: =G14+J14 -> 0 | L14: 0 | M14: =+M13+K14-L14 -> 66053.768
A15: 12 | B15: 46003 | G15: =E15*F15 -> 0 | H15: 0 | I15: 0 | J15: =H15*I15 -> 0 | K15: =G15+J15 -> 0 | L15: 0 | M15: =+M14+K15-L15 -> 66053.768
A16: 13 | B16: 46004 | G16: =E16*F16 -> 0 | H16: 0 | I16: 0 | J16: =H16*I16 -> 0 | K16: =G16+J16 -> 0 | L16: 0 | M16: =+M15+K16-L16 -> 66053.768
A17: 14 | B17: 46005 | H17: 0 | I17: 0 | J17: =H17*I17 -> 0 | K17: =G17+J17 -> 0 | L17: 0 | M17: =+M16+K17-L17 -> 66053.768
A18: 15 | B18: 46006 | H18: 0 | I18: 0 | J18: =H18*I18 -> 0 | K18: =G18+J18 -> 0 | L18: 66053.77 | M18: =+M17+K18-L18 -> -0.0015
A19: 16 | B19: 46007 | H19: 0 | I19: 0 | J19: =H19*I19 -> 0 | K19: =G19+J19 -> 0 | L19: 0 | M19: =+M18+K19-L19 -> -0.0015
A20: 17 | B20: 46008 | G20: =E20*F20 -> 0 | H20: 0 | I20: 0 | J20: =H20*I20 -> 0 | K20: =G20+J20 -> 0 | L20: 0 | M20: =+M19+K20-L20 -> -0.0015
A21: 18 | B21: 46009 | G21: =E21*F21 -> 0 | H21: 0 | I21: 0 | J21: =H21*I21 -> 0 | K21: =G21+J21 -> 0 | L21: 0 | M21: =+M20+K21-L21 -> -0.0015
A22: 19 | B22: 46010 | G22: =E22*F22 -> 0 | H22: 0 | I22: 0 | J22: =H22*I22 -> 0 | K22: =G22+J22 -> 0 | L22: 0 | M22: =+M21+K22-L22 -> -0.0015
A23: 20 | B23: 46011 | G23: =E23*F23 -> 0 | H23: 0 | I23: 0 | J23: =H23*I23 -> 0 | K23: =G23+J23 -> 0 | L23: 0 | M23: =+M22+K23-L23 -> -0.0015
A24: 21 | B24: 46012 | G24: =E24*F24 -> 0 | H24: 0 | I24: 0 | J24: =H24*I24 -> 0 | K24: =G24+J24 -> 0 | L24: 0 | M24: =+M23+K24-L24 -> -0.0015
A25: 22 | B25: 46013 | G25: =E25*F25 -> 0 | H25: 0 | I25: 0 | J25: =H25*I25 -> 0 | K25: =G25+J25 -> 0 | L25: 0 | M25: =+M24+K25-L25 -> -0.0015
A26: 23 | B26: 46014 | G26: =E26*F26 -> 0 | H26: 0 | I26: 0 | J26: =H26*I26 -> 0 | K26: =G26+J26 -> 0 | L26: 0 | M26: =+M25+K26-L26 -> -0.0015
A27: 24 | B27: 46015 | G27: =E27*F27 -> 0 | H27: 0 | I27: 0 | J27: =H27*I27 -> 0 | K27: =G27+J27 -> 0 | L27: 0 | M27: =+M26+K27-L27 -> -0.0015
A28: 25 | B28: 46016 | G28: =E28*F28 -> 0 | H28: 0 | I28: 0 | J28: =H28*I28 -> 0 | K28: =G28+J28 -> 0 | L28: 0 | M28: =+M27+K28-L28 -> -0.0015
A29: 26 | B29: 46017 | G29: =E29*F29 -> 0 | H29: 0 | I29: 0 | J29: =H29*I29 -> 0 | K29: =G29+J29 -> 0 | L29: 0 | M29: =+M28+K29-L29 -> -0.0015
A30: 27 | B30: 46018 | G30: =E30*F30 -> 0 | H30: 0 | I30: 0 | J30: =H30*I30 -> 0 | K30: =G30+J30 -> 0 | L30: 0 | M30: =+M29+K30-L30 -> -0.0015
A31: 28 | B31: 46019 | G31: =E31*F31 -> 0 | H31: 0 | I31: 0 | J31: =H31*I31 -> 0 | K31: =G31+J31 -> 0 | L31: 0 | M31: =+M30+K31-L31 -> -0.0015
... A34: 31 | B34: 46022 | G34: =E34*F34 -> 0 | H34: 0 | I34: 0 | J34: =H34*I34 -> 0 | K34: =G34+J34 -> 0 | L34: 0 | M34: =+M33+K34-L34 -> -0.0015
E35: =SUM(E4:E34) -> 0 | G35: =SUM(G4:G34) -> 0 | H35: =SUM(H4:H34) -> 0 | J35: =SUM(J4:J34) -> 0 | K35: =SUM(K4:K34) -> 0 | L35: =SUM(L4:L34) -> 66053.77
F38: /

Sheet Dindi
A1: Akarapu Balakistamma Fillling
A2: S.No | B2: Date | C2: GRN No | D2: Ind no/Bill No | E2: Diesel (Lts) | F2: Price | G2: Amount | H2: Petrol (Lts) | I2: Price | J2: Amount | K2: Total amount | L2: Amount paid | M2: As on Date | N2: Remarks
A3: Opening Balance | M3: 0
A4: 1 | B4: 45992 | G4: =E4*F4 -> 0 | H4: 0 | I4: 0 | J4: =H4*I4 -> 0 | K4: =G4+J4 -> 0 | L4: =+K4 -> 0 | M4: 0
A5: 2 | B5: 45993 | G5: =E5*F5 -> 0 | H5: 0 | I5: 0 | J5: =H5*I5 -> 0 | K5: =G5+J5 -> 0 | L5: =+K5 -> 0 | M5: 0
A6: 3 | B6: 45994 | G6: =E6*F6 -> 0 | H6: 0 | I6: 0 | J6: =H6*I6 -> 0 | K6: =G6+J6 -> 0 | L6: =+K6 -> 0 | M6: 0
A7: 4 | B7: 45995 | G7: =E7*F7 -> 0 | H7: 0 | I7: 0 | J7: =H7*I7 -> 0 | K7: =G7+J7 -> 0 | L7: =+K7 -> 0 | M7: 0
A8: 5 | B8: 45996 | G8: =E8*F8 -> 0 | H8: 0 | I8: 0 | J8: =H8*I8 -> 0 | K8: =G8+J8 -> 0 | L8: =+K8 -> 0 | M8: 0
A9: 6 | B9: 45997 | G9: =E9*F9 -> 0 | H9: 0 | I9: 0 | J9: =H9*I9 -> 0 | K9: =G9+J9 -> 0 | L9: =+K9 -> 0 | M9: 0
A10: 7 | B10: 45998 | G10: =E10*F10 -> 0 | H10: 0 | I10: 0 | J10: =H10*I10 -> 0 | K10: =G10+J10 -> 0 | L10: =+K10 -> 0 | M10: 0
A11: 8 | B11: 45999 | E11: 39.24 | F11: 96.83 | G11: =E11*F11 -> 3799.6092 | H11: 0 | I11: 0 | J11: =H11*I11 -> 0 | K11: =G11+J11 -> 3799.6092 | L11: =+K11 -> 3799.6092 | M11: 0
A12: 9 | B12: 46000 | G12: =E12*F12 -> 0 | H12: 0 | I12: 0 | J12: =H12*I12 -> 0 | K12: =G12+J12 -> 0 | L12: =+K12 -> 0 | M12: 0
A13: 10 | B13: 46001 | G13: =E13*F13 -> 0 | H13: 0 | I13: 0 | J13: =H13*I13 -> 0 | K13: =G13+J13 -> 0 | L13: =+K13 -> 0 | M13: 0
A14: 11 | B14: 46002 | G14: =E14*F14 -> 0 | H14: 0 | I14: 0 | J14: =H14*I14 -> 0 | K14: =G14+J14 -> 0 | L14: =+K14 -> 0 | M14: 0
A15: 12 | B15: 46003 | G15: =E15*F15 -> 0 | H15: 0 | I15: 0 | J15: =H15*I15 -> 0 | K15: =G15+J15 -> 0 | L15: =+K15 -> 0 | M15: 0
A16: 13 | B16: 46004 | G16: =E16*F16 -> 0 | H16: 0 | I16: 0 | J16: =H16*I16 -> 0 | K16: =G16+J16 -> 0 | L16: =+K16 -> 0 | M16: 0
A17: 14 | B17: 46005 | E17: 36.03 | F17: 95.76 | G17: =E17*F17 -> 3450.2328 | H17: 0 | I17: 0 | J17: =H17*I17 -> 0 | K17: =G17+J17 -> 3450.2328 | L17: =+K17 -> 3450.2328 | M17: 0
A18: 15 | B18: 46006 | G18: =E18*F18 -> 0 | H18: 0 | I18: 0 | J18: =H18*I18 -> 0 | K18: =G18+J18 -> 0 | L18: =+K18 -> 0 | M18: 0
A19: 16 | B19: 46007 | G19: =E19*F19 -> 0 | H19: 0 | I19: 0 | J19: =H19*I19 -> 0 | K19: =G19+J19 -> 0 | L19: =+K19 -> 0 | M19: 0
A20: 17 | B20: 46008 | G20: =E20*F20 -> 0 | H20: 0 | I20: 0 | J20: =H20*I20 -> 0 | K20: =G20+J20 -> 0 | L20: =+K20 -> 0 | M20: 0
A21: 18 | B21: 46009 | G21: =E21*F21 -> 0 | H21: 0 | I21: 0 | J21: =H21*I21 -> 0 | K21: =G21+J21 -> 0 | L21: =+K21 -> 0 | M21: 0
A22: 19 | B22: 46010 | G22: =E22*F22 -> 0 | H22: 0 | I22: 0 | J22: =H22*I22 -> 0 | K22: =G22+J22 -> 0 | L22: =+K22 -> 0 | M22: 0
A23: 20 | B23: 46011 | G23: =E23*F23 -> 0 | H23: 0 | I23: 0 | J23: =H23*I23 -> 0 | K23: =G23+J23 -> 0 | L23: =+K23 -> 0 | M23: 0
A24: 21 | B24: 46012 | G24: =E24*F24 -> 0 | H24: 0 | I24: 0 | J24: =H24*I24 -> 0 | K24: =G24+J24 -> 0 | L24: =+K24 -> 0 | M24: 0
A25: 22 | B25: 46013 | G25: =E25*F25 -> 0 | H25: 0 | I25: 0 | J25: =H25*I25 -> 0 | K25: =G25+J25 -> 0 | L25: =+K25 -> 0 | M25: 0
A26: 23 | B26: 46014 | G26: =E26*F26 -> 0 | H26: 0 | I26: 0 | J26: =H26*I26 -> 0 | K26: =G26+J26 -> 0 | L26: =+K26 -> 0 | M26: 0
A27: 24 | B27: 46015 | E27: 40.68 | F27: 96.83 | G27: =E27*F27 -> 3939.0444 | H27: 0 | I27: 0 | J27: =H27*I27 -> 0 | K27: =G27+J27 -> 3939.0444 | L27: =+K27 -> 3939.0444 | M27: 0
A28: 25 | B28: 46016 | H28: 0 | I28: 0 | J28: =H28*I28 -> 0 | K28: =G28+J28 -> 0 | L28: =+K28 -> 0 | M28: 0
A29: 26 | B29: 46017 | G29: =E29*F29 -> 0 | H29: 0 | I29: 0 | J29: =H29*I29 -> 0 | K29: =G29+J29 -> 0 | L29: =+K29 -> 0 | M29: 0
A30: 27 | B30: 46018 | G30: =E30*F30 -> 0 | H30: 0 | I30: 0 | J30: =H30*I30 -> 0 | K30: =G30+J30 -> 0 | L30: =+K30 -> 0 | M30: 0
A31: 28 | B31: 46019 | G31: =E31*F31 -> 0 | H31: 0 | I31: 0 | J31: =H31*I31 -> 0 | K31: =G31+J31 -> 0 | L31: =+K31 -> 0 | M31: 0
A32: 29 | B32: 46020 | G32: =E32*F32 -> 0 | H32: 0 | I32: 0 | J32: =H32*I32 -> 0 | K32: =G32+J32 -> 0 | L32: =+K32 -> 0 | M32: 0
A33: 30 | B33: 46021 | G33: =E33*F33 -> 0 | H33: 0 | I33: 0 | J33: =H33*I33 -> 0 | K33: =G33+J33 -> 0 | L33: =+K33 -> 0 | M33: 0
A34: 31 | B34: 46022 | G34: =E34*F34 -> 0 | H34: 0 | I34: 0 | J34: =H34*I34 -> 0 | K34: =G34+J34 -> 0 | L34: =+K34 -> 0 | M34: 0
E35: =SUM(E4:E34) -> 115.95 | G35: =SUM(G4:G34) -> 11188.886 | H35: =SUM(H4:H34) -> 0 | J35: =SUM(J4:J34) -> 0 | K35: =SUM(K4:K34) -> 11188.886 | L35: =SUM(L4:L34) -> 11188.886

Sheet Amalapuram
A1: Sathya Filling Station
A2: S.No | B2: Date | C2: GRN No | D2: Ind no/Bill No | E2: Diesel (Lts) | F2: Price | G2: Amount | H2: Petrol (Lts) | I2: Price | J2: Amount | K2: Total amount | L2: Amount paid | M2: As on Date | N2: Remarks
A3: Opening Balance | M3: 0
A4: 1 | C4: Narayana Swamy | D4: Palakol | G4: =E4*F4 -> 0 | H4: 5.02 | I4: 109.63 | J4: =H4*I4 -> 550.3426 | K4: =G4+J4 -> 550.3426 | L4: 550.34 | M4: =+M3+K4-L4 -> 0.0026
A5: 2 | G5: =E5*F5 -> 0 | J5: =H5*I5 -> 0 | K5: =G5+J5 -> 0 | M5: =+M4+K5-L5 -> 0.0026
A6: 3 | G6: =E6*F6 -> 0 | J6: =H6*I6 -> 0 | K6: =G6+J6 -> 0 | M6: =+M5+K6-L6 -> 0.0026
A7: 4 | G7: =E7*F7 -> 0 | J7: =H7*I7 -> 0 | K7: =G7+J7 -> 0 | M7: =+M6+K7-L7 -> 0.0026
A8: 5 | G8: =E8*F8 -> 0 | J8: =H8*I8 -> 0 | K8: =G8+J8 -> 0 | M8: =+M7+K8-L8 -> 0.0026
A9: 6 | G9: =E9*F9 -> 0 | J9: =H9*I9 -> 0 | K9: =G9+J9 -> 0 | M9: =+M8+K9-L9 -> 0.0026
A10: 7 | G10: =E10*F10 -> 0 | J10: =H10*I10 -> 0 | K10: =G10+J10 -> 0 | M10: =+M9+K10-L10 -> 0.0026
A11: 8 | G11: =E11*F11 -> 0 | J11: =H11*I11 -> 0 | K11: =G11+J11 -> 0 | M11: =+M10+K11-L11 -> 0.0026
A12: 9 | G12: =E12*F12 -> 0 | J12: =H12*I12 -> 0 | K12: =G12+J12 -> 0 | M12: =+M11+K12-L12 -> 0.0026
A13: 10 | C13: BP-Lalacheruvu Bharat Petroleum | D13: Rajahmundry | E13: 39 | F13: 96.74 | G13: =E13*F13 -> 3772.86 | H13: 5 | I13: 108.86 | J13: =H13*I13 -> 544.3 | K13: =G13+J13 -> 4317.16 | L13: 4317.16 | M13: =+M12+K13-L13 -> 0.0026
A14: 11 | G14: =E14*F14 -> 0 | J14: =H14*I14 -> 0 | K14: =G14+J14 -> 0 | M14: =+M13+K14-L14 -> 0.0026
A15: 12 | G15: =E15*F15 -> 0 | J15: =H15*I15 -> 0 | K15: =G15+J15 -> 0 | M15: =+M14+K15-L15 -> 0.0026
A16: 13 | G16: =E16*F16 -> 0 | J16: =H16*I16 -> 0 | K16: =G16+J16 -> 0 | M16: =+M15+K16-L16 -> 0.0026
G17: =E17*F17 -> 0 | J17: =H17*I17 -> 0 | K17: =G17+J17 -> 0 | M17: =+M16+K17-L17 -> 0.0026
A18: 14 | G18: =E18*F18 -> 0 | J18: =H18*I18 -> 0 | K18: =G18+J18 -> 0 | M18: =+M16+K18-L18 -> 0.0026
A19: 15 | G19: =E19*F19 -> 0 | J19: =H19*I19 -> 0 | K19: =G19+J19 -> 0 | M19: =+M18+K19-L19 -> 0.0026
A20: 16 | C20: Bharat Filling Station | D20: Nuziveedu | E20: 48.03 | F20: 97.12 | G20: =E20*F20 -> 4664.6736 | J20: =H20*I20 -> 0 | K20: =G20+J20 -> 4664.6736 | L20: 4664.67 | M20: =+M19+K20-L20 -> 0.0062
A21: 17 | G21: =E21*F21 -> 0 | J21: =H21*I21 -> 0 | K21: =G21+J21 -> 0 | M21: =+M20+K21-L21 -> 0.0062
A22: 18 | C22: Sri Sathya Enterprises Bharat Petroleum | D22: Mettacur(Yanam) | E22: 38 | F22: 86.75 | G22: =E22*F22 -> 3296.5 | J22: =H22*I22 -> 0 | K22: =G22+J22 -> 3296.5 | L22: 3296.5 | M22: =+M21+K22-L22 -> 0.0062
A23: 19 | C23: Shree Surya Prakash Bharat Petroleum | D23: Rajahmundry | E23: 0 | H23: 5 | I23: 108.86 | J23: =H23*I23 -> 544.3 | K23: 544.3 | L23: 544.3 | M23: =+M22+K23-L23 -> 0.0062
A24: 20 | C24: Sri Venkateswara Enterprises | D24: Yanam | E24: 42.03 | F24: 86.75 | G24: =E24*F24 -> 3646.1025 | J24: =H24*I24 -> 0 | K24: =G24+J24 -> 3646.1025 | L24: 3646.1 | M24: =+M23+K24-L24 -> 0.0087
A25: 21 | G25: =E25*F25 -> 0 | J25: =H25*I25 -> 0 | K25: =G25+J25 -> 0 | M25: =+M24+K25-L25 -> 0.0087
A26: 22 | G26: =E26*F26 -> 0 | J26: =H26*I26 -> 0 | K26: =G26+J26 -> 0 | M26: =+M25+K26-L26 -> 0.0087
A27: 23 | C27: Sri Venkateswara Enterprises | D27: Yanam | E27: 44.83 | F27: 86.75 | G27: =E27*F27 -> 3889.0025 | J27: =H27*I27 -> 0 | K27: =G27+J27 -> 3889.0025 | L27: 3889 | M27: =+M26+K27-L27 -> 0.0112
A28: 24 | G28: =E28*F28 -> 0 | J28: =H28*I28 -> 0 | K28: =G28+J28 -> 0 | M28: =+M27+K28-L28 -> 0.0112
A29: 25 | G29: =E29*F29 -> 0 | J29: =H29*I29 -> 0 | K29: =G29+J29 -> 0 | M29: =+M28+K29-L29 -> 0.0112
A30: 26 | G30: =E30*F30 -> 0 | J30: =H30*I30 -> 0 | K30: =G30+J30 -> 0 | M30: =+M29+K30-L30 -> 0.0112
A31: 27 | G31: =E31*F31 -> 0 | J31: =H31*I31 -> 0 | K31: =G31+J31 -> 0 | M31: =+M30+K31-L31 -> 0.0112
A32: 28 | G32: =E32*F32 -> 0 | J32: =H32*I32 -> 0 | K32: =G32+J32 -> 0 | M32: =+M31+K32-L32 -> 0.0112
A33: 29 | G33: =E33*F33 -> 0 | J33: =H33*I33 -> 0 | K33: =G33+J33 -> 0 | M33: =+M32+K33-L33 -> 0.0112
G34: =E34*F34 -> 0 | J34: =H34*I34 -> 0 | K34: =G34+J34 -> 0 | M34: 0
A35: 30 | C35: Sree Suryaprakash Service | D35: Rajahmundry | E35: 0 | H35: 10 | I35: 108.86 | J35: =H35*I35 -> 1088.6 | K35: =G35+J35 -> 1088.6 | L35: 1088.6 | M35: =+M33+K35-L35 -> 0.0112
A36: 31 | C36: SREE SURYAPRAKASH SERVICE STAT | D36: Rajahmundry | E36: 47 | F36: 96.74 | G36: =E36*F36 -> 4546.78 | H36: 9.98 | I36: 108.86 | J36: =H36*I36 -> 1086.4228 | K36: =G36+J36 -> 5633.2028 | L36: 5633.2 | M36: =+M35+K36-L36 -> 0.014
E37: =SUM(E4:E36) -> 258.89 | G37: =SUM(G4:G36) -> 23815.919 | H37: =SUM(H4:H36) -> 35 | J37: =SUM(J4:J36) -> 3813.9654 | K37: =SUM(K4:K36) -> 27629.884 | L37: =SUM(L4:L36) -> 27629.87

Sheet Madana palli
A2: S.No | B2: Date | C2: GRN No | D2: Ind no/Bill No | E2: Diesel (Lts) | F2: Price | G2: Amount | H2: Petrol (Lts) | I2: Price | J2: Amount | K2: Total amount | L2: Amount paid | M2: As on Date | N2: Remarks
A3: Opening Balance | M3: 0
A4: 1 | B4: 45992 | G4: =E4*F4 -> 0 | H4: 4.56 | I4: 109.61 | J4: =H4*I4 -> 499.8216 | K4: =G4+J4 -> 499.8216 | L4: =+K4 -> 499.8216 | M4: 0
A5: 2 | B5: 45993 | G5: =E5*F5 -> 0 | H5: 0 | I5: 0 | J5: =H5*I5 -> 0 | K5: =G5+J5 -> 0 | L5: =+K5 -> 0 | M5: 0
A6: 3 | B6: 45994 | G6: =E6*F6 -> 0 | H6: 0 | I6: 0 | J6: =H6*I6 -> 0 | K6: =G6+J6 -> 0 | L6: =+K6 -> 0 | M6: 0
A7: 4 | B7: 45995 | G7: =E7*F7 -> 0 | H7: 0 | I7: 0 | J7: =H7*I7 -> 0 | K7: =G7+J7 -> 0 | L7: =+K7 -> 0 | M7: 0
A8: 5 | B8: 45996 | G8: =E8*F8 -> 0 | H8: 0 | I8: 0 | J8: =H8*I8 -> 0 | K8: =G8+J8 -> 0 | L8: =+K8 -> 0 | M8: 0
A9: 6 | B9: 45997 | G9: =E9*F9 -> 0 | H9: 0 | I9: 0 | J9: =H9*I9 -> 0 | K9: =G9+J9 -> 0 | L9: =+K9 -> 0 | M9: 0
A10: 7 | B10: 45998 | G10: =E10*F10 -> 0 | H10: 0 | I10: 0 | J10: =H10*I10 -> 0 | K10: =G10+J10 -> 0 | L10: =+K10 -> 0 | M10: 0 | O10: 169.99
A11: 8 | B11: 45999 | G11: =E11*F11 -> 0 | H11: 0 | I11: 0 | J11: =H11*I11 -> 0 | K11: =G11+J11 -> 0 | L11: =+K11 -> 0 | M11: 0 | O11: 80
A12: 9 | B12: 46000 | G12: =E12*F12 -> 0 | H12: 0 | I12: 0 | J12: =H12*I12 -> 0 | K12: =G12+J12 -> 0 | L12: =+K12 -> 0 | M12: 0 | O12: =SUM(O10:O11) -> 249.99 | P12: 97.76 | Q12: =O12*P12 -> 24439.022
A13: 10 | B13: 46001 | G13: =E13*F13 -> 0 | H13: 0 | I13: 0 | J13: =H13*I13 -> 0 | K13: =G13+J13 -> 0 | L13: =+K13 -> 0 | M13: 0
A14: 11 | B14: 46002 | G14: =E14*F14 -> 0 | H14: 0 | I14: 0 | J14: =H14*I14 -> 0 | K14: =G14+J14 -> 0 | L14: =+K14 -> 0 | M14: 0
A15: 12 | B15: 46003 | G15: =E15*F15 -> 0 | H15: 0 | I15: 0 | J15: =H15*I15 -> 0 | K15: =G15+J15 -> 0 | L15: =+K15 -> 0 | M15: 0 | P15: 7820.8
A16: 13 | B16: 46004 | G16: =E16*F16 -> 0 | H16: 5.47 | I16: 109.61 | J16: =H16*I16 -> 599.5667 | K16: =G16+J16 -> 599.5667 | L16: =+K16 -> 599.5667 | M16: 0 | P16: 16619.2
A17: 14 | B17: 46005 | G17: =E17*F17 -> 0 | H17: 0 | I17: 0 | J17: =H17*I17 -> 0 | K17: =G17+J17 -> 0 | L17: =+K17 -> 0 | M17: 0 | P17: =SUM(P15:P16) -> 24440
A18: 15 | B18: 46006 | G18: =E18*F18 -> 0 | H18: 0 | I18: 0 | J18: =H18*I18 -> 0 | K18: =G18+J18 -> 0 | L18: =+K18 -> 0 | M18: 0
A19: 16 | B19: 46007 | G19: =E19*F19 -> 0 | H19: 0 | I19: 0 | J19: =H19*I19 -> 0 | K19: =G19+J19 -> 0 | L19: =+K19 -> 0 | M19: 0
A20: 17 | B20: 46008 | G20: =E20*F20 -> 0 | H20: 0 | I20: 0 | J20: =H20*I20 -> 0 | K20: =G20+J20 -> 0 | L20: =+K20 -> 0 | M20: 0
A21: 18 | B21: 46009 | G21: =E21*F21 -> 0 | H21: 0 | I21: 0 | J21: =H21*I21 -> 0 | K21: =G21+J21 -> 0 | L21: =+K21 -> 0 | M21: 0
A22: 19 | B22: 46010 | E22: 400 | F22: 97.76 | G22: =E22*F22 -> 39104 | H22: 0 | I22: 0 | J22: =H22*I22 -> 0 | K22: =G22+J22 -> 39104 | L22: =+K22 -> 39104 | M22: 0
A23: 20 | B23: 46011 | G23: =E23*F23 -> 0 | H23: 0 | I23: 0 | J23: =H23*I23 -> 0 | K23: =G23+J23 -> 0 | L23: =+K23 -> 0 | M23: 0
A24: 21 | B24: 46012 | G24: =E24*F24 -> 0 | H24: 0 | I24: 0 | J24: =H24*I24 -> 0 | K24: =G24+J24 -> 0 | L24: =+K24 -> 0 | M24: 0
A25: 22 | B25: 46013 | G25: =E25*F25 -> 0 | H25: 0 | I25: 0 | J25: =H25*I25 -> 0 | K25: =G25+J25 -> 0 | L25: =+K25 -> 0 | M25: 0
A26: 23 | B26: 46014 | G26: =E26*F26 -> 0 | H26: 0 | I26: 0 | J26: =H26*I26 -> 0 | K26: =G26+J26 -> 0 | L26: =+K26 -> 0 | M26: 0
A27: 24 | B27: 46015 | G27: =E27*F27 -> 0 | H27: 0 | I27: 0 | J27: =H27*I27 -> 0 | K27: =G27+J27 -> 0 | L27: =+K27 -> 0 | M27: 0
A28: 25 | B28: 46016 | G28: =E28*F28 -> 0 | H28: 0 | I28: 0 | J28: =H28*I28 -> 0 | K28: =G28+J28 -> 0 | L28: =+K28 -> 0 | M28: 0
A29: 26 | B29: 46017 | G29: =E29*F29 -> 0 | H29: 0 | I29: 0 | J29: =H29*I29 -> 0 | K29: =G29+J29 -> 0 | L29: =+K29 -> 0 | M29: 0
A30: 27 | B30: 46018 | G30: =E30*F30 -> 0 | H30: 0 | I30: 0 | J30: =H30*I30 -> 0 | K30: =G30+J30 -> 0 | L30: =+K30 -> 0 | M30: 0
A31: 28 | B31: 46019 | G31: =E31*F31 -> 0 | H31: 0 | I31: 0 | J31: =H31*I31 -> 0 | K31: =G31+J31 -> 0 | L31: =+K31 -> 0 | M31: 0
A32: 29 | B32: 46020 | G32: =E32*F32 -> 0 | H32: 0 | I32: 0 | J32: =H32*I32 -> 0 | K32: =G32+J32 -> 0 | L32: =+K32 -> 0 | M32: 0
A33: 30 | B33: 46021 | G33: =E33*F33 -> 0 | H33: 0 | I33: 0 | J33: =H33*I33 -> 0 | K33: =G33+J33 -> 0 | L33: =+K33 -> 0 | M33: 0
A34: 31 | B34: 46022 | E34: 200 | F34: 97.76 | G34: =E34*F34 -> 19552 | H34: 0 | I34: 0 | J34: =H34*I34 -> 0 | K34: =G34+J34 -> 19552 | L34: =+K34 -> 19552 | M34: 0
E35: =SUM(E4:E34) -> 600 | G35: =SUM(G4:G34) -> 58656 | H35: =SUM(H4:H34) -> 10.03 | J35: =SUM(J4:J34) -> 1099.3883 | K35: =SUM(K4:K34) -> 59755.388 | L35: =SUM(L4:L34) -> 59755.388

Sheet Kadur
A1: Vishal Service Station
A2: S.No | B2: Date | C2: GRN No | D2: Ind No/Bill No | E2: Diesel (Lts) | F2: Price | G2: Amount | H2: Petrol (Lts) | I2: Price | J2: Amount | K2: Total amount | L2: Amount paid | M2: As on Date | N2: Remarks
A3: Opening Balance | K3: 164331.63 | M3: 164331.63 | O3: 207239.43
A4: 1 | B4: 45992 | F4: 0 | G4: =E4*F4 -> 0 | H4: 110 | I4: 104.27 | J4: =H4*I4 -> 11469.7 | K4: =G4+J4 -> 11469.7 | M4: =M3+K4-L4 -> 175801.33
A5: 2 | B5: 45993 | F5: 0 | G5: =E5*F5 -> 0 | H5: 0 | I5: 0 | J5: =H5*I5 -> 0 | K5: =G5+J5 -> 0 | M5: =M4+K5-L5 -> 175801.33
A6: 3 | B6: 45994 | F6: 0 | G6: =E6*F6 -> 0 | H6: 0 | I6: 0 | J6: =H6*I6 -> 0 | K6: =G6+J6 -> 0 | M6: =M5+K6-L6 -> 175801.33
A7: 4 | B7: 45995 | F7: 0 | G7: =E7*F7 -> 0 | H7: 0 | I7: 0 | J7: =H7*I7 -> 0 | K7: =G7+J7 -> 0 | M7: =M6+K7-L7 -> 175801.33
A8: 5 | B8: 45996 | F8: 0 | G8: =E8*F8 -> 0 | H8: 0 | I8: 0 | J8: =H8*I8 -> 0 | K8: =G8+J8 -> 0 | M8: =M7+K8-L8 -> 175801.33
A9: 6 | B9: 45997 | F9: 0 | G9: =E9*F9 -> 0 | H9: 0 | I9: 0 | J9: =H9*I9 -> 0 | K9: =G9+J9 -> 0 | M9: =M8+K9-L9 -> 175801.33
A10: 7 | B10: 45998 | F10: 0 | G10: =E10*F10 -> 0 | H10: 0 | I10: 0 | J10: =H10*I10 -> 0 | K10: =G10+J10 -> 0 | M10: =M9+K10-L10 -> 175801.33
A11: 8 | B11: 45999 | F11: 0 | G11: =E11*F11 -> 0 | H11: 0 | I11: 0 | J11: =H11*I11 -> 0 | K11: =G11+J11 -> 0 | M11: =M10+K11-L11 -> 175801.33
A12: 9 | B12: 46000 | F12: 0 | G12: =E12*F12 -> 0 | H12: 0 | I12: 0 | J12: =H12*I12 -> 0 | K12: =G12+J12 -> 0 | M12: =M11+K12-L12 -> 175801.33
A13: 10 | B13: 46001 | F13: 0 | G13: =E13*F13 -> 0 | H13: 0 | I13: 0 | J13: =H13*I13 -> 0 | K13: =G13+J13 -> 0 | M13: =M12+K13-L13 -> 175801.33
A14: 11 | B14: 46002 | F14: 0 | G14: =E14*F14 -> 0 | H14: 0 | I14: 0 | J14: =H14*I14 -> 0 | K14: =G14+J14 -> 0 | M14: =M13+K14-L14 -> 175801.33
A15: 12 | B15: 46003 | F15: 0 | G15: =E15*F15 -> 0 | H15: 0 | I15: 0 | J15: =H15*I15 -> 0 | K15: =G15+J15 -> 0 | M15: =M14+K15-L15 -> 175801.33
... A17: 14 | B17: 46005 | F17: 0 | G17: =E17*F17 -> 0 | H17: 0 | I17: 0 | J17: =H17*I17 -> 0 | K17: =G17+J17 -> 0 | M17: =M16+K17-L17 -> 175801.33
A18: 15 | B18: 46006 | F18: 0 | G18: =E18*F18 -> 0 | H18: 0 | I18: 0 | J18: =H18*I18 -> 0 | K18: =G18+J18 -> 0 | L18: 175801 | M18: =M17+K18-L18 -> 0.331
A19: 16 | B19: 46007 | F19: 0 | G19: =E19*F19 -> 0 | H19: 0 | I19: 0 | J19: =H19*I19 -> 0 | K19: =G19+J19 -> 0 | M19: =M18+K19-L19 -> 0.331
A20: 17 | B20: 46008 | F20: 0 | G20: =E20*F20 -> 0 | H20: 0 | I20: 0 | J20: =H20*I20 -> 0 | K20: =G20+J20 -> 0 | M20: =M19+K20-L20 -> 0.331
A21: 18 | B21: 46009 | E21: 2200 | F21: 92.15 | G21: =E21*F21 -> 202730 | H21: 70 | I21: 104.27 | J21: =H21*I21 -> 7298.9 | K21: =G21+J21 -> 210028.9 | M21: =M20+K21-L21 -> 210029.23
A22: 19 | B22: 46010 | F22: 0 | J22: =H22*I22 -> 0 | K22: =G22+J22 -> 0 | M22: =M21+K22-L22 -> 210029.23
A23: 20 | B23: 46011 | F23: 0 | J23: =H23*I23 -> 0 | K23: =G23+J23 -> 0 | M23: =M22+K23-L23 -> 210029.23
A24: 21 | B24: 46012 | F24: 0 | J24: =H24*I24 -> 0 | K24: =G24+J24 -> 0 | M24: =M23+K24-L24 -> 210029.23
A25: 22 | B25: 46013 | F25: 0 | J25: =H25*I25 -> 0 | K25: =G25+J25 -> 0 | M25: =M24+K25-L25 -> 210029.23
A26: 23 | B26: 46014 | F26: 0 | J26: =H26*I26 -> 0 | K26: =G26+J26 -> 0 | M26: =M25+K26-L26 -> 210029.23
A27: 24 | B27: 46015 | F27: 0 | J27: =H27*I27 -> 0 | K27: =G27+J27 -> 0 | M27: =M26+K27-L27 -> 210029.23
A28: 25 | B28: 46016 | F28: 0 | J28: =H28*I28 -> 0 | K28: =G28+J28 -> 0 | M28: =M27+K28-L28 -> 210029.23
A29: 26 | B29: 46017 | F29: 0 | J29: =H29*I29 -> 0 | K29: =G29+J29 -> 0 | M29: =M28+K29-L29 -> 210029.23
A30: 27 | B30: 46018 | F30: 0 | J30: =H30*I30 -> 0 | K30: =G30+J30 -> 0 | M30: =M29+K30-L30 -> 210029.23
A31: 28 | B31: 46019 | F31: 0 | J31: =H31*I31 -> 0 | K31: =G31+J31 -> 0 | M31: =M30+K31-L31 -> 210029.23
A32: 29 | B32: 46020 | F32: 0 | G32: =E32*F32 -> 0 | H32: 0 | I32: 0 | J32: =H32*I32 -> 0 | K32: =G32+J32 -> 0 | M32: =M31+K32-L32 -> 210029.23
A33: 30 | B33: 46021 | F33: 0 | G33: =E33*F33 -> 0 | H33: 0 | I33: 0 | J33: =H33*I33 -> 0 | K33: =G33+J33 -> 0 | M33: =M32+K33-L33 -> 210029.23
A34: 31 | F34: 0 | G34: =E34*F34 -> 0 | J34: =H34*I34 -> 0 | K34: =G34+J34 -> 0
E35: =SUM(E4:E34) -> 2200 | G35: =SUM(G4:G34) -> 202730 | H35: =SUM(H4:H34) -> 180 | J35: =SUM(J4:J34) -> 18768.6 | K35: =SUM(K4:K34) -> 221498.6 | L35: =SUM(L4:L31) -> 175801

Sheet YG Gudda 
A1: Pallavi Petrolium
A2: S.No | B2: Date | C2: GRN No | D2: Ind No/Bill No | E2: Diesel (Lts) | F2: Price | G2: Amount | H2: Petrol (Lts) | I2: Price | J2: Amount | K2: Total amount | L2: Amount paid | M2: As on Date | N2: Remarks
A3: Opening Balance | K3: 25021.542 | M3: 25021.542
A4: 1 | B4: 45992 | G4: =E4*F4 -> 0 | J4: =H4*I4 -> 0 | K4: =G4+J4 -> 0 | M4: =M3+K4-L4 -> 25021.542
A5: 2 | B5: 45993 | G5: =E5*F5 -> 0 | J5: =H5*I5 -> 0 | K5: =G5+J5 -> 0 | M5: =M4+K5-L5 -> 25021.542
A6: 3 | B6: 45994 | G6: =E6*F6 -> 0 | J6: =H6*I6 -> 0 | K6: =G6+J6 -> 0 | M6: =M5+K6-L6 -> 25021.542
A7: 4 | B7: 45995 | G7: =E7*F7 -> 0 | J7: =H7*I7 -> 0 | K7: =G7+J7 -> 0 | M7: =M6+K7-L7 -> 25021.542
A8: 5 | B8: 45996 | G8: =E8*F8 -> 0 | J8: =H8*I8 -> 0 | K8: =G8+J8 -> 0 | M8: =M7+K8-L8 -> 25021.542
A9: 6 | B9: 45997 | G9: =E9*F9 -> 0 | J9: =H9*I9 -> 0 | K9: =G9+J9 -> 0 | M9: =M8+K9-L9 -> 25021.542
A10: 7 | B10: 45998 | G10: =E10*F10 -> 0 | J10: =H10*I10 -> 0 | K10: =G10+J10 -> 0 | M10: =M9+K10-L10 -> 25021.542
A11: 8 | B11: 45999 | G11: =E11*F11 -> 0 | J11: =H11*I11 -> 0 | K11: =G11+J11 -> 0 | M11: =M10+K11-L11 -> 25021.542
A12: 9 | B12: 46000 | G12: =E12*F12 -> 0 | J12: =H12*I12 -> 0 | K12: =G12+J12 -> 0 | M12: =M11+K12-L12 -> 25021.542
A13: 10 | B13: 46001 | G13: =E13*F13 -> 0 | J13: =H13*I13 -> 0 | K13: =G13+J13 -> 0 | M13: =M12+K13-L13 -> 25021.542
A14: 11 | B14: 46002 | G14: =E14*F14 -> 0 | J14: =H14*I14 -> 0 | K14: =G14+J14 -> 0 | M14: =M13+K14-L14 -> 25021.542
A15: 12 | B15: 46003 | G15: =E15*F15 -> 0 | J15: =H15*I15 -> 0 | K15: =G15+J15 -> 0 | M15: =M14+K15-L15 -> 25021.542
... A17: 14 | B17: 46005 | G17: =E17*F17 -> 0 | J17: =H17*I17 -> 0 | K17: =G17+J17 -> 0 | M17: =M16+K17-L17 -> 25021.542
A18: 15 | B18: 46006 | G18: =E18*F18 -> 0 | J18: =H18*I18 -> 0 | K18: =G18+J18 -> 0 | L18: 25000 | M18: =M17+K18-L18 -> 21.541514
A19: 16 | B19: 46007 | G19: =E19*F19 -> 0 | J19: =H19*I19 -> 0 | K19: =G19+J19 -> 0 | M19: =M18+K19-L19 -> 21.541514
A20: 17 | B20: 46008 | G20: =E20*F20 -> 0 | J20: =H20*I20 -> 0 | K20: =G20+J20 -> 0 | L20: 21.54 | M20: =M19+K20-L20 -> 0.0015138002
A21: 18 | B21: 46009 | G21: =E21*F21 -> 0 | J21: =H21*I21 -> 0 | K21: =G21+J21 -> 0 | M21: =M20+K21-L21 -> 0.0015138002
A22: 19 | B22: 46010 | G22: =E22*F22 -> 0 | J22: =H22*I22 -> 0 | K22: =G22+J22 -> 0 | M22: =M21+K22-L22 -> 0.0015138002
A23: 20 | B23: 46011 | G23: =E23*F23 -> 0 | J23: =H23*I23 -> 0 | K23: =G23+J23 -> 0 | M23: =M22+K23-L23 -> 0.0015138002
A24: 21 | B24: 46012 | G24: =E24*F24 -> 0 | J24: =H24*I24 -> 0 | K24: =G24+J24 -> 0 | M24: =M23+K24-L24 -> 0.0015138002
A25: 22 | B25: 46013 | G25: =E25*F25 -> 0 | J25: =H25*I25 -> 0 | K25: =G25+J25 -> 0 | M25: =M24+K25-L25 -> 0.0015138002
A26: 23 | B26: 46014 | G26: =E26*F26 -> 0 | J26: =H26*I26 -> 0 | K26: =G26+J26 -> 0 | M26: =M25+K26-L26 -> 0.0015138002
A27: 24 | B27: 46015 | G27: =E27*F27 -> 0 | J27: =H27*I27 -> 0 | K27: =G27+J27 -> 0 | M27: =M26+K27-L27 -> 0.0015138002
A28: 25 | B28: 46016 | G28: =E28*F28 -> 0 | J28: =H28*I28 -> 0 | K28: =G28+J28 -> 0 | M28: =M27+K28-L28 -> 0.0015138002
A29: 26 | B29: 46017 | G29: =E29*F29 -> 0 | J29: =H29*I29 -> 0 | K29: =G29+J29 -> 0 | M29: =M28+K29-L29 -> 0.0015138002
A30: 27 | B30: 46018 | G30: =E30*F30 -> 0 | J30: =H30*I30 -> 0 | K30: =G30+J30 -> 0 | M30: =M29+K30-L30 -> 0.0015138002
A31: 28 | B31: 46019 | G31: =E31*F31 -> 0 | J31: =H31*I31 -> 0 | K31: =G31+J31 -> 0 | M31: =M30+K31-L31 -> 0.0015138002
A32: 29 | B32: 46020 | G32: =E32*F32 -> 0 | J32: =H32*I32 -> 0 | K32: =G32+J32 -> 0 | M32: =M31+K32-L32 -> 0.0015138002
... A34: 31 | B34: 46022 | G34: =E34*F34 -> 0 | J34: =H34*I34 -> 0 | K34: =G34+J34 -> 0 | M34: =M33+K34-L34 -> 0.0015138002
A35: 32 | E35: 0 | F35: 0 | G35: =E35*F35 -> 0 | J35: =H35*I35 -> 0 | K35: =G35+J35 -> 0 | M35: =M34+K35-L35 -> 0.0015138002
E36: =SUM(E4:E35) -> 0 | G36: =SUM(G4:G35) -> 0 | H36: =SUM(H4:H35) -> 0 | J36: =SUM(J4:J35) -> 0 | K36: =SUM(K4:K35) -> 0 | L36: =SUM(L4:L35) -> 25021.54

Sheet YG Gudda-2
A1: Pankaja HP Fuel Center
A2: S.No | B2: Date | C2: GRN No | D2: Ind No/Bill No | E2: Diesel (Lts) | F2: Price | G2: Amount | H2: Petrol (Lts) | I2: Price | J2: Amount | K2: Total amount | L2: Amount paid | M2: As on Date | N2: Remarks
A3: Opening Balance | K3: 340400.91 | M3: =+K3 -> 340400.91 | O3: 99992.615
A4: 1 | B4: 45992 | G4: =E4*F4 -> 0 | J4: =H4*I4 -> 0 | K4: =G4+J4 -> 0 | M4: =M3+K4-L4 -> 340400.91
A5: 2 | B5: 45993 | G5: =E5*F5 -> 0 | J5: =H5*I5 -> 0 | K5: =G5+J5 -> 0 | M5: =M4+K5-L5 -> 340400.91
A6: 3 | B6: 45994 | G6: =E6*F6 -> 0 | J6: =H6*I6 -> 0 | K6: =G6+J6 -> 0 | M6: =M5+K6-L6 -> 340400.91
A7: 4 | B7: 45995 | E7: 1000 | F7: 91.33 | G7: =E7*F7 -> 91330 | H7: 105 | I7: 103.27 | J7: =H7*I7 -> 10843.35 | K7: =G7+J7 -> 102173.35 | M7: =M6+K7-L7 -> 442574.26 | O7: 1 | P7: Bill No
A8: 5 | B8: 45996 | G8: =E8*F8 -> 0 | J8: =H8*I8 -> 0 | K8: =G8+J8 -> 0 | M8: =M7+K8-L8 -> 442574.26
A9: 6 | B9: 45997 | G9: =E9*F9 -> 0 | J9: =H9*I9 -> 0 | K9: =G9+J9 -> 0 | M9: =M8+K9-L9 -> 442574.26
A10: 7 | B10: 45998 | G10: =E10*F10 -> 0 | J10: =H10*I10 -> 0 | K10: =G10+J10 -> 0 | M10: =M9+K10-L10 -> 442574.26
A11: 8 | B11: 45999 | E11: 328.4791 | F11: 91.33 | G11: =E11*F11 -> 29999.996 | J11: =H11*I11 -> 0 | K11: =G11+J11 -> 29999.996 | L11: 30000 | M11: =M10+K11-L11 -> 442574.25
A12: 9 | B12: 46000 | G12: =E12*F12 -> 0 | J12: =H12*I12 -> 0 | K12: =G12+J12 -> 0 | M12: =M11+K12-L12 -> 442574.25 | O12: 2 | P12: Bill No
A13: 10 | B13: 46001 | G13: =E13*F13 -> 0 | J13: =H13*I13 -> 0 | K13: =G13+J13 -> 0 | M13: =M12+K13-L13 -> 442574.25
A14: 11 | B14: 46002 | G14: =E14*F14 -> 0 | J14: =H14*I14 -> 0 | K14: =G14+J14 -> 0 | M14: =M13+K14-L14 -> 442574.25
A15: 12 | B15: 46003 | E15: 1500 | F15: 91.33 | G15: =E15*F15 -> 136995 | H15: 105 | I15: 103.27 | J15: =H15*I15 -> 10843.35 | K15: =G15+J15 -> 147838.35 | L15: 385000 | M15: =M14+K15-L15 -> 205412.6
A16: 13 | B16: 46004 | G16: =E16*F16 -> 0 | J16: =H16*I16 -> 0 | K16: =G16+J16 -> 0 | M16: =M15+K16-L16 -> 205412.6 | O16: 3 | P16: Bill No
A17: 14 | B17: 46005 | G17: =E17*F17 -> 0 | J17: =H17*I17 -> 0 | K17: =G17+J17 -> 0 | M17: =M16+K17-L17 -> 205412.6
A18: 15 | B18: 46006 | G18: =E18*F18 -> 0 | J18: =H18*I18 -> 0 | K18: =G18+J18 -> 0 | L18: 205413 | M18: =M17+K18-L18 -> -0.397097
A19: 16 | B19: 46007 | G19: =E19*F19 -> 0 | J19: =H19*I19 -> 0 | K19: =G19+J19 -> 0 | M19: =M18+K19-L19 -> -0.397097
A20: 17 | B20: 46008 | E20: 2000 | F20: 91.33 | G20: =E20*F20 -> 182660 | H20: 70 | I20: 103.27 | J20: =H20*I20 -> 7228.9 | K20: =G20+J20 -> 189888.9 | M20: =M19+K20-L20 -> 189888.5
A21: 18 | B21: 46009 | G21: =E21*F21 -> 0 | J21: =H21*I21 -> 0 | K21: =G21+J21 -> 0 | M21: =M20+K21-L21 -> 189888.5
A22: 19 | B22: 46010 | G22: =E22*F22 -> 0 | J22: =H22*I22 -> 0 | K22: =G22+J22 -> 0 | M22: =M21+K22-L22 -> 189888.5
A23: 20 | B23: 46011 | G23: =E23*F23 -> 0 | J23: =H23*I23 -> 0 | K23: =G23+J23 -> 0 | M23: =M22+K23-L23 -> 189888.5
A24: 21 | B24: 46012 | G24: =E24*F24 -> 0 | J24: =H24*I24 -> 0 | K24: =G24+J24 -> 0 | M24: =M23+K24-L24 -> 189888.5 | O24: 4 | P24: Bill No
A25: 22 | B25: 46013 | G25: =E25*F25 -> 0 | J25: =H25*I25 -> 0 | K25: =G25+J25 -> 0 | M25: =M24+K25-L25 -> 189888.5
A26: 23 | B26: 46014 | E26: 1500 | F26: 91.33 | G26: =E26*F26 -> 136995 | H26: 70 | I26: 103.27 | J26: =H26*I26 -> 7228.9 | K26: =G26+J26 -> 144223.9 | M26: =M25+K26-L26 -> 334112.4
A27: 24 | B27: 46015 | G27: =E27*F27 -> 0 | J27: =H27*I27 -> 0 | K27: =G27+J27 -> 0 | M27: =M26+K27-L27 -> 334112.4
A28: 25 | B28: 46016 | G28: =E28*F28 -> 0 | J28: =H28*I28 -> 0 | K28: =G28+J28 -> 0 | M28: =M27+K28-L28 -> 334112.4
A29: 26 | B29: 46017 | E29: 2000 | F29: 91.33 | G29: =E29*F29 -> 182660 | H29: 70 | I29: 103.27 | J29: =H29*I29 -> 7228.9 | K29: =G29+J29 -> 189888.9 | M29: =M28+K29-L29 -> 524001.3
A30: 27 | B30: 46018 | G30: =E30*F30 -> 0 | J30: =H30*I30 -> 0 | K30: =G30+J30 -> 0 | M30: =M29+K30-L30 -> 524001.3
A31: 28 | B31: 46019 | G31: =E31*F31 -> 0 | J31: =H31*I31 -> 0 | K31: =G31+J31 -> 0 | M31: =M30+K31-L31 -> 524001.3
A32: 29 | B32: 46020 | G32: =E32*F32 -> 0 | J32: =H32*I32 -> 0 | K32: =G32+J32 -> 0 | M32: =M31+K32-L32 -> 524001.3
A33: 30 | B33: 46021 | G33: =E33*F33 -> 0 | J33: =H33*I33 -> 0 | K33: =G33+J33 -> 0 | M33: =M32+K33-L33 -> 524001.3
A34: 31 | B34: 46022 | E34: 2000 | F34: 91.33 | G34: =E34*F34 -> 182660 | H34: 70 | I34: 103.27 | J34: =H34*I34 -> 7228.9 | K34: =G34+J34 -> 189888.9 | M34: =M33+K34-L34 -> 713890.2
A35: 32 | G35: =E35*F35 -> 0 | H35: 0 | I35: 0 | J35: =H35*I35 -> 0 | K35: =G35+J35 -> 0 | M35: =M34+K35-L35 -> 713890.2
E36: =SUM(E4:E35) -> 10328.479 | G36: =SUM(G4:G35) -> 943300 | H36: =SUM(H4:H35) -> 490 | J36: =SUM(J4:J35) -> 50602.3 | K36: =SUM(K4:K35) -> 993902.3 | L36: =SUM(L4:L35) -> 620413

Sheet Hosadurga
A1: Merchant Petroliums
A2: S.No | B2: Date | C2: GRN No | D2: Ind No/Bill No | E2: Diesel (Lts) | F2: Price | G2: Amount | H2: Petrol (Lts) | I2: Price | J2: Amount | K2: Total amount | L2: Amount paid | M2: As on Date | N2: Remarks
A3: Opening Balance | K3: 2258.6 | M3: =+K3 -> 2258.6
A4: 1 | B4: 45992 | G4: =E4*F4 -> 0 | H4: 0 | J4: =H4*I4 -> 0 | K4: =G4+J4 -> 0 | L4: 0 | M4: =M3+K4-L4 -> 2258.6
A5: 2 | B5: 45993 | G5: =E5*F5 -> 0 | H5: 0 | I5: 0 | J5: =H5*I5 -> 0 | K5: =G5+J5 -> 0 | L5: 0 | M5: =M4+K5-L5 -> 2258.6
A6: 3 | B6: 45994 | G6: =E6*F6 -> 0 | H6: 0 | I6: 0 | J6: =H6*I6 -> 0 | K6: =G6+J6 -> 0 | L6: 0 | M6: =M5+K6-L6 -> 2258.6
A7: 4 | B7: 45995 | G7: =E7*F7 -> 0 | H7: 0 | I7: 0 | J7: =H7*I7 -> 0 | K7: =G7+J7 -> 0 | L7: 0 | M7: =M6+K7-L7 -> 2258.6
A8: 5 | B8: 45996 | G8: =E8*F8 -> 0 | H8: 0 | I8: 0 | J8: =H8*I8 -> 0 | K8: =G8+J8 -> 0 | L8: 0 | M8: =M7+K8-L8 -> 2258.6
A9: 6 | B9: 45997 | G9: =E9*F9 -> 0 | H9: 0 | I9: 0 | J9: =H9*I9 -> 0 | K9: =G9+J9 -> 0 | L9: 0 | M9: =M8+K9-L9 -> 2258.6
A10: 7 | B10: 45998 | G10: =E10*F10 -> 0 | J10: =H10*I10 -> 0 | K10: =G10+J10 -> 0 | L10: 0 | M10: =M9+K10-L10 -> 2258.6
A11: 8 | B11: 45999 | G11: =E11*F11 -> 0 | H11: 0 | I11: 0 | J11: =H11*I11 -> 0 | K11: =G11+J11 -> 0 | L11: 0 | M11: =M10+K11-L11 -> 2258.6
A12: 9 | B12: 46000 | G12: =E12*F12 -> 0 | H12: 0 | I12: 0 | J12: =H12*I12 -> 0 | K12: =G12+J12 -> 0 | L12: 0 | M12: =M11+K12-L12 -> 2258.6
A13: 10 | B13: 46001 | G13: =E13*F13 -> 0 | H13: 0 | I13: 0 | J13: =H13*I13 -> 0 | K13: =G13+J13 -> 0 | L13: 0 | M13: =M12+K13-L13 -> 2258.6
A14: 11 | B14: 46002 | G14: =E14*F14 -> 0 | H14: 0 | I14: 0 | J14: =H14*I14 -> 0 | K14: =G14+J14 -> 0 | L14: 0 | M14: =M13+K14-L14 -> 2258.6
A15: 12 | B15: 46003 | G15: =E15*F15 -> 0 | H15: 0 | I15: 0 | J15: =H15*I15 -> 0 | K15: =G15+J15 -> 0 | L15: 0 | M15: =M14+K15-L15 -> 2258.6
A16: 13 | B16: 46004 | G16: =E16*F16 -> 0 | H16: 0 | I16: 0 | J16: =H16*I16 -> 0 | K16: =G16+J16 -> 0 | L16: 0 | M16: =M15+K16-L16 -> 2258.6 | X16: =100*104 -> 10400
A17: 14 | B17: 46005 | G17: =E17*F17 -> 0 | H17: 0 | I17: 0 | J17: =H17*I17 -> 0 | K17: =G17+J17 -> 0 | L17: 0 | M17: =M16+K17-L17 -> 2258.6
A18: 15 | B18: 46006 | G18: =E18*F18 -> 0 | H18: 0 | I18: 0 | J18: =H18*I18 -> 0 | K18: =G18+J18 -> 0 | M18: =M17+K18-L18 -> 2258.6
A19: 16 | B19: 46007 | G19: =E19*F19 -> 0 | H19: 0 | I19: 0 | J19: =H19*I19 -> 0 | K19: =G19+J19 -> 0 | M19: =M18+K19-L19 -> 2258.6
A20: 17 | B20: 46008 | G20: =E20*F20 -> 0 | H20: 0 | I20: 0 | J20: =H20*I20 -> 0 | K20: =G20+J20 -> 0 | M20: =M19+K20-L20 -> 2258.6
A21: 18 | B21: 46009 | G21: =E21*F21 -> 0 | H21: 0 | I21: 0 | J21: =H21*I21 -> 0 | K21: =G21+J21 -> 0 | M21: =M20+K21-L21 -> 2258.6
A22: 19 | B22: 46010 | G22: =E22*F22 -> 0 | H22: 0 | I22: 0 | J22: =H22*I22 -> 0 | K22: =G22+J22 -> 0 | M22: =M21+K22-L22 -> 2258.6
A23: 20 | B23: 46011 | G23: =E23*F23 -> 0 | H23: 0 | I23: 0 | J23: =H23*I23 -> 0 | K23: =G23+J23 -> 0 | M23: =M22+K23-L23 -> 2258.6
A24: 21 | B24: 46012 | G24: =E24*F24 -> 0 | H24: 0 | I24: 0 | J24: =H24*I24 -> 0 | K24: =G24+J24 -> 0 | M24: =M23+K24-L24 -> 2258.6
A25: 22 | B25: 46013 | G25: =E25*F25 -> 0 | H25: 0 | I25: 0 | J25: =H25*I25 -> 0 | K25: =G25+J25 -> 0 | M25: =M24+K25-L25 -> 2258.6
A26: 23 | B26: 46014 | G26: =E26*F26 -> 0 | H26: 0 | I26: 0 | J26: =H26*I26 -> 0 | K26: =G26+J26 -> 0 | M26: =M25+K26-L26 -> 2258.6
A27: 24 | B27: 46015 | G27: =E27*F27 -> 0 | H27: 0 | I27: 0 | J27: =H27*I27 -> 0 | K27: =G27+J27 -> 0 | M27: =M26+K27-L27 -> 2258.6
A28: 25 | B28: 46016 | G28: =E28*F28 -> 0 | H28: 0 | I28: 0 | J28: =H28*I28 -> 0 | K28: =G28+J28 -> 0 | M28: =M27+K28-L28 -> 2258.6
A29: 26 | B29: 46017 | G29: =E29*F29 -> 0 | H29: 0 | I29: 0 | J29: =H29*I29 -> 0 | K29: =G29+J29 -> 0 | M29: =M28+K29-L29 -> 2258.6
... A33: 30 | B33: 46021 | G33: =E33*F33 -> 0 | H33: 0 | I33: 0 | J33: =H33*I33 -> 0 | K33: =G33+J33 -> 0 | M33: =M32+K33-L33 -> 2258.6
A34: 31 | G34: =E34*F34 -> 0 | H34: 0 | I34: 0 | J34: =H34*I34 -> 0 | K34: =G34+J34 -> 0 | L34: 0 | M34: =M33+K34-L34 -> 2258.6
E35: =SUM(E4:E34) -> 0 | G35: =SUM(G4:G34) -> 0 | H35: =SUM(H4:H34) -> 0 | J35: =SUM(J4:J34) -> 0 | K35: =SUM(K4:K34) -> 0 | L35: =SUM(L4:L34) -> 0

Sheet Hosadurga -2
A1: Shree Veeraprathap Fuel
A2: S.No | B2: Date | C2: GRN No | D2: Ind No/Bill No | E2: Diesel (Lts) | F2: Price | G2: Amount | H2: Petrol (Lts) | I2: Price | J2: Amount | K2: Total amount | L2: Amount paid | M2: As on Date | N2: Remarks
A3: Opening Balance | K3: 354228.04 | M3: =+K3 -> 354228.04
A4: 1 | B4: 45992 | C4: 0 | G4: =E4*F4 -> 0 | J4: =H4*I4 -> 0 | K4: =G4+J4 -> 0 | M4: =M3+K4-L4 -> 354228.04
A5: 2 | B5: 45993 | C5: 0 | G5: =E5*F5 -> 0 | J5: =H5*I5 -> 0 | K5: =G5+J5 -> 0 | M5: =M4+K5-L5 -> 354228.04
A6: 3 | B6: 45994 | C6: 0 | G6: =E6*F6 -> 0 | J6: =H6*I6 -> 0 | K6: =G6+J6 -> 0 | M6: =M5+K6-L6 -> 354228.04
A7: 4 | B7: 45995 | C7: 0 | G7: =E7*F7 -> 0 | J7: =H7*I7 -> 0 | K7: =G7+J7 -> 0 | M7: =M6+K7-L7 -> 354228.04
A8: 5 | B8: 45996 | C8: 0 | G8: =E8*F8 -> 0 | J8: =H8*I8 -> 0 | K8: =G8+J8 -> 0 | M8: =M7+K8-L8 -> 354228.04
A9: 6 | B9: 45997 | C9: 0 | G9: =E9*F9 -> 0 | J9: =H9*I9 -> 0 | K9: =G9+J9 -> 0 | M9: =M8+K9-L9 -> 354228.04
A10: 7 | B10: 45998 | C10: 0 | G10: =E10*F10 -> 0 | J10: =H10*I10 -> 0 | K10: =G10+J10 -> 0 | M10: =M9+K10-L10 -> 354228.04
A11: 8 | B11: 45999 | C11: 0 | G11: =E11*F11 -> 0 | J11: =H11*I11 -> 0 | K11: =G11+J11 -> 0 | M11: =M10+K11-L11 -> 354228.04
A12: 9 | B12: 46000 | C12: 0 | G12: =E12*F12 -> 0 | J12: =H12*I12 -> 0 | K12: =G12+J12 -> 0 | M12: =M11+K12-L12 -> 354228.04
A13: 10 | B13: 46001 | C13: 0 | E13: 2000 | F13: 91.52 | G13: =E13*F13 -> 183040 | H13: 140 | I13: 103.67 | J13: =H13*I13 -> 14513.8 | K13: =G13+J13 -> 197553.8 | M13: =M12+K13-L13 -> 551781.84
A14: 11 | B14: 46002 | C14: 0 | G14: =E14*F14 -> 0 | J14: =H14*I14 -> 0 | K14: =G14+J14 -> 0 | M14: =M13+K14-L14 -> 551781.84
A15: 12 | B15: 46003 | C15: 0 | G15: =E15*F15 -> 0 | J15: =H15*I15 -> 0 | K15: =G15+J15 -> 0 | M15: =M14+K15-L15 -> 551781.84
A16: 13 | B16: 46004 | C16: 0 | G16: =E16*F16 -> 0 | J16: =H16*I16 -> 0 | K16: =G16+J16 -> 0 | M16: =M15+K16-L16 -> 551781.84
A17: 14 | B17: 46005 | C17: 0 | G17: =E17*F17 -> 0 | J17: =H17*I17 -> 0 | K17: =G17+J17 -> 0 | M17: =M16+K17-L17 -> 551781.84
A18: 15 | B18: 46006 | C18: 0 | G18: =E18*F18 -> 0 | J18: =H18*I18 -> 0 | K18: =G18+J18 -> 0 | L18: 551781.84 | M18: =M17+K18-L18 -> -0.0030999997
A19: 16 | B19: 46007 | C19: 0 | G19: =E19*F19 -> 0 | J19: =H19*I19 -> 0 | K19: =G19+J19 -> 0 | M19: =M18+K19-L19 -> -0.0030999997
A20: 17 | B20: 46008 | C20: 0 | G20: =E20*F20 -> 0 | J20: =H20*I20 -> 0 | K20: =G20+J20 -> 0 | M20: =M19+K20-L20 -> -0.0030999997
A21: 18 | B21: 46009 | C21: 0 | G21: =E21*F21 -> 0 | J21: =H21*I21 -> 0 | K21: =G21+J21 -> 0 | M21: =M20+K21-L21 -> -0.0030999997
A22: 19 | B22: 46010 | C22: 0 | G22: =E22*F22 -> 0 | H22: 70 | I22: 103.67 | J22: =H22*I22 -> 7256.9 | K22: =G22+J22 -> 7256.9 | M22: =M21+K22-L22 -> 7256.8969
A23: 20 | B23: 46011 | C23: 0 | E23: 2000 | F23: 91.52 | G23: =E23*F23 -> 183040 | J23: =H23*I23 -> 0 | K23: =G23+J23 -> 183040 | M23: =M22+K23-L23 -> 190296.9
A24: 21 | B24: 46012 | C24: 0 | G24: =E24*F24 -> 0 | J24: =H24*I24 -> 0 | K24: =G24+J24 -> 0 | M24: =M23+K24-L24 -> 190296.9
A25: 22 | B25: 46013 | C25: 0 | G25: =E25*F25 -> 0 | J25: =H25*I25 -> 0 | K25: =G25+J25 -> 0 | M25: =M24+K25-L25 -> 190296.9
A26: 23 | B26: 46014 | C26: 0 | G26: =E26*F26 -> 0 | J26: =H26*I26 -> 0 | K26: =G26+J26 -> 0 | M26: =M25+K26-L26 -> 190296.9
A27: 24 | B27: 46015 | C27: 0 | G27: =E27*F27 -> 0 | J27: =H27*I27 -> 0 | K27: =G27+J27 -> 0 | M27: =M26+K27-L27 -> 190296.9
A28: 25 | B28: 46016 | C28: 0 | G28: =E28*F28 -> 0 | J28: =H28*I28 -> 0 | K28: =G28+J28 -> 0 | M28: =M27+K28-L28 -> 190296.9
A29: 26 | B29: 46017 | C29: 0 | G29: =E29*F29 -> 0 | H29: 70 | I29: 103.67 | J29: =H29*I29 -> 7256.9 | K29: =G29+J29 -> 7256.9 | M29: =M28+K29-L29 -> 197553.8
A30: 27 | B30: 46018 | C30: 0 | G30: =E30*F30 -> 0 | J30: =H30*I30 -> 0 | K30: =G30+J30 -> 0 | M30: =M29+K30-L30 -> 197553.8
A31: 28 | B31: 46019 | C31: 0 | G31: =E31*F31 -> 0 | J31: =H31*I31 -> 0 | K31: =G31+J31 -> 0 | M31: =M30+K31-L31 -> 197553.8
A32: 29 | B32: 46020 | C32: 0 | G32: =E32*F32 -> 0 | J32: =H32*I32 -> 0 | K32: =G32+J32 -> 0 | M32: =M31+K32-L32 -> 197553.8
A33: 30 | B33: 46021 | C33: 0 | G33: =E33*F33 -> 0 | J33: =H33*I33 -> 0 | K33: =G33+J33 -> 0 | L33: 0 | M33: =M32+K33-L33 -> 197553.8
A34: 31 | B34: 46022
E35: =SUM(E4:E34) -> 4000 | G35: =SUM(G4:G34) -> 366080 | H35: =SUM(H4:H34) -> 280 | J35: =SUM(J4:J34) -> 29027.6 | K35: =SUM(K4:K34) -> 395107.6 | L35: =SUM(L4:L34) -> 551781.84

Sheet Hiriyur(VJNL)
A1: Sri Balaji Agencies
A2: S.No | B2: Date | C2: GRN No | D2: Ind No/Bill No | E2: Diesel (Lts) | F2: Price | G2: Amount | H2: Petrol (Lts) | I2: Price | J2: Amount | K2: Total amount | L2: Amount paid | M2: As on Date | N2: Remarks
A3: Opening Balance | K3: 385911.6 | M3: =+K3 -> 385911.6
A4: 1 | B4: 45992 | G4: =E4*F4 -> 0 | J4: =H4*I4 -> 0 | K4: =G4+J4 -> 0 | M4: =M3+K4-L4 -> 385911.6
A5: 2 | B5: 45993 | G5: =E5*F5 -> 0 | J5: =H5*I5 -> 0 | K5: =G5+J5 -> 0 | M5: =M4+K5-L5 -> 385911.6
A6: 3 | B6: 45994 | G6: =E6*F6 -> 0 | J6: =H6*I6 -> 0 | K6: =G6+J6 -> 0 | M6: =M5+K6-L6 -> 385911.6
A7: 4 | B7: 45995 | G7: =E7*F7 -> 0 | J7: =H7*I7 -> 0 | K7: =G7+J7 -> 0 | M7: =M6+K7-L7 -> 385911.6
A8: 5 | B8: 45996 | G8: =E8*F8 -> 0 | J8: =H8*I8 -> 0 | K8: =G8+J8 -> 0 | M8: =M7+K8-L8 -> 385911.6
A9: 6 | B9: 45997 | G9: =E9*F9 -> 0 | J9: =H9*I9 -> 0 | K9: =G9+J9 -> 0 | M9: =M8+K9-L9 -> 385911.6
A10: 7 | B10: 45998 | G10: =E10*F10 -> 0 | J10: =H10*I10 -> 0 | K10: =G10+J10 -> 0 | M10: =M9+K10-L10 -> 385911.6
A11: 8 | B11: 45999 | G11: =E11*F11 -> 0 | J11: =H11*I11 -> 0 | K11: =G11+J11 -> 0 | M11: =M10+K11-L11 -> 385911.6
A12: 9 | B12: 46000 | G12: =E12*F12 -> 0 | J12: =H12*I12 -> 0 | K12: =G12+J12 -> 0 | M12: =M11+K12-L12 -> 385911.6
A13: 10 | B13: 46001 | G13: =E13*F13 -> 0 | J13: =H13*I13 -> 0 | K13: =G13+J13 -> 0 | M13: =M12+K13-L13 -> 385911.6
A14: 11 | B14: 46002 | G14: =E14*F14 -> 0 | J14: =H14*I14 -> 0 | K14: =G14+J14 -> 0 | M14: =M13+K14-L14 -> 385911.6
A15: 12 | B15: 46003 | G15: =E15*F15 -> 0 | J15: =H15*I15 -> 0 | K15: =G15+J15 -> 0 | M15: =M14+K15-L15 -> 385911.6
A16: 13 | B16: 46004 | G16: =E16*F16 -> 0 | J16: =H16*I16 -> 0 | K16: =G16+J16 -> 0 | L16: 250000 | M16: =M15+K16-L16 -> 135911.6
A17: 14 | B17: 46005 | G17: =E17*F17 -> 0 | J17: =H17*I17 -> 0 | K17: =G17+J17 -> 0 | M17: =M16+K17-L17 -> 135911.6
A18: 15 | B18: 46006 | E18: 2300 | F18: 92.23 | G18: =E18*F18 -> 212129 | H18: 35 | I18: 104.08 | J18: =H18*I18 -> 3642.8 | K18: =G18+J18 -> 215771.8 | L18: 135912 | M18: =M17+K18-L18 -> 215771.4
A19: 16 | B19: 46007 | G19: =E19*F19 -> 0 | J19: =H19*I19 -> 0 | K19: =G19+J19 -> 0 | M19: =M18+K19-L19 -> 215771.4
A20: 17 | B20: 46008 | G20: =E20*F20 -> 0 | J20: =H20*I20 -> 0 | K20: =G20+J20 -> 0 | M20: =M19+K20-L20 -> 215771.4
A21: 18 | B21: 46009 | G21: =E21*F21 -> 0 | J21: =H21*I21 -> 0 | K21: =G21+J21 -> 0 | M21: =M20+K21-L21 -> 215771.4
A22: 19 | B22: 46010 | G22: =E22*F22 -> 0 | J22: =H22*I22 -> 0 | K22: =G22+J22 -> 0 | M22: =M21+K22-L22 -> 215771.4
A23: 20 | B23: 46011 | G23: =E23*F23 -> 0 | J23: =H23*I23 -> 0 | K23: =G23+J23 -> 0 | M23: =M22+K23-L23 -> 215771.4
A24: 21 | B24: 46012 | G24: =E24*F24 -> 0 | J24: =H24*I24 -> 0 | K24: =G24+J24 -> 0 | M24: =M23+K24-L24 -> 215771.4
A25: 22 | B25: 46013 | G25: =E25*F25 -> 0 | J25: =H25*I25 -> 0 | K25: =G25+J25 -> 0 | M25: =M24+K25-L25 -> 215771.4
A26: 23 | B26: 46014 | G26: =E26*F26 -> 0 | H26: 70 | I26: 104.08 | J26: =H26*I26 -> 7285.6 | K26: =G26+J26 -> 7285.6 | M26: =M25+K26-L26 -> 223057
A27: 24 | B27: 46015 | G27: =E27*F27 -> 0 | J27: =H27*I27 -> 0 | K27: =G27+J27 -> 0 | M27: =M26+K27-L27 -> 223057
A28: 25 | B28: 46016 | G28: =E28*F28 -> 0 | J28: =H28*I28 -> 0 | K28: =G28+J28 -> 0 | M28: =M27+K28-L28 -> 223057
A29: 26 | B29: 46017 | G29: =E29*F29 -> 0 | J29: =H29*I29 -> 0 | K29: =G29+J29 -> 0 | M29: =M28+K29-L29 -> 223057
A30: 27 | B30: 46018 | E30: 2300 | F30: 92.23 | G30: =E30*F30 -> 212129 | H30: 35 | I30: 104.08 | J30: =H30*I30 -> 3642.8 | K30: =G30+J30 -> 215771.8 | M30: =M29+K30-L30 -> 438828.8
A31: 28 | B31: 46019 | G31: =E31*F31 -> 0 | J31: =H31*I31 -> 0 | K31: =G31+J31 -> 0 | M31: =M30+K31-L31 -> 438828.8
A32: 29 | B32: 46020 | G32: =E32*F32 -> 0 | J32: =H32*I32 -> 0 | K32: =G32+J32 -> 0 | M32: =M31+K32-L32 -> 438828.8
A33: 30 | B33: 46021 | G33: =E33*F33 -> 0 | J33: =H33*I33 -> 0 | K33: =G33+J33 -> 0 | M33: =M32+K33-L33 -> 438828.8
A34: 31 | B34: 46022 | G34: =E34*F34 -> 0 | J34: =H34*I34 -> 0 | K34: =G34+J34 -> 0 | M34: =M33+K34-L34 -> 438828.8
E35: =SUM(E4:E34) -> 4600 | G35: =SUM(G4:G34) -> 424258 | H35: =SUM(H4:H34) -> 140 | J35: =SUM(J4:J34) -> 14571.2 | K35: =SUM(K4:K34) -> 438829.2 | L35: =SUM(L4:L34) -> 385912

Sheet Malebenur(KUWSDB)
A1: Sree Veerabhadreshwara Service Station
A2: S.No | B2: Date | C2: GRN No | D2: Ind No/Bill No | E2: Diesel (Lts) | F2: Price | G2: Amount | H2: Petrol (Lts) | I2: Price | J2: Amount | K2: Total amount | L2: Amount paid | M2: As on Date | N2: Remarks
A3: Opening Balance | K3: 151062.96 | M3: =+K3 -> 151062.96 | O3: 46138.764
A4: 1 | B4: 45992 | E4: 600 | F4: 92.14 | G4: =E4*F4 -> 55284 | H4: 35 | I4: 103.97 | J4: =H4*I4 -> 3638.95 | K4: =G4+J4 -> 58922.95 | L4: 0 | M4: =M3+K4-L4 -> 209985.91
A5: 2 | B5: 45993 | G5: =E5*F5 -> 0 | J5: =H5*I5 -> 0 | K5: =G5+J5 -> 0 | L5: 0 | M5: =M4+K5-L5 -> 209985.91
A6: 3 | B6: 45994 | G6: =E6*F6 -> 0 | J6: =H6*I6 -> 0 | K6: =G6+J6 -> 0 | M6: =M5+K6-L6 -> 209985.91
A7: 4 | B7: 45995 | E7: 400 | F7: 92.14 | G7: =E7*F7 -> 36856 | H7: 30 | I7: 103.97 | J7: =H7*I7 -> 3119.1 | K7: =G7+J7 -> 39975.1 | M7: =M6+K7-L7 -> 249961.01
A8: 5 | B8: 45996 | G8: =E8*F8 -> 0 | J8: =H8*I8 -> 0 | K8: =G8+J8 -> 0 | M8: =M7+K8-L8 -> 249961.01
A9: 6 | B9: 45997 | G9: =E9*F9 -> 0 | J9: =H9*I9 -> 0 | K9: =G9+J9 -> 0 | L9: 151066 | M9: =M8+K9-L9 -> 98895.005
A10: 7 | B10: 45998 | E10: 600 | F10: 92.14 | G10: =E10*F10 -> 55284 | J10: =H10*I10 -> 0 | K10: =G10+J10 -> 55284 | M10: =M9+K10-L10 -> 154179.01
A11: 8 | B11: 45999 | G11: =E11*F11 -> 0 | J11: =H11*I11 -> 0 | K11: =G11+J11 -> 0 | M11: =M10+K11-L11 -> 154179.01
A12: 9 | B12: 46000 | G12: =E12*F12 -> 0 | J12: =H12*I12 -> 0 | K12: =G12+J12 -> 0 | M12: =M11+K12-L12 -> 154179.01
A13: 10 | B13: 46001 | G13: =E13*F13 -> 0 | J13: =H13*I13 -> 0 | K13: =G13+J13 -> 0 | M13: =M12+K13-L13 -> 154179.01
A14: 11 | B14: 46002 | E14: 600 | F14: 92.14 | G14: =E14*F14 -> 55284 | H14: 35 | I14: 103.97 | J14: =H14*I14 -> 3638.95 | K14: =G14+J14 -> 58922.95 | M14: =M13+K14-L14 -> 213101.96
A15: 12 | B15: 46003 | E15: 0 | F15: 0 | G15: =E15*F15 -> 0 | H15: 0 | I15: 0 | J15: =H15*I15 -> 0 | K15: =G15+J15 -> 0 | L15: 213101.95 | M15: =M14+K15-L15 -> 0.005
A16: 13 | B16: 46004 | E16: 400 | F16: 92.14 | G16: =E16*F16 -> 36856 | H16: 35 | I16: 103.97 | J16: =H16*I16 -> 3638.95 | K16: =G16+J16 -> 40494.95 | M16: =M15+K16-L16 -> 40494.955
A17: 14 | B17: 46005 | G17: =E17*F17 -> 0 | J17: =H17*I17 -> 0 | K17: =G17+J17 -> 0 | M17: =M16+K17-L17 -> 40494.955 | Q17: 2767.8 | S17: =Q17-M18 -> -34088.155
A18: 15 | B18: 46006 | E18: 400 | F18: 92.14 | G18: =E18*F18 -> 36856 | J18: =H18*I18 -> 0 | K18: =G18+J18 -> 36856 | L18: 40495 | M18: =M17+K18-L18 -> 36855.955
A19: 16 | B19: 46007 | G19: =E19*F19 -> 0 | J19: =H19*I19 -> 0 | K19: =G19+J19 -> 0 | M19: =M18+K19-L19 -> 36855.955
A20: 17 | B20: 46008 | E20: 600 | F20: 92.14 | G20: =E20*F20 -> 55284 | H20: 30 | I20: 103.97 | J20: =H20*I20 -> 3119.1 | K20: =G20+J20 -> 58403.1 | M20: =M19+K20-L20 -> 95259.055 | V20: =400*90.23 -> 36092
A21: 18 | B21: 46009 | G21: =E21*F21 -> 0 | J21: =H21*I21 -> 0 | K21: =G21+J21 -> 0 | M21: =M20+K21-L21 -> 95259.055 | V21: =35*104.14 -> 3644.9
A22: 19 | B22: 46010 | E22: 400 | F22: 92.14 | G22: =E22*F22 -> 36856 | J22: =H22*I22 -> 0 | K22: =G22+J22 -> 36856 | M22: =M21+K22-L22 -> 132115.05
A23: 20 | B23: 46011 | G23: =E23*F23 -> 0 | J23: =H23*I23 -> 0 | K23: =G23+J23 -> 0 | M23: =M22+K23-L23 -> 132115.05
A24: 21 | B24: 46012 | E24: 600 | F24: 92.14 | G24: =E24*F24 -> 55284 | J24: =H24*I24 -> 0 | K24: =G24+J24 -> 55284 | M24: =M23+K24-L24 -> 187399.05
A25: 22 | B25: 46013 | G25: =E25*F25 -> 0 | J25: =H25*I25 -> 0 | K25: =G25+J25 -> 0 | M25: =M24+K25-L25 -> 187399.05
A26: 23 | B26: 46014 | G26: =E26*F26 -> 0 | H26: 35 | I26: 103.97 | J26: =H26*I26 -> 3638.95 | K26: =G26+J26 -> 3638.95 | M26: =M25+K26-L26 -> 191038.01
A27: 24 | B27: 46015 | E27: 600 | F27: 92.14 | G27: =E27*F27 -> 55284 | J27: =H27*I27 -> 0 | K27: =G27+J27 -> 55284 | M27: =M26+K27-L27 -> 246322.01
A28: 25 | B28: 46016 | E28: 0 | F28: 0 | G28: =E28*F28 -> 0 | J28: =H28*I28 -> 0 | K28: =G28+J28 -> 0 | M28: =M27+K28-L28 -> 246322.01
A29: 26 | B29: 46017 | E29: 700 | F29: 92.14 | G29: =E29*F29 -> 64498 | J29: =H29*I29 -> 0 | K29: =G29+J29 -> 64498 | M29: =M28+K29-L29 -> 310820.01
A30: 27 | B30: 46018 | E30: 0 | F30: 0 | G30: =E30*F30 -> 0 | J30: =H30*I30 -> 0 | K30: =G30+J30 -> 0 | L30: 206321 | M30: =M29+K30-L30 -> 104499.01 | P30: 29774.14
A31: 28 | B31: 46019 | E31: 400 | F31: 92.14 | G31: =E31*F31 -> 36856 | H31: 30 | I31: 103.97 | J31: =H31*I31 -> 3119.1 | K31: =G31+J31 -> 39975.1 | M31: =M30+K31-L31 -> 144474.11 | P31: 50000
A32: 29 | B32: 46020 | G32: =E32*F32 -> 0 | J32: =H32*I32 -> 0 | K32: =G32+J32 -> 0 | M32: =M31+K32-L32 -> 144474.11 | P32: =SUM(P30:P31) -> 79774.14
A33: 30 | B33: 46021 | E33: 600 | F33: 92.14 | G33: =E33*F33 -> 55284 | H33: 25 | I33: 103.97 | J33: =H33*I33 -> 2599.25 | K33: =G33+J33 -> 57883.25 | M33: =M32+K33-L33 -> 202357.36
A34: 31 | G34: =E34*F34 -> 0 | J34: =H34*I34 -> 0 | K34: =G34+J34 -> 0 | M34: =M33+K34-L34 -> 202357.36
E35: 0 | F35: 0 | G35: =E35*F35 -> 0 | H35: 0 | J35: =H35*I35 -> 0 | K35: =G35+J35 -> 0 | L35: 0 | M35: =M34+K35-L35 -> 202357.36
E36: =SUM(E4:E34) -> 6900 | G36: =SUM(G4:G34) -> 635766 | H36: =SUM(H4:H34) -> 255 | J36: =SUM(J4:J34) -> 26512.35 | K36: =SUM(K4:K34) -> 662278.35 | L36: =SUM(L4:L34) -> 610983.95
E37: 0 | G37: 0 | H37: 0 | J37: 0 | K37: =G37+J37 -> 0 | L37: 0
S42: 9052944708

Sheet Chellakere -1
A1: Shivaganga Service Station (BPCL)
A2: S.No | B2: Date | C2: GRN No | D2: Ind No/Bill No | E2: Diesel (Lts) | F2: Price | G2: Amount | H2: Petrol (Lts) | I2: Price | J2: Amount | K2: Total amount | L2: Amount paid | M2: As on Date | N2: Remarks
A3: Opening Balance | K3: 128004.75 | L3: 0 | M3: =+K3 -> 128004.75
A4: 1 | B4: 45992 | E4: 200 | F4: 92.19 | G4: =E4*F4 -> 18438 | H4: 35 | I4: 104.04 | J4: =H4*I4 -> 3641.4 | K4: =G4+J4 -> 22079.4 | M4: =M3+K4-L4 -> 150084.15
A5: 2 | B5: 45993 | M5: =M4+K5-L5 -> 150084.15
A6: 3 | B6: 45994 | E6: 400 | F6: 92.19 | G6: =E6*F6 -> 36876 | H6: 35 | I6: 104.04 | J6: =H6*I6 -> 3641.4 | K6: =G6+J6 -> 40517.4 | M6: =M5+K6-L6 -> 190601.55
A7: 4 | B7: 45995 | G7: =E7*F7 -> 0 | J7: =H7*I7 -> 0 | K7: =G7+J7 -> 0 | M7: =M6+K7-L7 -> 190601.55
A8: 5 | B8: 45996 | G8: =E8*F8 -> 0 | J8: =H8*I8 -> 0 | K8: =G8+J8 -> 0 | M8: =M7+K8-L8 -> 190601.55
A9: 6 | B9: 45997 | G9: =E9*F9 -> 0 | J9: =H9*I9 -> 0 | K9: =G9+J9 -> 0 | L9: 128006 | M9: =M8+K9-L9 -> 62595.55
A10: 7 | B10: 45998 | E10: 600 | F10: 92.19 | G10: =E10*F10 -> 55314 | H10: 35 | I10: 104.04 | J10: =H10*I10 -> 3641.4 | K10: =G10+J10 -> 58955.4 | M10: =M9+K10-L10 -> 121550.95
A11: 8 | B11: 45999 | G11: =E11*F11 -> 0 | J11: =H11*I11 -> 0 | K11: =G11+J11 -> 0 | M11: =M10+K11-L11 -> 121550.95
A12: 9 | B12: 46000 | G12: =E12*F12 -> 0 | J12: =H12*I12 -> 0 | K12: =G12+J12 -> 0 | M12: =M11+K12-L12 -> 121550.95
A13: 10 | B13: 46001 | G13: =E13*F13 -> 0 | J13: =H13*I13 -> 0 | K13: =G13+J13 -> 0 | M13: =M12+K13-L13 -> 121550.95
A14: 11 | B14: 46002 | G14: =E14*F14 -> 0 | J14: =H14*I14 -> 0 | K14: =G14+J14 -> 0 | M14: =M13+K14-L14 -> 121550.95
A15: 12 | B15: 46003 | E15: 600 | F15: 92.19 | G15: =E15*F15 -> 55314 | H15: 35 | I15: 104.04 | J15: =H15*I15 -> 3641.4 | K15: =G15+J15 -> 58955.4 | L15: 121551 | M15: =M14+K15-L15 -> 58955.35
A16: 13 | B16: 46004 | G16: =E16*F16 -> 0 | J16: =H16*I16 -> 0 | K16: =G16+J16 -> 0 | M16: =M15+K16-L16 -> 58955.35
A17: 14 | B17: 46005 | G17: =E17*F17 -> 0 | J17: =H17*I17 -> 0 | K17: =G17+J17 -> 0 | M17: =M16+K17-L17 -> 58955.35
A18: 15 | B18: 46006 | G18: =E18*F18 -> 0 | J18: =H18*I18 -> 0 | K18: =G18+J18 -> 0 | L18: 58955.35 | M18: =M17+K18-L18 -> 0
A19: 16 | B19: 46007 | G19: =E19*F19 -> 0 | J19: =H19*I19 -> 0 | K19: =G19+J19 -> 0 | M19: =M18+K19-L19 -> 0
A20: 17 | B20: 46008 | G20: =E20*F20 -> 0 | J20: =H20*I20 -> 0 | K20: =G20+J20 -> 0 | M20: =M19+K20-L20 -> 0
A21: 18 | B21: 46009 | E21: 600 | F21: 92.19 | G21: =E21*F21 -> 55314 | H21: 35 | I21: 104.04 | J21: =H21*I21 -> 3641.4 | K21: =G21+J21 -> 58955.4 | M21: =M20+K21-L21 -> 58955.4
A22: 19 | B22: 46010 | G22: =E22*F22 -> 0 | J22: =H22*I22 -> 0 | K22: =G22+J22 -> 0 | M22: =M21+K22-L22 -> 58955.4
A23: 20 | B23: 46011 | G23: =E23*F23 -> 0 | J23: =H23*I23 -> 0 | K23: =G23+J23 -> 0 | M23: =M22+K23-L23 -> 58955.4
A24: 21 | B24: 46012 | G24: =E24*F24 -> 0 | J24: =H24*I24 -> 0 | K24: =G24+J24 -> 0 | M24: =M23+K24-L24 -> 58955.4
A25: 22 | B25: 46013 | E25: 470 | F25: 92.19 | G25: =E25*F25 -> 43329.3 | H25: 25 | I25: 104.04 | J25: =H25*I25 -> 2601 | K25: =G25+J25 -> 45930.3 | M25: =M24+K25-L25 -> 104885.7
A26: 23 | B26: 46014 | G26: =E26*F26 -> 0 | J26: =H26*I26 -> 0 | K26: =G26+J26 -> 0 | M26: =M25+K26-L26 -> 104885.7
A27: 24 | B27: 46015 | G27: =E27*F27 -> 0 | J27: =H27*I27 -> 0 | K27: =G27+J27 -> 0 | M27: =M26+K27-L27 -> 104885.7
A28: 25 | B28: 46016 | G28: =E28*F28 -> 0 | J28: =H28*I28 -> 0 | K28: =G28+J28 -> 0 | M28: =M27+K28-L28 -> 104885.7
A29: 26 | B29: 46017 | G29: =E29*F29 -> 0 | J29: =H29*I29 -> 0 | K29: =G29+J29 -> 0 | M29: =M28+K29-L29 -> 104885.7
A30: 27 | B30: 46018 | G30: =E30*F30 -> 0 | J30: =H30*I30 -> 0 | K30: =G30+J30 -> 0 | M30: =M29+K30-L30 -> 104885.7
A31: 28 | B31: 46019 | E31: 400 | F31: 92.19 | G31: =E31*F31 -> 36876 | H31: 35 | I31: 104.04 | J31: =H31*I31 -> 3641.4 | K31: =G31+J31 -> 40517.4 | M31: =M30+K31-L31 -> 145403.1
A32: 29 | B32: 46020 | G32: =E32*F32 -> 0 | J32: =H32*I32 -> 0 | K32: =G32+J32 -> 0 | M32: =M31+K32-L32 -> 145403.1
A33: 30 | B33: 46021 | G33: =E33*F33 -> 0 | J33: =H33*I33 -> 0 | K33: =G33+J33 -> 0 | M33: =M32+K33-L33 -> 145403.1
A34: 31
E35: =SUM(E4:E34) -> 3270 | G35: =SUM(G4:G34) -> 301461.3 | H35: =SUM(H4:H34) -> 235 | J35: =SUM(J4:J34) -> 24449.4 | K35: =SUM(K4:K34) -> 325910.7 | L35: =SUM(L4:L34) -> 308512.35

Sheet  Chellakere-PKG-9
A1: Chellakere-PKG-09
A2: S.No | B2: Date | C2: GRN No | D2: Ind No/Bill No | E2: Diesel (Lts) | F2: Price | G2: Amount | H2: Petrol (Lts) | I2: Price | J2: Amount | K2: Total amount | L2: Amount paid | M2: As on Date | N2: Remarks
A3: Opening Balance | K3: 0 | L3: 0 | M3: =+K3 -> 0
A4: 1 | B4: 45992 | G4: =E4*F4 -> 0 | J4: =H4*I4 -> 0 | K4: =G4+J4 -> 0 | L4: =K4 -> 0 | M4: =M3+K4-L4 -> 0
A5: 2 | B5: 45993 | G5: =E5*F5 -> 0 | J5: =H5*I5 -> 0 | K5: =G5+J5 -> 0 | L5: =K5 -> 0 | M5: =M4+K5-L5 -> 0
A6: 3 | B6: 45994 | E6: 59.99 | F6: 92.19 | G6: =E6*F6 -> 5530.4781 | H6: 31.02 | I6: 104.03 | J6: =H6*I6 -> 3227.0106 | K6: =G6+J6 -> 8757.4887 | L6: =K6 -> 8757.4887 | M6: =M5+K6-L6 -> 0
A7: 4 | B7: 45995 | E7: 80 | F7: 92.19 | G7: =E7*F7 -> 7375.2 | J7: =H7*I7 -> 0 | K7: =G7+J7 -> 7375.2 | L7: =K7 -> 7375.2 | M7: =M6+K7-L7 -> 0
A8: 5 | B8: 45996 | G8: =E8*F8 -> 0 | J8: =H8*I8 -> 0 | K8: =G8+J8 -> 0 | L8: =K8 -> 0 | M8: =M7+K8-L8 -> 0
A9: 6 | B9: 45997 | E9: 40 | F9: 92.19 | G9: =E9*F9 -> 3687.6 | J9: =H9*I9 -> 0 | K9: =G9+J9 -> 3687.6 | L9: =K9 -> 3687.6 | M9: =M8+K9-L9 -> 0
A10: 7 | B10: 45998 | G10: =E10*F10 -> 0 | J10: =H10*I10 -> 0 | K10: =G10+J10 -> 0 | L10: =K10 -> 0 | M10: =M9+K10-L10 -> 0
A11: 8 | B11: 45999 | E11: 100 | F11: 92.19 | G11: =E11*F11 -> 9219 | J11: =H11*I11 -> 0 | K11: =G11+J11 -> 9219 | L11: =K11 -> 9219 | M11: =M10+K11-L11 -> 0
A12: 9 | B12: 46000 | G12: =E12*F12 -> 0 | J12: =H12*I12 -> 0 | K12: =G12+J12 -> 0 | L12: =K12 -> 0 | M12: =M11+K12-L12 -> 0
A13: 10 | B13: 46001 | E13: 40 | F13: 92.19 | G13: =E13*F13 -> 3687.6 | H13: 9.56 | I13: 104.03 | J13: =H13*I13 -> 994.5268 | K13: =G13+J13 -> 4682.1268 | L13: =K13 -> 4682.1268 | M13: =M12+K13-L13 -> 0
A14: 11 | B14: 46002 | E14: 70 | F14: 92.19 | G14: =E14*F14 -> 6453.3 | J14: =H14*I14 -> 0 | K14: =G14+J14 -> 6453.3 | L14: =K14 -> 6453.3 | M14: =M13+K14-L14 -> 0
A15: 12 | B15: 46003 | E15: 105 | F15: 92.19 | G15: =E15*F15 -> 9679.95 | J15: =H15*I15 -> 0 | K15: =G15+J15 -> 9679.95 | L15: =K15 -> 9679.95 | M15: =M14+K15-L15 -> 0
A16: 13 | B16: 46004 | G16: =E16*F16 -> 0 | J16: =H16*I16 -> 0 | K16: =G16+J16 -> 0 | L16: =K16 -> 0 | M16: =M15+K16-L16 -> 0
A17: 14 | B17: 46005 | G17: =E17*F17 -> 0 | J17: =H17*I17 -> 0 | K17: =G17+J17 -> 0 | L17: =K17 -> 0 | M17: =M16+K17-L17 -> 0
A18: 15 | B18: 46006 | G18: =E18*F18 -> 0 | J18: =H18*I18 -> 0 | K18: =G18+J18 -> 0 | L18: =K18 -> 0 | M18: =M17+K18-L18 -> 0
A19: 16 | B19: 46007 | G19: =E19*F19 -> 0 | J19: =H19*I19 -> 0 | K19: =G19+J19 -> 0 | L19: =K19 -> 0 | M19: =M18+K19-L19 -> 0
A20: 17 | B20: 46008 | E20: 75 | F20: 92.22 | G20: =E20*F20 -> 6916.5 | H20: 10 | I20: 104.03 | J20: =H20*I20 -> 1040.3 | K20: =G20+J20 -> 7956.8 | L20: =K20 -> 7956.8 | M20: =M19+K20-L20 -> 0
A21: 18 | B21: 46009 | E21: 40.64 | F21: 92.19 | G21: =E21*F21 -> 3746.6016 | J21: =H21*I21 -> 0 | K21: =G21+J21 -> 3746.6016 | L21: =K21 -> 3746.6016 | M21: =M20+K21-L21 -> 0
A22: 19 | B22: 46010 | E22: 90 | F22: 92.19 | G22: =E22*F22 -> 8297.1 | H22: 10 | I22: 104.03 | J22: =H22*I22 -> 1040.3 | K22: =G22+J22 -> 9337.4 | L22: =K22 -> 9337.4 | M22: =M21+K22-L22 -> 0
A23: 20 | B23: 46011 | G23: =E23*F23 -> 0 | J23: =H23*I23 -> 0 | K23: =G23+J23 -> 0 | L23: =K23 -> 0 | M23: =M22+K23-L23 -> 0
A24: 21 | B24: 46012 | G24: =E24*F24 -> 0 | J24: =H24*I24 -> 0 | K24: =G24+J24 -> 0 | L24: =K24 -> 0 | M24: =M23+K24-L24 -> 0
A25: 22 | B25: 46013 | G25: =E25*F25 -> 0 | J25: =H25*I25 -> 0 | K25: =G25+J25 -> 0 | L25: =K25 -> 0 | M25: =M24+K25-L25 -> 0
A26: 23 | B26: 46014 | E26: 90 | F26: 92.19 | G26: =E26*F26 -> 8297.1 | H26: 5 | I26: 104.03 | J26: =H26*I26 -> 520.15 | K26: =G26+J26 -> 8817.25 | L26: =K26 -> 8817.25 | M26: =M25+K26-L26 -> 0
A27: 24 | B27: 46015 | G27: =E27*F27 -> 0 | J27: =H27*I27 -> 0 | K27: =G27+J27 -> 0 | L27: =K27 -> 0 | M27: =M26+K27-L27 -> 0
A28: 25 | B28: 46016 | G28: =E28*F28 -> 0 | J28: =H28*I28 -> 0 | K28: =G28+J28 -> 0 | L28: =K28 -> 0 | M28: 0
A29: 26 | B29: 46017 | G29: =E29*F29 -> 0 | J29: =H29*I29 -> 0 | K29: =G29+J29 -> 0 | L29: =K29 -> 0 | M29: 0
A30: 27 | B30: 46018 | E30: 89.02 | F30: 92.19 | G30: =E30*F30 -> 8206.7538 | H30: 5 | I30: 104.03 | J30: =H30*I30 -> 520.15 | K30: =G30+J30 -> 8726.9038 | L30: =K30 -> 8726.9038 | M30: 0
A31: 28 | B31: 46019 | G31: =E31*F31 -> 0 | J31: =H31*I31 -> 0 | K31: =G31+J31 -> 0 | L31: =K31 -> 0 | M31: 0
A32: 29 | B32: 46020 | G32: =E32*F32 -> 0 | J32: =H32*I32 -> 0 | K32: =G32+J32 -> 0 | L32: =K32 -> 0
A33: 30 | B33: 46021 | G33: =E33*F33 -> 0 | H33: 5 | I33: 104.03 | J33: =H33*I33 -> 520.15 | K33: =G33+J33 -> 520.15 | L33: =K33 -> 520.15
A34: 31 | B34: 46022 | E34: 60.01 | F34: 92.19 | G34: =E34*F34 -> 5532.3219 | H34: 5 | I34: 104.03 | J34: =H34*I34 -> 520.15 | K34: =G34+J34 -> 6052.4719 | L34: =K34 -> 6052.4719
E35: =SUM(E4:E34) -> 939.66 | G35: =SUM(G4:G34) -> 86629.505 | H35: =SUM(H4:H34) -> 80.58 | J35: =SUM(J4:J34) -> 8382.7374 | K35: =SUM(K4:K34) -> 95012.243 | L35: =SUM(L4:L34) -> 95012.243

Sheet Molakamuru
A1: Molakamuru
A2: S.No | B2: Date | C2: GRN No | D2: Ind No/Bill No | E2: Diesel (Lts) | F2: Price | G2: Amount | H2: Petrol (Lts) | I2: Price | J2: Amount | K2: Total amount | L2: Amount paid | M2: As on Date | N2: Remarks
A3: Opening Balance | K3: 0 | L3: 0 | M3: =+K3 -> 0
A4: 1 | B4: 45992 | G4: =E4*F4 -> 0 | J4: =H4*I4 -> 0 | K4: =G4+J4 -> 0 | L4: =K4 -> 0 | M4: =M3+K4-L4 -> 0
A5: 2 | B5: 45993 | G5: =E5*F5 -> 0 | J5: =H5*I5 -> 0 | K5: =G5+J5 -> 0 | L5: =K5 -> 0 | M5: =M4+K5-L5 -> 0
A6: 3 | B6: 45994 | G6: =E6*F6 -> 0 | J6: =H6*I6 -> 0 | K6: =G6+J6 -> 0 | L6: =K6 -> 0 | M6: =M5+K6-L6 -> 0
A7: 4 | B7: 45995 | E7: 190 | F7: 92.17 | G7: =E7*F7 -> 17512.3 | H7: 20.012 | I7: 104.02 | J7: =H7*I7 -> 2081.6482 | K7: =G7+J7 -> 19593.948 | L7: =K7 -> 19593.948 | M7: =M6+K7-L7 -> 0
A8: 5 | B8: 45996 | G8: =E8*F8 -> 0 | J8: =H8*I8 -> 0 | K8: =G8+J8 -> 0 | L8: =K8 -> 0 | M8: =M7+K8-L8 -> 0
A9: 6 | B9: 45997 | E9: 85 | F9: 92.17 | G9: =E9*F9 -> 7834.45 | J9: =H9*I9 -> 0 | K9: =G9+J9 -> 7834.45 | L9: =K9 -> 7834.45 | M9: =M8+K9-L9 -> 0
A10: 7 | B10: 45998 | E10: 325 | F10: 92.17 | G10: =E10*F10 -> 29955.25 | J10: =H10*I10 -> 0 | K10: =G10+J10 -> 29955.25 | L10: =K10 -> 29955.25 | M10: =M9+K10-L10 -> 0
A11: 8 | B11: 45999 | G11: =E11*F11 -> 0 | J11: =H11*I11 -> 0 | K11: =G11+J11 -> 0 | L11: =K11 -> 0 | M11: =M10+K11-L11 -> 0
A12: 9 | B12: 46000 | G12: =E12*F12 -> 0 | J12: =H12*I12 -> 0 | K12: =G12+J12 -> 0 | L12: =K12 -> 0 | M12: =M11+K12-L12 -> 0
A13: 10 | B13: 46001 | G13: =E13*F13 -> 0 | J13: =H13*I13 -> 0 | K13: =G13+J13 -> 0 | L13: =K13 -> 0 | M13: =M12+K13-L13 -> 0
A14: 11 | B14: 46002 | G14: =E14*F14 -> 0 | J14: =H14*I14 -> 0 | K14: =G14+J14 -> 0 | L14: =K14 -> 0 | M14: =M13+K14-L14 -> 0
A15: 12 | B15: 46003 | G15: =E15*F15 -> 0 | J15: =H15*I15 -> 0 | K15: =G15+J15 -> 0 | L15: =K15 -> 0 | M15: =M14+K15-L15 -> 0
A16: 13 | B16: 46004 | G16: =E16*F16 -> 0 | J16: =H16*I16 -> 0 | K16: =G16+J16 -> 0 | L16: =K16 -> 0 | M16: =M15+K16-L16 -> 0
A17: 14 | B17: 46005 | G17: =E17*F17 -> 0 | J17: =H17*I17 -> 0 | K17: =G17+J17 -> 0 | L17: =K17 -> 0 | M17: =M16+K17-L17 -> 0
A18: 15 | B18: 46006 | G18: =E18*F18 -> 0 | J18: =H18*I18 -> 0 | K18: =G18+J18 -> 0 | L18: =K18 -> 0 | M18: =M17+K18-L18 -> 0
A19: 16 | B19: 46007 | E19: 85 | F19: 92.17 | G19: =E19*F19 -> 7834.45 | H19: 20 | I19: 104.02 | J19: =H19*I19 -> 2080.4 | K19: =G19+J19 -> 9914.85 | L19: =K19 -> 9914.85 | M19: =M18+K19-L19 -> 0
A20: 17 | B20: 46008 | G20: =E20*F20 -> 0 | J20: =H20*I20 -> 0 | K20: =G20+J20 -> 0 | L20: =K20 -> 0 | M20: =M19+K20-L20 -> 0
A21: 18 | B21: 46009 | G21: =E21*F21 -> 0 | J21: =H21*I21 -> 0 | K21: =G21+J21 -> 0 | L21: =K21 -> 0 | M21: =M20+K21-L21 -> 0
A22: 19 | B22: 46010 | G22: =E22*F22 -> 0 | J22: =H22*I22 -> 0 | K22: =G22+J22 -> 0 | L22: =K22 -> 0 | M22: =M21+K22-L22 -> 0
A23: 20 | B23: 46011 | E23: 159.99 | F23: 92.17 | G23: =E23*F23 -> 14746.278 | H23: 0 | I23: 104.02 | J23: =H23*I23 -> 0 | K23: =G23+J23 -> 14746.278 | L23: =K23 -> 14746.278 | M23: =M22+K23-L23 -> 0
A24: 21 | B24: 46012 | G24: =E24*F24 -> 0 | J24: =H24*I24 -> 0 | K24: =G24+J24 -> 0 | L24: =K24 -> 0 | M24: =M23+K24-L24 -> 0
A25: 22 | B25: 46013 | G25: =E25*F25 -> 0 | J25: =H25*I25 -> 0 | K25: =G25+J25 -> 0 | L25: =K25 -> 0 | M25: =M24+K25-L25 -> 0
A26: 23 | B26: 46014 | G26: =E26*F26 -> 0 | J26: =H26*I26 -> 0 | K26: =G26+J26 -> 0 | L26: =K26 -> 0 | M26: =M25+K26-L26 -> 0
A27: 24 | B27: 46015 | D27: Priyanka Petroleum (BPCL) | E27: 300 | F27: 92.19 | G27: =E27*F27 -> 27657 | H27: 10 | I27: 104.02 | J27: =H27*I27 -> 1040.2 | K27: =G27+J27 -> 28697.2 | L27: 0 | M27: =M26+K27-L27 -> 28697.2
A28: 25 | B28: 46016 | G28: =E28*F28 -> 0 | J28: =H28*I28 -> 0 | K28: =G28+J28 -> 0 | L28: =K28 -> 0 | M28: =M27+K28-L28 -> 28697.2
A29: 26 | B29: 46017 | G29: =E29*F29 -> 0 | J29: =H29*I29 -> 0 | K29: =G29+J29 -> 0 | L29: =K29 -> 0 | M29: =M28+K29-L29 -> 28697.2
A30: 27 | B30: 46018 | G30: =E30*F30 -> 0 | J30: =H30*I30 -> 0 | K30: =G30+J30 -> 0 | L30: =K30 -> 0 | M30: =M29+K30-L30 -> 28697.2
A31: 28 | B31: 46019 | G31: =E31*F31 -> 0 | J31: =H31*I31 -> 0 | K31: =G31+J31 -> 0 | L31: =K31 -> 0 | M31: =M30+K31-L31 -> 28697.2
A32: 29 | B32: 46020 | G32: =E32*F32 -> 0 | J32: =H32*I32 -> 0 | K32: =G32+J32 -> 0 | L32: =K32 -> 0 | M32: =M31+K32-L32 -> 28697.2
A33: 30 | B33: 46021 | G33: =E33*F33 -> 0 | J33: =H33*I33 -> 0 | K33: =G33+J33 -> 0 | L33: =K33 -> 0 | M33: =M32+K33-L33 -> 28697.2
A34: 31 | B34: 46022 | E34: 270 | F34: 92.19 | G34: =E34*F34 -> 24891.3 | K34: =G34+J34 -> 24891.3 | L34: 0 | M34: =M33+K34-L34 -> 53588.5
E35: =SUM(E4:E34) -> 1414.99 | G35: =SUM(G4:G34) -> 130431.03 | H35: =SUM(H4:H34) -> 50.012 | J35: =SUM(J4:J34) -> 5202.2482 | K35: =SUM(K4:K34) -> 135633.28 | L35: =SUM(L4:L34) -> 82044.777

Sheet  Chennagiri
A1: Chennagiri
A2: S.No | B2: Date | C2: GRN No | D2: Ind No/Bill No | E2: Diesel (Lts) | F2: Price | G2: Amount | H2: Petrol (Lts) | I2: Price | J2: Amount | K2: Total amount | L2: Amount paid | M2: As on Date | N2: Remarks
A3: Opening Balance | K3: 0 | L3: 0 | M3: =+K3 -> 0
A4: 1 | B4: 45992 | G4: =E4*F4 -> 0 | J4: =H4*I4 -> 0 | K4: =G4+J4 -> 0 | L4: =K4 -> 0 | M4: =M3+K4-L4 -> 0
A5: 2 | B5: 45993 | E5: 120 | F5: 92.02 | G5: =E5*F5 -> 11042.4 | J5: =H5*I5 -> 0 | K5: =G5+J5 -> 11042.4 | L5: =K5 -> 11042.4 | M5: =M4+K5-L5 -> 0 | N5: HPCL
A6: 3 | B6: 45994 | G6: =E6*F6 -> 0 | J6: =H6*I6 -> 0 | K6: =G6+J6 -> 0 | L6: =K6 -> 0 | M6: =M5+K6-L6 -> 0
A7: 4 | B7: 45995 | G7: =E7*F7 -> 0 | J7: =H7*I7 -> 0 | K7: =G7+J7 -> 0 | L7: =K7 -> 0 | M7: =M6+K7-L7 -> 0
A8: 5 | B8: 45996 | G8: =E8*F8 -> 0 | H8: 14 | I8: 104.08 | J8: =H8*I8 -> 1457.12 | K8: =G8+J8 -> 1457.12 | L8: =K8 -> 1457.12 | M8: =M7+K8-L8 -> 0 | N8: HPCL
A9: 6 | B9: 45997 | G9: =E9*F9 -> 0 | J9: =H9*I9 -> 0 | K9: =G9+J9 -> 0 | L9: =K9 -> 0 | M9: =M8+K9-L9 -> 0
A10: 7 | B10: 45998 | G10: =E10*F10 -> 0 | J10: =H10*I10 -> 0 | K10: =G10+J10 -> 0 | L10: =K10 -> 0 | M10: =M9+K10-L10 -> 0
A11: 8 | B11: 45999 | G11: =E11*F11 -> 0 | J11: =H11*I11 -> 0 | K11: =G11+J11 -> 0 | L11: =K11 -> 0 | M11: =M10+K11-L11 -> 0
A12: 9 | B12: 46000 | G12: =E12*F12 -> 0 | J12: =H12*I12 -> 0 | K12: =G12+J12 -> 0 | L12: =K12 -> 0 | M12: =M11+K12-L12 -> 0
A13: 10 | B13: 46001 | G13: =E13*F13 -> 0 | J13: =H13*I13 -> 0 | K13: =G13+J13 -> 0 | L13: =K13 -> 0 | M13: =M12+K13-L13 -> 0
A14: 11 | B14: 46002 | G14: =E14*F14 -> 0 | J14: =H14*I14 -> 0 | K14: =G14+J14 -> 0 | L14: =K14 -> 0 | M14: =M13+K14-L14 -> 0
A15: 12 | B15: 46003 | G15: =E15*F15 -> 0 | J15: =H15*I15 -> 0 | K15: =G15+J15 -> 0 | L15: =K15 -> 0 | M15: =M14+K15-L15 -> 0
A16: 13 | B16: 46004 | G16: =E16*F16 -> 0 | J16: =H16*I16 -> 0 | K16: =G16+J16 -> 0 | L16: =K16 -> 0 | M16: =M15+K16-L16 -> 0
A17: 14 | B17: 46005 | G17: =E17*F17 -> 0 | J17: =H17*I17 -> 0 | K17: =G17+J17 -> 0 | L17: =K17 -> 0 | M17: =M16+K17-L17 -> 0
A18: 15 | B18: 46006 | G18: =E18*F18 -> 0 | J18: =H18*I18 -> 0 | K18: =G18+J18 -> 0 | L18: =K18 -> 0 | M18: =M17+K18-L18 -> 0
A19: 16 | B19: 46007 | E19: 30 | F19: 92.04 | G19: =E19*F19 -> 2761.2 | H19: 5 | I19: 104.08 | J19: =H19*I19 -> 520.4 | K19: =G19+J19 -> 3281.6 | L19: =K19 -> 3281.6 | M19: =M18+K19-L19 -> 0
A20: 17 | B20: 46008 | E20: 65 | F20: 92.03 | G20: =E20*F20 -> 5981.95 | J20: =H20*I20 -> 0 | K20: =G20+J20 -> 5981.95 | L20: =K20 -> 5981.95 | M20: =M19+K20-L20 -> 0
A21: 18 | B21: 46009 | E21: 170 | F21: 92.02 | G21: =E21*F21 -> 15643.4 | J21: =H21*I21 -> 0 | K21: =G21+J21 -> 15643.4 | L21: =K21 -> 15643.4 | M21: =M20+K21-L21 -> 0
A22: 19 | B22: 46010 | G22: =E22*F22 -> 0 | H22: 15 | I22: 104.08 | J22: =H22*I22 -> 1561.2 | K22: =G22+J22 -> 1561.2 | L22: =K22 -> 1561.2 | M22: =M21+K22-L22 -> 0
A23: 20 | B23: 46011 | G23: =E23*F23 -> 0 | J23: =H23*I23 -> 0 | K23: =G23+J23 -> 0 | L23: =K23 -> 0 | M23: =M22+K23-L23 -> 0
A24: 21 | B24: 46012 | G24: =E24*F24 -> 0 | J24: =H24*I24 -> 0 | K24: =G24+J24 -> 0 | L24: =K24 -> 0 | M24: =M23+K24-L24 -> 0
A25: 22 | B25: 46013 | G25: =E25*F25 -> 0 | J25: =H25*I25 -> 0 | K25: =G25+J25 -> 0 | L25: =K25 -> 0 | M25: =M24+K25-L25 -> 0
A26: 23 | B26: 46014 | E26: 100 | F26: 92.02 | G26: =E26*F26 -> 9202 | J26: =H26*I26 -> 0 | K26: =G26+J26 -> 9202 | L26: =K26 -> 9202 | M26: =M25+K26-L26 -> 0
A27: 24 | B27: 46015 | G27: =E27*F27 -> 0 | J27: =H27*I27 -> 0 | K27: =G27+J27 -> 0 | L27: =K27 -> 0 | M27: =M26+K27-L27 -> 0
A28: 25 | B28: 46016 | G28: =E28*F28 -> 0 | J28: =H28*I28 -> 0 | K28: =G28+J28 -> 0 | L28: =K28 -> 0 | M28: 0
A29: 26 | B29: 46017 | G29: =E29*F29 -> 0 | H29: 15 | I29: 104.08 | J29: =H29*I29 -> 1561.2 | K29: =G29+J29 -> 1561.2 | L29: =K29 -> 1561.2 | M29: 0
A30: 27 | B30: 46018 | G30: =E30*F30 -> 0 | J30: =H30*I30 -> 0 | K30: =G30+J30 -> 0 | L30: =K30 -> 0 | M30: 0
A31: 28 | B31: 46019 | G31: =E31*F31 -> 0 | J31: =H31*I31 -> 0 | K31: =G31+J31 -> 0 | L31: =K31 -> 0 | M31: 0
A32: 29 | B32: 46020 | G32: =E32*F32 -> 0 | J32: =H32*I32 -> 0 | K32: =G32+J32 -> 0 | L32: =K32 -> 0
A33: 30 | B33: 46021 | G33: =E33*F33 -> 0 | J33: =H33*I33 -> 0 | K33: =G33+J33 -> 0 | L33: =K33 -> 0
A34: 31 | B34: 46022 | E34: 200 | F34: 92.02 | G34: =E34*F34 -> 18404 | K34: =G34+J34 -> 18404 | L34: =K34 -> 18404
E35: =SUM(E4:E34) -> 685 | G35: =SUM(G4:G34) -> 63034.95 | H35: =SUM(H4:H34) -> 49 | J35: =SUM(J4:J34) -> 5099.92 | K35: =SUM(K4:K34) -> 68134.87 | L35: =SUM(L4:L34) -> 68134.87

Sheet Khanapur
A1: V.V.Varde
A2: S.No | B2: Date | C2: GRN No | D2: Ind No/Bill No | E2: Diesel (Lts) | F2: Price | G2: Amount | H2: Petrol (Lts) | I2: Price | J2: Amount | K2: Total amount | L2: Date of payment | M2: Amount paid | N2: Remarks
D3: Opening Balance | K3: 29018.261 | M3: 29018.261
A4: 1 | B4: 45992 | E4: 50 | F4: 90.88 | G4: =F4*E4 -> 4544 | H4: 5 | I4: 102.77 | J4: =H4*I4 -> 513.85 | K4: =G4+J4 -> 5057.85 | M4: =M3+K4-L4 -> 34076.111
A5: 2 | B5: 45993 | G5: =F5*E5 -> 0 | H5: 10 | I5: 102.77 | J5: =H5*I5 -> 1027.7 | K5: =G5+J5 -> 1027.7 | M5: =M4+K5-L5 -> 35103.811 | S5: 90.88 | T5: 102.77
A6: 3 | B6: 45994 | E6: 30 | F6: 90.88 | G6: =F6*E6 -> 2726.4 | J6: =H6*I6 -> 0 | K6: =G6+J6 -> 2726.4 | M6: =M5+K6-L6 -> 37830.211
A7: 4 | B7: 45995 | E7: 18.17 | F7: 90.88 | G7: =F7*E7 -> 1651.2896 | J7: =H7*I7 -> 0 | K7: =G7+J7 -> 1651.2896 | M7: =M6+K7-L7 -> 39481.5
A8: 5 | B8: 45996 | G8: =F8*E8 -> 0 | H8: 10 | I8: 102.77 | J8: =H8*I8 -> 1027.7 | K8: =G8+J8 -> 1027.7 | M8: =M7+K8-L8 -> 40509.2
A9: 6 | B9: 45997 | G9: =F9*E9 -> 0 | J9: =H9*I9 -> 0 | K9: =G9+J9 -> 0 | M9: =M8+K9-L9 -> 40509.2
A10: 7 | B10: 45998 | E10: 55 | F10: 90.88 | G10: =F10*E10 -> 4998.4 | J10: =H10*I10 -> 0 | K10: =G10+J10 -> 4998.4 | M10: =M9+K10-L10 -> 45507.6
A11: 8 | B11: 45999 | G11: =F11*E11 -> 0 | J11: =H11*I11 -> 0 | K11: =G11+J11 -> 0 | M11: =M10+K11-L11 -> 45507.6
A12: 9 | B12: 46000 | E12: 38 | F12: 90.88 | G12: =F12*E12 -> 3453.44 | H12: 5 | I12: 102.77 | J12: =H12*I12 -> 513.85 | K12: =G12+J12 -> 3967.29 | M12: =M11+K12-L12 -> 49474.89
A13: 10 | B13: 46001 | E13: 30 | F13: 90.88 | G13: =F13*E13 -> 2726.4 | J13: =H13*I13 -> 0 | K13: =G13+J13 -> 2726.4 | M13: =M12+K13-L13 -> 52201.29
A14: 11 | B14: 46002 | G14: =F14*E14 -> 0 | J14: =H14*I14 -> 0 | K14: =G14+J14 -> 0 | M14: =M13+K14-L14 -> 52201.29
A15: 12 | B15: 46003 | G15: =F15*E15 -> 0 | J15: =H15*I15 -> 0 | K15: =G15+J15 -> 0 | L15: 50000 | M15: =M14+K15-L15 -> 2201.2904
A16: 13 | B16: 46004 | E16: 265 | F16: 90.88 | G16: =F16*E16 -> 24083.2 | H16: 7 | I16: 102.77 | J16: =H16*I16 -> 719.39 | K16: =G16+J16 -> 24802.59 | M16: =M15+K16-L16 -> 27003.88
A17: 14 | B17: 46005 | E17: 50 | F17: 90.88 | G17: =F17*E17 -> 4544 | H17: 5 | I17: 102.77 | J17: =H17*I17 -> 513.85 | K17: =G17+J17 -> 5057.85 | M17: =M16+K17-L17 -> 32061.73
A18: 15 | B18: 46006 | E18: 65 | F18: 90.88 | G18: =F18*E18 -> 5907.2 | J18: =H18*I18 -> 0 | K18: =G18+J18 -> 5907.2 | M18: =M17+K18-L18 -> 37968.93
A19: 16 | B19: 46007 | E19: 50 | F19: 90.88 | G19: =F19*E19 -> 4544 | H19: 5 | I19: 102.77 | J19: =H19*I19 -> 513.85 | K19: =G19+J19 -> 5057.85 | M19: =M18+K19-L19 -> 43026.78
A20: 17 | B20: 46008 | E20: 30 | F20: 90.88 | G20: =F20*E20 -> 2726.4 | H20: 5 | I20: 102.77 | J20: =H20*I20 -> 513.85 | K20: =G20+J20 -> 3240.25 | M20: =M19+K20-L20 -> 46267.03 | O20: 16.68
A21: 18 | B21: 46009 | G21: =F21*E21 -> 0 | J21: =H21*I21 -> 0 | K21: =G21+J21 -> 0 | M21: =M20+K21-L21 -> 46267.03
A22: 19 | B22: 46010 | G22: =F22*E22 -> 0 | J22: =H22*I22 -> 0 | K22: =G22+J22 -> 0 | M22: =M21+K22-L22 -> 46267.03
A23: 20 | B23: 46011 | E23: 20 | F23: 90.88 | G23: =F23*E23 -> 1817.6 | J23: =H23*I23 -> 0 | K23: =G23+J23 -> 1817.6 | M23: =M22+K23-L23 -> 48084.63 | N23: 0
A24: 21 | B24: 46012 | G24: =F24*E24 -> 0 | J24: =H24*I24 -> 0 | K24: =G24+J24 -> 0 | M24: =M23+K24-L24 -> 48084.63
A25: 22 | B25: 46013 | E25: 160 | F25: 90.88 | G25: =F25*E25 -> 14540.8 | H25: 5 | I25: 102.77 | J25: =H25*I25 -> 513.85 | K25: =G25+J25 -> 15054.65 | M25: =M24+K25-L25 -> 63139.28
A26: 23 | B26: 46014 | E26: 60 | F26: 90.88 | G26: =F26*E26 -> 5452.8 | H26: 6 | I26: 102.77 | J26: =H26*I26 -> 616.62 | K26: =G26+J26 -> 6069.42 | M26: =M25+K26-L26 -> 69208.7
A27: 24 | B27: 46015 | E27: 60 | F27: 90.88 | G27: =F27*E27 -> 5452.8 | J27: =H27*I27 -> 0 | K27: =G27+J27 -> 5452.8 | M27: =M26+K27-L27 -> 74661.5
A28: 25 | B28: 46016 | E28: 60 | F28: 90.88 | G28: =F28*E28 -> 5452.8 | H28: 5 | I28: 102.77 | J28: =H28*I28 -> 513.85 | K28: =G28+J28 -> 5966.65 | M28: =M27+K28-L28 -> 80628.15
A29: 26 | B29: 46017 | E29: 120 | F29: 90.88 | G29: =F29*E29 -> 10905.6 | H29: 5 | I29: 102.77 | J29: =H29*I29 -> 513.85 | K29: =G29+J29 -> 11419.45 | M29: =M28+K29-L29 -> 92047.6
A30: 27 | B30: 46018 | G30: =F30*E30 -> 0 | J30: =H30*I30 -> 0 | K30: =G30+J30 -> 0 | M30: =M29+K30-L30 -> 92047.6
A31: 28 | B31: 46019 | E31: 40 | F31: 90.88 | G31: =F31*E31 -> 3635.2 | H31: 5 | I31: 102.77 | J31: =H31*I31 -> 513.85 | K31: =G31+J31 -> 4149.05 | M31: =M30+K31-L31 -> 96196.65
A32: 29 | B32: 46020 | G32: =F32*E32 -> 0 | J32: =H32*I32 -> 0 | K32: =G32+J32 -> 0 | M32: =M31+K32-L32 -> 96196.65
A33: 30 | B33: 46021 | E33: 25 | F33: 90.88 | G33: =F33*E33 -> 2272 | J33: =H33*I33 -> 0 | K33: =G33+J33 -> 2272 | M33: =M32+K33-L33 -> 98468.65
A34: 31 | B34: 46022 | H34: 5 | I34: 102.77 | J34: =H34*I34 -> 513.85 | K34: =G34+J34 -> 513.85 | M34: =M33+K34-L34 -> 98982.5
E35: =SUM(E4:E34) -> 1226.17 | G35: =SUM(G4:G34) -> 111434.33 | H35: =SUM(H4:H34) -> 83 | J35: =SUM(J4:J34) -> 8529.91 | K35: =SUM(K4:K34) -> 119964.24 | L35: =SUM(L4:L34) -> 50000 | M35: =SUM(M4:M34) -> 1711213
E36: 1541.87
E37: 1661 | H37: 43.92
E38: =E37-E36 -> 119.13

Sheet Munavali-2
A1: Shri Daneshwari
A2: S.No | B2: Date | C2: GRN No | D2: Ind No/Bill No | E2: Diesel (Lts) | F2: Price | G2: Amount | H2: Petrol (Lts) | I2: Price | J2: Amount | K2: Total amount | L2: Amount paid | M2: As on date | N2: Remarks
D3: Opening Balance | K3: 554212.7 | M3: 554212.7 | O3: 26506.4
A4: 1 | B4: 45992 | G4: =E4*F4 -> 0 | J4: =H4*I4 -> 0 | K4: =G4+J4 -> 0 | M4: =M3+K4-L4 -> 554212.7
A5: 2 | B5: 45993 | G5: =E5*F5 -> 0 | J5: =H5*I5 -> 0 | K5: =G5+J5 -> 0 | M5: =M4+K5-L5 -> 554212.7
A6: 3 | B6: 45994 | G6: =E6*F6 -> 0 | J6: =H6*I6 -> 0 | K6: =G6+J6 -> 0 | M6: =M5+K6-L6 -> 554212.7
A7: 4 | B7: 45995 | G7: =E7*F7 -> 0 | H7: 6 | I7: 103.18 | J7: =H7*I7 -> 619.08 | K7: =G7+J7 -> 619.08 | L7: 619 | M7: =M6+K7-L7 -> 554212.78
A8: 5 | B8: 45996 | E8: 21.92 | F8: 91.26 | G8: =E8*F8 -> 2000.4192 | H8: 19.38 | I8: 103.18 | J8: =H8*I8 -> 1999.6284 | K8: =G8+J8 -> 4000.0476 | L8: 4000 | M8: =M7+K8-L8 -> 554212.83
A9: 6 | B9: 45997 | G9: =E9*F9 -> 0 | J9: =H9*I9 -> 0 | K9: =G9+J9 -> 0 | M9: =M8+K9-L9 -> 554212.83
A10: 7 | B10: 45998 | G10: =E10*F10 -> 0 | J10: =H10*I10 -> 0 | K10: =G10+J10 -> 0 | M10: =M9+K10-L10 -> 554212.83
A11: 8 | B11: 45999 | G11: =E11*F11 -> 0 | J11: =H11*I11 -> 0 | K11: =G11+J11 -> 0 | M11: =M10+K11-L11 -> 554212.83
A12: 9 | B12: 46000 | E12: 70 | F12: 91.51 | G12: =E12*F12 -> 6405.7 | J12: =H12*I12 -> 0 | K12: =G12+J12 -> 6405.7 | L12: 6405.7 | M12: =M11+K12-L12 -> 554212.83
A13: 10 | B13: 46001 | G13: =E13*F13 -> 0 | J13: =H13*I13 -> 0 | K13: =G13+J13 -> 0 | M13: =M12+K13-L13 -> 554212.83
A14: 11 | B14: 46002 | E14: 415.26 | F14: 91.51 | G14: =E14*F14 -> 38000.443 | H14: 19.33 | I14: 103.44 | J14: =H14*I14 -> 1999.4952 | K14: =G14+J14 -> 39999.938 | L14: 40000 | M14: =M13+K14-L14 -> 554212.77
A15: 12 | B15: 46003 | G15: =E15*F15 -> 0 | J15: =H15*I15 -> 0 | K15: =G15+J15 -> 0 | L15: 500000 | M15: =M14+K15-L15 -> 54212.77
A16: 13 | B16: 46004 | D16: 600 | E16: 635 | F16: 91.32 | G16: =E16*F16 -> 57988.2 | J16: =H16*I16 -> 0 | K16: =G16+J16 -> 57988.2 | M16: =M15+K16-L16 -> 112200.97
A17: 14 | B17: 46005 | G17: =E17*F17 -> 0 | J17: =H17*I17 -> 0 | K17: =G17+J17 -> 0 | M17: =M16+K17-L17 -> 112200.97
A18: 15 | B18: 46006 | E18: 630 | F18: 91.32 | G18: =E18*F18 -> 57531.6 | H18: 12 | I18: 103.24 | J18: =H18*I18 -> 1238.88 | K18: =G18+J18 -> 58770.48 | L18: 107000 | M18: =M17+K18-L18 -> 63971.45
A19: 16 | B19: 46007 | E19: 633.46 | F19: 91.32 | G19: =E19*F19 -> 57847.567 | H19: 5 | I19: 103.24 | J19: =H19*I19 -> 516.2 | K19: =G19+J19 -> 58363.767 | M19: =M18+K19-L19 -> 122335.22
A20: 17 | B20: 46008 | G20: =E20*F20 -> 0 | H20: 6 | I20: 103.24 | J20: =H20*I20 -> 619.44 | K20: =G20+J20 -> 619.44 | M20: =M19+K20-L20 -> 122954.66
A21: 18 | B21: 46009 | E21: 668.61 | F21: 91.32 | G21: =E21*F21 -> 61057.465 | H21: 22 | I21: 103.24 | J21: =H21*I21 -> 2271.28 | K21: =G21+J21 -> 63328.745 | M21: =M20+K21-L21 -> 186283.4
A22: 19 | B22: 46010 | G22: =E22*F22 -> 0 | J22: =H22*I22 -> 0 | K22: =G22+J22 -> 0 | M22: =M21+K22-L22 -> 186283.4
A23: 20 | B23: 46011 | E23: 630 | F23: 91.32 | G23: =E23*F23 -> 57531.6 | H23: 11 | I23: 103.24 | J23: =H23*I23 -> 1135.64 | K23: =G23+J23 -> 58667.24 | M23: =M22+K23-L23 -> 244950.64
A24: 21 | B24: 46012 | E24: 400 | F24: 91.32 | G24: =E24*F24 -> 36528 | J24: =H24*I24 -> 0 | K24: =G24+J24 -> 36528 | M24: =M23+K24-L24 -> 281478.64
A25: 22 | B25: 46013 | E25: 400 | F25: 91.32 | G25: =E25*F25 -> 36528 | J25: =H25*I25 -> 0 | K25: =G25+J25 -> 36528 | M25: =M24+K25-L25 -> 318006.64
A26: 23 | B26: 46014 | G26: =E26*F26 -> 0 | H26: 22 | I26: 103.44 | J26: =H26*I26 -> 2275.68 | K26: =G26+J26 -> 2275.68 | M26: =M25+K26-L26 -> 320282.32
A27: 24 | B27: 46015 | E27: 600 | F27: 91.32 | G27: =E27*F27 -> 54792 | H27: 11 | I27: 103.44 | J27: =H27*I27 -> 1137.84 | K27: =G27+J27 -> 55929.84 | M27: =M26+K27-L27 -> 376212.16
A28: 25 | B28: 46016 | E28: 500 | F28: 91.32 | G28: =E28*F28 -> 45660 | H28: 5 | I28: 103.44 | J28: =H28*I28 -> 517.2 | K28: =G28+J28 -> 46177.2 | M28: =M27+K28-L28 -> 422389.36
A29: 26 | B29: 46017 | E29: 400 | F29: 91.32 | G29: =E29*F29 -> 36528 | H29: 5 | I29: 103.44 | J29: =H29*I29 -> 517.2 | K29: =G29+J29 -> 37045.2 | M29: =M28+K29-L29 -> 459434.56
A30: 27 | B30: 46018 | E30: 500 | F30: 91.32 | G30: =E30*F30 -> 45660 | H30: 5 | I30: 103.44 | J30: =H30*I30 -> 517.2 | K30: =G30+J30 -> 46177.2 | M30: =M29+K30-L30 -> 505611.76
A31: 28 | B31: 46019 | E31: 550 | F31: 91.32 | G31: =E31*F31 -> 50226 | H31: 17 | I31: 103.44 | J31: =H31*I31 -> 1758.48 | K31: =G31+J31 -> 51984.48 | M31: =M30+K31-L31 -> 557596.24
A32: 29 | B32: 46020 | E32: 500 | F32: 91.32 | G32: =E32*F32 -> 45660 | H32: 12 | I32: 103.44 | J32: =H32*I32 -> 1241.28 | K32: =G32+J32 -> 46901.28 | M32: =M31+K32-L32 -> 604497.52
A33: 30 | B33: 46021 | E33: 600 | F33: 91.32 | G33: =E33*F33 -> 54792 | H33: 12 | I33: 103.44 | J33: =H33*I33 -> 1241.28 | K33: =G33+J33 -> 56033.28 | L33: 0 | M33: =M32+K33-L33 -> 660530.8
A34: 31 | G34: =E34*F34 -> 0 | J34: =H34*I34 -> 0 | K34: =G34+J34 -> 0 | L34: 0 | M34: =M33+K34-L34 -> 660530.8
A35: 32 | G35: =E35*F35 -> 0 | J35: =H35*I35 -> 0 | K35: =G35+J35 -> 0 | L35: 0 | M35: =M34+K35-L35 -> 660530.8
A36: 33 | G36: =E36*F36 -> 0 | J36: =H36*I36 -> 0 | K36: =G36+J36 -> 0 | L36: 0 | M36: =M35+K36-L36 -> 660530.8
E37: =SUM(E4:E36) -> 8154.25 | G37: =SUM(G4:G36) -> 744736.99 | H37: =SUM(H4:H36) -> 189.71 | J37: =SUM(J4:J36) -> 19605.804 | K37: =SUM(K4:K36) -> 764342.8 | L37: =SUM(L4:L36) -> 658024.7

Sheet Ugar,Khagwad,Kudichi
A1: Shiri Bhrhmanath Petrolium
A2: S.No | B2: Date | C2: GRN No | D2: Ind No/Bill No | E2: Diesel (Lts) | F2: Price | G2: Amount | H2: Petrol (Lts) | I2: Price | J2: Amount | K2: Total amount | L2: Amount paid | M2: As on Date | N2: Remarks
A3: Opening Balance | K3: 394249.74 | M3: 394249.74 | O3: 235015.76 | P3: =O3-M3 -> -159233.98
A4: 1 | B4: 45992 | E4: 206.16 | F4: 91.93 | G4: =E4*F4 -> 18952.289 | H4: 40 | I4: 103.89 | J4: =H4*I4 -> 4155.6 | K4: =G4+J4 -> 23107.889 | L4: 0 | M4: =M3+K4-L4 -> 417357.63 | Q4: 235410
A5: 2 | B5: 45993 | E5: 35 | F5: 91.93 | G5: =E5*F5 -> 3217.55 | J5: =H5*I5 -> 0 | K5: =G5+J5 -> 3217.55 | L5: 0 | M5: =M4+K5-L5 -> 420575.18
A6: 3 | B6: 45994 | E6: 305 | F6: 91.93 | G6: =E6*F6 -> 28038.65 | J6: =H6*I6 -> 0 | K6: =G6+J6 -> 28038.65 | L6: 0 | M6: =M5+K6-L6 -> 448613.83
A7: 4 | B7: 45995 | G7: =E7*F7 -> 0 | J7: =H7*I7 -> 0 | K7: =G7+J7 -> 0 | L7: 0 | M7: =M6+K7-L7 -> 448613.83
A8: 5 | B8: 45996 | E8: 570 | F8: 91.93 | G8: =E8*F8 -> 52400.1 | H8: 40 | I8: 103.89 | J8: =H8*I8 -> 4155.6 | K8: =G8+J8 -> 56555.7 | L8: 0 | M8: =M7+K8-L8 -> 505169.53
A9: 6 | B9: 45997 | E9: 35 | F9: 91.93 | G9: =E9*F9 -> 3217.55 | J9: =H9*I9 -> 0 | K9: =G9+J9 -> 3217.55 | M9: =M8+K9-L9 -> 508387.08
A10: 7 | B10: 45998 | E10: 35 | F10: 91.93 | G10: =E10*F10 -> 3217.55 | J10: =H10*I10 -> 0 | K10: =G10+J10 -> 3217.55 | M10: =M9+K10-L10 -> 511604.63
A11: 8 | B11: 45999 | G11: =E11*F11 -> 0 | J11: =H11*I11 -> 0 | K11: =G11+J11 -> 0 | M11: =M10+K11-L11 -> 511604.63
A12: 9 | B12: 46000 | E12: 540 | F12: 91.93 | G12: =E12*F12 -> 49642.2 | J12: =H12*I12 -> 0 | K12: =G12+J12 -> 49642.2 | M12: =M11+K12-L12 -> 561246.83
A13: 10 | B13: 46001 | E13: 95 | F13: 91.93 | G13: =E13*F13 -> 8733.35 | J13: =H13*I13 -> 0 | K13: =G13+J13 -> 8733.35 | M13: =M12+K13-L13 -> 569980.18
A14: 11 | B14: 46002 | E14: 0 | F14: 91.93 | G14: =E14*F14 -> 0 | H14: 5 | I14: 103.89 | J14: =H14*I14 -> 519.45 | K14: =G14+J14 -> 519.45 | M14: =M13+K14-L14 -> 570499.63
A15: 12 | B15: 46003 | E15: 175 | F15: 91.93 | G15: =E15*F15 -> 16087.75 | H15: 0 | I15: 103.89 | J15: =H15*I15 -> 0 | K15: =G15+J15 -> 16087.75 | L15: 300000 | M15: =M14+K15-L15 -> 286587.38
A16: 13 | B16: 46004 | E16: 235 | F16: 91.93 | G16: =E16*F16 -> 21603.55 | H16: 50 | I16: 103.89 | J16: =H16*I16 -> 5194.5 | K16: =G16+J16 -> 26798.05 | M16: =M15+K16-L16 -> 313385.43
A17: 14 | B17: 46005 | E17: 0 | F17: 91.93 | G17: =E17*F17 -> 0 | H17: 0 | I17: 103.89 | J17: =H17*I17 -> 0 | K17: =G17+J17 -> 0 | M17: =M16+K17-L17 -> 313385.43
A18: 15 | B18: 46006 | E18: 50 | F18: 91.93 | G18: =E18*F18 -> 4596.5 | J18: =H18*I18 -> 0 | K18: =G18+J18 -> 4596.5 | L18: 313314 | M18: =M17+K18-L18 -> 4667.9298
A19: 16 | B19: 46007 | E19: 435 | F19: 91.93 | G19: =E19*F19 -> 39989.55 | H19: 25 | I19: 103.9 | J19: =H19*I19 -> 2597.5 | K19: =G19+J19 -> 42587.05 | M19: =M18+K19-L19 -> 47254.98
A20: 17 | B20: 46008 | E20: 40 | F20: 91.93 | G20: =E20*F20 -> 3677.2 | J20: =H20*I20 -> 0 | K20: =G20+J20 -> 3677.2 | M20: =M19+K20-L20 -> 50932.18
A21: 18 | B21: 46009 | E21: 200 | F21: 91.93 | G21: =E21*F21 -> 18386 | J21: =H21*I21 -> 0 | K21: =G21+J21 -> 18386 | M21: =M20+K21-L21 -> 69318.18
A22: 19 | B22: 46010 | E22: 35 | F22: 91.93 | G22: =E22*F22 -> 3217.55 | J22: =H22*I22 -> 0 | K22: =G22+J22 -> 3217.55 | M22: =M21+K22-L22 -> 72535.73
A23: 20 | B23: 46011 | E23: 380 | F23: 91.93 | G23: =E23*F23 -> 34933.4 | H23: 39.98 | I23: 103.9 | J23: =H23*I23 -> 4153.922 | K23: =G23+J23 -> 39087.322 | M23: =M22+K23-L23 -> 111623.05
A24: 21 | B24: 46012 | G24: =E24*F24 -> 0 | H24: 5 | I24: 111.13 | J24: =H24*I24 -> 555.65 | K24: =G24+J24 -> 555.65 | L24: 0 | M24: =M23+K24-L24 -> 112178.7
A25: 22 | B25: 46013 | E25: 30 | F25: 91.93 | G25: =E25*F25 -> 2757.9 | J25: =H25*I25 -> 0 | K25: =G25+J25 -> 2757.9 | L25: 0 | M25: =M24+K25-L25 -> 114936.6
A26: 23 | B26: 46014 | E26: 295 | F26: 91.93 | G26: =E26*F26 -> 27119.35 | J26: =H26*I26 -> 0 | K26: =G26+J26 -> 27119.35 | L26: 0 | M26: =M25+K26-L26 -> 142055.95
A27: 24 | B27: 46015 | G27: =E27*F27 -> 0 | J27: =H27*I27 -> 0 | K27: =G27+J27 -> 0 | L27: 0 | M27: =M26+K27-L27 -> 142055.95
A28: 25 | B28: 46016 | E28: 435 | F28: 91.93 | G28: =E28*F28 -> 39989.55 | H28: 35 | I28: 103.89 | J28: =H28*I28 -> 3636.15 | K28: =G28+J28 -> 43625.7 | L28: 0 | M28: =M27+K28-L28 -> 185681.65
A29: 26 | B29: 46017 | G29: =E29*F29 -> 0 | J29: =H29*I29 -> 0 | K29: =G29+J29 -> 0 | L29: 0 | M29: =M28+K29-L29 -> 185681.65
A30: 27 | B30: 46018 | E30: 295 | F30: 91.93 | G30: =E30*F30 -> 27119.35 | H30: 40 | I30: 103.89 | J30: =H30*I30 -> 4155.6 | K30: =G30+J30 -> 31274.95 | L30: 0 | M30: =M29+K30-L30 -> 216956.6
A31: 28 | B31: 46019 | E31: 80 | F31: 91.93 | G31: =E31*F31 -> 7354.4 | J31: =H31*I31 -> 0 | K31: =G31+J31 -> 7354.4 | L31: 0 | M31: =M30+K31-L31 -> 224311
A32: 29 | B32: 46020 | E32: 35 | F32: 91.93 | G32: =E32*F32 -> 3217.55 | J32: =H32*I32 -> 0 | K32: =G32+J32 -> 3217.55 | L32: 0 | M32: =M31+K32-L32 -> 227528.55
A33: 30 | B33: 46021 | E33: 705.29 | F33: 91.93 | G33: =E33*F33 -> 64837.31 | J33: =H33*I33 -> 0 | K33: =G33+J33 -> 64837.31 | L33: 0 | M33: =M32+K33-L33 -> 292365.86
A34: 31 | B34: 46022 | F34: 0 | G34: =E34*F34 -> 0 | J34: =H34*I34 -> 0 | K34: =G34+J34 -> 0 | L34: 0 | M34: =M33+K34-L34 -> 292365.86
E35: =SUM(E4:E34) -> 5246.45 | G35: =SUM(G4:G34) -> 482306.15 | H35: =SUM(H4:H34) -> 279.98 | J35: =SUM(J4:J34) -> 29123.972 | K35: =SUM(K4:K34) -> 511430.12 | L35: =SUM(L4:L34) -> 613314

Sheet Borgaon
A1: Aadisagar Petrolium
A2: S.No | B2: Date | C2: GRN No | D2: Ind no/Bill No | E2: Diesel (Lts) | F2: Price | G2: Amount | H2: Petrol (Lts) | I2: Price | J2: Amount | K2: Total amount | L2: Amount paid | M2: As on Date | N2: Remarks
A3: Opening Balance | K3: 67414.901 | M3: 67414.901
A4: 1 | B4: 45992 | E4: 1001.48 | F4: 91.77 | G4: =E4*F4 -> 91905.82 | J4: =H4*I4 -> 0 | K4: =G4+J4 -> 91905.82 | L4: 0 | M4: =M3+K4-L4 -> 159320.72
A5: 2 | B5: 45993 | E5: 35 | F5: 91.77 | G5: =E5*F5 -> 3211.95 | J5: =H5*I5 -> 0 | K5: =G5+J5 -> 3211.95 | M5: =M4+K5-L5 -> 162532.67
A6: 3 | B6: 45994 | E6: 44.5 | F6: 91.77 | G6: =E6*F6 -> 4083.765 | J6: =H6*I6 -> 0 | K6: =G6+J6 -> 4083.765 | M6: =M5+K6-L6 -> 166616.44
A7: 4 | B7: 45995 | E7: 50 | F7: 91.77 | G7: =E7*F7 -> 4588.5 | H7: 10 | I7: 103.7 | J7: =H7*I7 -> 1037 | K7: =G7+J7 -> 5625.5 | M7: =M6+K7-L7 -> 172241.94
A8: 5 | B8: 45996 | E8: 70 | F8: 91.77 | G8: =E8*F8 -> 6423.9 | J8: =H8*I8 -> 0 | K8: =G8+J8 -> 6423.9 | M8: =M7+K8-L8 -> 178665.84
A9: 6 | B9: 45997 | E9: 170 | F9: 91.77 | G9: =E9*F9 -> 15600.9 | J9: =H9*I9 -> 0 | K9: =G9+J9 -> 15600.9 | M9: =M8+K9-L9 -> 194266.74
A10: 7 | B10: 45998 | E10: 900 | F10: 91.77 | G10: =E10*F10 -> 82593 | H10: 15 | I10: 103.7 | J10: =H10*I10 -> 1555.5 | K10: =G10+J10 -> 84148.5 | M10: =M9+K10-L10 -> 278415.24
A11: 8 | B11: 45999 | E11: 568.14 | F11: 91.77 | G11: =E11*F11 -> 52138.208 | H11: 10 | I11: 103.7 | J11: =H11*I11 -> 1037 | K11: =G11+J11 -> 53175.208 | M11: =M10+K11-L11 -> 331590.44
A12: 9 | B12: 46000 | E12: 337 | F12: 91.77 | G12: =E12*F12 -> 30926.49 | J12: =H12*I12 -> 0 | K12: =G12+J12 -> 30926.49 | M12: =M11+K12-L12 -> 362516.93
A13: 10 | B13: 46001 | E13: 330 | F13: 91.77 | G13: =E13*F13 -> 30284.1 | J13: =H13*I13 -> 0 | K13: =G13+J13 -> 30284.1 | M13: =M12+K13-L13 -> 392801.03
A14: 11 | B14: 46002 | G14: =E14*F14 -> 0 | J14: =H14*I14 -> 0 | K14: =G14+J14 -> 0 | M14: =M13+K14-L14 -> 392801.03
A15: 12 | B15: 46003 | E15: 420 | F15: 91.77 | G15: =E15*F15 -> 38543.4 | J15: =H15*I15 -> 0 | K15: =G15+J15 -> 38543.4 | M15: =M14+K15-L15 -> 431344.43
A16: 13 | B16: 46004 | G16: =E16*F16 -> 0 | J16: =H16*I16 -> 0 | K16: =G16+J16 -> 0 | L16: 225000 | M16: =M15+K16-L16 -> 206344.43
A17: 14 | B17: 46005 | E17: 908.71 | F17: 91.77 | G17: =E17*F17 -> 83392.317 | H17: 5 | I17: 103.7 | J17: =H17*I17 -> 518.5 | K17: =G17+J17 -> 83910.817 | M17: =M16+K17-L17 -> 290255.25
A18: 15 | B18: 46006 | E18: 20 | F18: 91.77 | G18: =E18*F18 -> 1835.4 | J18: =H18*I18 -> 0 | K18: =G18+J18 -> 1835.4 | M18: =M17+K18-L18 -> 292090.65
A19: 16 | B19: 46007 | E19: 210 | F19: 91.77 | G19: =E19*F19 -> 19271.7 | H19: 5 | I19: 103.7 | J19: =H19*I19 -> 518.5 | K19: =G19+J19 -> 19790.2 | L19: 287043.3 | M19: =M18+K19-L19 -> 24837.55
A20: 17 | B20: 46008 | E20: 45 | F20: 91.77 | G20: =E20*F20 -> 4129.65 | J20: =H20*I20 -> 0 | K20: =G20+J20 -> 4129.65 | M20: =M19+K20-L20 -> 28967.2
A21: 18 | B21: 46009 | E21: 80 | F21: 91.77 | G21: =E21*F21 -> 7341.6 | J21: =H21*I21 -> 0 | K21: =G21+J21 -> 7341.6 | M21: =M20+K21-L21 -> 36308.8
A22: 19 | B22: 46010 | E22: 200 | F22: 91.77 | G22: =E22*F22 -> 18354 | H22: 5 | I22: 103.7 | J22: =H22*I22 -> 518.5 | K22: =G22+J22 -> 18872.5 | M22: =M21+K22-L22 -> 55181.3
A23: 20 | B23: 46011 | E23: 35 | F23: 91.77 | G23: =E23*F23 -> 3211.95 | J23: =H23*I23 -> 0 | K23: =G23+J23 -> 3211.95 | M23: =M22+K23-L23 -> 58393.25
A24: 21 | B24: 46012 | G24: =E24*F24 -> 0 | J24: =H24*I24 -> 0 | K24: =G24+J24 -> 0 | M24: =M23+K24-L24 -> 58393.25
A25: 22 | B25: 46013 | G25: =E25*F25 -> 0 | H25: 5 | I25: 103.7 | J25: =H25*I25 -> 518.5 | K25: =G25+J25 -> 518.5 | M25: =M24+K25-L25 -> 58911.75
A26: 23 | B26: 46014 | G26: =E26*F26 -> 0 | J26: =H26*I26 -> 0 | K26: =G26+J26 -> 0 | M26: =M25+K26-L26 -> 58911.75 | Q26: d
A27: 24 | B27: 46015 | G27: =E27*F27 -> 0 | H27: 5 | I27: 103.7 | J27: =H27*I27 -> 518.5 | K27: =G27+J27 -> 518.5 | M27: =M26+K27-L27 -> 59430.25 | Q27: 30 | R27: 50
A28: 25 | B28: 46016 | G28: =E28*F28 -> 0 | J28: =H28*I28 -> 0 | K28: =G28+J28 -> 0 | M28: =M27+K28-L28 -> 59430.25 | Q28: 50 | R28: 4.51
A29: 26 | B29: 46017 | G29: =E29*F29 -> 0 | J29: =H29*I29 -> 0 | K29: =G29+J29 -> 0 | M29: =M28+K29-L29 -> 59430.25
A30: 27 | B30: 46018 | E30: 29.03 | F30: 91.77 | G30: =E30*F30 -> 2664.0831 | J30: =H30*I30 -> 0 | K30: =G30+J30 -> 2664.0831 | M30: =M29+K30-L30 -> 62094.333
A31: 28 | B31: 46019 | G31: =E31*F31 -> 0 | H31: 10 | I31: 103.7 | J31: =H31*I31 -> 1037 | K31: =G31+J31 -> 1037 | M31: =M30+K31-L31 -> 63131.333
A32: 29 | B32: 46020 | E32: 29 | F32: 91.77 | G32: =E32*F32 -> 2661.33 | J32: =H32*I32 -> 0 | K32: =G32+J32 -> 2661.33 | M32: =M31+K32-L32 -> 65792.663
A33: 30 | B33: 46021 | E33: 35 | F33: 91.77 | G33: =E33*F33 -> 3211.95 | J33: =H33*I33 -> 0 | K33: =G33+J33 -> 3211.95 | M33: =M32+K33-L33 -> 69004.613
A34: 31 | B34: 46022 | E34: 560 | F34: 91.77 | G34: =E34*F34 -> 51391.2 | J34: =H34*I34 -> 0 | K34: =G34+J34 -> 51391.2 | M34: =M33+K34-L34 -> 120395.81
E35: =SUM(E4:E34) -> 6077.86 | G35: =SUM(G4:G34) -> 557765.21 | H35: =SUM(H4:H34) -> 70 | J35: =SUM(J4:J34) -> 7259 | K35: =SUM(K4:K34) -> 565024.21 | L35: =SUM(L4:L34) -> 512043.3

Sheet Kabbur
A1: Shri Jai Hanuman Petrolium
A2: S.No | B2: Date | C2: GRN No | D2: Ind no/Bill No | E2: Diesel (Lts) | F2: Price | G2: Amount | H2: Petrol (Lts) | I2: Price | J2: Amount | K2: Total amount | L2: Amount paid | M2: As on Date | N2: Remarks
A3: Opening Balance | K3: 0 | M3: =+K3 -> 0
A4: 1 | B4: 45992 | G4: =E4*F4 -> 0 | J4: =H4*I4 -> 0 | K4: =G4+J4 -> 0 | L4: =+K4 -> 0
A5: 2 | B5: 45993 | G5: =E5*F5 -> 0 | J5: =H5*I5 -> 0 | K5: =G5+J5 -> 0 | L5: =+K5 -> 0
A6: 3 | B6: 45994 | G6: =E6*F6 -> 0 | J6: =H6*I6 -> 0 | K6: =G6+J6 -> 0 | L6: =+K6 -> 0
A7: 4 | B7: 45995 | E7: 30 | F7: 91.59 | G7: =E7*F7 -> 2747.7 | J7: =H7*I7 -> 0 | K7: =G7+J7 -> 2747.7 | L7: =+K7 -> 2747.7
A8: 5 | B8: 45996 | G8: =E8*F8 -> 0 | J8: =H8*I8 -> 0 | K8: =G8+J8 -> 0 | L8: =+K8 -> 0
A9: 6 | B9: 45997 | E9: 40 | F9: 91.59 | G9: =E9*F9 -> 3663.6 | J9: =H9*I9 -> 0 | K9: =G9+J9 -> 3663.6 | L9: =+K9 -> 3663.6
A10: 7 | B10: 45998 | E10: 10 | F10: 91.59 | G10: =E10*F10 -> 915.9 | J10: =H10*I10 -> 0 | K10: =G10+J10 -> 915.9 | L10: =+K10 -> 915.9
A11: 8 | B11: 45999 | E11: 20 | F11: 91.59 | G11: =E11*F11 -> 1831.8 | J11: =H11*I11 -> 0 | K11: =G11+J11 -> 1831.8 | L11: =+K11 -> 1831.8
A12: 9 | B12: 46000 | G12: =E12*F12 -> 0 | J12: =H12*I12 -> 0 | K12: =G12+J12 -> 0 | L12: =+K12 -> 0
A13: 10 | B13: 46001 | G13: =E13*F13 -> 0 | J13: =H13*I13 -> 0 | K13: =G13+J13 -> 0 | L13: =+K13 -> 0
A14: 11 | B14: 46002 | G14: =E14*F14 -> 0 | J14: =H14*I14 -> 0 | K14: =G14+J14 -> 0 | L14: =+K14 -> 0
A15: 12 | B15: 46003 | G15: =E15*F15 -> 0 | J15: =H15*I15 -> 0 | K15: =G15+J15 -> 0 | L15: =+K15 -> 0
A16: 13 | B16: 46004 | G16: =E16*F16 -> 0 | J16: =H16*I16 -> 0 | K16: =G16+J16 -> 0 | L16: =+K16 -> 0
A17: 14 | B17: 46005 | G17: =E17*F17 -> 0 | J17: =H17*I17 -> 0 | K17: =G17+J17 -> 0 | L17: =+K17 -> 0
A18: 15 | B18: 46006 | G18: =E18*F18 -> 0 | H18: 14.51 | I18: 103.53 | J18: =H18*I18 -> 1502.2203 | K18: =G18+J18 -> 1502.2203 | L18: =+K18 -> 1502.2203
A19: 16 | B19: 46007 | E19: 20 | F19: 91.59 | G19: =E19*F19 -> 1831.8 | J19: =H19*I19 -> 0 | K19: =G19+J19 -> 1831.8 | L19: =+K19 -> 1831.8
A20: 17 | B20: 46008 | E20: 20 | F20: 91.59 | G20: =E20*F20 -> 1831.8 | J20: =H20*I20 -> 0 | K20: =G20+J20 -> 1831.8 | L20: =+K20 -> 1831.8
A21: 18 | B21: 46009 | E21: 50 | F21: 91.59 | G21: =E21*F21 -> 4579.5 | H21: 6.07 | I21: 103.53 | J21: =H21*I21 -> 628.4271 | K21: =G21+J21 -> 5207.9271 | L21: =+K21 -> 5207.9271
A22: 19 | B22: 46010 | G22: =E22*F22 -> 0 | J22: =H22*I22 -> 0 | K22: =G22+J22 -> 0 | L22: =+K22 -> 0
A23: 20 | B23: 46011 | G23: =E23*F23 -> 0 | J23: =H23*I23 -> 0 | K23: =G23+J23 -> 0 | L23: =+K23 -> 0
A24: 21 | B24: 46012 | G24: =E24*F24 -> 0 | J24: =H24*I24 -> 0 | K24: =G24+J24 -> 0 | L24: =+K24 -> 0
A25: 22 | B25: 46013 | G25: =E25*F25 -> 0 | J25: =H25*I25 -> 0 | K25: =G25+J25 -> 0 | L25: =+K25 -> 0
A26: 23 | B26: 46014 | G26: =E26*F26 -> 0 | J26: =H26*I26 -> 0 | K26: =G26+J26 -> 0 | L26: =+K26 -> 0
A27: 24 | B27: 46015 | G27: =E27*F27 -> 0 | J27: =H27*I27 -> 0 | K27: =G27+J27 -> 0 | L27: =+K27 -> 0 | O27: 0
A28: 25 | B28: 46016 | G28: =E28*F28 -> 0 | H28: 5 | I28: 103.53 | J28: =H28*I28 -> 517.65 | K28: =G28+J28 -> 517.65 | L28: =+K28 -> 517.65
A29: 26 | B29: 46017 | G29: =E29*F29 -> 0 | J29: =H29*I29 -> 0 | K29: =G29+J29 -> 0 | L29: =+K29 -> 0
A30: 27 | B30: 46018 | G30: =E30*F30 -> 0 | J30: =H30*I30 -> 0 | K30: =G30+J30 -> 0 | L30: =+K30 -> 0
A31: 28 | B31: 46019 | G31: =E31*F31 -> 0 | J31: =H31*I31 -> 0 | K31: =G31+J31 -> 0 | L31: =+K31 -> 0
A32: 29 | B32: 46020 | G32: =E32*F32 -> 0 | J32: =H32*I32 -> 0 | K32: =G32+J32 -> 0 | L32: =+K32 -> 0
A33: 30 | B33: 46021 | E33: 50 | F33: 91.59 | G33: =E33*F33 -> 4579.5 | J33: =H33*I33 -> 0 | K33: =G33+J33 -> 4579.5 | L33: =+K33 -> 4579.5
A34: 31 | G34: =E34*F34 -> 0 | J34: =H34*I34 -> 0 | K34: =G34+J34 -> 0
E35: =SUM(E4:E34) -> 240 | G35: =SUM(G4:G34) -> 21981.6 | H35: =SUM(H4:H34) -> 25.58 | J35: =SUM(J4:J34) -> 2648.2974 | K35: =SUM(K4:K34) -> 24629.897 | L35: =SUM(L4:L34) -> 24629.897

Sheet kumta
A1: Krishma fuel station
A2: S.No | B2: Date | C2: GRN No | D2: Ind No/Bill No | E2: Diesel (Lts) | F2: Price | G2: Amount | H2: Petrol (Lts) | I2: Price | J2: Amount | K2: Total amount | L2: Amount paid | M2: As on Date | N2: Remarks
A3: Opening Balance | K3: 0 | M3: =+K3 -> 0
A4: 1 | B4: 45992 | E4: 150 | F4: 91.92 | G4: =E4*F4 -> 13788 | H4: 7 | I4: 103.96 | J4: =H4*I4 -> 727.72 | K4: =G4+J4 -> 14515.72 | L4: =+K4 -> 14515.72 | M4: =M3+K4-L4 -> 0 | N4: IOCL Card
A5: 2 | B5: 45993 | E5: 80 | F5: 91.92 | G5: =E5*F5 -> 7353.6 | J5: =H5*I5 -> 0 | K5: =G5+J5 -> 7353.6 | L5: =+K5 -> 7353.6 | M5: =M4+K5-L5 -> 0
A6: 3 | B6: 45994 | E6: 120 | F6: 91.92 | G6: =E6*F6 -> 11030.4 | H6: 6.81 | I6: 103.96 | J6: =H6*I6 -> 707.9676 | K6: =G6+J6 -> 11738.368 | L6: =+K6 -> 11738.368 | M6: =M5+K6-L6 -> 0
A7: 4 | B7: 45995 | G7: =E7*F7 -> 0 | J7: =H7*I7 -> 0 | K7: =G7+J7 -> 0 | L7: =+K7 -> 0 | M7: =M6+K7-L7 -> 0
A8: 5 | B8: 45996 | E8: 79.73 | F8: 91.92 | G8: =E8*F8 -> 7328.7816 | J8: =H8*I8 -> 0 | K8: =G8+J8 -> 7328.7816 | L8: =+K8 -> 7328.7816 | M8: =M7+K8-L8 -> 0
A9: 6 | B9: 45997 | G9: =E9*F9 -> 0 | J9: =H9*I9 -> 0 | K9: =G9+J9 -> 0 | L9: =+K9 -> 0 | M9: =M8+K9-L9 -> 0 | R9: 91.92
A10: 7 | B10: 45998 | E10: 250 | F10: 91.92 | G10: =E10*F10 -> 22980 | H10: 13 | I10: 103.96 | J10: =H10*I10 -> 1351.48 | K10: =G10+J10 -> 24331.48 | L10: =+K10 -> 24331.48 | M10: =M9+K10-L10 -> 0
A11: 8 | B11: 45999 | E11: 30 | F11: 91.92 | G11: =E11*F11 -> 2757.6 | J11: =H11*I11 -> 0 | K11: =G11+J11 -> 2757.6 | L11: =+K11 -> 2757.6 | M11: =M10+K11-L11 -> 0 | R11: =6.5/675.74 -> 0.0096190843
A12: 9 | B12: 46000 | E12: 130 | F12: 91.92 | G12: =E12*F12 -> 11949.6 | H12: 5 | I12: 103.96 | J12: =H12*I12 -> 519.8 | K12: =G12+J12 -> 12469.4 | L12: =+K12 -> 12469.4 | M12: =M11+K12-L12 -> 0
A13: 10 | B13: 46001 | E13: 40 | F13: 91.92 | G13: =E13*F13 -> 3676.8 | H13: 9.56 | I13: 103.96 | J13: =H13*I13 -> 993.8576 | K13: =G13+J13 -> 4670.6576 | L13: =+K13 -> 4670.6576 | M13: =M12+K13-L13 -> 0 | R13: =675.74/6.5 -> 103.96
A14: 11 | B14: 46002 | G14: =E14*F14 -> 0 | J14: =H14*I14 -> 0 | K14: =G14+J14 -> 0 | L14: =+K14 -> 0 | M14: =M13+K14-L14 -> 0
A15: 12 | B15: 46003 | G15: =E15*F15 -> 0 | J15: =H15*I15 -> 0 | K15: =G15+J15 -> 0 | L15: =+K15 -> 0 | M15: =M14+K15-L15 -> 0
A16: 13 | B16: 46004 | E16: 80 | F16: 91.92 | G16: =E16*F16 -> 7353.6 | H16: 10 | I16: 103.96 | J16: =H16*I16 -> 1039.6 | K16: =G16+J16 -> 8393.2 | L16: =+K16 -> 8393.2 | M16: =M15+K16-L16 -> 0
A17: 14 | B17: 46005 | E17: 80 | F17: 91.92 | G17: =E17*F17 -> 7353.6 | J17: =H17*I17 -> 0 | K17: =G17+J17 -> 7353.6 | L17: =+K17 -> 7353.6 | M17: =M16+K17-L17 -> 0
A18: 15 | B18: 46006 | E18: 100 | F18: 91.92 | G18: =E18*F18 -> 9192 | H18: 5 | I18: 103.96 | J18: =H18*I18 -> 519.8 | K18: =G18+J18 -> 9711.8 | L18: =+K18 -> 9711.8 | M18: =M17+K18-L18 -> 0
A19: 16 | B19: 46007 | E19: 100 | F19: 91.92 | G19: =E19*F19 -> 9192 | J19: =H19*I19 -> 0 | K19: =G19+J19 -> 9192 | L19: =+K19 -> 9192 | M19: =M18+K19-L19 -> 0
A20: 17 | B20: 46008 | G20: =E20*F20 -> 0 | J20: =H20*I20 -> 0 | K20: =G20+J20 -> 0 | L20: =+K20 -> 0 | M20: =M19+K20-L20 -> 0
A21: 18 | B21: 46009 | E21: 100 | F21: 91.92 | G21: =E21*F21 -> 9192 | H21: 6 | I21: 103.96 | J21: =H21*I21 -> 623.76 | K21: =G21+J21 -> 9815.76 | L21: =+K21 -> 9815.76 | M21: =M20+K21-L21 -> 0
A22: 19 | B22: 46010 | E22: 80 | F22: 91.92 | G22: =E22*F22 -> 7353.6 | J22: =H22*I22 -> 0 | K22: =G22+J22 -> 7353.6 | L22: =+K22 -> 7353.6 | M22: =M21+K22-L22 -> 0
A23: 20 | B23: 46011 | E23: 50 | F23: 91.92 | G23: =E23*F23 -> 4596 | H23: 7 | I23: 103.96 | J23: =H23*I23 -> 727.72 | K23: =G23+J23 -> 5323.72 | L23: =+K23 -> 5323.72 | M23: =M22+K23-L23 -> 0
A24: 21 | B24: 46012 | G24: =E24*F24 -> 0 | J24: =H24*I24 -> 0 | K24: =G24+J24 -> 0 | L24: =+K24 -> 0 | M24: =M23+K24-L24 -> 0
A25: 22 | B25: 46013 | G25: =E25*F25 -> 0 | J25: =H25*I25 -> 0 | K25: =G25+J25 -> 0 | L25: =+K25 -> 0 | M25: =M24+K25-L25 -> 0
A26: 23 | B26: 46014 | G26: =E26*F26 -> 0 | H26: 5.3 | I26: 103.96 | J26: =H26*I26 -> 550.988 | K26: =G26+J26 -> 550.988 | L26: =+K26 -> 550.988 | M26: =M25+K26-L26 -> 0
A27: 24 | B27: 46015 | E27: 190 | F27: 91.92 | G27: =E27*F27 -> 17464.8 | H27: 10 | I27: 103.96 | J27: =H27*I27 -> 1039.6 | K27: =G27+J27 -> 18504.4 | L27: =+K27 -> 18504.4 | M27: =M26+K27-L27 -> 0
A28: 25 | B28: 46016 | G28: =E28*F28 -> 0 | J28: =H28*I28 -> 0 | K28: =G28+J28 -> 0 | L28: =+K28 -> 0 | M28: =M27+K28-L28 -> 0
A29: 26 | B29: 46017 | E29: 81.26 | F29: 91.92 | G29: =E29*F29 -> 7469.4192 | J29: =H29*I29 -> 0 | K29: =G29+J29 -> 7469.4192 | L29: =+K29 -> 7469.4192 | M29: =M28+K29-L29 -> 0
A30: 27 | B30: 46018 | G30: =E30*F30 -> 0 | H30: 4.32 | I30: 103.96 | J30: =H30*I30 -> 449.1072 | K30: =G30+J30 -> 449.1072 | L30: =+K30 -> 449.1072 | M30: =M29+K30-L30 -> 0
A31: 28 | B31: 46019 | E31: 50 | F31: 91.92 | G31: =E31*F31 -> 4596 | H31: 9.62 | I31: 103.96 | J31: =H31*I31 -> 1000.0952 | K31: =G31+J31 -> 5596.0952 | L31: =+K31 -> 5596.0952 | M31: =M30+K31-L31 -> 0
A32: 29 | B32: 46020 | E32: 110 | F32: 91.92 | G32: =E32*F32 -> 10111.2 | H32: 16.85 | I32: 103.96 | J32: =H32*I32 -> 1751.726 | K32: =G32+J32 -> 11862.926 | L32: =+K32 -> 11862.926 | M32: =M31+K32-L32 -> 0
A33: 30 | B33: 46021 | E33: 125 | F33: 91.92 | G33: =E33*F33 -> 11490 | J33: =H33*I33 -> 0 | K33: =G33+J33 -> 11490 | L33: =+K33 -> 11490 | M33: =M32+K33-L33 -> 0
A34: 31 | B34: 46022 | E34: 47.28 | F34: 91.92 | G34: =E34*F34 -> 4345.9776 | H34: 5.78 | I34: 103.96 | J34: =H34*I34 -> 600.8888 | K34: =G34+J34 -> 4946.8664 | L34: =+K34 -> 4946.8664 | M34: =M33+K34-L34 -> 0
E35: =SUM(E4:E34) -> 2073.27 | G35: =SUM(G4:G34) -> 190574.98 | H35: =SUM(H4:H34) -> 121.24 | J35: =SUM(J4:J34) -> 12604.11 | K35: =SUM(K4:K34) -> 203179.09 | L35: =SUM(L4:L34) -> 203179.09

Sheet Jalgaon
A1: Sri Sai Petrol Pump
A2: S.No | B2: Date | C2: GRN No | D2: Ind No/Bill No | E2: Diesel (Lts) | F2: Price | G2: Amount | H2: Petrol (Lts) | I2: Price | J2: Amount | K2: Total amount | L2: Amount paid | M2: As on Date | N2: Remarks
A3: Opening Balance | K3: 1148460.8 | M3: =+K3 -> 1148460.8
A4: 1 | B4: 01.12.2025 | E4: 400 | F4: 91.71 | G4: =E4*F4 -> 36684 | J4: =H4*I4 -> 0 | K4: =G4+J4 -> 36684 | M4: =M3+K4-L4 -> 1185144.8
A5: 2 | B5: 02.12.2025 | G5: =E5*F5 -> 0 | H5: 15 | I5: 105.19 | J5: =H5*I5 -> 1577.85 | K5: =G5+J5 -> 1577.85 | M5: =M4+K5-L5 -> 1186722.6
A6: 3 | B6: 03.12.2025 | E6: 600 | F6: 91.71 | G6: =E6*F6 -> 55026 | H6: 15 | I6: 105.19 | J6: =H6*I6 -> 1577.85 | K6: =G6+J6 -> 56603.85 | M6: =M5+K6-L6 -> 1243326.5
A7: 4 | B7: 04.12.2025 | H7: 15 | I7: 105.19 | J7: =H7*I7 -> 1577.85 | K7: =G7+J7 -> 1577.85 | M7: =M6+K7-L7 -> 1244904.3
A8: 5 | B8: 05.12.2025 | E8: 400 | F8: 91.61 | G8: =E8*F8 -> 36644 | H8: 5 | I8: 105.19 | J8: =H8*I8 -> 525.95 | K8: =G8+J8 -> 37169.95 | M8: =M7+K8-L8 -> 1282074.3
A9: 6 | B9: 06.12.2025 | G9: =E9*F9 -> 0 | J9: =H9*I9 -> 0 | K9: =G9+J9 -> 0 | M9: =M8+K9-L9 -> 1282074.3
A10: 7 | B10: 07.12.2025 | E10: 500 | F10: 91.71 | G10: =E10*F10 -> 45855 | J10: =H10*I10 -> 0 | K10: =G10+J10 -> 45855 | M10: =M9+K10-L10 -> 1327929.3
A11: 8 | B11: 08.12.2025 | G11: =E11*F11 -> 0 | H11: 25 | I11: 105.19 | J11: =H11*I11 -> 2629.75 | K11: =G11+J11 -> 2629.75 | M11: =M10+K11-L11 -> 1330559
A12: 9 | B12: 09.12.2025 | E12: 700 | F12: 91.71 | G12: =E12*F12 -> 64197 | H12: 12 | I12: 105.19 | J12: =H12*I12 -> 1262.28 | K12: =G12+J12 -> 65459.28 | M12: =M11+K12-L12 -> 1396018.3
A13: 10 | B13: 10.12.2025 | E13: 500 | F13: 91.71 | G13: =E13*F13 -> 45855 | J13: =H13*I13 -> 0 | K13: =G13+J13 -> 45855 | M13: =M12+K13-L13 -> 1441873.3
A14: 11 | B14: 11.12.2025 | E14: 500 | F14: 91.71 | G14: =E14*F14 -> 45855 | H14: 40 | I14: 105.19 | J14: =H14*I14 -> 4207.6 | K14: =G14+J14 -> 50062.6 | M14: =M13+K14-L14 -> 1491935.9
A15: 12 | B15: 12.12.2025 | G15: =E15*F15 -> 0 | K15: =G15+J15 -> 0 | M15: =M14+K15-L15 -> 1491935.9
A16: 13 | B16: 13.12.2025 | E16: 600 | F16: 91.71 | G16: =E16*F16 -> 55026 | J16: =H16*I16 -> 0 | K16: =G16+J16 -> 55026 | M16: =M15+K16-L16 -> 1546961.9
A17: 14 | B17: 14.12.2025 | E17: 2000 | F17: 91.71 | G17: =E17*F17 -> 183420 | K17: =G17+J17 -> 183420 | M17: =M16+K17-L17 -> 1730381.9
A18: 15 | B18: 15.12.2025 | E18: 400 | F18: 91.71 | G18: =E18*F18 -> 36684 | J18: =H18*I18 -> 0 | K18: =G18+J18 -> 36684 | L18: 1700000 | M18: =M17+K18-L18 -> 67065.927
A19: 16 | B19: 16.12.2025 | E19: 400 | F19: 91.71 | G19: =E19*F19 -> 36684 | J19: =H19*I19 -> 0 | K19: =G19+J19 -> 36684 | M19: =M18+K19-L19 -> 103749.93
A20: 17 | B20: 17.12.2025 | G20: =E20*F20 -> 0 | H20: 35 | I20: 105.19 | J20: =H20*I20 -> 3681.65 | K20: =G20+J20 -> 3681.65 | M20: =M19+K20-L20 -> 107431.58
A21: 18 | B21: 18.12.2025 | E21: 500 | F21: 91.71 | G21: =E21*F21 -> 45855 | K21: =G21+J21 -> 45855 | M21: =M20+K21-L21 -> 153286.58
A22: 19 | B22: 19.12.2025 | E22: 700 | F22: 91.71 | G22: =E22*F22 -> 64197 | K22: =G22+J22 -> 64197 | M22: =M21+K22-L22 -> 217483.58
A23: 20 | B23: 20.12.2025 | G23: =E23*F23 -> 0 | J23: =H23*I23 -> 0 | K23: =G23+J23 -> 0 | M23: =M22+K23-L23 -> 217483.58
A24: 21 | B24: 21.12.2025 | E24: 500 | F24: 91.71 | G24: =E24*F24 -> 45855 | J24: =H24*I24 -> 0 | K24: =G24+J24 -> 45855 | M24: =M23+K24-L24 -> 263338.58
A25: 22 | B25: 22.12.2025 | E25: 33.13 | F25: 90.56 | G25: =E25*F25 -> 3000.2528 | J25: =H25*I25 -> 0 | K25: =G25+J25 -> 3000.2528 | L25: 3000.25 | M25: =M24+K25-L25 -> 263338.58
A26: 23 | B26: 23.12.2025 | E26: 500 | F26: 91.71 | G26: =E26*F26 -> 45855 | H26: 30 | I26: 105.19 | J26: =H26*I26 -> 3155.7 | K26: =G26+J26 -> 49010.7 | M26: =M25+K26-L26 -> 312349.28
A27: 24 | B27: 24.12.2025 | E27: 500 | F27: 91.71 | G27: =E27*F27 -> 45855 | J27: =H27*I27 -> 0 | K27: =G27+J27 -> 45855 | M27: =M26+K27-L27 -> 358204.28
A28: 25 | B28: 26.12.2025 | E28: 500 | F28: 91.71 | G28: =E28*F28 -> 45855 | J28: =H28*I28 -> 0 | K28: =G28+J28 -> 45855 | M28: =M27+K28-L28 -> 404059.28
A29: 26 | B29: 27.12.2025 | E29: 500 | F29: 91.71 | G29: =E29*F29 -> 45855 | H29: 30 | I29: 105.19 | J29: =H29*I29 -> 3155.7 | K29: =G29+J29 -> 49010.7 | M29: =M28+K29-L29 -> 453069.98
A30: 27 | B30: 28.12.2025 | E30: 500 | F30: 91.71 | G30: =E30*F30 -> 45855 | J30: =H30*I30 -> 0 | K30: =G30+J30 -> 45855 | M30: =M29+K30-L30 -> 498924.98
A31: 28 | B31: 29.12.2025 | E31: 38.65 | F31: 90.56 | G31: =E31*F31 -> 3500.144 | J31: =H31*I31 -> 0 | K31: =G31+J31 -> 3500.144 | L31: 3500.14 | M31: =M30+K31-L31 -> 498924.98
A32: 29 | B32: 30.12.2025 | E32: 2500 | F32: 91.71 | G32: =E32*F32 -> 229275 | H32: 20 | I32: 105.19 | J32: =H32*I32 -> 2103.8 | K32: =G32+J32 -> 231378.8 | M32: =M31+K32-L32 -> 730303.78
A33: 30 | B33: 31.12.2025 | E33: 37.67 | F33: 91.27 | G33: =E33*F33 -> 3438.1409 | J33: =H33*I33 -> 0 | K33: =G33+J33 -> 3438.1409 | L33: 3438.14 | M33: =M32+K33-L33 -> 730303.78
A34: 31 | G34: =E34*F34 -> 0 | J34: =H34*I34 -> 0 | K34: =G34+J34 -> 0 | M34: =M33+K34-L34 -> 730303.78
A35: 32 | G35: =E35*F35 -> 0 | J35: =H35*I35 -> 0 | K35: =G35+J35 -> 0 | M35: =M34+K35-L35 -> 730303.78
A36: 33 | G36: =E36*F36 -> 0 | J36: =H36*I36 -> 0 | K36: =G36+J36 -> 0 | L36: 0 | M36: =M35+K36-L36 -> 730303.78
A37: 34 | G37: =E37*F37 -> 0 | J37: =H37*I37 -> 0 | K37: =G37+J37 -> 0 | L37: 0 | M37: =M36+K37-L37 -> 730303.78 | P37: 41
A38: 35 | G38: =E38*F38 -> 0 | J38: =H38*I38 -> 0 | K38: =G38+J38 -> 0 | L38: 0 | M38: =M37+K38-L38 -> 730303.78 | P38: 40 | Q38: 5
A39: 36 | G39: =E39*F39 -> 0 | J39: =H39*I39 -> 0 | K39: =G39+J39 -> 0 | L39: 0 | M39: =M38+K39-L39 -> 730303.78
A40: 37 | G40: =E40*F40 -> 0 | J40: =H40*I40 -> 0 | K40: =G40+J40 -> 0 | L40: 0 | M40: =M39+K40-L40 -> 730303.78
A41: 38 | G41: =E41*F41 -> 0 | J41: =H41*I41 -> 0 | K41: =G41+J41 -> 0 | L41: 0 | M41: =M40+K41-L41 -> 730303.78
A42: 39 | G42: =E42*F42 -> 0 | J42: =H42*I42 -> 0 | K42: =G42+J42 -> 0 | L42: 0 | M42: =M41+K42-L42 -> 730303.78
A43: 40 | G43: =E43*F43 -> 0 | J43: =H43*I43 -> 0 | K43: =G43+J43 -> 0 | L43: 0 | M43: =M42+K43-L43 -> 730303.78
A44: 41 | G44: =E44*F44 -> 0 | J44: =H44*I44 -> 0 | K44: =G44+J44 -> 0 | L44: 0 | M44: =M43+K44-L44 -> 730303.78
A45: 42 | G45: =E45*F45 -> 0 | J45: =H45*I45 -> 0 | K45: =G45+J45 -> 0 | L45: 0 | M45: =M44+K45-L45 -> 730303.78
A46: 43 | G46: =E46*F46 -> 0 | J46: =H46*I46 -> 0 | K46: =G46+J46 -> 0 | L46: 0 | M46: =M45+K46-L46 -> 730303.78
A47: 44 | G47: =E47*F47 -> 0 | J47: =H47*I47 -> 0 | K47: =G47+J47 -> 0 | L47: 0 | M47: =M46+K47-L47 -> 730303.78
A48: 45 | G48: =E48*F48 -> 0 | J48: =H48*I48 -> 0 | K48: =G48+J48 -> 0 | L48: 0 | M48: =M47+K48-L48 -> 730303.78
A49: 46 | G49: =E49*F49 -> 0 | J49: =H49*I49 -> 0 | K49: =G49+J49 -> 0 | L49: 0 | M49: =M48+K49-L49 -> 730303.78
A50: 47 | G50: =E50*F50 -> 0 | J50: =H50*I50 -> 0 | K50: =G50+J50 -> 0 | L50: 0 | M50: =M49+K50-L50 -> 730303.78
... A52: 49 | G52: =E52*F52 -> 0 | J52: =H52*I52 -> 0 | K52: =G52+J52 -> 0 | L52: 0 | M52: =M51+K52-L52 -> 730303.78
A53: 50 | G53: =E53*F53 -> 0 | J53: =H53*I53 -> 0 | K53: =G53+J53 -> 0 | L53: 0 | M53: =M52+K53-L53 -> 730303.78 | O53: 1109792.3 | P53: =M53-O53 -> -379488.5
E54: =SUM(E4:E53) -> 13809.45 | G54: =SUM(G4:G53) -> 1266325.5 | H54: =SUM(H4:H53) -> 242 | J54: =SUM(J4:J53) -> 25455.98 | K54: =SUM(K4:K53) -> 1291781.5 | L54: =SUM(L4:L53) -> 1709938.5

Sheet MKBD
A1: Shree Sai Samarth Petroleum
A2: S.No | B2: Date | C2: GRN No | D2: Ind No/Bill No | E2: Diesel (Lts) | F2: Price | G2: Amount | H2: Petrol (Lts) | I2: Price | J2: Amount | K2: Total amount | L2: Amount paid | M2: As on Date | N2: Remarks
A3: Opening Balance | K3: 437930.65 | M3: =+K3 -> 437930.65 | O3: 1194597
A4: 1 | B4: 45992 | C4: 0 | E4: 0 | F4: 0 | G4: =E4*F4 -> 0 | H4: 0 | I4: 0 | J4: =H4*I4 -> 0 | K4: =G4+J4 -> 0 | M4: =M3+K4-L4 -> 437930.65
A5: 2 | B5: 45993 | C5: 0 | E5: 500 | F5: 91.14 | G5: =E5*F5 -> 45570 | H5: 0 | I5: 0 | J5: =H5*I5 -> 0 | K5: =G5+J5 -> 45570 | M5: =M4+K5-L5 -> 483500.65
A6: 3 | B6: 45994 | C6: 0 | E6: 0 | F6: 0 | G6: =E6*F6 -> 0 | H6: 5 | I6: 350 | J6: =H6*I6 -> 1750 | K6: =G6+J6 -> 1750 | M6: =M5+K6-L6 -> 485250.65
A7: 4 | B7: 45995 | C7: 0 | E7: 0 | F7: 0 | G7: 0 | H7: 0 | I7: 0 | J7: 0 | K7: 0 | M7: =M6+K7-L7 -> 485250.65
A8: 5 | B8: 45996 | C8: 0 | E8: 800 | F8: 91.14 | G8: =E8*F8 -> 72912 | H8: 20 | I8: 104.6 | J8: =H8*I8 -> 2092 | K8: =G8+J8 -> 75004 | M8: =M7+K8-L8 -> 560254.65
A9: 6 | B9: 45997 | C9: 0 | G9: =E9*F9 -> 0 | H9: 0 | I9: 0 | J9: =H9*I9 -> 0 | K9: =G9+J9 -> 0 | M9: =M8+K9-L9 -> 560254.65
A10: 7 | B10: 45998 | C10: 0 | G10: =E10*F10 -> 0 | H10: 0 | I10: 0 | J10: =H10*I10 -> 0 | K10: =G10+J10 -> 0 | M10: =M9+K10-L10 -> 560254.65
A11: 8 | B11: 45999 | C11: 0 | G11: =E11*F11 -> 0 | H11: 0 | I11: 0 | J11: =H11*I11 -> 0 | K11: =G11+J11 -> 0 | M11: =M10+K11-L11 -> 560254.65
A12: 9 | B12: 46000 | C12: 0 | G12: =E12*F12 -> 0 | I12: 0 | J12: =H12*I12 -> 0 | K12: =G12+J12 -> 0 | M12: =M11+K12-L12 -> 560254.65
A13: 10 | B13: 46001 | C13: 0 | G13: =E13*F13 -> 0 | I13: 0 | J13: =H13*I13 -> 0 | K13: =G13+J13 -> 0 | M13: =M12+K13-L13 -> 560254.65
A14: 11 | B14: 46002 | C14: 0 | G14: =E14*F14 -> 0 | I14: 0 | J14: =H14*I14 -> 0 | K14: =G14+J14 -> 0 | M14: =M13+K14-L14 -> 560254.65
A15: 12 | B15: 46003 | C15: 0 | G15: =E15*F15 -> 0 | I15: 0 | J15: =H15*I15 -> 0 | K15: =G15+J15 -> 0 | M15: =M14+K15-L15 -> 560254.65
A16: 13 | B16: 46004 | C16: 0 | G16: =E16*F16 -> 0 | I16: 0 | J16: =H16*I16 -> 0 | K16: =G16+J16 -> 0 | M16: =M15+K16-L16 -> 560254.65
A17: 14 | B17: 46005 | C17: 0 | G17: =E17*F17 -> 0 | I17: 0 | J17: =H17*I17 -> 0 | K17: =G17+J17 -> 0 | M17: =M16+K17-L17 -> 560254.65
A18: 15 | B18: 46006 | C18: 0 | G18: =E18*F18 -> 0 | J18: =H18*I18 -> 0 | K18: =G18+J18 -> 0 | L18: 461912.77 | M18: =M17+K18-L18 -> 98341.88
A19: 16 | B19: 46007 | C19: 0 | E19: 600 | F19: 91.14 | G19: =E19*F19 -> 54684 | H19: 20 | I19: 104.6 | J19: =H19*I19 -> 2092 | K19: =G19+J19 -> 56776 | M19: =M18+K19-L19 -> 155117.88
A20: 17 | B20: 46008 | C20: 0 | G20: =E20*F20 -> 0 | J20: =H20*I20 -> 0 | K20: =G20+J20 -> 0 | M20: =M19+K20-L20 -> 155117.88
A21: 18 | B21: 46009 | C21: 0 | G21: =E21*F21 -> 0 | J21: =H21*I21 -> 0 | K21: =G21+J21 -> 0 | M21: =M20+K21-L21 -> 155117.88
A22: 19 | B22: 46010 | C22: 0 | G22: =E22*F22 -> 0 | H22: 0 | I22: 0 | J22: =H22*I22 -> 0 | K22: =G22+J22 -> 0 | M22: =M21+K22-L22 -> 155117.88 | Q22: =3800/26 -> 146.15385
B23: 46011 | J23: =H23*I23 -> 0 | K23: =G23+J23 -> 0 | M23: =M22+K23-L23 -> 155117.88
A24: 20 | B24: 46011 | C24: 0 | E24: 600 | F24: 91.14 | G24: =E24*F24 -> 54684 | H24: 0 | J24: =H24*I24 -> 0 | K24: =G24+J24 -> 54684 | M24: =M22+K24-L24 -> 209801.88
A25: 21 | B25: 46012 | C25: 0 | E25: 0 | F25: 0 | G25: =E25*F25 -> 0 | H25: 20 | I25: 104.6 | J25: =H25*I25 -> 2092 | K25: =G25+J25 -> 2092 | M25: =M24+K25-L25 -> 211893.88
A26: 22 | B26: 46013 | C26: 0 | E26: 0 | F26: 0 | G26: =E26*F26 -> 0 | H26: 0 | I26: 0 | J26: =H26*I26 -> 0 | K26: =G26+J26 -> 0 | M26: =M25+K26-L26 -> 211893.88
A27: 23 | B27: 46014 | C27: 0 | E27: 0 | F27: 0 | G27: =E27*F27 -> 0 | H27: 0 | I27: 0 | J27: =H27*I27 -> 0 | K27: =G27+J27 -> 0 | M27: =M26+K27-L27 -> 211893.88
A28: 24 | B28: 46015 | C28: 0 | E28: 800 | F28: 91.14 | G28: =E28*F28 -> 72912 | H28: 26 | I28: 146.15 | J28: =H28*I28 -> 3799.9 | K28: =G28+J28 -> 76711.9 | M28: =M27+K28-L28 -> 288605.78
B29: 46015 | H29: 10 | I29: 104.6 | J29: =H29*I29 -> 1046 | K29: =G29+J29 -> 1046 | M29: =M28+K29-L29 -> 289651.78
A30: 25 | B30: 46016 | C30: 0 | G30: =E30*F30 -> 0 | J30: =H30*I30 -> 0 | K30: =G30+J30 -> 0 | M30: =M29+K30-L30 -> 289651.78
A31: 26 | B31: 46017 | C31: 0 | G31: =E31*F31 -> 0 | J31: =H31*I31 -> 0 | K31: =G31+J31 -> 0 | M31: =M30+K31-L31 -> 289651.78
A32: 27 | B32: 46018 | C32: 0 | G32: =E32*F32 -> 0 | H32: 0 | I32: 0 | J32: =H32*I32 -> 0 | K32: =G32+J32 -> 0 | M32: =M31+K32-L32 -> 289651.78
A33: 28 | B33: 46019 | C33: 0 | G33: =E33*F33 -> 0 | H33: 0 | I33: 0 | J33: =H33*I33 -> 0 | K33: =G33+J33 -> 0 | M33: =M32+K33-L33 -> 289651.78
A34: 29 | B34: 46020 | C34: 0 | E34: 0 | F34: 0 | G34: =E34*F34 -> 0 | H34: 0 | I34: 0 | J34: =H34*I34 -> 0 | K34: =G34+J34 -> 0 | M34: =M33+K34-L34 -> 289651.78
A35: 30 | B35: 46021 | C35: 0 | E35: 800 | F35: 91.14 | G35: =E35*F35 -> 72912 | H35: 0 | I35: 0 | J35: =H35*I35 -> 0 | K35: =G35+J35 -> 72912 | M35: =M34+K35-L35 -> 362563.78
A36: 31 | C36: 0 | E36: 0 | F36: 0 | G36: =E36*F36 -> 0 | H36: 0 | I36: 0 | J36: =H36*I36 -> 0 | K36: =G36+J36 -> 0 | M36: =M35+K36-L36 -> 362563.78
A37: 32 | E37: 0 | F37: 0 | G37: =E37*F37 -> 0 | H37: 0 | I37: 0 | J37: =H37*I37 -> 0 | K37: =G37+J37 -> 0 | M37: =M36+K37-L37 -> 362563.78 | P37: 1194597.7 | Q37: =P37-M37 -> 832033.93
E38: =SUM(E4:E37) -> 4100 | G38: =SUM(G4:G37) -> 373674 | H38: =SUM(H4:H37) -> 101 | J38: =SUM(J4:J37) -> 12871.9 | K38: =SUM(K4:K37) -> 386545.9 | L38: =SUM(L4:L37) -> 461912.77

Sheet Haveri
A1: Shivalingeshwar Petroleum
A2: S.No | B2: Date | C2: GRN No | D2: Ind No/Bill No | E2: Diesel (Lts) | F2: Price | G2: Amount | H2: Petrol (Lts) | I2: Price | J2: Amount | K2: Total amount | L2: Amount paid | M2: As on Date | N2: Remarks
D3: Opening Balance | L3: 225176.08 | M3: 225176.08
A4: 1 | B4: 45992 | E4: 0 | F4: 0 | G4: 0 | H4: 0 | I4: 0 | J4: =H4*I4 -> 0 | K4: =G4+J4 -> 0 | L4: 0 | M4: =M3+K4-L4 -> 225176.08
A5: 2 | B5: 45993 | E5: 0 | F5: 0 | G5: =E5*F5 -> 0 | H5: 0 | I5: 0 | J5: =H5*I5 -> 0 | K5: =G5+J5 -> 0 | L5: 0 | M5: =M4+K5-L5 -> 225176.08
A6: 3 | B6: 45994 | E6: 0 | F6: 0 | G6: =E6*F6 -> 0 | H6: 0 | I6: 0 | J6: =H6*I6 -> 0 | K6: =G6+J6 -> 0 | L6: 0 | M6: =M5+K6-L6 -> 225176.08
A7: 4 | B7: 45995 | E7: 0 | F7: 0 | G7: =E7*F7 -> 0 | H7: 0 | I7: 0 | J7: =H7*I7 -> 0 | K7: =G7+J7 -> 0 | L7: 0 | M7: =M6+K7-L7 -> 225176.08
A8: 5 | B8: 45996 | E8: 0 | F8: 0 | G8: =E8*F8 -> 0 | H8: 0 | I8: 0 | J8: =H8*I8 -> 0 | K8: =G8+J8 -> 0 | L8: 0 | M8: =M7+K8-L8 -> 225176.08
A9: 6 | B9: 45997 | E9: 0 | F9: 0 | G9: =E9*F9 -> 0 | H9: 0 | I9: 0 | J9: =H9*I9 -> 0 | K9: =G9+J9 -> 0 | L9: 0 | M9: =M8+K9-L9 -> 225176.08
A10: 7 | B10: 45998 | E10: 0 | F10: 0 | G10: =E10*F10 -> 0 | H10: 0 | I10: 0 | J10: =H10*I10 -> 0 | K10: =G10+J10 -> 0 | L10: 0 | M10: =M9+K10-L10 -> 225176.08
A11: 8 | B11: 45999 | E11: 0 | F11: 0 | G11: =E11*F11 -> 0 | H11: 0 | I11: 0 | J11: =H11*I11 -> 0 | K11: =G11+J11 -> 0 | L11: 0 | M11: =M10+K11-L11 -> 225176.08
A12: 9 | B12: 46000 | E12: 0 | F12: 0 | G12: =E12*F12 -> 0 | H12: 0 | I12: 0 | J12: =H12*I12 -> 0 | K12: =G12+J12 -> 0 | L12: 0 | M12: =M11+K12-L12 -> 225176.08 | O12: .
A13: 10 | B13: 46001 | E13: 0 | F13: 0 | G13: =E13*F13 -> 0 | H13: 0 | I13: 0 | J13: =H13*I13 -> 0 | K13: =G13+J13 -> 0 | L13: 0 | M13: =M12+K13-L13 -> 225176.08
A14: 11 | B14: 46002 | E14: 0 | F14: 0 | G14: =E14*F14 -> 0 | H14: 0 | I14: 0 | J14: =H14*I14 -> 0 | K14: =G14+J14 -> 0 | L14: 0 | M14: =M13+K14-L14 -> 225176.08
A15: 12 | B15: 46003 | E15: 0 | F15: 0 | G15: =E15*F15 -> 0 | H15: 0 | I15: 0 | J15: =H15*I15 -> 0 | K15: =G15+J15 -> 0 | L15: 224862 | M15: =M14+K15-L15 -> 314.0769
A16: 13 | B16: 46004 | E16: 0 | F16: 0 | G16: =E16*F16 -> 0 | H16: 0 | I16: 0 | J16: =H16*I16 -> 0 | K16: =G16+J16 -> 0 | L16: 0 | M16: =M15+K16-L16 -> 314.0769
A17: 14 | B17: 46005 | E17: 0 | F17: 0 | G17: =E17*F17 -> 0 | H17: 0 | I17: 0 | K17: =G17+J17 -> 0 | L17: 0 | M17: =M16+K17-L17 -> 314.0769
A18: 15 | B18: 46006 | E18: 0 | F18: 0 | G18: =E18*F18 -> 0 | H18: 0 | I18: 0 | J18: =H18*I18 -> 0 | K18: =G18+J18 -> 0 | L18: 0 | M18: =M17+K18-L18 -> 314.0769
A19: 16 | B19: 46007 | E19: 0 | F19: 0 | G19: =E19*F19 -> 0 | H19: 0 | I19: 0 | J19: =H19*I19 -> 0 | K19: =G19+J19 -> 0 | L19: 0 | M19: =M18+K19-L19 -> 314.0769
A20: 17 | B20: 46008 | E20: 0 | F20: 0 | G20: =E20*F20 -> 0 | H20: 0 | I20: 0 | J20: =H20*I20 -> 0 | K20: =G20+J20 -> 0 | L20: 0 | M20: =M19+K20-L20 -> 314.0769
A21: 18 | B21: 46009 | E21: 0 | F21: 0 | G21: =E21*F21 -> 0 | H21: 0 | I21: 0 | J21: =H21*I21 -> 0 | K21: =G21+J21 -> 0 | L21: 0 | M21: =M20+K21-L21 -> 314.0769
A22: 19 | B22: 46010 | E22: 0 | F22: 0 | G22: =E22*F22 -> 0 | H22: 0 | I22: 0 | J22: =H22*I22 -> 0 | K22: =G22+J22 -> 0 | L22: 0 | M22: =M21+K22-L22 -> 314.0769
A23: 20 | B23: 46011 | E23: 0 | F23: 0 | G23: =E23*F23 -> 0 | H23: 0 | I23: 0 | J23: =H23*I23 -> 0 | K23: =G23+J23 -> 0 | L23: 0 | M23: =M22+K23-L23 -> 314.0769
A24: 21 | B24: 46012 | E24: 0 | F24: 0 | G24: =E24*F24 -> 0 | H24: 0 | I24: 0 | J24: =H24*I24 -> 0 | K24: =G24+J24 -> 0 | L24: 0 | M24: =M23+K24-L24 -> 314.0769
A25: 22 | B25: 46013 | E25: 0 | F25: 0 | G25: =E25*F25 -> 0 | H25: 0 | I25: 0 | J25: =H25*I25 -> 0 | K25: =G25+J25 -> 0 | L25: 0 | M25: =M24+K25-L25 -> 314.0769
A26: 23 | B26: 46014 | E26: 0 | F26: 0 | G26: =E26*F26 -> 0 | H26: 0 | I26: 0 | J26: =H26*I26 -> 0 | K26: =G26+J26 -> 0 | L26: 0 | M26: =M25+K26-L26 -> 314.0769
A27: 24 | B27: 46015 | E27: 0 | F27: 0 | G27: =E27*F27 -> 0 | H27: 0 | I27: 0 | J27: =H27*I27 -> 0 | K27: =G27+J27 -> 0 | L27: 0 | M27: =M26+K27-L27 -> 314.0769
A28: 25 | B28: 46016 | E28: 0 | F28: 0 | G28: =E28*F28 -> 0 | H28: 0 | I28: 0 | J28: =H28*I28 -> 0 | K28: =G28+J28 -> 0 | L28: 0 | M28: =M27+K28-L28 -> 314.0769
A29: 26 | B29: 46017 | E29: 0 | F29: 0 | G29: =E29*F29 -> 0 | H29: 0 | I29: 0 | J29: =H29*I29 -> 0 | K29: =G29+J29 -> 0 | L29: 0 | M29: =M28+K29-L29 -> 314.0769
A30: 27 | B30: 46018 | E30: 0 | F30: 0 | G30: =E30*F30 -> 0 | H30: 0 | I30: 0 | J30: =H30*I30 -> 0 | K30: =G30+J30 -> 0 | L30: 0 | M30: =M29+K30-L30 -> 314.0769
A31: 28 | B31: 46019 | E31: 0 | F31: 0 | G31: =E31*F31 -> 0 | H31: 0 | I31: 0 | J31: =H31*I31 -> 0 | K31: =G31+J31 -> 0 | L31: 0 | M31: =M30+K31-L31 -> 314.0769 | R31: 46.61
A32: 29 | B32: 46020 | E32: 100 | F32: 91.47 | G32: =E32*F32 -> 9147 | H32: 0 | I32: 0 | J32: =H32*I32 -> 0 | K32: =G32+J32 -> 9147 | L32: 0 | M32: =M31+K32-L32 -> 9461.0769 | R32: 100
A33: 30 | B33: 46021 | E33: 0 | F33: 0 | G33: =E33*F33 -> 0 | H33: 0 | I33: 0 | J33: =H33*I33 -> 0 | K33: =G33+J33 -> 0 | L33: 0 | M33: =M32+K33-L33 -> 9461.0769 | R33: 35
A34: 31 | B34: 46022 | E34: 0 | F34: 0 | G34: =E34*F34 -> 0 | H34: 0 | I34: 0 | J34: =H34*I34 -> 0 | K34: =G34+J34 -> 0 | L34: 0 | M34: =M33+K34-L34 -> 9461.0769 | N34: BPCL OTP
A35: 32 | B35: 46023 | E35: 0 | F35: 0 | G35: =E35*F35 -> 0 | H35: 0 | I35: 0 | J35: =H35*I35 -> 0 | K35: =G35+J35 -> 0 | L35: 0 | M35: =M34+K35-L35 -> 9461.0769
H36: 0 | I36: 0 | M36: =M35+K36-L36 -> 9461.0769
E37: =SUM(E4:E35) -> 100 | G37: =SUM(G4:G35) -> 9147 | H37: =SUM(H4:H35) -> 0 | J37: =SUM(J4:J35) -> 0 | K37: =SUM(K4:K35) -> 9147 | L37: =SUM(L4:L35) -> 224862
I40: =K25+L25 -> 0

Sheet  Haveri-2
A1: Magavi fuel F/S
A2: S.No | B2: Date | C2: GRN No | D2: Ind No/Bill No | E2: Diesel (Lts) | F2: Price | G2: Amount | H2: Petrol (Lts) | I2: Price | J2: Amount | K2: Total amount | L2: Amount paid | M2: As on Date | N2: Remarks
D3: Opening Balance | L3: 0 | M3: 0
A4: 1 | B4: 45992 | E4: 0 | F4: 0 | G4: 0 | H4: 0 | I4: 0 | J4: =H4*I4 -> 0 | K4: =G4+J4 -> 0 | L4: 0 | M4: =M3+K4-L4 -> 0
A5: 2 | B5: 45993 | E5: 0 | F5: 0 | G5: =E5*F5 -> 0 | H5: 0 | I5: 0 | J5: =H5*I5 -> 0 | K5: =G5+J5 -> 0 | L5: 0 | M5: =M4+K5-L5 -> 0
A6: 3 | B6: 45994 | E6: 132.43 | F6: 91.49 | G6: =E6*F6 -> 12116.021 | H6: 19.5 | I6: 103.43 | J6: =H6*I6 -> 2016.885 | K6: =G6+J6 -> 14132.906 | L6: 0 | M6: =M5+K6-L6 -> 14132.906
A7: 4 | B7: 45995 | E7: =10+33+100+100 -> 243 | F7: 91.49 | G7: =E7*F7 -> 22232.07 | H7: 7 | I7: 103.43 | J7: =H7*I7 -> 724.01 | K7: =G7+J7 -> 22956.08 | L7: 0 | M7: =M6+K7-L7 -> 37088.986
A8: 5 | B8: 45996 | E8: 350.41 | F8: 91.49 | G8: =E8*F8 -> 32059.011 | H8: 0 | I8: 0 | J8: =H8*I8 -> 0 | K8: =G8+J8 -> 32059.011 | L8: 0 | M8: =M7+K8-L8 -> 69147.997
A9: 6 | B9: 45997 | E9: 70 | F9: 91.49 | G9: =E9*F9 -> 6404.3 | H9: 5 | I9: 103.43 | J9: =H9*I9 -> 517.15 | K9: =G9+J9 -> 6921.45 | L9: 0 | M9: =M8+K9-L9 -> 76069.447
A10: 7 | B10: 45998 | E10: 160 | F10: 91.49 | G10: =E10*F10 -> 14638.4 | H10: 6 | I10: 103.43 | J10: =H10*I10 -> 620.58 | K10: =G10+J10 -> 15258.98 | L10: 0 | M10: =M9+K10-L10 -> 91328.427
A11: 8 | B11: 45999 | E11: 125 | F11: 91.49 | G11: =E11*F11 -> 11436.25 | H11: 0 | I11: 0 | J11: =H11*I11 -> 0 | K11: =G11+J11 -> 11436.25 | L11: 0 | M11: =M10+K11-L11 -> 102764.68
A12: 9 | B12: 46000 | E12: 110.95 | F12: 91.49 | G12: =E12*F12 -> 10150.815 | H12: 0 | I12: 0 | J12: =H12*I12 -> 0 | K12: =G12+J12 -> 10150.815 | L12: 0 | M12: =M11+K12-L12 -> 112915.49 | O12: .
A13: 10 | B13: 46001 | E13: 41.55 | F13: 91.49 | G13: =E13*F13 -> 3801.4095 | H13: 0 | I13: 0 | J13: =H13*I13 -> 0 | K13: =G13+J13 -> 3801.4095 | L13: 0 | M13: =M12+K13-L13 -> 116716.9
A14: 11 | B14: 46002 | E14: 65 | F14: 91.49 | G14: =E14*F14 -> 5946.85 | H14: 0 | I14: 0 | J14: =H14*I14 -> 0 | K14: =G14+J14 -> 5946.85 | L14: 0 | M14: =M13+K14-L14 -> 122663.75
A15: 12 | B15: 46003 | E15: 300 | F15: 91.49 | G15: =E15*F15 -> 27447 | H15: 15 | I15: 103.43 | J15: =H15*I15 -> 1551.45 | K15: =G15+J15 -> 28998.45 | L15: 0 | M15: =M14+K15-L15 -> 151662.2
A16: 13 | B16: 46004 | E16: 43.72 | F16: 91.49 | G16: =E16*F16 -> 3999.9428 | H16: 0 | I16: 0 | J16: =H16*I16 -> 0 | K16: =G16+J16 -> 3999.9428 | L16: 141650 | M16: =M15+K16-L16 -> 14012.144
A17: 14 | B17: 46005 | E17: 0 | F17: 0 | G17: =E17*F17 -> 0 | H17: 0 | I17: 0 | K17: =G17+J17 -> 0 | L17: 0 | M17: =M16+K17-L17 -> 14012.144
A18: 15 | B18: 46006 | E18: 55.19 | F18: 91.49 | G18: =E18*F18 -> 5049.3331 | H18: 12.06 | I18: 103.43 | J18: =H18*I18 -> 1247.3658 | K18: =G18+J18 -> 6296.6989 | L18: 0 | M18: =M17+K18-L18 -> 20308.843
A19: 16 | B19: 46007 | E19: 20 | F19: 91.49 | G19: =E19*F19 -> 1829.8 | H19: 0 | I19: 0 | J19: =H19*I19 -> 0 | K19: =G19+J19 -> 1829.8 | L19: 14064 | M19: =M18+K19-L19 -> 8074.6433
A20: 17 | B20: 46008 | E20: 76.5 | F20: 91.49 | G20: =E20*F20 -> 6998.985 | H20: 0 | I20: 0 | J20: =H20*I20 -> 0 | K20: =G20+J20 -> 6998.985 | L20: 0 | M20: =M19+K20-L20 -> 15073.628 | R20: 141649
A21: 18 | B21: 46009 | E21: 0 | F21: 0 | G21: =E21*F21 -> 0 | H21: 14 | I21: 103.43 | J21: =H21*I21 -> 1448.02 | K21: =G21+J21 -> 1448.02 | L21: 0 | M21: =M20+K21-L21 -> 16521.648
A22: 19 | B22: 46010 | E22: 93.72 | F22: 91.49 | G22: =E22*F22 -> 8574.4428 | H22: 0 | I22: 0 | J22: =H22*I22 -> 0 | K22: =G22+J22 -> 8574.4428 | L22: 0 | M22: =M21+K22-L22 -> 25096.091
A23: 20 | B23: 46011 | E23: 115 | F23: 91.49 | G23: =E23*F23 -> 10521.35 | H23: 5 | I23: 103.43 | J23: =H23*I23 -> 517.15 | K23: =G23+J23 -> 11038.5 | L23: 0 | M23: =M22+K23-L23 -> 36134.591
A24: 21 | B24: 46012 | E24: 65 | F24: 91.49 | G24: =E24*F24 -> 5946.85 | H24: 0 | I24: 0 | J24: =H24*I24 -> 0 | K24: =G24+J24 -> 5946.85 | L24: 0 | M24: =M23+K24-L24 -> 42081.441
A25: 22 | B25: 46013 | E25: 40 | F25: 91.49 | G25: =E25*F25 -> 3659.6 | H25: 0 | I25: 0 | J25: =H25*I25 -> 0 | K25: =G25+J25 -> 3659.6 | L25: 0 | M25: =M24+K25-L25 -> 45741.041
A26: 23 | B26: 46014 | E26: 35 | F26: 91.49 | G26: =E26*F26 -> 3202.15 | H26: 0 | I26: 0 | J26: =H26*I26 -> 0 | K26: =G26+J26 -> 3202.15 | L26: 0 | M26: =M25+K26-L26 -> 48943.191
A27: 24 | B27: 46015 | E27: 0 | F27: 0 | G27: =E27*F27 -> 0 | H27: 5 | I27: 103.43 | J27: =H27*I27 -> 517.15 | K27: =G27+J27 -> 517.15 | L27: 0 | M27: =M26+K27-L27 -> 49460.341
A28: 25 | B28: 46016 | E28: 355 | F28: 91.49 | G28: =E28*F28 -> 32478.95 | H28: 5 | I28: 103.43 | J28: =H28*I28 -> 517.15 | K28: =G28+J28 -> 32996.1 | L28: 0 | M28: =M27+K28-L28 -> 82456.441
A29: 26 | B29: 46017 | E29: 70 | F29: 91.49 | G29: =E29*F29 -> 6404.3 | H29: 10 | I29: 103.43 | J29: =H29*I29 -> 1034.3 | K29: =G29+J29 -> 7438.6 | L29: 0 | M29: =M28+K29-L29 -> 89895.041
A30: 27 | B30: 46018 | E30: 330 | F30: 91.49 | G30: =E30*F30 -> 30191.7 | H30: 10 | I30: 103.43 | J30: =H30*I30 -> 1034.3 | K30: =G30+J30 -> 31226 | L30: 0 | M30: =M29+K30-L30 -> 121121.04
A31: 28 | B31: 46019 | E31: 0 | F31: 0 | G31: =E31*F31 -> 0 | H31: 0 | I31: 0 | J31: =H31*I31 -> 0 | K31: =G31+J31 -> 0 | L31: 0 | M31: =M30+K31-L31 -> 121121.04 | R31: 46.61
A32: 29 | B32: 46020 | E32: 39 | F32: 91.49 | G32: =E32*F32 -> 3568.11 | H32: 6 | I32: 103.43 | J32: =H32*I32 -> 620.58 | K32: =G32+J32 -> 4188.69 | L32: 0 | M32: =M31+K32-L32 -> 125309.73 | R32: 100
A33: 30 | B33: 46021 | E33: 274 | F33: 91.49 | G33: =E33*F33 -> 25068.26 | H33: 0 | I33: 103.43 | J33: =H33*I33 -> 0 | K33: =G33+J33 -> 25068.26 | L33: 0 | M33: =M32+K33-L33 -> 150377.99 | R33: 35
A34: 31 | B34: 46022 | E34: 130 | F34: 91.49 | G34: =E34*F34 -> 11893.7 | H34: 21 | I34: 103.43 | J34: =H34*I34 -> 2172.03 | K34: =G34+J34 -> 14065.73 | L34: 0 | M34: =M33+K34-L34 -> 164443.72 | N34: BPCL OTP
A35: 32 | B35: 46023 | E35: 0 | F35: 0 | G35: =E35*F35 -> 0 | H35: 0 | I35: 0 | J35: =H35*I35 -> 0 | K35: =G35+J35 -> 0 | L35: 0 | M35: =M34+K35-L35 -> 164443.72
H36: 0 | I36: 0 | M36: =M35+K36-L36 -> 164443.72
E37: =SUM(E4:E35) -> 3340.47 | G37: =SUM(G4:G35) -> 305619.6 | H37: =SUM(H4:H35) -> 140.56 | J37: =SUM(J4:J35) -> 14538.121 | K37: =SUM(K4:K35) -> 320157.72 | L37: =SUM(L4:L35) -> 155714
I40: =K25+L25 -> 3659.6

Sheet Guttal
A1: Taware filling station
A2: S.No | B2: Date | C2: GRN No | D2: Ind No/Bill No | E2: Diesel (Lts) | F2: Price | G2: Amount | H2: Petrol (Lts) | I2: Price | J2: Amount | K2: Total amount | L2: Amount paid | M2: As on Date | N2: Remarks
D3: Opening Balance | K3: 58502.01 | L3: 0 | M3: =+K3 -> 58502.01
A4: 1 | B4: 45992 | E4: 200 | F4: 91.8 | G4: =E4*F4 -> 18360 | H4: 20 | I4: 103.76 | J4: =H4*I4 -> 2075.2 | K4: =G4+J4 -> 20435.2 | L4: 0 | M4: =M3+K4-L4 -> 78937.21
A5: 2 | B5: 45993 | E5: 100 | F5: 91.8 | G5: =E5*F5 -> 9180 | H5: 5 | I5: 103.76 | J5: =H5*I5 -> 518.8 | K5: =G5+J5 -> 9698.8 | M5: =M4+K5-L5 -> 88636.01
A6: 3 | B6: 45994 | E6: 165 | F6: 91.8 | G6: =E6*F6 -> 15147 | J6: =H6*I6 -> 0 | K6: =G6+J6 -> 15147 | M6: =M5+K6-L6 -> 103783.01
A7: 4 | B7: 45995 | E7: 30 | F7: 91.8 | G7: =E7*F7 -> 2754 | H7: 4 | I7: 103.76 | J7: =H7*I7 -> 415.04 | K7: =G7+J7 -> 3169.04 | M7: =M6+K7-L7 -> 106952.05
A8: 5 | B8: 45996 | G8: =E8*F8 -> 0 | H8: 10 | I8: 103.76 | J8: =H8*I8 -> 1037.6 | K8: =G8+J8 -> 1037.6 | M8: =M7+K8-L8 -> 107989.65
A9: 6 | B9: 45997 | E9: 30 | F9: 91.8 | G9: =E9*F9 -> 2754 | H9: 8 | I9: 103.76 | J9: =H9*I9 -> 830.08 | K9: =G9+J9 -> 3584.08 | M9: =M8+K9-L9 -> 111573.73
A10: 7 | B10: 45998 | G10: =E10*F10 -> 0 | J10: =H10*I10 -> 0 | K10: =G10+J10 -> 0 | M10: =M9+K10-L10 -> 111573.73
A11: 8 | B11: 45999 | E11: 60 | F11: 91.8 | G11: =E11*F11 -> 5508 | H11: 5 | I11: 103.76 | J11: =H11*I11 -> 518.8 | K11: =G11+J11 -> 6026.8 | M11: =M10+K11-L11 -> 117600.53
A12: 9 | B12: 46000 | E12: 40 | F12: 91.8 | G12: =E12*F12 -> 3672 | J12: =H12*I12 -> 0 | K12: =G12+J12 -> 3672 | M12: =M11+K12-L12 -> 121272.53 | O12: .
A13: 10 | B13: 46001 | G13: =E13*F13 -> 0 | J13: =H13*I13 -> 0 | K13: =G13+J13 -> 0 | M13: =M12+K13-L13 -> 121272.53
A14: 11 | B14: 46002 | E14: 100 | F14: 91.8 | G14: =E14*F14 -> 9180 | H14: 8 | I14: 103.76 | J14: =H14*I14 -> 830.08 | K14: =G14+J14 -> 10010.08 | M14: =M13+K14-L14 -> 131282.61
A15: 12 | B15: 46003 | G15: =E15*F15 -> 0 | J15: =H15*I15 -> 0 | K15: =G15+J15 -> 0 | M15: =M14+K15-L15 -> 131282.61
A16: 13 | B16: 46004 | E16: 5 | F16: 91.8 | G16: =E16*F16 -> 459 | H16: 0 | I16: 103.76 | J16: =H16*I16 -> 0 | K16: =G16+J16 -> 459 | L16: 121500 | M16: =M15+K16-L16 -> 10241.61
A17: 14 | B17: 46005 | G17: =E17*F17 -> 0 | J17: =H17*I17 -> 0 | K17: =G17+J17 -> 0 | M17: =M16+K17-L17 -> 10241.61
A18: 15 | B18: 46006 | E18: 205.6 | F18: 91.8 | G18: =E18*F18 -> 18874.08 | H18: 10 | I18: 103.76 | J18: =H18*I18 -> 1037.6 | K18: =G18+J18 -> 19911.68 | M18: =M17+K18-L18 -> 30153.29
A19: 16 | B19: 46007 | G19: =E19*F19 -> 0 | H19: 5 | I19: 103.76 | J19: =H19*I19 -> 518.8 | K19: =G19+J19 -> 518.8 | L19: 0 | M19: =M18+K19-L19 -> 30672.09
A20: 17 | B20: 46008 | E20: 420 | F20: 91.8 | G20: =E20*F20 -> 38556 | H20: 8 | I20: 103.76 | J20: =H20*I20 -> 830.08 | K20: =G20+J20 -> 39386.08 | M20: =M19+K20-L20 -> 70058.17
A21: 18 | B21: 46009 | E21: 245 | F21: 91.8 | G21: =E21*F21 -> 22491 | H21: 10 | I21: 103.76 | J21: =H21*I21 -> 1037.6 | K21: =G21+J21 -> 23528.6 | M21: =M20+K21-L21 -> 93586.77
A22: 19 | B22: 46010 | E22: 120 | F22: 91.8 | G22: =E22*F22 -> 11016 | H22: 5 | I22: 103.76 | J22: =H22*I22 -> 518.8 | K22: =G22+J22 -> 11534.8 | M22: =M21+K22-L22 -> 105121.57
A23: 20 | B23: 46011 | G23: =E23*F23 -> 0 | J23: =H23*I23 -> 0 | K23: =G23+J23 -> 0 | M23: =M22+K23-L23 -> 105121.57
A24: 21 | B24: 46012 | E24: 180 | F24: 91.8 | G24: =E24*F24 -> 16524 | J24: =H24*I24 -> 0 | K24: =G24+J24 -> 16524 | M24: =M23+K24-L24 -> 121645.57
A25: 22 | B25: 46013 | E25: 180 | F25: 91.8 | G25: =E25*F25 -> 16524 | H25: 15 | I25: 103.76 | J25: =H25*I25 -> 1556.4 | K25: =G25+J25 -> 18080.4 | M25: =M24+K25-L25 -> 139725.97
A26: 23 | B26: 46014 | E26: 220 | F26: 91.8 | G26: =E26*F26 -> 20196 | J26: =H26*I26 -> 0 | K26: =G26+J26 -> 20196 | M26: =M25+K26-L26 -> 159921.97
A27: 24 | B27: 46015 | E27: 262 | F27: 91.8 | G27: =E27*F27 -> 24051.6 | H27: 5 | I27: 103.76 | J27: =H27*I27 -> 518.8 | K27: =G27+J27 -> 24570.4 | L27: 50000 | M27: =M26+K27-L27 -> 134492.37
A28: 25 | B28: 46016 | E28: 343 | F28: 91.8 | G28: =E28*F28 -> 31487.4 | J28: =H28*I28 -> 0 | K28: =G28+J28 -> 31487.4 | M28: =M27+K28-L28 -> 165979.77
A29: 26 | B29: 46017 | E29: 385 | F29: 91.8 | G29: =E29*F29 -> 35343 | J29: =H29*I29 -> 0 | K29: =G29+J29 -> 35343 | M29: =M28+K29-L29 -> 201322.77 | Q29: 30
A30: 27 | B30: 46018 | G30: =E30*F30 -> 0 | J30: =H30*I30 -> 0 | K30: =G30+J30 -> 0 | L30: 0 | M30: =M29+K30-L30 -> 201322.77 | Q30: 20.02
A31: 28 | B31: 46019 | E31: 40 | F31: 91.8 | G31: =E31*F31 -> 3672 | H31: 15 | I31: 103.76 | J31: =H31*I31 -> 1556.4 | K31: =G31+J31 -> 5228.4 | L31: 0 | M31: =M30+K31-L31 -> 206551.17
A32: 29 | B32: 46020 | E32: 475 | F32: 91.8 | G32: =E32*F32 -> 43605 | H32: 5 | I32: 103.76 | J32: =H32*I32 -> 518.8 | K32: =G32+J32 -> 44123.8 | L32: 0 | M32: =M31+K32-L32 -> 250674.97
A33: 30 | B33: 46021 | E33: 490 | F33: 91.8 | G33: =E33*F33 -> 44982 | H33: 5 | I33: 103.76 | J33: =H33*I33 -> 518.8 | K33: =G33+J33 -> 45500.8 | L33: 0 | M33: =M32+K33-L33 -> 296175.77
A34: 31 | B34: 46022 | E34: 430 | F34: 91.8 | G34: =E34*F34 -> 39474 | H34: 10 | I34: 103.76 | J34: =H34*I34 -> 1037.6 | K34: =G34+J34 -> 40511.6 | L34: 0 | M34: =M33+K34-L34 -> 336687.37
E35: =SUM(E4:E34) -> 4725.6 | G35: =SUM(G4:G34) -> 433810.08 | H35: =SUM(H4:H34) -> 153 | J35: =SUM(J4:J34) -> 15875.28 | K35: =SUM(K4:K34) -> 449685.36 | L35: =SUM(L4:L34) -> 171500
I38: =K24+L24 -> 16524

Sheet Rattihali
A1: Shree Siri Gowari petroliam
A2: S.No | B2: Date | C2: GRN No | D2: Ind No/Bill No | E2: Diesel (Lts) | F2: Price | G2: Amount | H2: Petrol (Lts) | I2: Price | J2: Amount | K2: Total amount | L2: Amount paid | M2: As on Date | N2: Remarks
D3: Opening Balance | K3: 135998.27 | M3: 135998.27
A4: 1 | B4: 45992 | E4: 138.02 | F4: 92.04 | G4: =E4*F4 -> 12703.361 | H4: 0 | I4: 0 | J4: =H4*I4 -> 0 | K4: =G4+J4 -> 12703.361 | L4: 0 | M4: =M3+K4-L4 -> 148701.63
A5: 2 | B5: 45993 | E5: 194.77 | F5: 92.04 | G5: =E5*F5 -> 17926.631 | H5: 6 | I5: 104.02 | J5: =H5*I5 -> 624.12 | K5: =G5+J5 -> 18550.751 | L5: 0 | M5: =M4+K5-L5 -> 167252.38
A6: 3 | B6: 45994 | G6: =E6*F6 -> 0 | H6: 0 | I6: 0 | J6: =H6*I6 -> 0 | K6: =G6+J6 -> 0 | L6: 0 | M6: =M5+K6-L6 -> 167252.38
A7: 4 | B7: 45995 | G7: =E7*F7 -> 0 | H7: 0 | I7: 0 | J7: =H7*I7 -> 0 | K7: =G7+J7 -> 0 | L7: 0 | M7: =M6+K7-L7 -> 167252.38
A8: 5 | B8: 45996 | E8: 146.59 | F8: 92.04 | G8: =E8*F8 -> 13492.144 | H8: 12 | I8: 104.02 | J8: =H8*I8 -> 1248.24 | K8: =G8+J8 -> 14740.384 | L8: 0 | M8: =M7+K8-L8 -> 181992.77
A9: 6 | B9: 45997 | E9: 90 | F9: 92.04 | G9: =E9*F9 -> 8283.6 | H9: 0 | I9: 0 | J9: =H9*I9 -> 0 | K9: =G9+J9 -> 8283.6 | L9: 0 | M9: =M8+K9-L9 -> 190276.37
A10: 7 | B10: 45998 | G10: =E10*F10 -> 0 | H10: 0 | I10: 0 | J10: =H10*I10 -> 0 | K10: =G10+J10 -> 0 | L10: 0 | M10: =M9+K10-L10 -> 190276.37
A11: 8 | B11: 45999 | E11: 105.3 | F11: 92.04 | G11: =E11*F11 -> 9691.812 | H11: 6 | I11: 104.02 | J11: =H11*I11 -> 624.12 | K11: =G11+J11 -> 10315.932 | L11: 0 | M11: =M10+K11-L11 -> 200592.3
A12: 9 | B12: 46000 | G12: =E12*F12 -> 0 | H12: 0 | I12: 0 | J12: =H12*I12 -> 0 | K12: =G12+J12 -> 0 | L12: 0 | M12: =M11+K12-L12 -> 200592.3 | O12: .
A13: 10 | B13: 46001 | E13: 200 | F13: 92.04 | G13: =E13*F13 -> 18408 | H13: 0 | I13: 0 | J13: =H13*I13 -> 0 | K13: =G13+J13 -> 18408 | L13: 0 | M13: =M12+K13-L13 -> 219000.3
A14: 11 | B14: 46002 | E14: 287.31 | F14: 92.04 | G14: =E14*F14 -> 26444.012 | H14: 0 | I14: 0 | J14: =H14*I14 -> 0 | K14: =G14+J14 -> 26444.012 | L14: 0 | M14: =M13+K14-L14 -> 245444.31
A15: 12 | B15: 46003 | E15: 70 | F15: 92.04 | G15: =E15*F15 -> 6442.8 | H15: 0 | I15: 0 | J15: =H15*I15 -> 0 | K15: =G15+J15 -> 6442.8 | L15: 0 | M15: =M14+K15-L15 -> 251887.11
A16: 13 | B16: 46004 | E16: 135.84 | F16: 92.04 | G16: =E16*F16 -> 12502.714 | H16: 15 | I16: 104.02 | J16: =H16*I16 -> 1560.3 | K16: =G16+J16 -> 14063.014 | L16: 0 | M16: =M15+K16-L16 -> 265950.12
A17: 14 | B17: 46005 | E17: 70 | F17: 92.04 | G17: =E17*F17 -> 6442.8 | H17: 0 | I17: 0 | J17: =H17*I17 -> 0 | K17: =G17+J17 -> 6442.8 | L17: 0 | M17: =M16+K17-L17 -> 272392.92
A18: 15 | B18: 46006 | E18: 70 | F18: 92.04 | G18: =E18*F18 -> 6442.8 | H18: 0 | I18: 0 | J18: =H18*I18 -> 0 | K18: =G18+J18 -> 6442.8 | L18: 272393 | M18: =M17+K18-L18 -> 6442.724
A19: 16 | B19: 46007 | F19: 92.04 | G19: =E19*F19 -> 0 | I19: 104.02 | J19: =H19*I19 -> 0 | K19: =G19+J19 -> 0 | L19: 0 | M19: =M18+K19-L19 -> 6442.724
A20: 17 | B20: 46008 | F20: 92.04 | G20: =E20*F20 -> 0 | I20: 104.02 | J20: =H20*I20 -> 0 | K20: =G20+J20 -> 0 | L20: 0 | M20: =M19+K20-L20 -> 6442.724
A21: 18 | B21: 46009 | G21: =E21*F21 -> 0 | I21: 0 | J21: =H21*I21 -> 0 | K21: =G21+J21 -> 0 | L21: 0 | M21: =M20+K21-L21 -> 6442.724
A22: 19 | B22: 46010 | G22: =E22*F22 -> 0 | H22: 0 | I22: 0 | J22: =H22*I22 -> 0 | K22: =G22+J22 -> 0 | L22: 0 | M22: =M21+K22-L22 -> 6442.724
A23: 20 | B23: 46011 | G23: =E23*F23 -> 0 | H23: 0 | I23: 0 | J23: =H23*I23 -> 0 | K23: =G23+J23 -> 0 | L23: 0 | M23: =M22+K23-L23 -> 6442.724
A24: 21 | B24: 46012 | G24: =E24*F24 -> 0 | H24: 0 | I24: 0 | J24: =H24*I24 -> 0 | K24: =G24+J24 -> 0 | L24: 0 | M24: =M23+K24-L24 -> 6442.724
A25: 22 | B25: 46013 | G25: =E25*F25 -> 0 | H25: 0 | I25: 0 | J25: =H25*I25 -> 0 | K25: =G25+J25 -> 0 | L25: 0 | M25: =M24+K25-L25 -> 6442.724
A26: 23 | B26: 46014 | G26: =E26*F26 -> 0 | H26: 0 | I26: 0 | J26: =H26*I26 -> 0 | K26: =G26+J26 -> 0 | L26: 0 | M26: =M25+K26-L26 -> 6442.724
A27: 24 | B27: 46015 | G27: =E27*F27 -> 0 | H27: 0 | I27: 0 | J27: =H27*I27 -> 0 | K27: =G27+J27 -> 0 | L27: 0 | M27: =M26+K27-L27 -> 6442.724
A28: 25 | B28: 46016 | G28: =E28*F28 -> 0 | H28: 0 | I28: 0 | J28: =H28*I28 -> 0 | K28: =G28+J28 -> 0 | L28: 0 | M28: =M27+K28-L28 -> 6442.724
A29: 26 | B29: 46017 | G29: =E29*F29 -> 0 | H29: 0 | I29: 0 | J29: =H29*I29 -> 0 | K29: =G29+J29 -> 0 | L29: 0 | M29: =M28+K29-L29 -> 6442.724
A30: 27 | B30: 46018 | G30: =E30*F30 -> 0 | H30: 0 | I30: 0 | J30: =H30*I30 -> 0 | K30: =G30+J30 -> 0 | L30: 0 | M30: =M29+K30-L30 -> 6442.724
A31: 28 | B31: 46019 | G31: =E31*F31 -> 0 | H31: 0 | I31: 0 | J31: =H31*I31 -> 0 | K31: =G31+J31 -> 0 | L31: 0 | M31: =M30+K31-L31 -> 6442.724
A32: 29 | B32: 46020 | G32: =E32*F32 -> 0 | H32: 0 | I32: 0 | J32: =H32*I32 -> 0 | K32: =G32+J32 -> 0 | L32: 0 | M32: =M31+K32-L32 -> 6442.724
A33: 30 | B33: 46021 | G33: =E33*F33 -> 0 | H33: 0 | I33: 0 | J33: =H33*I33 -> 0 | K33: =G33+J33 -> 0 | L33: 0 | M33: =M32+K33-L33 -> 6442.724 | Q33: 30
A34: 31 | E34: 0 | F34: 0 | G34: =E34*F34 -> 0 | H34: 0 | I34: 0 | J34: =H34*I34 -> 0 | K34: =G34+J34 -> 0 | L34: =+K34 -> 0 | M34: =M33+K34-L34 -> 6442.724
E35: =SUM(E4:E34) -> 1507.83 | G35: =SUM(G4:G34) -> 138780.67 | H35: =SUM(H4:H34) -> 39 | J35: =SUM(J4:J34) -> 4056.78 | K35: =SUM(K4:K34) -> 142837.45 | L35: =SUM(L4:L34) -> 272393
I38: =K24+L24 -> 0

Sheet Rattihali-2
A1: Shiva Oil Traders
A2: S.No | B2: Date | C2: GRN No | D2: Ind No/Bill No | E2: Diesel (Lts) | F2: Price | G2: Amount | H2: Petrol (Lts) | I2: Price | J2: Amount | K2: Total amount | L2: Amount paid | M2: As on Date | N2: Remarks
D3: Opening Balance | L3: 0 | M3: 0
A4: 1 | B4: 45992 | E4: 0 | F4: 0 | G4: 0 | H4: 0 | I4: 0 | J4: =H4*I4 -> 0 | K4: =G4+J4 -> 0 | L4: 0 | M4: =M3+K4-L4 -> 0
A5: 2 | B5: 45993 | E5: 0 | F5: 0 | G5: =E5*F5 -> 0 | H5: 0 | I5: 0 | J5: =H5*I5 -> 0 | K5: =G5+J5 -> 0 | L5: 0 | M5: =M4+K5-L5 -> 0
A6: 3 | B6: 45994 | E6: 0 | F6: 0 | G6: =E6*F6 -> 0 | H6: 0 | I6: 0 | J6: =H6*I6 -> 0 | K6: =G6+J6 -> 0 | L6: 0 | M6: =M5+K6-L6 -> 0
A7: 4 | B7: 45995 | E7: 0 | F7: 0 | G7: =E7*F7 -> 0 | H7: 0 | I7: 0 | J7: =H7*I7 -> 0 | K7: =G7+J7 -> 0 | L7: 0 | M7: =M6+K7-L7 -> 0
A8: 5 | B8: 45996 | E8: 0 | F8: 0 | G8: =E8*F8 -> 0 | H8: 0 | I8: 0 | J8: =H8*I8 -> 0 | K8: =G8+J8 -> 0 | L8: 0 | M8: =M7+K8-L8 -> 0
A9: 6 | B9: 45997 | E9: 0 | F9: 0 | G9: =E9*F9 -> 0 | H9: 0 | I9: 0 | J9: =H9*I9 -> 0 | K9: =G9+J9 -> 0 | L9: 0 | M9: =M8+K9-L9 -> 0
A10: 7 | B10: 45998 | E10: 0 | F10: 0 | G10: =E10*F10 -> 0 | H10: 0 | I10: 0 | J10: =H10*I10 -> 0 | K10: =G10+J10 -> 0 | L10: 0 | M10: =M9+K10-L10 -> 0
A11: 8 | B11: 45999 | E11: 0 | F11: 0 | G11: =E11*F11 -> 0 | H11: 0 | I11: 0 | J11: =H11*I11 -> 0 | K11: =G11+J11 -> 0 | L11: 0 | M11: =M10+K11-L11 -> 0
A12: 9 | B12: 46000 | E12: 0 | F12: 0 | G12: =E12*F12 -> 0 | H12: 0 | I12: 0 | J12: =H12*I12 -> 0 | K12: =G12+J12 -> 0 | L12: 0 | M12: =M11+K12-L12 -> 0 | O12: .
A13: 10 | B13: 46001 | E13: 0 | F13: 0 | G13: =E13*F13 -> 0 | H13: 0 | I13: 0 | J13: =H13*I13 -> 0 | K13: =G13+J13 -> 0 | L13: 0 | M13: =M12+K13-L13 -> 0
A14: 11 | B14: 46002 | E14: 0 | F14: 0 | G14: =E14*F14 -> 0 | H14: 0 | I14: 0 | J14: =H14*I14 -> 0 | K14: =G14+J14 -> 0 | L14: 0 | M14: =M13+K14-L14 -> 0
A15: 12 | B15: 46003 | E15: 0 | F15: 0 | G15: =E15*F15 -> 0 | H15: 0 | I15: 0 | J15: =H15*I15 -> 0 | K15: =G15+J15 -> 0 | L15: 0 | M15: =M14+K15-L15 -> 0
A16: 13 | B16: 46004 | E16: 0 | F16: 0 | G16: =E16*F16 -> 0 | H16: 0 | I16: 0 | J16: =H16*I16 -> 0 | K16: =G16+J16 -> 0 | L16: 0 | M16: =M15+K16-L16 -> 0
A17: 14 | B17: 46005 | E17: 0 | F17: 0 | G17: =E17*F17 -> 0 | H17: 0 | I17: 0 | K17: =G17+J17 -> 0 | L17: 0 | M17: =M16+K17-L17 -> 0
A18: 15 | B18: 46006 | E18: 0 | F18: 0 | G18: =E18*F18 -> 0 | H18: 0 | I18: 0 | J18: =H18*I18 -> 0 | K18: =G18+J18 -> 0 | L18: 0 | M18: =M17+K18-L18 -> 0
A19: 16 | B19: 46007 | E19: 190 | F19: 91.89 | G19: =E19*F19 -> 17459.1 | H19: 0 | I19: 0 | J19: =H19*I19 -> 0 | K19: =G19+J19 -> 17459.1 | L19: 0 | M19: =M18+K19-L19 -> 17459.1
A20: 17 | B20: 46008 | E20: 105 | F20: 91.89 | G20: =E20*F20 -> 9648.45 | H20: 0 | I20: 0 | J20: =H20*I20 -> 0 | K20: =G20+J20 -> 9648.45 | L20: 0 | M20: =M19+K20-L20 -> 27107.55
A21: 18 | B21: 46009 | E21: 136 | F21: 91.89 | G21: =E21*F21 -> 12497.04 | H21: 17 | I21: 111.62 | J21: =H21*I21 -> 1897.54 | K21: =G21+J21 -> 14394.58 | L21: 0 | M21: =M20+K21-L21 -> 41502.13
A22: 19 | B22: 46010 | E22: 205 | F22: 91.89 | G22: =E22*F22 -> 18837.45 | H22: 0 | I22: 0 | J22: =H22*I22 -> 0 | K22: =G22+J22 -> 18837.45 | L22: 0 | M22: =M21+K22-L22 -> 60339.58
A23: 20 | B23: 46011 | E23: 260 | F23: 91.89 | G23: =E23*F23 -> 23891.4 | H23: 0 | I23: 0 | J23: =H23*I23 -> 0 | K23: =G23+J23 -> 23891.4 | L23: 0 | M23: =M22+K23-L23 -> 84230.98
A24: 21 | B24: 46012 | E24: 430 | F24: 91.89 | G24: =E24*F24 -> 39512.7 | H24: 20 | I24: 111.62 | J24: =H24*I24 -> 2232.4 | K24: =G24+J24 -> 41745.1 | L24: 0 | M24: =M23+K24-L24 -> 125976.08
A25: 22 | B25: 46013 | E25: 160 | F25: 91.89 | G25: =E25*F25 -> 14702.4 | H25: 0 | I25: 0 | J25: =H25*I25 -> 0 | K25: =G25+J25 -> 14702.4 | L25: 0 | M25: =M24+K25-L25 -> 140678.48
A26: 23 | B26: 46014 | E26: 270 | F26: 91.89 | G26: =E26*F26 -> 24810.3 | H26: 0 | I26: 0 | J26: =H26*I26 -> 0 | K26: =G26+J26 -> 24810.3 | L26: 0 | M26: =M25+K26-L26 -> 165488.78
A27: 24 | B27: 46015 | E27: 206 | F27: 91.89 | G27: =E27*F27 -> 18929.34 | H27: 16 | I27: 111.62 | J27: =H27*I27 -> 1785.92 | K27: =G27+J27 -> 20715.26 | L27: 0 | M27: =M26+K27-L27 -> 186204.04
A28: 25 | B28: 46016 | E28: 35 | F28: 91.89 | G28: =E28*F28 -> 3216.15 | H28: 0 | I28: 0 | J28: =H28*I28 -> 0 | K28: =G28+J28 -> 3216.15 | L28: 0 | M28: =M27+K28-L28 -> 189420.19
A29: 26 | B29: 46017 | E29: 230 | F29: 91.89 | G29: =E29*F29 -> 21134.7 | H29: 5 | I29: 103.85 | J29: =H29*I29 -> 519.25 | K29: =G29+J29 -> 21653.95 | L29: 0 | M29: =M28+K29-L29 -> 211074.14
A30: 27 | B30: 46018 | E30: 205 | F30: 91.89 | G30: =E30*F30 -> 18837.45 | H30: 6 | I30: 103.85 | J30: =H30*I30 -> 623.1 | K30: =G30+J30 -> 19460.55 | L30: 0 | M30: =M29+K30-L30 -> 230534.69
A31: 28 | B31: 46019 | E31: 360 | F31: 91.89 | G31: =E31*F31 -> 33080.4 | H31: 5 | I31: 103.85 | J31: =H31*I31 -> 519.25 | K31: =G31+J31 -> 33599.65 | L31: 0 | M31: =M30+K31-L31 -> 264134.34 | R31: 46.61
A32: 29 | B32: 46020 | E32: 150 | F32: 91.89 | G32: =E32*F32 -> 13783.5 | H32: 0 | I32: 103.85 | J32: =H32*I32 -> 0 | K32: =G32+J32 -> 13783.5 | L32: 0 | M32: =M31+K32-L32 -> 277917.84 | R32: 100
A33: 30 | B33: 46021 | E33: 281.25 | F33: 91.89 | G33: =E33*F33 -> 25844.062 | H33: 22 | I33: 103.85 | J33: =H33*I33 -> 2284.7 | K33: =G33+J33 -> 28128.763 | L33: 0 | M33: =M32+K33-L33 -> 306046.6 | R33: 35
A34: 31 | B34: 46022 | E34: 30 | F34: 91.89 | G34: =E34*F34 -> 2756.7 | H34: 20 | I34: 103.85 | J34: =H34*I34 -> 2077 | K34: =G34+J34 -> 4833.7 | L34: 0 | M34: =M33+K34-L34 -> 310880.3
A35: 32 | B35: 46023 | E35: 0 | F35: 0 | G35: =E35*F35 -> 0 | H35: 0 | I35: 0 | J35: =H35*I35 -> 0 | K35: =G35+J35 -> 0 | L35: 0 | M35: =M34+K35-L35 -> 310880.3
H36: 0 | I36: 0 | M36: =M35+K36-L36 -> 310880.3
E37: =SUM(E4:E35) -> 3253.25 | G37: =SUM(G4:G35) -> 298941.14 | H37: =SUM(H4:H35) -> 111 | J37: =SUM(J4:J35) -> 11939.16 | K37: =SUM(K4:K35) -> 310880.3 | L37: =SUM(L4:L35) -> 0
I40: =K25+L25 -> 14702.4

Sheet Gajendragada
A1: Vanasri Petrol Pump
A2: S.No | B2: Date | C2: GRN No | D2: Ind no/Bill No | E2: Diesel (Lts) | F2: Price | G2: Amount | H2: Petrol (Lts) | I2: Price | J2: Amount | K2: Total amount | L2: Amount paid | M2: As on Date | N2: Remarks
A3: Opening Balance | K3: 1290.2615 | M3: 1290.2615
A4: 1 | B4: 45962 | E4: 0 | F4: 0 | G4: =E4*F4 -> 0 | H4: 5 | I4: 103.8 | J4: =H4*I4 -> 519 | K4: =G4+J4 -> 519 | M4: =M3+K4-L4 -> 1809.2615
A5: 2 | B5: 45963 | E5: 0 | F5: 0 | G5: =E5*F5 -> 0 | H5: 0 | I5: 0 | J5: =H5*I5 -> 0 | K5: =G5+J5 -> 0 | M5: =M4+K5-L5 -> 1809.2615
A6: 3 | B6: 45964 | E6: 0 | F6: 0 | G6: =E6*F6 -> 0 | H6: 0 | I6: 0 | J6: =H6*I6 -> 0 | K6: =G6+J6 -> 0 | M6: =M5+K6-L6 -> 1809.2615
