Workbook

Sheet  Aug-25 
A1: S.no | B1: Site Name | C1: Bunk Name | D1: Diesel(Liters) | E1: Diesel Amount | F1: Petrol(Liters) | G1: Petrol Amount | H1: Total Amount | I1: Opening Blance | J1: Amount Paid | K1: Closing Balances
A2: 1 | B2: Khammam-1 | C2: Divya laxmi ganapathi | D2: =+'Khammam-1'!E38 -> 66910.82 | E2: =+'Khammam-1'!G38 -> 6401975.3 | F2: =+'Khammam-1'!H38 -> 480 | G2: =+'Khammam-1'!J38 -> 51580.8 | H2: =E2+G2 -> 6453556.1 | I2: =+'Khammam-1'!K3 -> 14609947 | J2: =+'Khammam-1'!L38 -> 10000000 | K2: =H2+I2-J2 -> 11063503
A3: 2 | B3: Khammam-2 | C3: Jayasai union bunk | D3: =+'Khammam-2'!E35 -> 94406.49 | E3: =+'Khammam-2'!G35 -> 9034701.1 | F3: =+'Khammam-2'!H35 -> 470 | G3: =+'Khammam-2'!J35 -> 50515.6 | H3: =E3+G3 -> 9085216.7 | I3: =+'Khammam-2'!K3 -> 12663588 | J3: =+'Khammam-2'!L35 -> 10000000 | K3: =H3+I3-J3 -> 11748805
A4: 3 | B4: Jadcherla-1 | C4: Sai Baba Fuel Station | D4: =+'Jedcherla -1'!E36 -> 38219.44 | E4: =+'Jedcherla -1'!G36 -> 3685118.4 | F4: =+'Jedcherla -1'!H36 -> 472.1 | G4: =+'Jedcherla -1'!J36 -> 51095.383 | H4: =E4+G4 -> 3736213.8 | I4: =+'Jedcherla -1'!M3 -> 1388015.3 | J4: =+'Jedcherla -1'!L36 -> 1288000 | K4: =H4+I4-J4 -> 3836229.1
A5: 4 | B5: Jadcherla-2 | C5: ADHOC FILLING STATION STATION | D5: =+'Jedcharla-2'!E35 -> 0 | E5: =+'Jedcharla-2'!G35 -> 0 | F5: 0 | G5: 0 | H5: =E5+G5 -> 0 | I5: =+'Jedcharla-2'!K3 -> 1400599.6 | J5: =+'Jedcharla-2'!L35 -> 1400600 | K5: =H5+I5-J5 -> -0.4242
A6: 5 | B6: Sangareddy-1 | C6: Sree Shiva Parvathi Filling Station | D6: =+Sangareddy!E40 -> 0 | E6: =+Sangareddy!G40 -> 0 | F6: =+Sangareddy!H40 -> 0 | G6: =+Sangareddy!J40 -> 0 | H6: =E6+G6 -> 0 | I6: =+Sangareddy!K3 -> 0 | J6: =+Sangareddy!L40 -> 0 | K6: =H6+I6-J6 -> 0
A7: 6 | B7: Dindi | C7: Akarapu Balakistamma Fillling | D7: =+Dindi!E35 -> 176.65 | E7: =+Dindi!G35 -> 17065.626 | F7: =+Dindi!H35 -> 25 | G7: =+Dindi!J35 -> 2729 | H7: =E7+G7 -> 19794.626 | J7: =+Dindi!L35 -> 19794.626 | K7: =H7+I7-J7 -> 0
A8: 7 | B8: Devarkhadra-1 | C8: Kurumurthy Swami F/S | D8: =+Devarakhadra!E35 -> 12052.63 | E8: =+Devarakhadra!G35 -> 1170310.4 | F8: =+Devarakhadra!H35 -> 108 | G8: =+Devarakhadra!J35 -> 11753.64 | H8: =E8+G8 -> 1182064 | I8: =+Devarakhadra!M3 -> 580925.58 | J8: =+Devarakhadra!L35 -> 1200000 | K8: =H8+I8-J8 -> 562989.59
A9: 8 | B9: Devarkhadra-2 | C9: M/S. Sri Rama Filling Station | D9: =+'Devarakhadra-2'!E35 -> 1380.16 | E9: =+'Devarakhadra-2'!G35 -> 134013.54 | F9: =+'Devarakhadra-2'!H35 -> 0 | G9: =+'Devarakhadra-2'!I35 -> 0 | H9: =E9+G9 -> 134013.54 | I9: =+'Devarakhadra-2'!M3 -> 0 | J9: =+'Devarakhadra-2'!L35 -> 0 | K9: =H9+I9-J9 -> 134013.54
A10: 9 | B10: Amalapuram | C10: Sathya Filling Station | D10: =+Amalapuram!E35 -> 224.73 | E10: =+Amalapuram!G35 -> 21892.275 | F10: =+Amalapuram!H35 -> 74.19 | G10: =+Amalapuram!J35 -> 8122.7237 | H10: =E10+G10 -> 30014.999 | I10: =+Amalapuram!M3 -> 0 | J10: =+Amalapuram!L35 -> 30014.994 | K10: =H10+I10-J10 -> 0.0045
A11: 10 | B11: YG Gudda-1 | C11: Pallavi Petrolium | D11: =+'YG Gudda '!E36 -> 4400 | E11: =+'YG Gudda '!G36 -> 401720 | F11: =+'YG Gudda '!H36 -> 315 | G11: =+'YG Gudda '!J36 -> 32520.6 | H11: =E11+G11 -> 434240.6 | I11: ='YG Gudda '!K3 -> 99992.615 | J11: =+'YG Gudda '!L36 -> 250000 | K11: =H11+I11-J11 -> 284233.21
A12: 11 | B12: YG Gudda-2 | C12: Pankaja HP Fuel Center | D12: =+'YG Gudda-2'!E36 -> 4800 | E12: =+'YG Gudda-2'!G36 -> 438384 | F12: =+'YG Gudda-2'!H36 -> 210 | G12: =+'YG Gudda-2'!J36 -> 21686.7 | H12: =E12+G12 -> 460070.7 | I12: =+'YG Gudda-2'!M3 -> 0 | J12: =+'YG Gudda-2'!L36 -> 230000 | K12: =H12+I12-J12 -> 230070.7
A13: 12 | B13: Hosadurga-1 | C13: Merchant Petroliums | D13: =+Hosadurga!E35 -> 0 | E13: =+Hosadurga!G35 -> 0 | F13: =+Hosadurga!H35 -> 70 | G13: =+Hosadurga!J35 -> 7279.3 | H13: =E13+G13 -> 7279.3 | I13: =+Hosadurga!K3 -> 0 | J13: =+Hosadurga!L35 -> 0 | K13: =H13+I13-J13 -> 7279.3
A14: 13 | B14: Hosadurga-2 | C14: Shree Veeraprathap Fuel | D14: =+'Hosadurga -2'!E35 -> 6000 | E14: =+'Hosadurga -2'!G35 -> 549300 | F14: =+'Hosadurga -2'!H35 -> 210 | G14: =+'Hosadurga -2'!J35 -> 21783.3 | H14: =+'Hosadurga -2'!K35 -> 571083.3 | I14: =+'Hosadurga -2'!K3 -> 618231.25 | J14: =+'Hosadurga -2'!L35 -> 750000 | K14: =H14+I14-J14 -> 439314.55
A15: 14 | B15: Malebennuru(KUWSDB) | C15: Sri Ramanjuneya Service Station | D15: =+'Malebenur(KUWSDB)'!E36 -> 5316.78 | E15: =+'Malebenur(KUWSDB)'!G36 -> 490526.12 | F15: =+'Malebenur(KUWSDB)'!H36 -> 210 | G15: =+'Malebenur(KUWSDB)'!J36 -> 21867.3 | H15: =E15+G15 -> 512393.42 | I15: =+'Malebenur(KUWSDB)'!K3 -> 46138.764 | J15: =+'Malebenur(KUWSDB)'!L36 -> 366722.67 | K15: =H15+I15-J15 -> 191809.52
A16: 15 | B16: kadur | C16: Vishal Service Station | D16: =+Kadur!E35 -> 0 | E16: =+Kadur!G35 -> 0 | F16: =+Kadur!H35 -> 110 | G16: =+Kadur!J35 -> 11469.7 | H16: =E16+G16 -> 11469.7 | I16: =+Kadur!K3 -> 405569.43 | J16: =+Kadur!L35 -> 0 | K16: =H16+I16-J16 -> 417039.13
A17: 16 | B17: Hiriyur(VJNL) | C17: Sri Balaji Agencies | D17: =+'Hiriyur(VJNL)'!E35 -> 4300 | E17: =+'Hiriyur(VJNL)'!G35 -> 396718 | F17: =+'Hiriyur(VJNL)'!H35 -> 175 | G17: =+'Hiriyur(VJNL)'!J35 -> 18224.5 | H17: =E17+G17 -> 414942.5 | I17: =+'Hiriyur(VJNL)'!K3 -> 26749.8 | J17: =+'Hiriyur(VJNL)'!L35 -> 249700 | K17: =H17+I17-J17 -> 191992.3
A18: 17 | B18: Chellakere(KUWSDB) | C18: Sri Vishnu Baba Petroleum | D18: =+'Chellakere (KUWSDB)'!E35 -> 2909.69 | E18: =+'Chellakere (KUWSDB)'!G35 -> 268383.71 | F18: =+'Chellakere (KUWSDB)'!H35 -> 130 | G18: =+'Chellakere (KUWSDB)'!J35 -> 13536.9 | H18: =E18+G18 -> 281920.61 | I18: 0 | J18: =+'Chellakere (KUWSDB)'!L35 -> 281920.61 | K18: =H18+I18-J18 -> 0
A19: 18 | B19: Molakalmuru | C19: Sri Lakshmi Venkateshwara Filling Station | D19: =+Molakamuru!E35 -> 1212.59 | E19: =+Molakamuru!G35 -> 111839.05 | F19: =+Molakamuru!H35 -> 44.96 | G19: =+Molakamuru!J35 -> 4680.2043 | H19: =E19+G19 -> 116519.25 | I19: =+Molakamuru!K3 -> 0 | J19: =+Molakamuru!L35 -> 116519.25 | K19: =H19+I19-J19 -> 0
A20: 19 | B20: Khanapur(PKG-3) | C20: J K Makavi | D20: =+Khanapur!E35 -> 60 | E20: =+Khanapur!G35 -> 5452.8 | F20: =+Khanapur!H35 -> 23.91 | G20: =+Khanapur!J35 -> 2457.2307 | H20: =E20+G20 -> 7910.0307 | I20: 0 | J20: =+Khanapur!M35 -> 7910.0307 | K20: =H20+I20-J20 -> 0
A21: 20 | B21: Munavalli(PKG-3)-2 | C21: Shri Daneshwari | D21: =+'Munavali-2'!E37 -> 7155.15 | E21: =+'Munavali-2'!G37 -> 653398.44 | F21: =+'Munavali-2'!H37 -> 145 | G21: =+'Munavali-2'!J37 -> 14969.8 | H21: =E21+G21 -> 668368.24 | I21: =+'Munavali-2'!M3 -> 26506.4 | J21: =+'Munavali-2'!L37 -> 215000.41 | K21: =H21+I21-J21 -> 479874.23
A22: 21 | B22: Borgaon(PKG-3) | C22: Aadisagar Petrolium | D22: =+Borgaon!E35 -> 839.25 | E22: =+Borgaon!G35 -> 77017.973 | F22: =+Borgaon!H35 -> 53 | G22: =+Borgaon!J35 -> 5532.8 | H22: =E22+G22 -> 82550.773 | I22: =+Borgaon!K3 -> 29694.836 | J22: =+Borgaon!L35 -> 73270 | K22: =H22+I22-J22 -> 38975.608
A23: 22 | B23: Ugar,Kudichi(PKG-3) | C23: Shiri Bhrhmanath Petrolium | D23: =+'Ugar,Khagwad,Kudichi'!E35 -> 4077.58 | E23: =+'Ugar,Khagwad,Kudichi'!G35 -> 374851.93 | F23: =+'Ugar,Khagwad,Kudichi'!H35 -> 297 | G23: =+'Ugar,Khagwad,Kudichi'!J35 -> 30855.33 | H23: =E23+G23 -> 405707.26 | I23: =+'Ugar,Khagwad,Kudichi'!M3 -> 21188.98 | J23: =+'Ugar,Khagwad,Kudichi'!L35 -> 150000 | K23: =H23+I23-J23 -> 276896.24
A24: 23 | B24: Kabbur(PKG-3) | C24: Shri Jai Hanuman Petrolium | D24: =+Kabbur!E35 -> 462 | E24: =+Kabbur!G35 -> 42314.58 | F24: =+Kabbur!H35 -> 29.66 | G24: =+Kabbur!J35 -> 3070.6998 | H24: =E24+G24 -> 45385.28 | I24: 0 | J24: =+Kabbur!L35 -> 45385.28 | K24: =H24+I24-J24 -> 0
A25: 24 | B25: Kumta (PKG-1) | C25: Krishma fuel station | D25: =+kumta!E35 -> 541.82 | E25: =+kumta!G35 -> 49804.094 | F25: =+kumta!H35 -> 58.99 | G25: =+kumta!J35 -> 6132.6004 | H25: =E25+G25 -> 55936.695 | I25: 0 | J25: =+kumta!L35 -> 55936.695 | K25: =H25+I25-J25 -> 0
A26: 25 | B26: Jalgaon | C26: Sri Sai Petrol Pump | D26: =+Jalgaon!E44 -> 2780.66 | E26: =+Jalgaon!G44 -> 255051.58 | F26: =+Jalgaon!H44 -> 27.1 | G26: =+Jalgaon!J44 -> 2850.649 | H26: =E26+G26 -> 257902.22 | I26: =+Jalgaon!K3 -> 50163.215 | J26: =+Jalgaon!L44 -> 92300.319 | K26: =H26+I26-J26 -> 215765.12
A27: 26 | B27: MKBD | C27: Shree Sai Samarth Petroleum | D27: =+MKBD!E36 -> 1520 | E27: =+MKBD!G36 -> 138802 | F27: =+MKBD!H36 -> 40 | G27: =+MKBD!J36 -> 4184 | H27: =E27+G27 -> 142986 | I27: =+MKBD!K3 -> 1198639.6 | J27: =+MKBD!L36 -> 0 | K27: =H27+I27-J27 -> 1341625.6
A28: 27 | B28: Haveri | C28: Shivalingeshwar Petroleum | D28: =+Haveri!E35 -> 2742.88 | E28: =+Haveri!G35 -> 250808.57 | F28: =+Haveri!H35 -> 98.16 | G28: =+Haveri!J35 -> 10149.744 | H28: =E28+G28 -> 260958.32 | I28: =+Haveri!M3 -> 35526.318 | J28: =+Haveri!L35 -> 129940.78 | K28: =H28+I28-J28 -> 166543.86
A29: 28 | B29: Guttal | C29: Taware filling station | D29: =+Guttal!E35 -> 1059 | E29: =+Guttal!G35 -> 97216.2 | F29: =+Guttal!H35 -> 73 | G29: =+Guttal!J35 -> 7575.56 | H29: =E29+G29 -> 104791.76 | I29: 0 | J29: =+Guttal!L35 -> 104791.76 | K29: =H29+I29-J29 -> 0
A30: 29 | B30: Rattihali | C30: Shree Siri Gowari petroliam | D30: =+Rattihali!E35 -> 3159.83 | E30: =+Rattihali!G35 -> 290830.75 | F30: =+Rattihali!H35 -> 54.78 | G30: =+Rattihali!J35 -> 5698.2156 | H30: =E30+G30 -> 296528.97 | I30: =+Rattihali!M3 -> 53365.686 | J30: =+Rattihali!L35 -> 80000 | K30: =H30+I30-J30 -> 269894.65 | L30: 266689
A31: 30 | B31: Gajendragada | C31: Vanasri Petrol Pump | D31: =+Gajendragada!E35 -> 570 | E31: =+Gajendragada!G35 -> 52343.1 | F31: =+Gajendragada!H35 -> 70 | G31: =+Gajendragada!J35 -> 7266 | H31: =E31+G31 -> 59609.1 | I31: =+Gajendragada!K3 -> 21726.412 | J31: =+Gajendragada!L35 -> 21207 | K31: =H31+I31-J31 -> 60128.512 | L31: =K30-L30 -> 3205.6546
A32: 31 | B32: Ghattaprabha(PKG-3) | C32: Vivek Petrol Pump | D32: =+Ghattaprabha!E35 -> 0 | E32: =+Ghattaprabha!G35 -> 0 | F32: =+Ghattaprabha!H35 -> 0 | G32: =+Ghattaprabha!J35 -> 0 | H32: =E32+G32 -> 0 | I32: =+Ghattaprabha!M3 -> 0 | J32: =+Ghattaprabha!L35 -> 0 | K32: =H32+I32-J32 -> 0
A33: 32 | B33: Gokak(PKG-3) | C33: AJ Petrolinks | D33: =+'Gokak Dharwad PKG 3'!E40 -> 9723.02 | E33: =+'Gokak Dharwad PKG 3'!G40 -> 889461.87 | F33: =+'Gokak Dharwad PKG 3'!H40 -> 452.74 | G33: =+'Gokak Dharwad PKG 3'!J40 -> 46817.843 | H33: =E33+G33 -> 936279.71 | I33: =+'Gokak Dharwad PKG 3'!K3 -> 506954.43 | J33: =+'Gokak Dharwad PKG 3'!L40 -> 700000 | K33: =H33+I33-J33 -> 743234.15
A34: 33 | B34: Ankaligi | C34: Shiv ganga | D34: =+Ankalgi!E35 -> 2640.08 | E34: =+Ankalgi!G35 -> 241065.7 | F34: =+Ankalgi!H35 -> 139 | G34: =+Ankalgi!J35 -> 14348.97 | H34: =E34+G34 -> 255414.67 | I34: =+Ankalgi!M3 -> 122991.1 | J34: =+Ankalgi!L35 -> 150000 | K34: =H34+I34-J34 -> 228405.77
A35: 34 | B35: ShankeshWAR | C35: SR Patil | D35: =+' Shankeshwar'!E35 -> 0 | E35: =+' Shankeshwar'!G35 -> 0 | F35: =+' Shankeshwar'!H35 -> 40 | G35: =+' Shankeshwar'!J35 -> 4128.8 | H35: =E35+G35 -> 4128.8 | J35: =+' Shankeshwar'!L35 -> 4128.8 | K35: =H35+I35-J35 -> 0
A36: 35 | B36: Talikote(PKG-1) | C36: Raykar Oil Agencies | D36: =+' Talikote'!E46 -> 867.11 | E36: =+' Talikote'!G46 -> 79300.041 | F36: =+' Talikote'!H46 -> 90.55 | G36: =+' Talikote'!J46 -> 9366.492 | H36: =E36+G36 -> 88666.533 | I36: =+' Talikote'!N3 -> 3504.4807 | J36: =+' Talikote'!L46 -> 51355.13 | K36: =H36+I36-J36 -> 40815.884
A37: 36 | B37: Chadchan(PKG-1) | C37: Khavekar Petrolium | D37: =+Chadchan!E35 -> 1932.57 | E37: =+Chadchan!G35 -> 176308.36 | F37: =+Chadchan!H35 -> 68.72 | G37: =+Chadchan!J35 -> 7089.1552 | H37: =E37+G37 -> 183397.52 | I37: =+Chadchan!K3 -> 105566 | J37: =+Chadchan!L35 -> 100000 | K37: =H37+I37-J37 -> 188963.52
A38: 37 | B38: Sindagi | C38: G.P.PORWAL | D38: =+Sindagi!E44 -> 936.21 | E38: =+Sindagi!G44 -> 85410.438 | F38: =+Sindagi!H44 -> 30.7 | G38: =+Sindagi!J44 -> 3391.429 | H38: =E38+G38 -> 88801.867 | I38: =+Sindagi!M3 -> 908.2041 | J38: =+Sindagi!L44 -> 57833.21 | K38: =H38+I38-J38 -> 31876.861
A39: 38 | B39: Muddebihal(PKG-1) | C39: Bhosle Service Station | D39: =+Muddebihal!E47 -> 1810.92 | E39: =+Muddebihal!G47 -> 165608.63 | F39: =+Muddebihal!H47 -> 53.13 | G39: =+Muddebihal!J47 -> 5493.1107 | H39: =E39+G39 -> 171101.74 | I39: =+Muddebihal!M3 -> 9020.7913 | J39: =+Muddebihal!L47 -> 134608.34 | K39: =H39+I39-J39 -> 45514.196
A40: 39 | B40: Almela(PKG-1) | C40: Shiddeshwar Petroleums | D40: =+Alemela!E43 -> 1021.68 | E40: =+Alemela!G43 -> 93310.034 | F40: =+Alemela!H43 -> 124.93 | G40: =+Alemela!J43 -> 12900.272 | H40: =E40+G40 -> 106210.31 | I40: =+Alemela!M3 -> 20963.168 | J40: =+Alemela!L43 -> 90000 | K40: =H40+I40-J40 -> 37173.474
A41: 40 | B41: Nalatwad(PKG-1) | C41: Shri Pawad Basaweshwar Petroleums | D41: =+Nalatwad!E43 -> 1873.17 | E41: =+Nalatwad!G43 -> 171619.84 | F41: =+Nalatwad!H43 -> 133.35 | G41: =+Nalatwad!J43 -> 13810.315 | H41: =E41+G41 -> 185430.15 | I41: =+Nalatwad!M3 -> 49509.853 | J41: =+Nalatwad!L43 -> 115000 | K41: =H41+I41-J41 -> 119940
A42: 41 | B42: Srirangapatna | C42: Sri Chakra Fuel Station | D42: =+Srirangapatna!E35 -> 365.61 | E42: =+Srirangapatna!G35 -> 33113.298 | F42: =+Srirangapatna!H35 -> 76.75 | G42: =+Srirangapatna!J35 -> 7863.805 | H42: =E42+G42 -> 40977.103 | I42: 0 | J42: =+Srirangapatna!L35 -> 40977.103 | K42: =H42+I42-J42 -> 0
A43: Total | D43: =SUM(D2:D42) -> 288448.52 | E43: =SUM(E2:E42) -> 27345038 | F43: =SUM(F2:F42) -> 5284.72 | G43: =SUM(G2:G42) -> 554798.47 | H43: =SUM(H2:H42) -> 27899836 | I43: =SUM(I2:I42) -> 34095987 | J43: =SUM(J2:J42) -> 28602917 | K43: =H43+I43-J43 -> 33392906 | L43: 33293797 | M43: =K43-L43 -> 99109.468

Sheet Khammam-1
A1: Divya laxmi ganapathi
A2: S.No | B2: Date | C2: GRN No | D2: Ind No/Bill No | E2: Diesel (Lts) | F2: Price | G2: Amount | H2: Petrol (Lts) | I2: Price | J2: Amount | K2: Total amount | L2: Amount paid | M2: As 0n Date | N2: Remarks
A3: Opening Balance | K3: 14609947 | M3: =+K3 -> 14609947 | O3: 14609972
A4: 1 | B4: 45870 | E4: 6729.01 | F4: 95.68 | G4: =E4*F4 -> 643831.68 | H4: 60 | I4: 107.46 | J4: =H4*I4 -> 6447.6 | K4: =G4+J4 -> 650279.28 | L4: 10000000 | M4: =M3+K4-L4 -> 5260226.5
A5: 2 | B5: 45871 | E5: 5675.71 | F5: 95.68 | G5: =E5*F5 -> 543051.93 | H5: 20 | I5: 107.46 | J5: =H5*I5 -> 2149.2 | K5: =G5+J5 -> 545201.13 | M5: =M4+K5-L5 -> 5805427.6
A6: 3 | B6: 45872 | E6: 0 | F6: 0 | G6: =E6*F6 -> 0 | H6: 0 | I6: 0 | J6: =H6*I6 -> 0 | K6: =G6+J6 -> 0 | M6: =M5+K6-L6 -> 5805427.6
A7: 4 | B7: 45873 | E7: 0 | F7: 0 | G7: =E7*F7 -> 0 | H7: 0 | I7: 0 | J7: =H7*I7 -> 0 | K7: =G7+J7 -> 0 | M7: =M6+K7-L7 -> 5805427.6
A8: 5 | B8: 45874 | E8: 5500 | F8: 95.68 | G8: =E8*F8 -> 526240 | H8: 40 | I8: 107.46 | J8: =H8*I8 -> 4298.4 | K8: =G8+J8 -> 530538.4 | M8: =M7+K8-L8 -> 6335966
A9: 6 | B9: 45875 | E9: 2500 | F9: 95.68 | G9: =E9*F9 -> 239200 | H9: 60 | I9: 107.46 | J9: =H9*I9 -> 6447.6 | K9: =G9+J9 -> 245647.6 | M9: =M8+K9-L9 -> 6581613.6
A10: 7 | B10: 45876 | E10: 2700 | F10: 95.68 | G10: =E10*F10 -> 258336 | H10: 20 | I10: 107.46 | J10: =H10*I10 -> 2149.2 | K10: =G10+J10 -> 260485.2 | M10: =M9+K10-L10 -> 6842098.8
A11: 8 | B11: 45877 | E11: 0 | F11: 0 | G11: =E11*F11 -> 0 | H11: 0 | I11: 0 | J11: =H11*I11 -> 0 | K11: =G11+J11 -> 0 | M11: =M10+K11-L11 -> 6842098.8
A12: 9 | B12: 45878 | E12: 2500 | F12: 95.67 | G12: =E12*F12 -> 239175 | H12: 0 | I12: 0 | J12: =H12*I12 -> 0 | K12: =G12+J12 -> 239175 | M12: =M11+K12-L12 -> 7081273.8
A13: 10 | B13: 45879 | E13: 0 | F13: 0 | G13: =E13*F13 -> 0 | H13: 0 | I13: 0 | J13: =H13*I13 -> 0 | K13: =G13+J13 -> 0 | M13: =M12+K13-L13 -> 7081273.8
A14: 11 | B14: 45880 | E14: 2700 | F14: 95.68 | G14: =E14*F14 -> 258336 | H14: 40 | I14: 107.46 | J14: =H14*I14 -> 4298.4 | K14: =G14+J14 -> 262634.4 | M14: =M13+K14-L14 -> 7343908.2
A15: 12 | B15: 45881 | E15: 0 | F15: 0 | G15: =E15*F15 -> 0 | H15: 0 | I15: 0 | J15: =H15*I15 -> 0 | K15: =G15+J15 -> 0 | M15: =M14+K15-L15 -> 7343908.2
A16: 13 | B16: 45882 | E16: 2700 | F16: 95.68 | G16: =E16*F16 -> 258336 | H16: 20 | I16: 107.46 | J16: =H16*I16 -> 2149.2 | K16: =G16+J16 -> 260485.2 | M16: =M15+K16-L16 -> 7604393.4
... A32: 29 | B32: 45898 | E32: 2132.55 | F32: 95.68 | G32: =E32*F32 -> 204042.38 | H32: 0 | I32: 0 | J32: =H32*I32 -> 0 | K32: =G32+J32 -> 204042.38 | M32: =M31+K32-L32 -> 10800896
A33: 30 | B33: 45899 | E33: 2700 | F33: 95.67 | G33: =E33*F33 -> 258309 | H33: 40 | I33: 107.46 | J33: =H33*I33 -> 4298.4 | K33: =G33+J33 -> 262607.4 | M33: =M32+K33-L33 -> 11063503 | O33: 11063398 | P33: =M33-O33 -> 105.202
A34: 31 | B34: 45900 | E34: 0 | F34: 0 | G34: =E34*F34 -> 0 | H34: 0 | I34: 0 | J34: =H34*I34 -> 0 | K34: =G34+J34 -> 0 | M34: =M33+K34-L34 -> 11063503
A35: 32 | E35: 0 | F35: 0 | G35: =E35*F35 -> 0 | H35: 0 | I35: 0 | J35: =H35*I35 -> 0 | K35: =G35+J35 -> 0 | M35: =M34+K35-L35 -> 11063503
A36: 33 | E36: 0 | F36: 0 | G36: =E36*F36 -> 0 | H36: 0 | I36: 0 | J36: =H36*I36 -> 0 | K36: =G36+J36 -> 0
A37: 34
E38: =SUM(E3:E37) -> 66910.82 | G38: =SUM(G3:G37) -> 6401975.3 | H38: =SUM(H3:H37) -> 480 | J38: =SUM(J3:J37) -> 51580.8 | K38: =SUM(K4:K37) -> 6453556.1 | L38: =SUM(L3:L37) -> 10000000

Sheet Khammam-2
A1: Jayasai union bunk
A2: S.No | B2: Date | C2: GRN No | D2: Ind No/Bill No | E2: Diesel (Lts) | F2: Price | G2: Amount | H2: Petrol (Lts) | I2: Price | J2: Amount | K2: Total amount | L2: Amount paid | M2: As 0n Date | N2: Remarks
A3: Opening Balance | K3: 12663588 | M3: =+K3 -> 12663588 | O3: 12663588
A4: 1 | B4: 45870 | E4: 0 | F4: 0 | G4: =E4*F4 -> 0 | H4: 0 | I4: 0 | J4: =H4*I4 -> 0 | K4: =G4+J4 -> 0 | L4: 10000000 | M4: =M3+K4-L4 -> 2663588.3
A5: 2 | B5: 45871 | E5: 2700 | F5: 95.7 | G5: =E5*F5 -> 258390 | H5: 0 | I5: 0 | J5: =H5*I5 -> 0 | K5: =G5+J5 -> 258390 | M5: =M4+K5-L5 -> 2921978.3
A6: 3 | B6: 45872 | E6: 2700 | F6: 95.7 | G6: =E6*F6 -> 258390 | H6: 40 | I6: 107.48 | J6: =H6*I6 -> 4299.2 | K6: =G6+J6 -> 262689.2 | M6: =M5+K6-L6 -> 3184667.5
A7: 4 | B7: 45873 | E7: 6281.12 | F7: 95.7 | G7: =E7*F7 -> 601103.18 | H7: 20 | I7: 107.48 | J7: =H7*I7 -> 2149.6 | K7: =G7+J7 -> 603252.78 | M7: =M6+K7-L7 -> 3787920.3
A8: 5 | B8: 45874 | E8: 0 | F8: 0 | G8: =E8*F8 -> 0 | H8: 0 | I8: 0 | J8: =H8*I8 -> 0 | K8: =G8+J8 -> 0 | M8: =M7+K8-L8 -> 3787920.3
A9: 6 | B9: 45875 | E9: 2106.39 | F9: 95.7 | G9: =E9*F9 -> 201581.52 | H9: 0 | I9: 0 | J9: =H9*I9 -> 0 | K9: =G9+J9 -> 201581.52 | M9: =M8+K9-L9 -> 3989501.8
A10: 7 | B10: 45876 | E10: 2800 | F10: 95.7 | G10: =E10*F10 -> 267960 | H10: 0 | I10: 0 | J10: =H10*I10 -> 0 | K10: =G10+J10 -> 267960 | M10: =M9+K10-L10 -> 4257461.8
A11: 8 | B11: 45877 | E11: 6978.81 | F11: 95.7 | G11: =E11*F11 -> 667872.12 | H11: 35 | I11: 107.48 | J11: =H11*I11 -> 3761.8 | K11: =G11+J11 -> 671633.92 | M11: =M10+K11-L11 -> 4929095.7
A12: 9 | B12: 45878 | E12: 3800 | F12: 95.7 | G12: =E12*F12 -> 363660 | H12: 40 | I12: 107.48 | J12: =H12*I12 -> 4299.2 | K12: =G12+J12 -> 367959.2 | M12: =M11+K12-L12 -> 5297054.9
A13: 10 | B13: 45879 | E13: 5063.53 | F13: 95.7 | G13: =E13*F13 -> 484579.82 | H13: 0 | I13: 0 | J13: =H13*I13 -> 0 | K13: =G13+J13 -> 484579.82 | M13: =M12+K13-L13 -> 5781634.7
A14: 11 | B14: 45880 | E14: 0 | F14: 0 | G14: =E14*F14 -> 0 | H14: 0 | I14: 0 | J14: =H14*I14 -> 0 | K14: =G14+J14 -> 0 | M14: =M13+K14-L14 -> 5781634.7
A15: 12 | B15: 45881 | E15: 5879.49 | F15: 95.7 | G15: =E15*F15 -> 562667.19 | H15: 40 | I15: 107.48 | J15: =H15*I15 -> 4299.2 | K15: =G15+J15 -> 566966.39 | M15: =M14+K15-L15 -> 6348601.1
A16: 13 | B16: 45882 | E16: 0 | F16: 95.7 | G16: =E16*F16 -> 0 | H16: 0 | I16: 107.48 | J16: =H16*I16 -> 0 | K16: =G16+J16 -> 0 | M16: =M15+K16-L16 -> 6348601.1
... A19: 16 | B19: 45885 | E19: 2100.91 | F19: 95.7 | G19: =E19*F19 -> 201057.09 | H19: 0 | I19: 0 | J19: =H19*I19 -> 0 | K19: =G19+J19 -> 201057.09 | M19: =M18+K19-L19 -> 7110794.4
A20: 17 | B20: 45886 | E20: =2700+2700 -> 5400 | F20: 95.7 | G20: =E20*F20 -> 516780 | H20: 60 | I20: 107.48 | J20: =H20*I20 -> 6448.8 | K20: =G20+J20 -> 523228.8 | M20: =M19+K20-L20 -> 7634023.2
A21: 18 | B21: 45887 | E21: 2700 | F21: 95.7 | G21: =E21*F21 -> 258390 | H21: 0 | I21: 0 | J21: =H21*I21 -> 0 | K21: =G21+J21 -> 258390 | M21: =M20+K21-L21 -> 7892413.2
A22: 19 | B22: 45888 | E22: =2800+614.79 -> 3414.79 | F22: 95.7 | G22: =E22*F22 -> 326795.4 | H22: 0 | I22: 0 | J22: =H22*I22 -> 0 | K22: =G22+J22 -> 326795.4 | M22: =M21+K22-L22 -> 8219208.6
A23: 20 | B23: 45889 | E23: 3716.62 | F23: 95.7 | G23: =E23*F23 -> 355680.53 | H23: 40 | I23: 107.48 | J23: =H23*I23 -> 4299.2 | K23: =G23+J23 -> 359979.73 | M23: =M22+K23-L23 -> 8579188.3
A24: 21 | B24: 45890 | E24: 4437.48 | F24: 95.7 | G24: =E24*F24 -> 424666.84 | H24: 20 | I24: 107.48 | J24: =H24*I24 -> 2149.6 | K24: =G24+J24 -> 426816.44 | M24: =M23+K24-L24 -> 9006004.8
A25: 22 | B25: 45891 | E25: 5400 | F25: 95.7 | G25: =E25*F25 -> 516780 | H25: 40 | I25: 107.48 | J25: =H25*I25 -> 4299.2 | K25: =G25+J25 -> 521079.2 | M25: =M24+K25-L25 -> 9527084
A26: 23 | B26: 45892 | E26: 5500 | F26: 95.7 | G26: =E26*F26 -> 526350 | H26: 40 | I26: 107.48 | J26: =H26*I26 -> 4299.2 | K26: =G26+J26 -> 530649.2 | M26: =M25+K26-L26 -> 10057733
A27: 24 | B27: 45893 | E27: 0 | F27: 0 | G27: =E27*F27 -> 0 | H27: 0 | I27: 0 | J27: =H27*I27 -> 0 | K27: =G27+J27 -> 0 | M27: =M26+K27-L27 -> 10057733
A28: 25 | B28: 45894 | E28: 4800 | F28: 95.7 | G28: =E28*F28 -> 459360 | H28: 20 | I28: 107.48 | J28: =H28*I28 -> 2149.6 | K28: =G28+J28 -> 461509.6 | M28: =M27+K28-L28 -> 10519243
A29: 26 | B29: 45895 | E29: 2700 | F29: 95.7 | G29: =E29*F29 -> 258390 | H29: 0 | I29: 0 | J29: =H29*I29 -> 0 | K29: =G29+J29 -> 258390 | M29: =M28+K29-L29 -> 10777633
A30: 27 | B30: 45896 | E30: 2552.66 | F30: 95.7 | G30: =E30*F30 -> 244289.56 | H30: 0 | I30: 0 | J30: =H30*I30 -> 0 | K30: =G30+J30 -> 244289.56 | M30: =M29+K30-L30 -> 11021922
A31: 28 | B31: 45897 | E31: 0 | F31: 0 | G31: =E31*F31 -> 0 | H31: 0 | I31: 0 | J31: =H31*I31 -> 0 | K31: =G31+J31 -> 0 | M31: =M30+K31-L31 -> 11021922
A32: 29 | B32: 45898 | E32: 5500 | F32: 95.7 | G32: =E32*F32 -> 526350 | H32: 55 | I32: 107.48 | J32: =H32*I32 -> 5911.4 | K32: =G32+J32 -> 532261.4 | M32: =M31+K32-L32 -> 11554184
A33: 30 | B33: 45899 | E33: 2033.66 | F33: 95.7 | G33: =E33*F33 -> 194621.26 | H33: 0 | I33: 0 | J33: =H33*I33 -> 0 | K33: =G33+J33 -> 194621.26 | M33: =M32+K33-L33 -> 11748805
A34: 31 | B34: 45900 | G34: =E34*F34 -> 0 | H34: 0 | I34: 0 | J34: =H34*I34 -> 0 | K34: =G34+J34 -> 0 | M34: =M33+K34-L34 -> 11748805
E35: =SUM(E4:E34) -> 94406.49 | G35: =SUM(G4:G34) -> 9034701.1 | H35: =SUM(H4:H34) -> 470 | J35: =SUM(J4:J34) -> 50515.6 | K35: =SUM(K4:K34) -> 9085216.7 | L35: =SUM(L4:L34) -> 10000000

Sheet Jedcherla -1
A1: Sai Baba Fuel Station
A2: S.No | B2: Date | C2: GRN No | D2: Ind No/Bill No | E2: Diesel (Lts) | F2: Price | G2: Amount | H2: Petrol (Lts) | I2: Price | J2: Amount | K2: Total amount | L2: Amount paid | M2: As on date | N2: Remarks
A3: Opening Balance | M3: 1388015.3 | O3: 1388015.3
A4: 1 | B4: 45870 | E4: 1500 | F4: 96.42 | G4: =E4*F4 -> 144630 | H4: 10 | I4: 108.23 | J4: =H4*I4 -> 1082.3 | K4: =G4+J4 -> 145712.3 | L4: 0 | M4: =M3+K4-L4 -> 1533727.6 | O4: 1526163 | P4: =M4-O4 -> 7564.5685
A5: 2 | B5: 45871 | E5: 3000 | F5: 96.42 | G5: =E5*F5 -> 289260 | H5: 15 | I5: 108.23 | J5: =H5*I5 -> 1623.45 | K5: =G5+J5 -> 290883.45 | L5: 1288000 | M5: =M4+K5-L5 -> 536611.02
A6: 3 | B6: 45872 | E6: 0 | F6: 0 | G6: =E6*F6 -> 0 | H6: 25 | I6: 108.23 | J6: =H6*I6 -> 2705.75 | K6: =G6+J6 -> 2705.75 | L6: 0 | M6: =M5+K6-L6 -> 539316.77
A7: 4 | B7: 45873 | E7: 4100 | F7: 96.42 | G7: =E7*F7 -> 395322 | H7: 20 | I7: 108.23 | J7: =H7*I7 -> 2164.6 | K7: =G7+J7 -> 397486.6 | L7: 0 | M7: =M6+K7-L7 -> 936803.37
A8: 5 | B8: 45874 | E8: 0 | F8: 0 | G8: =E8*F8 -> 0 | H8: 10 | I8: 108.23 | J8: =H8*I8 -> 1082.3 | K8: =G8+J8 -> 1082.3 | L8: 0 | M8: =M7+K8-L8 -> 937885.67
A9: 6 | B9: 45875 | E9: 4261.78 | F9: 96.42 | G9: =E9*F9 -> 410920.83 | H9: 20 | I9: 108.23 | J9: =H9*I9 -> 2164.6 | K9: =G9+J9 -> 413085.43 | L9: 0 | M9: =M8+K9-L9 -> 1350971.1 | O9: 10
A10: 7 | B10: 45876 | E10: 1400 | F10: 96.42 | G10: =E10*F10 -> 134988 | H10: 10 | I10: 108.23 | J10: =H10*I10 -> 1082.3 | K10: =G10+J10 -> 136070.3 | L10: 0 | M10: =M9+K10-L10 -> 1487041.4
A11: 8 | B11: 45877 | E11: 1850 | F11: 96.42 | G11: =E11*F11 -> 178377 | H11: 20 | I11: 108.23 | J11: =H11*I11 -> 2164.6 | K11: =G11+J11 -> 180541.6 | L11: 0 | M11: =M10+K11-L11 -> 1667583
A12: 9 | B12: 45878 | E12: 2500 | F12: 96.42 | G12: =E12*F12 -> 241050 | H12: 10 | I12: 108.23 | J12: =H12*I12 -> 1082.3 | K12: =G12+J12 -> 242132.3 | L12: 0 | M12: =M11+K12-L12 -> 1909715.3
A13: 10 | B13: 45879 | E13: 0 | F13: 0 | G13: =E13*F13 -> 0 | H13: 10 | I13: 108.23 | J13: =H13*I13 -> 1082.3 | K13: =G13+J13 -> 1082.3 | L13: 0 | M13: =M12+K13-L13 -> 1910797.6
A14: 11 | B14: 45880 | E14: 0 | F14: 0 | G14: =E14*F14 -> 0 | H14: 10 | I14: 108.23 | J14: =H14*I14 -> 1082.3 | K14: =G14+J14 -> 1082.3 | L14: 0 | M14: =M13+K14-L14 -> 1911879.9
A15: 12 | B15: 45881 | E15: 1300 | F15: 96.42 | G15: =E15*F15 -> 125346 | H15: 15 | I15: 108.23 | J15: =H15*I15 -> 1623.45 | K15: =G15+J15 -> 126969.45 | L15: 0 | M15: =M14+K15-L15 -> 2038849.3
A16: 13 | B16: 45882 | E16: 2429.66 | F16: 96.42 | G16: =E16*F16 -> 234267.82 | H16: 20 | I16: 108.23 | J16: =H16*I16 -> 2164.6 | K16: =G16+J16 -> 236432.42 | L16: 0 | M16: =M15+K16-L16 -> 2275281.8
A17: 14 | B17: 45883 | E17: 35 | F17: 96.42 | G17: =E17*F17 -> 3374.7 | H17: 20 | I17: 108.23 | J17: =H17*I17 -> 2164.6 | K17: =G17+J17 -> 5539.3 | L17: 0 | M17: =M16+K17-L17 -> 2280821.1 | P17: 6.08.2025
A18: 15 | B18: 45884 | E18: 0 | F18: 0 | G18: =E18*F18 -> 0 | H18: 5 | I18: 108.23 | J18: =H18*I18 -> 541.15 | K18: =G18+J18 -> 541.15 | L18: 0 | M18: =M17+K18-L18 -> 2281362.2 | P18: 5340
A19: 16 | B19: 45885 | E19: 0 | F19: 0 | G19: =E19*F19 -> 0 | H19: 5 | I19: 108.23 | J19: =H19*I19 -> 541.15 | K19: =G19+J19 -> 541.15 | L19: 0 | M19: =M18+K19-L19 -> 2281903.4 | P19: BPCL
A20: 17 | B20: 45886 | E20: 0 | F20: 0 | G20: =E20*F20 -> 0 | H20: 15 | I20: 108.23 | J20: =H20*I20 -> 1623.45 | K20: =G20+J20 -> 1623.45 | L20: 0 | M20: =M19+K20-L20 -> 2283526.8
A21: 18 | B21: 45887 | E21: 1000 | F21: 96.42 | G21: =E21*F21 -> 96420 | H21: 10 | I21: 108.23 | J21: =H21*I21 -> 1082.3 | K21: =G21+J21 -> 97502.3 | L21: 0 | M21: =M20+K21-L21 -> 2381029.1
A22: 19 | B22: 45888 | E22: 0 | F22: 0 | G22: =E22*F22 -> 0 | H22: 5 | I22: 108.23 | J22: =H22*I22 -> 541.15 | K22: =G22+J22 -> 541.15 | L22: 0 | M22: =M21+K22-L22 -> 2381570.3
A23: 20 | B23: 45889 | E23: 1500 | F23: 96.42 | G23: =E23*F23 -> 144630 | H23: 10 | I23: 108.23 | J23: =H23*I23 -> 1082.3 | K23: =G23+J23 -> 145712.3 | L23: 0 | M23: =M22+K23-L23 -> 2527282.6
A24: 21 | B24: 45890 | E24: 0 | F24: 0 | G24: =E24*F24 -> 0 | H24: 20 | I24: 108.23 | J24: =H24*I24 -> 2164.6 | K24: =G24+J24 -> 2164.6 | L24: 0 | M24: =M23+K24-L24 -> 2529447.2
A25: 22 | B25: 45891 | E25: 3943 | F25: 96.42 | G25: =E25*F25 -> 380184.06 | H25: 37.6 | I25: 108.23 | J25: =H25*I25 -> 4069.448 | K25: =G25+J25 -> 384253.51 | L25: 0 | M25: =M24+K25-L25 -> 2913700.7
A26: 23 | B26: 45892 | E26: 2400 | F26: 96.42 | G26: =E26*F26 -> 231408 | H26: 20 | I26: 108.23 | J26: =H26*I26 -> 2164.6 | K26: =G26+J26 -> 233572.6 | L26: 0 | M26: =M25+K26-L26 -> 3147273.3
A27: 24 | B27: 45893 | E27: 1500 | F27: 96.42 | G27: =E27*F27 -> 144630 | H27: 0 | I27: 108.23 | J27: =H27*I27 -> 0 | K27: =G27+J27 -> 144630 | L27: 0 | M27: =M26+K27-L27 -> 3291903.3
A28: 25 | B28: 45894 | E28: 3500 | F28: 96.42 | G28: =E28*F28 -> 337470 | H28: 29.5 | I28: 108.23 | J28: =H28*I28 -> 3192.785 | K28: =G28+J28 -> 340662.78 | L28: 0 | M28: =M27+K28-L28 -> 3632566.1
A29: 26 | B29: 45895 | E29: 0 | F29: 0 | G29: =E29*F29 -> 0 | H29: 15 | I29: 108.23 | J29: =H29*I29 -> 1623.45 | K29: =G29+J29 -> 1623.45 | L29: 0 | M29: =M28+K29-L29 -> 3634189.5
A30: 27 | B30: 45896 | E30: 0 | F30: 0 | G30: =E30*F30 -> 0 | H30: 10 | I30: 108.23 | J30: =H30*I30 -> 1082.3 | K30: =G30+J30 -> 1082.3 | L30: 0 | M30: =M29+K30-L30 -> 3635271.8
A31: 28 | B31: 45897 | E31: 1000 | F31: 96.42 | G31: =E31*F31 -> 96420 | H31: 30 | I31: 108.23 | J31: =H31*I31 -> 3246.9 | K31: =G31+J31 -> 99666.9 | L31: 0 | M31: =M30+K31-L31 -> 3734938.7
A32: 29 | B32: 45898 | E32: 0 | F32: 0 | G32: 0 | H32: 20 | I32: 108.23 | J32: =H32*I32 -> 2164.6 | K32: =G32+J32 -> 2164.6 | L32: 0 | M32: =M31+K32-L32 -> 3737103.3
A33: 30 | B33: 45899 | E33: 1000 | F33: 96.42 | G33: =E33*F33 -> 96420 | H33: 15 | I33: 108.23 | J33: =H33*I33 -> 1623.45 | K33: =G33+J33 -> 98043.45 | L33: 0 | M33: =M32+K33-L33 -> 3835146.8
A34: 31 | B34: 45900 | E34: 0 | F34: 0 | G34: 0 | H34: 10 | I34: 108.23 | J34: =H34*I34 -> 1082.3 | K34: =G34+J34 -> 1082.3 | L34: 0 | M34: =M33+K34-L34 -> 3836229.1
E35: 0 | F35: 0 | G35: =E35*F35 -> 0 | H35: 0 | I35: 0 | J35: =H35*I35 -> 0 | K35: =G35+J35 -> 0 | M35: =M34+K35-L35 -> 3836229.1
E36: =SUM(E4:E34) -> 38219.44 | G36: =SUM(G4:G34) -> 3685118.4 | H36: =SUM(H4:H34) -> 472.1 | J36: =SUM(J4:J34) -> 51095.383 | K36: =SUM(K4:K34) -> 3736213.8 | L36: =SUM(L4:L34) -> 1288000
E38: 38209.44

Sheet Jedcharla-2
A1: ADHOC FILLING STATION STATION
A2: S.No | B2: Date | C2: GRN No | D2: Ind No/Bill No | E2: Diesel (Lts) | F2: Price | G2: Amount | H2: Petrol (Lts) | I2: Price | J2: Amount | K2: Total amount | L2: Amount paid | M2: As on Date | N2: Remarks
A3: Opening Balance | K3: 1400599.6 | M3: =+K3 -> 1400599.6 | O3: 1400599.6
A4: 1 | B4: 45870 | E4: 0 | F4: 0 | G4: =E4*F4 -> 0 | J4: =H4*I4 -> 0 | K4: =G4+J4 -> 0 | M4: =M3+K4-L4 -> 1400599.6
A5: 2 | B5: 45871 | E5: 0 | F5: 0 | G5: =E5*F5 -> 0 | J5: =H5*I5 -> 0 | K5: =G5+J5 -> 0 | L5: 1400600 | M5: =M4+K5-L5 -> -0.4242
A6: 3 | B6: 45872 | E6: 0 | F6: 0 | G6: =E6*F6 -> 0 | J6: =H6*I6 -> 0 | K6: =G6+J6 -> 0 | M6: =M5+K6-L6 -> -0.4242 | R6: 541.08
A7: 4 | B7: 45873 | E7: 0 | F7: 0 | G7: =E7*F7 -> 0 | J7: =H7*I7 -> 0 | K7: =G7+J7 -> 0 | M7: =M6+K7-L7 -> -0.4242
A8: 5 | B8: 45874 | E8: 0 | F8: 0 | G8: =E8*F8 -> 0 | J8: =H8*I8 -> 0 | K8: =G8+J8 -> 0 | M8: =M7+K8-L8 -> -0.4242
A9: 6 | B9: 45875 | E9: 0 | F9: 0 | G9: =E9*F9 -> 0 | J9: =H9*I9 -> 0 | K9: =G9+J9 -> 0 | M9: =M8+K9-L9 -> -0.4242
A10: 7 | B10: 45876 | E10: 0 | F10: 0 | G10: =E10*F10 -> 0 | J10: =H10*I10 -> 0 | K10: =G10+J10 -> 0 | M10: =M9+K10-L10 -> -0.4242
A11: 8 | B11: 45877 | E11: 0 | F11: 0 | G11: =E11*F11 -> 0 | J11: =H11*I11 -> 0 | K11: =G11+J11 -> 0 | M11: =M10+K11-L11 -> -0.4242
A12: 9 | B12: 45878 | E12: 0 | F12: 0 | G12: =E12*F12 -> 0 | J12: =H12*I12 -> 0 | K12: =G12+J12 -> 0 | M12: =M11+K12-L12 -> -0.4242
A13: 10 | B13: 45879 | E13: 0 | F13: 0 | G13: =E13*F13 -> 0 | J13: =H13*I13 -> 0 | K13: =G13+J13 -> 0 | M13: =M12+K13-L13 -> -0.4242
A14: 11 | B14: 45880 | E14: 0 | F14: 0 | G14: =E14*F14 -> 0 | J14: =H14*I14 -> 0 | K14: =G14+J14 -> 0 | M14: =M13+K14-L14 -> -0.4242
A15: 12 | B15: 45881 | E15: 0 | F15: 0 | G15: =E15*F15 -> 0 | J15: =H15*I15 -> 0 | K15: =G15+J15 -> 0 | M15: =M14+K15-L15 -> -0.4242
A16: 13 | B16: 45882 | E16: 0 | F16: 0 | G16: =E16*F16 -> 0 | J16: =H16*I16 -> 0 | K16: =G16+J16 -> 0 | M16: =M15+K16-L16 -> -0.4242
A17: 14 | B17: 45883 | E17: 0 | F17: 0 | G17: =E17*F17 -> 0 | J17: =H17*I17 -> 0 | K17: =G17+J17 -> 0 | M17: =M16+K17-L17 -> -0.4242
A18: 15 | B18: 45884 | E18: 0 | F18: 0 | G18: =E18*F18 -> 0 | J18: =H18*I18 -> 0 | K18: =G18+J18 -> 0 | M18: =M17+K18-L18 -> -0.4242
... A33: 30 | B33: 45899 | E33: 0 | F33: 0 | G33: =E33*F33 -> 0 | J33: =H33*I33 -> 0 | K33: =G33+J33 -> 0 | M33: =M32+K33-L33 -> -0.4242
A34: 31 | B34: 45900 | E34: 0 | F34: 0 | G34: =E34*F34 -> 0 | J34: =H34*I34 -> 0 | K34: =G34+J34 -> 0 | M34: =M33+K34-L34 -> -0.4242 | O34: 1688453.6 | P34: 1900671 | Q34: =P34-O34 -> 212217.42
E35: =SUM(E4:E34) -> 0 | G35: =SUM(G4:G34) -> 0 | H35: =SUM(H4:H34) -> 0 | J35: =SUM(J4:J34) -> 0 | K35: =SUM(K4:K34) -> 0 | L35: =SUM(L4:L34) -> 1400600

Sheet Dindi
A1: Akarapu Balakistamma Fillling
A2: S.No | B2: Date | C2: GRN No | D2: Ind no/Bill No | E2: Diesel (Lts) | F2: Price | G2: Amount | H2: Petrol (Lts) | I2: Price | J2: Amount | K2: Total amount | L2: Amount paid | M2: As on Date | N2: Remarks
A3: Opening Balance | M3: 0
A4: 1 | B4: 45870 | E4: 0 | F4: 0 | G4: =E4*F4 -> 0 | H4: 0 | I4: 0 | J4: =H4*I4 -> 0 | K4: =G4+J4 -> 0 | L4: =+K4 -> 0 | M4: 0
A5: 2 | B5: 45871 | E5: 0 | F5: 0 | G5: =E5*F5 -> 0 | H5: 0 | I5: 0 | J5: =H5*I5 -> 0 | K5: =G5+J5 -> 0 | L5: =+K5 -> 0 | M5: 0
A6: 3 | B6: 45872 | E6: 0 | F6: 0 | G6: =E6*F6 -> 0 | H6: 0 | I6: 0 | J6: =H6*I6 -> 0 | K6: =G6+J6 -> 0 | L6: =+K6 -> 0 | M6: 0
A7: 4 | B7: 45873 | E7: 43.78 | F7: 96.83 | G7: =E7*F7 -> 4239.2174 | H7: 0 | I7: 0 | J7: =H7*I7 -> 0 | K7: =G7+J7 -> 4239.2174 | L7: =+K7 -> 4239.2174 | M7: 0
A8: 5 | B8: 45874 | E8: 0 | F8: 0 | G8: =E8*F8 -> 0 | H8: 0 | I8: 0 | J8: =H8*I8 -> 0 | K8: =G8+J8 -> 0 | L8: =+K8 -> 0 | M8: 0
A9: 6 | B9: 45875 | E9: 0 | F9: 0 | G9: =E9*F9 -> 0 | H9: 0 | I9: 0 | J9: =H9*I9 -> 0 | K9: =G9+J9 -> 0 | L9: =+K9 -> 0 | M9: 0
A10: 7 | B10: 45876 | E10: 0 | F10: 0 | G10: =E10*F10 -> 0 | H10: 0 | I10: 0 | J10: =H10*I10 -> 0 | K10: =G10+J10 -> 0 | L10: =+K10 -> 0 | M10: 0
A11: 8 | B11: 45877 | E11: 0 | F11: 0 | G11: =E11*F11 -> 0 | H11: 0 | I11: 0 | J11: =H11*I11 -> 0 | K11: =G11+J11 -> 0 | L11: =+K11 -> 0 | M11: 0
A12: 9 | B12: 45878 | E12: 0 | F12: 0 | G12: =E12*F12 -> 0 | H12: 0 | I12: 0 | J12: =H12*I12 -> 0 | K12: =G12+J12 -> 0 | L12: =+K12 -> 0 | M12: 0
A13: 10 | B13: 45879 | E13: 0 | F13: 0 | G13: =E13*F13 -> 0 | H13: 0 | I13: 0 | J13: =H13*I13 -> 0 | K13: =G13+J13 -> 0 | L13: =+K13 -> 0 | M13: 0
A14: 11 | B14: 45880 | E14: 0 | F14: 0 | G14: =E14*F14 -> 0 | H14: 0 | I14: 0 | J14: =H14*I14 -> 0 | K14: =G14+J14 -> 0 | L14: =+K14 -> 0 | M14: 0
A15: 12 | B15: 45881 | E15: 0 | F15: 0 | G15: =E15*F15 -> 0 | H15: 0 | I15: 0 | J15: =H15*I15 -> 0 | K15: =G15+J15 -> 0 | L15: =+K15 -> 0 | M15: 0
... A33: 30 | B33: 45899 | E33: 0 | F33: 0 | G33: =E33*F33 -> 0 | H33: 0 | I33: 0 | J33: =H33*I33 -> 0 | K33: =G33+J33 -> 0 | L33: =+K33 -> 0 | M33: 0
A34: 31 | E34: 0 | F34: 0 | G34: =E34*F34 -> 0 | H34: 0 | I34: 0 | J34: =H34*I34 -> 0 | K34: =G34+J34 -> 0 | L34: =+K34 -> 0 | M34: 0
E35: =SUM(E4:E34) -> 176.65 | G35: =SUM(G4:G34) -> 17065.626 | H35: =SUM(H4:H34) -> 25 | J35: =SUM(J4:J34) -> 2729 | K35: =SUM(K4:K34) -> 19794.626 | L35: =SUM(L4:L34) -> 19794.626

Sheet Sangareddy
A1: Sree Shiva Parvathi Filling Station
A2: S.No | B2: Date | C2: GRN No | D2: Ind No/Bill No | E2: Diesel (Lts) | F2: Price | G2: Amount | H2: Petrol (Lts) | I2: Price | J2: Amount | K2: Total amount | L2: Amount paid | M2: As on Date | N2: Remarks
A3: Opening Balance | K3: 0 | M3: =+K3 -> 0
A4: 1 | B4: 45870 | E4: 0 | F4: 0 | G4: =E4*F4 -> 0 | H4: 0 | I4: 0 | J4: =H4*I4 -> 0 | K4: =G4+J4 -> 0 | M4: =M3+K4-L4 -> 0
A5: 2 | B5: 45871 | E5: 0 | F5: 0 | G5: =E5*F5 -> 0 | H5: 0 | I5: 0 | J5: =H5*I5 -> 0 | K5: =G5+J5 -> 0 | M5: =M4+K5-L5 -> 0
A6: 3 | B6: 45872 | E6: 0 | F6: 0 | G6: =E6*F6 -> 0 | H6: 0 | I6: 0 | J6: =H6*I6 -> 0 | K6: =G6+J6 -> 0 | M6: =M5+K6-L6 -> 0
B7: 45873 | E7: 0 | F7: 0 | G7: =E7*F7 -> 0 | H7: 0 | I7: 0 | J7: =H7*I7 -> 0 | K7: =G7+J7 -> 0 | M7: =M6+K7-L7 -> 0
A8: 4 | B8: 45874 | E8: 0 | F8: 0 | G8: =E8*F8 -> 0 | H8: 0 | I8: 0 | J8: =H8*I8 -> 0 | K8: =G8+J8 -> 0 | M8: =M7+K8-L8 -> 0
A9: 5 | B9: 45875 | E9: 0 | F9: 0 | G9: =E9*F9 -> 0 | H9: 0 | I9: 0 | J9: =H9*I9 -> 0 | K9: =G9+J9 -> 0 | M9: =M8+K9-L9 -> 0
A10: 6 | B10: 45876 | E10: 0 | F10: 0 | G10: =E10*F10 -> 0 | H10: 0 | I10: 0 | J10: =H10*I10 -> 0 | K10: =G10+J10 -> 0 | M10: =M9+K10-L10 -> 0
A11: 7 | B11: 45877 | E11: 0 | F11: 0 | G11: =E11*F11 -> 0 | H11: 0 | I11: 0 | J11: =H11*I11 -> 0 | K11: =G11+J11 -> 0 | M11: =M10+K11-L11 -> 0
A12: 8 | B12: 45878 | E12: 0 | F12: 0 | G12: =E12*F12 -> 0 | H12: 0 | I12: 0 | J12: =H12*I12 -> 0 | K12: =G12+J12 -> 0 | M12: =M11+K12-L12 -> 0
A13: 9 | B13: 45879 | E13: 0 | F13: 0 | G13: =E13*F13 -> 0 | H13: 0 | I13: 0 | J13: =H13*I13 -> 0 | K13: =G13+J13 -> 0 | M13: =M12+K13-L13 -> 0
A14: 10 | B14: 45880 | E14: 0 | F14: 0 | G14: =E14*F14 -> 0 | H14: 0 | I14: 0 | J14: =H14*I14 -> 0 | K14: =G14+J14 -> 0 | M14: =M13+K14-L14 -> 0
A15: 11 | B15: 45881 | E15: 0 | F15: 0 | G15: =E15*F15 -> 0 | H15: 0 | I15: 0 | J15: =H15*I15 -> 0 | K15: =G15+J15 -> 0 | M15: =M14+K15-L15 -> 0
A16: 12 | B16: 45882 | E16: 0 | F16: 0 | G16: =E16*F16 -> 0 | H16: 0 | I16: 0 | J16: =H16*I16 -> 0 | K16: =G16+J16 -> 0 | M16: =M15+K16-L16 -> 0
A17: 13 | B17: 45883 | E17: 0 | F17: 0 | G17: =E17*F17 -> 0 | H17: 0 | I17: 0 | J17: =H17*I17 -> 0 | K17: =G17+J17 -> 0 | M17: =M16+K17-L17 -> 0
A18: 14 | B18: 45884 | E18: 0 | F18: 0 | G18: =E18*F18 -> 0 | H18: 0 | I18: 0 | J18: =H18*I18 -> 0 | K18: =G18+J18 -> 0 | M18: =M17+K18-L18 -> 0
A19: 15 | B19: 45885 | E19: 0 | F19: 0 | G19: =E19*F19 -> 0 | H19: 0 | I19: 0 | J19: =H19*I19 -> 0 | K19: =G19+J19 -> 0 | M19: =M18+K19-L19 -> 0
... A34: 30 | B34: 45900 | E34: 0 | F34: 0 | G34: =E34*F34 -> 0 | H34: 0 | I34: 0 | J34: =H34*I34 -> 0 | K34: =G34+J34 -> 0 | M34: =M33+K34-L34 -> 0
A35: 31 | E35: 0 | F35: 0 | G35: =E35*F35 -> 0 | H35: 0 | I35: 0 | J35: =H35*I35 -> 0 | K35: =G35+J35 -> 0 | M35: =M34+K35-L35 -> 0
A36: 32 | E36: 0 | F36: 0 | G36: =E36*F36 -> 0 | H36: 0 | I36: 0 | J36: =H36*I36 -> 0 | K36: =G36+J36 -> 0 | M36: =M35+K36-L36 -> 0
A37: 33 | E37: 0 | F37: 0 | G37: =E37*F37 -> 0 | H37: 0 | I37: 0 | J37: =H37*I37 -> 0 | K37: =G37+J37 -> 0 | M37: =M36+K37-L37 -> 0
A38: 34 | E38: 0 | F38: 0 | G38: =E38*F38 -> 0 | H38: 0 | I38: 0 | J38: =H38*I38 -> 0 | K38: =G38+J38 -> 0 | M38: =M37+K38-L38 -> 0
A39: 35 | E39: 0 | F39: 0 | G39: =E39*F39 -> 0 | H39: 0 | I39: 0 | J39: =H39*I39 -> 0 | K39: =G39+J39 -> 0 | M39: =M38+K39-L39 -> 0
E40: =SUM(E4:E39) -> 0 | G40: =SUM(G4:G39) -> 0 | H40: =SUM(H4:H39) -> 0 | J40: =SUM(J4:J39) -> 0 | K40: =SUM(K4:K39) -> 0 | L40: =SUM(L4:L39) -> 0

Sheet Devarakhadra
A1: Kurumurthy Swami F/S
A2: S.No | B2: Date | C2: GRN No | D2: Ind no/Bill No | E2: Diesel (Lts) | F2: Price | G2: Amount | H2: Petrol (Lts) | I2: Price | J2: Amount | K2: Total amount | L2: Amount paid | M2: As on Date | N2: Remarks
A3: Opening Balance | M3: 580925.58 | O3: 580925.58
A4: 1 | B4: 45870 | E4: 765 | F4: 97.1 | G4: =E4*F4 -> 74281.5 | H4: 0 | I4: 0 | J4: =H4*I4 -> 0 | K4: =G4+J4 -> 74281.5 | L4: 0 | M4: =+M3+K4-L4 -> 655207.08
A5: 2 | B5: 45871 | E5: 564 | F5: 97.1 | G5: =E5*F5 -> 54764.4 | H5: 5 | I5: 108.83 | J5: =H5*I5 -> 544.15 | K5: =G5+J5 -> 55308.55 | L5: 600000 | M5: =+M4+K5-L5 -> 110515.63
A6: 3 | B6: 45872 | E6: 303.5 | F6: 97.1 | G6: =E6*F6 -> 29469.85 | H6: 5 | I6: 108.83 | J6: =H6*I6 -> 544.15 | K6: =G6+J6 -> 30014 | L6: 0 | M6: =+M5+K6-L6 -> 140529.63
A7: 4 | B7: 45873 | E7: 817.91 | F7: 97.1 | G7: =E7*F7 -> 79419.061 | H7: 0 | I7: 0 | J7: =H7*I7 -> 0 | K7: =G7+J7 -> 79419.061 | L7: 0 | M7: =+M6+K7-L7 -> 219948.69
A8: 5 | B8: 45874 | E8: 267 | F8: 97.1 | G8: =E8*F8 -> 25925.7 | H8: 5 | I8: 108.83 | J8: =H8*I8 -> 544.15 | K8: =G8+J8 -> 26469.85 | L8: 0 | M8: =+M7+K8-L8 -> 246418.54
A9: 6 | B9: 45875 | E9: 830 | F9: 97.1 | G9: =E9*F9 -> 80593 | H9: 0 | I9: 0 | J9: =H9*I9 -> 0 | K9: =G9+J9 -> 80593 | L9: 0 | M9: =+M8+K9-L9 -> 327011.54
A10: 7 | B10: 45876 | E10: 87.5 | F10: 97.1 | G10: =E10*F10 -> 8496.25 | H10: 0 | I10: 0 | J10: =H10*I10 -> 0 | K10: =G10+J10 -> 8496.25 | L10: 0 | M10: =+M9+K10-L10 -> 335507.79
A11: 8 | B11: 45877 | E11: 615 | F11: 97.1 | G11: =E11*F11 -> 59716.5 | H11: 15 | I11: 108.83 | J11: =H11*I11 -> 1632.45 | K11: =G11+J11 -> 61348.95 | L11: 0 | M11: =+M10+K11-L11 -> 396856.74
A12: 9 | B12: 45878 | E12: 615 | F12: 97.1 | G12: =E12*F12 -> 59716.5 | H12: 7 | I12: 108.83 | J12: =H12*I12 -> 761.81 | K12: =G12+J12 -> 60478.31 | L12: 0 | M12: =+M11+K12-L12 -> 457335.05
A13: 10 | B13: 45879 | E13: 549.2 | F13: 97.1 | G13: =E13*F13 -> 53327.32 | H13: 5 | I13: 108.83 | J13: =H13*I13 -> 544.15 | K13: =G13+J13 -> 53871.47 | L13: 0 | M13: =+M12+K13-L13 -> 511206.52
A14: 11 | B14: 45880 | E14: 0 | F14: 0 | G14: =E14*F14 -> 0 | H14: 0 | I14: 0 | J14: =H14*I14 -> 0 | K14: =G14+J14 -> 0 | L14: 0 | M14: =+M13+K14-L14 -> 511206.52
A15: 12 | B15: 45881 | E15: 390.2 | F15: 97.1 | G15: =E15*F15 -> 37888.42 | H15: 0 | I15: 0 | J15: =H15*I15 -> 0 | K15: =G15+J15 -> 37888.42 | L15: 0 | M15: =+M14+K15-L15 -> 549094.94
... A18: 15 | B18: 45884 | E18: 0 | F18: 0 | G18: =E18*F18 -> 0 | H18: 0 | I18: 0 | J18: =H18*I18 -> 0 | K18: =G18+J18 -> 0 | L18: 0 | M18: =+M17+K18-L18 -> 282479.09
A19: 16 | B19: 45885 | E19: 72 | F19: 97.1 | G19: =E19*F19 -> 6991.2 | H19: 10 | I19: 108.83 | J19: =H19*I19 -> 1088.3 | K19: =G19+J19 -> 8079.5 | L19: 0 | M19: =+M18+K19-L19 -> 290558.59 | N19: Fuel bills
A20: 17 | B20: 45886 | E20: 15 | F20: 97.1 | G20: =E20*F20 -> 1456.5 | H20: 0 | I20: 0 | J20: =H20*I20 -> 0 | K20: =G20+J20 -> 1456.5 | L20: 0 | M20: =+M19+K20-L20 -> 292015.09
A21: 18 | B21: 45887 | E21: 0 | F21: 0 | G21: =E21*F21 -> 0 | H21: 5 | I21: 108.83 | J21: =H21*I21 -> 544.15 | K21: =G21+J21 -> 544.15 | L21: 0 | M21: =+M20+K21-L21 -> 292559.24
A22: 19 | B22: 45888 | E22: 40 | F22: 97.1 | G22: =E22*F22 -> 3884 | H22: 0 | I22: 0 | J22: =H22*I22 -> 0 | K22: =G22+J22 -> 3884 | L22: 0 | M22: =+M21+K22-L22 -> 296443.24
A23: 20 | B23: 45889 | E23: 49.27 | F23: 97.1 | G23: =E23*F23 -> 4784.117 | H23: 0 | I23: 0 | J23: =H23*I23 -> 0 | K23: =G23+J23 -> 4784.117 | L23: 0 | M23: =+M22+K23-L23 -> 301227.36
A24: 21 | B24: 45890 | E24: 660 | F24: 97.1 | G24: =E24*F24 -> 64086 | H24: 5 | I24: 108.83 | J24: =H24*I24 -> 544.15 | K24: =G24+J24 -> 64630.15 | L24: 300000 | M24: =+M23+K24-L24 -> 65857.506
A25: 22 | B25: 45891 | E25: 785 | F25: 97.1 | G25: =E25*F25 -> 76223.5 | H25: 0 | I25: 0 | J25: =H25*I25 -> 0 | K25: =G25+J25 -> 76223.5 | L25: 0 | M25: =+M24+K25-L25 -> 142081.01
A26: 23 | B26: 45892 | E26: =200+400+30 -> 630 | F26: 97.1 | G26: =E26*F26 -> 61173 | H26: 0 | I26: 0 | J26: =H26*I26 -> 0 | K26: =G26+J26 -> 61173 | L26: 0 | M26: =+M25+K26-L26 -> 203254.01
A27: 24 | B27: 45893 | E27: =43+15+149+55 -> 262 | F27: 97.1 | G27: =E27*F27 -> 25440.2 | H27: 5 | I27: 108.83 | J27: =H27*I27 -> 544.15 | K27: =G27+J27 -> 25984.35 | L27: 0 | M27: =+M26+K27-L27 -> 229238.36
A28: 25 | B28: 45894 | E28: 1021.5 | F28: 97.1 | G28: =E28*F28 -> 99187.65 | H28: 5 | I28: 108.83 | J28: =H28*I28 -> 544.15 | K28: =G28+J28 -> 99731.8 | L28: 0 | M28: =+M27+K28-L28 -> 328970.16
A29: 26 | B29: 45895 | E29: =15+63.33+350 -> 428.33 | F29: 97.1 | G29: =E29*F29 -> 41590.843 | H29: 5 | I29: 108.83 | J29: =H29*I29 -> 544.15 | K29: =G29+J29 -> 42134.993 | L29: 0 | M29: =+M28+K29-L29 -> 371105.15
A30: 27 | B30: 45896 | E30: 46.48 | F30: 97.1 | G30: =E30*F30 -> 4513.208 | H30: 0 | I30: 0 | J30: =H30*I30 -> 0 | K30: =G30+J30 -> 4513.208 | L30: 0 | M30: =+M29+K30-L30 -> 375618.36
A31: 28 | B31: 45897 | E31: 650 | F31: 97.1 | G31: =E31*F31 -> 63115 | H31: 5 | I31: 108.83 | J31: =H31*I31 -> 544.15 | K31: =G31+J31 -> 63659.15 | L31: 0 | M31: =+M30+K31-L31 -> 439277.51
A32: 29 | B32: 45898 | E32: =60+15+33.51+400 -> 508.51 | F32: 97.1 | G32: =E32*F32 -> 49376.321 | H32: 6 | I32: 108.83 | J32: =H32*I32 -> 652.98 | K32: =G32+J32 -> 50029.301 | L32: 0 | M32: =+M31+K32-L32 -> 489306.81
A33: 30 | B33: 45899 | E33: 624.73 | F33: 97.1 | G33: =E33*F33 -> 60661.283 | H33: 0 | I33: 0 | J33: =H33*I33 -> 0 | K33: =G33+J33 -> 60661.283 | L33: 0 | M33: =+M32+K33-L33 -> 549968.09
A34: 31 | B34: 45900 | E34: 128.5 | F34: 97.1 | G34: =E34*F34 -> 12477.35 | H34: 5 | I34: 108.83 | J34: =H34*I34 -> 544.15 | K34: =G34+J34 -> 13021.5 | L34: 0 | M34: =+M33+K34-L34 -> 562989.59
E35: =SUM(E4:E34) -> 12052.63 | G35: =SUM(G4:G34) -> 1170310.4 | H35: =SUM(H4:H34) -> 108 | J35: =SUM(J4:J34) -> 11753.64 | K35: =SUM(K4:K34) -> 1182064 | L35: =SUM(L4:L34) -> 1200000

Sheet Devarakhadra-2
A1: Sri rama F/S
A2: S.No | B2: Date | C2: GRN No | D2: Ind no/Bill No | E2: Diesel (Lts) | F2: Price | G2: Amount | H2: Petrol (Lts) | I2: Price | J2: Amount | K2: Total amount | L2: Amount paid | M2: As on Date | N2: Remarks
A3: Opening Balance | M3: 0
A4: 1 | B4: 45870 | E4: 0 | F4: 0 | G4: =E4*F4 -> 0 | H4: 0 | I4: 0 | J4: =H4*I4 -> 0 | K4: =G4+J4 -> 0 | L4: 0 | M4: =+M3+K4-L4 -> 0
A5: 2 | B5: 45871 | E5: 0 | F5: 0 | G5: =E5*F5 -> 0 | H5: 0 | I5: 0 | J5: =H5*I5 -> 0 | K5: =G5+J5 -> 0 | L5: 0 | M5: =+M4+K5-L5 -> 0
A6: 3 | B6: 45872 | E6: 0 | F6: 0 | G6: =E6*F6 -> 0 | H6: 0 | I6: 0 | J6: =H6*I6 -> 0 | K6: =G6+J6 -> 0 | L6: 0 | M6: =+M5+K6-L6 -> 0
A7: 4 | B7: 45873 | E7: 0 | F7: 0 | G7: =E7*F7 -> 0 | H7: 0 | I7: 0 | J7: =H7*I7 -> 0 | K7: =G7+J7 -> 0 | L7: 0 | M7: =+M6+K7-L7 -> 0
A8: 5 | B8: 45874 | E8: 0 | F8: 0 | G8: =E8*F8 -> 0 | H8: 0 | I8: 0 | J8: =H8*I8 -> 0 | K8: =G8+J8 -> 0 | L8: 0 | M8: =+M7+K8-L8 -> 0
A9: 6 | B9: 45875 | E9: 0 | F9: 0 | G9: =E9*F9 -> 0 | H9: 0 | I9: 0 | J9: =H9*I9 -> 0 | K9: =G9+J9 -> 0 | L9: 0 | M9: =+M8+K9-L9 -> 0
A10: 7 | B10: 45876 | E10: 0 | F10: 0 | G10: =E10*F10 -> 0 | H10: 0 | I10: 0 | J10: =H10*I10 -> 0 | K10: =G10+J10 -> 0 | L10: 0 | M10: =+M9+K10-L10 -> 0
A11: 8 | B11: 45877 | E11: 0 | F11: 0 | G11: =E11*F11 -> 0 | H11: 0 | I11: 0 | J11: =H11*I11 -> 0 | K11: =G11+J11 -> 0 | L11: 0 | M11: =+M10+K11-L11 -> 0
A12: 9 | B12: 45878 | E12: 0 | F12: 0 | G12: =E12*F12 -> 0 | H12: 0 | I12: 0 | J12: =H12*I12 -> 0 | K12: =G12+J12 -> 0 | L12: 0 | M12: =+M11+K12-L12 -> 0
A13: 10 | B13: 45879 | E13: 0 | F13: 0 | G13: =E13*F13 -> 0 | H13: 0 | I13: 0 | J13: =H13*I13 -> 0 | K13: =G13+J13 -> 0 | L13: 0 | M13: =+M12+K13-L13 -> 0
A14: 11 | B14: 45880 | E14: 644.71 | F14: 97.1 | G14: =E14*F14 -> 62601.341 | H14: 0 | I14: 0 | J14: =H14*I14 -> 0 | K14: =G14+J14 -> 62601.341 | L14: 0 | M14: =+M13+K14-L14 -> 62601.341
A15: 12 | B15: 45881 | E15: 0 | F15: 0 | G15: =E15*F15 -> 0 | H15: 0 | I15: 0 | J15: =H15*I15 -> 0 | K15: =G15+J15 -> 0 | L15: 0 | M15: =+M14+K15-L15 -> 62601.341
... A34: 31 | B34: 45900 | E34: 0 | F34: 0 | G34: =E34*F34 -> 0 | H34: 0 | I34: 0 | J34: =H34*I34 -> 0 | K34: =G34+J34 -> 0 | L34: 0 | M34: =+M33+K34-L34 -> 134013.54
E35: =SUM(E4:E34) -> 1380.16 | G35: =SUM(G4:G34) -> 134013.54 | H35: =SUM(H4:H34) -> 0 | J35: =SUM(J4:J34) -> 0 | K35: =SUM(K4:K34) -> 134013.54 | L35: =SUM(L4:L34) -> 0

Sheet Amalapuram
A1: Sathya Filling Station
A2: S.No | B2: Date | C2: GRN No | D2: Ind no/Bill No | E2: Diesel (Lts) | F2: Price | G2: Amount | H2: Petrol (Lts) | I2: Price | J2: Amount | K2: Total amount | L2: Amount paid | M2: As on Date | N2: Remarks
A3: Opening Balance | M3: 0
A4: 1 | B4: 45870 | E4: 0 | F4: 0 | G4: =E4*F4 -> 0 | H4: 0 | I4: 0 | J4: =H4*I4 -> 0 | K4: =G4+J4 -> 0 | L4: 0 | M4: =+M3+K4-L4 -> 0
A5: 2 | B5: 45871 | E5: 0 | F5: 0 | G5: =E5*F5 -> 0 | H5: 0 | I5: 0 | J5: =H5*I5 -> 0 | K5: =G5+J5 -> 0 | L5: 0 | M5: =+M4+K5-L5 -> 0
A6: 3 | B6: 45872 | E6: 46.14 | F6: 97.38 | G6: =E6*F6 -> 4493.1132 | H6: 0 | I6: 0 | J6: =H6*I6 -> 0 | K6: =G6+J6 -> 4493.1132 | L6: 4493.1132 | M6: =+M5+K6-L6 -> 0
A7: 4 | B7: 45873 | E7: 0 | F7: 0 | G7: =E7*F7 -> 0 | H7: 0 | I7: 0 | J7: =H7*I7 -> 0 | K7: =G7+J7 -> 0 | L7: 0 | M7: =+M6+K7-L7 -> 0
A8: 5 | B8: 45874 | E8: 46.04 | F8: 97.38 | G8: =E8*F8 -> 4483.3752 | H8: 0 | I8: 0 | J8: =H8*I8 -> 0 | K8: =G8+J8 -> 4483.3752 | L8: 4483.3752 | M8: =+M7+K8-L8 -> 0
A9: 6 | B9: 45875 | E9: 0 | F9: 0 | G9: =E9*F9 -> 0 | H9: 20 | I9: 109.55 | J9: =H9*I9 -> 2191 | K9: =G9+J9 -> 2191 | L9: 2191 | M9: =+M8+K9-L9 -> 0
A10: 7 | B10: 45876 | E10: 0 | F10: 0 | G10: =E10*F10 -> 0 | H10: 0 | I10: 0 | J10: =H10*I10 -> 0 | K10: =G10+J10 -> 0 | L10: 0 | M10: =+M9+K10-L10 -> 0
A11: 8 | B11: 45877 | E11: 0 | F11: 0 | G11: =E11*F11 -> 0 | H11: 0 | I11: 0 | J11: =H11*I11 -> 0 | K11: =G11+J11 -> 0 | L11: 0 | M11: =+M10+K11-L11 -> 0
A12: 9 | B12: 45878 | E12: 0 | F12: 0 | G12: =E12*F12 -> 0 | H12: 0 | I12: 0 | J12: =H12*I12 -> 0 | K12: =G12+J12 -> 0 | L12: 0 | M12: =+M11+K12-L12 -> 0
A13: 10 | B13: 45879 | E13: 0 | F13: 0 | G13: =E13*F13 -> 0 | H13: 15 | I13: 109.55 | J13: =H13*I13 -> 1643.25 | K13: =G13+J13 -> 1643.25 | L13: 1643.25 | M13: =+M12+K13-L13 -> 0
A14: 11 | B14: 45880 | E14: 42.91 | F14: 97.38 | G14: =E14*F14 -> 4178.5758 | H14: 0 | I14: 0 | J14: =H14*I14 -> 0 | K14: =G14+J14 -> 4178.5758 | L14: 4178.5758 | M14: =+M13+K14-L14 -> 0
A15: 12 | B15: 45881 | E15: 0 | F15: 0 | G15: =E15*F15 -> 0 | H15: 0 | I15: 0 | J15: =H15*I15 -> 0 | K15: =G15+J15 -> 0 | L15: 0 | M15: =+M14+K15-L15 -> 0
... A34: 31 | B34: 45900 | E34: 0 | F34: 0 | G34: =E34*F34 -> 0 | H34: 0 | I34: 0 | J34: =H34*I34 -> 0 | K34: =G34+J34 -> 0 | L34: 0 | M34: =+M33+K34-L34 -> 0.0045
E35: =SUM(E4:E34) -> 224.73 | G35: =SUM(G4:G34) -> 21892.275 | H35: =SUM(H4:H34) -> 74.19 | J35: =SUM(J4:J34) -> 8122.7237 | K35: =SUM(K4:K34) -> 30014.999 | L35: =SUM(L4:L34) -> 30014.994

Sheet Kadur
A1: Vishal Service Station
A2: S.No | B2: Date | C2: GRN No | D2: Ind No/Bill No | E2: Diesel (Lts) | F2: Price | G2: Amount | H2: Petrol (Lts) | I2: Price | J2: Amount | K2: Total amount | L2: Amount paid | M2: As on Date | N2: Remarks
A3: Opening Balance | K3: 405569.43 | M3: 405569.43 | O3: 207239.43
A4: 1 | B4: 45870 | F4: 0 | G4: =E4*F4 -> 0 | H4: 0 | I4: 0 | J4: =H4*I4 -> 0 | K4: =G4+J4 -> 0 | M4: =M3+K4-L4 -> 405569.43
A5: 2 | B5: 45871 | F5: 0 | G5: =E5*F5 -> 0 | H5: 0 | I5: 0 | J5: =H5*I5 -> 0 | K5: =G5+J5 -> 0 | M5: =M4+K5-L5 -> 405569.43
A6: 3 | B6: 45872 | F6: 0 | G6: =E6*F6 -> 0 | H6: 0 | I6: 0 | J6: =H6*I6 -> 0 | K6: =G6+J6 -> 0 | M6: =M5+K6-L6 -> 405569.43
A7: 4 | B7: 45873 | F7: 0 | G7: =E7*F7 -> 0 | H7: 0 | I7: 0 | J7: =H7*I7 -> 0 | K7: =G7+J7 -> 0 | M7: =M6+K7-L7 -> 405569.43
A8: 5 | B8: 45874 | F8: 0 | G8: =E8*F8 -> 0 | H8: 0 | I8: 0 | J8: =H8*I8 -> 0 | K8: =G8+J8 -> 0 | M8: =M7+K8-L8 -> 405569.43
A9: 6 | B9: 45875 | F9: 0 | G9: =E9*F9 -> 0 | H9: 0 | I9: 0 | J9: =H9*I9 -> 0 | K9: =G9+J9 -> 0 | M9: =M8+K9-L9 -> 405569.43
A10: 7 | B10: 45876 | F10: 0 | G10: =E10*F10 -> 0 | H10: 0 | I10: 0 | J10: =H10*I10 -> 0 | K10: =G10+J10 -> 0 | M10: =M9+K10-L10 -> 405569.43
A11: 8 | B11: 45877 | F11: 0 | G11: =E11*F11 -> 0 | H11: 0 | I11: 0 | J11: =H11*I11 -> 0 | K11: =G11+J11 -> 0 | M11: =M10+K11-L11 -> 405569.43
A12: 9 | B12: 45878 | F12: 0 | G12: =E12*F12 -> 0 | H12: 0 | I12: 0 | J12: =H12*I12 -> 0 | K12: =G12+J12 -> 0 | M12: =M11+K12-L12 -> 405569.43
A13: 10 | B13: 45879 | F13: 0 | G13: =E13*F13 -> 0 | H13: 0 | I13: 0 | J13: =H13*I13 -> 0 | K13: =G13+J13 -> 0 | M13: =M12+K13-L13 -> 405569.43
A14: 11 | B14: 45880 | F14: 0 | G14: =E14*F14 -> 0 | H14: 0 | I14: 0 | J14: =H14*I14 -> 0 | K14: =G14+J14 -> 0 | M14: =M13+K14-L14 -> 405569.43
A15: 12 | B15: 45881 | F15: 0 | G15: =E15*F15 -> 0 | H15: 0 | I15: 0 | J15: =H15*I15 -> 0 | K15: =G15+J15 -> 0 | M15: =M14+K15-L15 -> 405569.43
... A33: 30 | B33: 45899 | F33: 0 | G33: =E33*F33 -> 0 | H33: 0 | I33: 0 | J33: =H33*I33 -> 0 | K33: =G33+J33 -> 0 | M33: =M32+K33-L33 -> 417039.13
A34: 31 | F34: 0 | G34: =E34*F34 -> 0 | J34: =H34*I34 -> 0 | K34: =G34+J34 -> 0
E35: =SUM(E4:E34) -> 0 | G35: =SUM(G4:G34) -> 0 | H35: =SUM(H4:H34) -> 110 | J35: =SUM(J4:J34) -> 11469.7 | K35: =SUM(K4:K34) -> 11469.7 | L35: =SUM(L4:L31) -> 0

Sheet YG Gudda 
A1: Pallavi Petrolium
A2: S.No | B2: Date | C2: GRN No | D2: Ind No/Bill No | E2: Diesel (Lts) | F2: Price | G2: Amount | H2: Petrol (Lts) | I2: Price | J2: Amount | K2: Total amount | L2: Amount paid | M2: As on Date | N2: Remarks
A3: Opening Balance | K3: 99992.615 | M3: =+K3 -> 99992.615 | O3: 99992.615
A4: 1 | B4: 45870 | E4: 0 | F4: 0 | G4: =E4*F4 -> 0 | H4: 0 | I4: 0 | J4: =H4*I4 -> 0 | K4: =G4+J4 -> 0 | M4: =M3+K4-L4 -> 99992.615
A5: 2 | B5: 45871 | E5: 0 | F5: 0 | G5: =E5*F5 -> 0 | H5: 0 | I5: 0 | J5: =H5*I5 -> 0 | K5: =G5+J5 -> 0 | L5: 100000 | M5: =M4+K5-L5 -> -7.3854862
A6: 3 | B6: 45872 | E6: 0 | F6: 0 | G6: =E6*F6 -> 0 | H6: 0 | I6: 0 | J6: =H6*I6 -> 0 | K6: =G6+J6 -> 0 | M6: =M5+K6-L6 -> -7.3854862
A7: 4 | B7: 45873 | E7: 0 | F7: 0 | G7: =E7*F7 -> 0 | H7: 0 | I7: 0 | J7: =H7*I7 -> 0 | K7: =G7+J7 -> 0 | M7: =M6+K7-L7 -> -7.3854862
A8: 5 | B8: 45874 | E8: 0 | F8: 0 | G8: =E8*F8 -> 0 | H8: 0 | I8: 0 | J8: =H8*I8 -> 0 | K8: =G8+J8 -> 0 | M8: =M7+K8-L8 -> -7.3854862
A9: 6 | B9: 45875 | E9: 0 | F9: 0 | G9: =E9*F9 -> 0 | H9: 0 | I9: 0 | J9: =H9*I9 -> 0 | K9: =G9+J9 -> 0 | M9: =M8+K9-L9 -> -7.3854862
A10: 7 | B10: 45876 | E10: 2000 | F10: 91.3 | G10: =E10*F10 -> 182600 | H10: 105 | I10: 103.24 | J10: =H10*I10 -> 10840.2 | K10: =G10+J10 -> 193440.2 | M10: =M9+K10-L10 -> 193432.81
A11: 8 | B11: 45877 | E11: 0 | F11: 0 | G11: =E11*F11 -> 0 | H11: 0 | I11: 0 | J11: =H11*I11 -> 0 | K11: =G11+J11 -> 0 | M11: =M10+K11-L11 -> 193432.81
A12: 9 | B12: 45878 | E12: 0 | F12: 0 | G12: =E12*F12 -> 0 | H12: 0 | I12: 0 | J12: =H12*I12 -> 0 | K12: =G12+J12 -> 0 | M12: =M11+K12-L12 -> 193432.81
A13: 10 | B13: 45879 | E13: 0 | F13: 0 | G13: =E13*F13 -> 0 | H13: 0 | I13: 0 | J13: =H13*I13 -> 0 | K13: =G13+J13 -> 0 | M13: =M12+K13-L13 -> 193432.81
A14: 11 | B14: 45880 | E14: 0 | F14: 0 | G14: =E14*F14 -> 0 | H14: 0 | I14: 0 | J14: =H14*I14 -> 0 | K14: =G14+J14 -> 0 | M14: =M13+K14-L14 -> 193432.81
A15: 12 | B15: 45881 | E15: 0 | F15: 0 | G15: =E15*F15 -> 0 | H15: 0 | I15: 0 | J15: =H15*I15 -> 0 | K15: =G15+J15 -> 0 | M15: =M14+K15-L15 -> 193432.81
A16: 13 | B16: 45882 | E16: 0 | F16: 0 | G16: =E16*F16 -> 0 | H16: 0 | I16: 0 | J16: =H16*I16 -> 0 | K16: =G16+J16 -> 0 | L16: 150000 | M16: =M15+K16-L16 -> 43432.815
A17: 14 | B17: 45883 | E17: 0 | F17: 0 | G17: =E17*F17 -> 0 | H17: 0 | I17: 0 | J17: =H17*I17 -> 0 | K17: =G17+J17 -> 0 | M17: =M16+K17-L17 -> 43432.815
A18: 15 | B18: 45884 | E18: 0 | F18: 0 | G18: =E18*F18 -> 0 | H18: 0 | I18: 0 | J18: =H18*I18 -> 0 | K18: =G18+J18 -> 0 | M18: =M17+K18-L18 -> 43432.815
A19: 16 | B19: 45885 | E19: 0 | F19: 0 | G19: =E19*F19 -> 0 | H19: 0 | I19: 0 | J19: =H19*I19 -> 0 | K19: =G19+J19 -> 0 | M19: =M18+K19-L19 -> 43432.815
A20: 17 | B20: 45886 | E20: 0 | F20: 0 | G20: =E20*F20 -> 0 | H20: 0 | I20: 0 | J20: =H20*I20 -> 0 | K20: =G20+J20 -> 0 | M20: =M19+K20-L20 -> 43432.815
A21: 18 | B21: 45887 | E21: 0 | F21: 0 | G21: =E21*F21 -> 0 | H21: 0 | I21: 0 | J21: =H21*I21 -> 0 | K21: =G21+J21 -> 0 | M21: =M20+K21-L21 -> 43432.815
A22: 19 | B22: 45888 | E22: 0 | F22: 0 | G22: =E22*F22 -> 0 | H22: 105 | I22: 103.24 | J22: =H22*I22 -> 10840.2 | K22: =G22+J22 -> 10840.2 | M22: =M21+K22-L22 -> 54273.015
A23: 20 | B23: 45889 | E23: 0 | F23: 0 | G23: =E23*F23 -> 0 | H23: 0 | I23: 0 | J23: =H23*I23 -> 0 | K23: =G23+J23 -> 0 | M23: =M22+K23-L23 -> 54273.015
A24: 21 | B24: 45890 | E24: 1000 | F24: 91.3 | G24: =E24*F24 -> 91300 | H24: 0 | I24: 0 | J24: =H24*I24 -> 0 | K24: =G24+J24 -> 91300 | M24: =M23+K24-L24 -> 145573.01
A25: 22 | B25: 45891 | E25: 0 | F25: 0 | G25: =E25*F25 -> 0 | H25: 0 | I25: 0 | J25: =H25*I25 -> 0 | K25: =G25+J25 -> 0 | M25: =M24+K25-L25 -> 145573.01
A26: 23 | B26: 45892 | E26: 0 | F26: 0 | G26: =E26*F26 -> 0 | H26: 0 | I26: 0 | J26: =H26*I26 -> 0 | K26: =G26+J26 -> 0 | M26: =M25+K26-L26 -> 145573.01
A27: 24 | B27: 45893 | E27: 0 | F27: 0 | G27: =E27*F27 -> 0 | H27: 0 | I27: 0 | J27: =H27*I27 -> 0 | K27: =G27+J27 -> 0 | M27: =M26+K27-L27 -> 145573.01
A28: 25 | B28: 45894 | E28: 1400 | F28: 91.3 | G28: =E28*F28 -> 127820 | H28: 105 | I28: 103.24 | J28: =H28*I28 -> 10840.2 | K28: =G28+J28 -> 138660.2 | M28: =M27+K28-L28 -> 284233.21
... A34: 31 | B34: 45900 | E34: 0 | F34: 0 | G34: =E34*F34 -> 0 | H34: 0 | I34: 0 | J34: =H34*I34 -> 0 | K34: =G34+J34 -> 0 | M34: =M33+K34-L34 -> 284233.21
A35: 32 | E35: 0 | G35: =E35*F35 -> 0 | H35: 0 | J35: =H35*I35 -> 0 | K35: =G35+J35 -> 0 | M35: =M34+K35-L35 -> 284233.21
E36: =SUM(E4:E35) -> 4400 | G36: =SUM(G4:G35) -> 401720 | H36: =SUM(H4:H35) -> 315 | J36: =SUM(J4:J35) -> 32520.6 | K36: =SUM(K4:K35) -> 434240.6 | L36: =SUM(L4:L35) -> 250000

Sheet YG Gudda-2
A1: Pankaja HP Fuel Center
A2: S.No | B2: Date | C2: GRN No | D2: Ind No/Bill No | E2: Diesel (Lts) | F2: Price | G2: Amount | H2: Petrol (Lts) | I2: Price | J2: Amount | K2: Total amount | L2: Amount paid | M2: As on Date | N2: Remarks
A3: Opening Balance | K3: 0 | M3: =+K3 -> 0 | O3: 99992.615
A4: 1 | B4: 45870 | E4: 2400 | F4: 91.33 | G4: =E4*F4 -> 219192 | H4: 105 | I4: 103.27 | J4: =H4*I4 -> 10843.35 | K4: =G4+J4 -> 230035.35 | M4: =M3+K4-L4 -> 230035.35
A5: 2 | B5: 45871 | E5: 0 | F5: 0 | G5: =E5*F5 -> 0 | H5: 0 | I5: 0 | J5: =H5*I5 -> 0 | K5: =G5+J5 -> 0 | L5: 0 | M5: =M4+K5-L5 -> 230035.35
A6: 3 | B6: 45872 | E6: 0 | F6: 0 | G6: =E6*F6 -> 0 | H6: 0 | I6: 0 | J6: =H6*I6 -> 0 | K6: =G6+J6 -> 0 | M6: =M5+K6-L6 -> 230035.35
A7: 4 | B7: 45873 | E7: 0 | F7: 0 | G7: =E7*F7 -> 0 | H7: 0 | I7: 0 | J7: =H7*I7 -> 0 | K7: =G7+J7 -> 0 | M7: =M6+K7-L7 -> 230035.35
A8: 5 | B8: 45874 | E8: 0 | F8: 0 | G8: =E8*F8 -> 0 | H8: 0 | I8: 0 | J8: =H8*I8 -> 0 | K8: =G8+J8 -> 0 | M8: =M7+K8-L8 -> 230035.35
A9: 6 | B9: 45875 | E9: 0 | F9: 0 | G9: =E9*F9 -> 0 | H9: 0 | I9: 0 | J9: =H9*I9 -> 0 | K9: =G9+J9 -> 0 | M9: =M8+K9-L9 -> 230035.35
A10: 7 | B10: 45876 | E10: 0 | F10: 0 | G10: =E10*F10 -> 0 | H10: 0 | I10: 0 | J10: =H10*I10 -> 0 | K10: =G10+J10 -> 0 | M10: =M9+K10-L10 -> 230035.35
A11: 8 | B11: 45877 | E11: 0 | F11: 0 | G11: =E11*F11 -> 0 | H11: 0 | I11: 0 | J11: =H11*I11 -> 0 | K11: =G11+J11 -> 0 | M11: =M10+K11-L11 -> 230035.35
A12: 9 | B12: 45878 | E12: 0 | F12: 0 | G12: =E12*F12 -> 0 | H12: 0 | I12: 0 | J12: =H12*I12 -> 0 | K12: =G12+J12 -> 0 | M12: =M11+K12-L12 -> 230035.35
A13: 10 | B13: 45879 | E13: 0 | F13: 0 | G13: =E13*F13 -> 0 | H13: 0 | I13: 0 | J13: =H13*I13 -> 0 | K13: =G13+J13 -> 0 | M13: =M12+K13-L13 -> 230035.35
A14: 11 | B14: 45880 | E14: 0 | F14: 0 | G14: =E14*F14 -> 0 | H14: 0 | I14: 0 | J14: =H14*I14 -> 0 | K14: =G14+J14 -> 0 | M14: =M13+K14-L14 -> 230035.35
A15: 12 | B15: 45881 | E15: 0 | F15: 0 | G15: =E15*F15 -> 0 | H15: 0 | I15: 0 | J15: =H15*I15 -> 0 | K15: =G15+J15 -> 0 | L15: 230000 | M15: =M14+K15-L15 -> 35.35
A16: 13 | B16: 45882 | E16: 2400 | F16: 91.33 | G16: =E16*F16 -> 219192 | H16: 105 | I16: 103.27 | J16: =H16*I16 -> 10843.35 | K16: =G16+J16 -> 230035.35 | M16: =M15+K16-L16 -> 230070.7
A17: 14 | B17: 45883 | E17: 0 | F17: 0 | G17: =E17*F17 -> 0 | H17: 0 | I17: 0 | J17: =H17*I17 -> 0 | K17: =G17+J17 -> 0 | M17: =M16+K17-L17 -> 230070.7
A18: 15 | B18: 45884 | E18: 0 | F18: 0 | G18: =E18*F18 -> 0 | H18: 0 | I18: 0 | J18: =H18*I18 -> 0 | K18: =G18+J18 -> 0 | M18: =M17+K18-L18 -> 230070.7
A19: 16 | B19: 45885 | E19: 0 | F19: 0 | G19: =E19*F19 -> 0 | H19: 0 | I19: 0 | J19: =H19*I19 -> 0 | K19: =G19+J19 -> 0 | M19: =M18+K19-L19 -> 230070.7
A20: 17 | B20: 45886 | E20: 0 | F20: 0 | G20: =E20*F20 -> 0 | H20: 0 | I20: 0 | J20: =H20*I20 -> 0 | K20: =G20+J20 -> 0 | M20: =M19+K20-L20 -> 230070.7
A21: 18 | B21: 45887 | E21: 0 | F21: 0 | G21: =E21*F21 -> 0 | H21: 0 | I21: 0 | J21: =H21*I21 -> 0 | K21: =G21+J21 -> 0 | M21: =M20+K21-L21 -> 230070.7
A22: 19 | B22: 45888 | E22: 0 | F22: 0 | G22: =E22*F22 -> 0 | H22: 0 | I22: 0 | J22: =H22*I22 -> 0 | K22: =G22+J22 -> 0 | M22: =M21+K22-L22 -> 230070.7
A23: 20 | B23: 45889 | E23: 0 | F23: 0 | G23: =E23*F23 -> 0 | H23: 0 | I23: 0 | J23: =H23*I23 -> 0 | K23: =G23+J23 -> 0 | M23: =M22+K23-L23 -> 230070.7
A24: 21 | B24: 45890 | E24: 0 | F24: 0 | G24: =E24*F24 -> 0 | H24: 0 | I24: 0 | J24: =H24*I24 -> 0 | K24: =G24+J24 -> 0 | M24: =M23+K24-L24 -> 230070.7
A25: 22 | B25: 45891 | E25: 0 | F25: 0 | G25: =E25*F25 -> 0 | H25: 0 | I25: 0 | J25: =H25*I25 -> 0 | K25: =G25+J25 -> 0 | M25: =M24+K25-L25 -> 230070.7
A26: 23 | B26: 45892 | E26: 0 | F26: 0 | G26: =E26*F26 -> 0 | H26: 0 | I26: 0 | J26: =H26*I26 -> 0 | K26: =G26+J26 -> 0 | M26: =M25+K26-L26 -> 230070.7
A27: 24 | B27: 45893 | E27: 0 | F27: 0 | G27: =E27*F27 -> 0 | H27: 0 | I27: 0 | J27: =H27*I27 -> 0 | K27: =G27+J27 -> 0 | M27: =M26+K27-L27 -> 230070.7
... A34: 31 | B34: 45900 | E34: 0 | F34: 0 | G34: =E34*F34 -> 0 | H34: 0 | I34: 0 | J34: =H34*I34 -> 0 | K34: =G34+J34 -> 0 | M34: =M33+K34-L34 -> 230070.7
A35: 32 | E35: 0 | G35: =E35*F35 -> 0 | H35: 0 | J35: =H35*I35 -> 0 | K35: =G35+J35 -> 0 | M35: =M34+K35-L35 -> 230070.7
E36: =SUM(E4:E35) -> 4800 | G36: =SUM(G4:G35) -> 438384 | H36: =SUM(H4:H35) -> 210 | J36: =SUM(J4:J35) -> 21686.7 | K36: =SUM(K4:K35) -> 460070.7 | L36: =SUM(L4:L35) -> 230000

Sheet Hosadurga
A1: Merchant Petroliums
A2: S.No | B2: Date | C2: GRN No | D2: Ind No/Bill No | E2: Diesel (Lts) | F2: Price | G2: Amount | H2: Petrol (Lts) | I2: Price | J2: Amount | K2: Total amount | L2: Amount paid | M2: As on Date | N2: Remarks
A3: Opening Balance | K3: 0 | M3: =+K3 -> 0
A4: 1 | B4: 45870 | G4: =E4*F4 -> 0 | H4: 0 | J4: =H4*I4 -> 0 | K4: =G4+J4 -> 0 | L4: 0 | M4: =M3+K4-L4 -> 0
A5: 2 | B5: 45871 | G5: =E5*F5 -> 0 | H5: 0 | I5: 0 | J5: =H5*I5 -> 0 | K5: =G5+J5 -> 0 | L5: 0 | M5: =M4+K5-L5 -> 0
A6: 3 | B6: 45872 | G6: =E6*F6 -> 0 | H6: 0 | I6: 0 | J6: =H6*I6 -> 0 | K6: =G6+J6 -> 0 | L6: 0 | M6: =M5+K6-L6 -> 0
A7: 4 | B7: 45873 | G7: =E7*F7 -> 0 | H7: 0 | I7: 0 | J7: =H7*I7 -> 0 | K7: =G7+J7 -> 0 | L7: 0 | M7: =M6+K7-L7 -> 0
A8: 5 | B8: 45874 | G8: =E8*F8 -> 0 | H8: 0 | I8: 0 | J8: =H8*I8 -> 0 | K8: =G8+J8 -> 0 | L8: 0 | M8: =M7+K8-L8 -> 0
A9: 6 | B9: 45875 | G9: =E9*F9 -> 0 | H9: 0 | I9: 0 | J9: =H9*I9 -> 0 | K9: =G9+J9 -> 0 | L9: 0 | M9: =M8+K9-L9 -> 0
A10: 7 | B10: 45876 | G10: =E10*F10 -> 0 | H10: 0 | I10: 0 | J10: =H10*I10 -> 0 | K10: =G10+J10 -> 0 | L10: 0 | M10: =M9+K10-L10 -> 0
A11: 8 | B11: 45877 | G11: =E11*F11 -> 0 | H11: 0 | I11: 0 | J11: =H11*I11 -> 0 | K11: =G11+J11 -> 0 | L11: 0 | M11: =M10+K11-L11 -> 0
A12: 9 | B12: 45878 | G12: =E12*F12 -> 0 | H12: 0 | I12: 0 | J12: =H12*I12 -> 0 | K12: =G12+J12 -> 0 | L12: 0 | M12: =M11+K12-L12 -> 0
A13: 10 | B13: 45879 | G13: =E13*F13 -> 0 | H13: 0 | I13: 0 | J13: =H13*I13 -> 0 | K13: =G13+J13 -> 0 | L13: 0 | M13: =M12+K13-L13 -> 0
A14: 11 | B14: 45880 | G14: =E14*F14 -> 0 | H14: 0 | I14: 0 | J14: =H14*I14 -> 0 | K14: =G14+J14 -> 0 | L14: 0 | M14: =M13+K14-L14 -> 0
A15: 12 | B15: 45881 | G15: =E15*F15 -> 0 | H15: 0 | I15: 0 | J15: =H15*I15 -> 0 | K15: =G15+J15 -> 0 | L15: 0 | M15: =M14+K15-L15 -> 0
A16: 13 | B16: 45882 | G16: =E16*F16 -> 0 | H16: 0 | I16: 0 | J16: =H16*I16 -> 0 | K16: =G16+J16 -> 0 | L16: 0 | M16: =M15+K16-L16 -> 0 | X16: =100*104 -> 10400
A17: 14 | B17: 45883 | G17: =E17*F17 -> 0 | H17: 0 | I17: 0 | J17: =H17*I17 -> 0 | K17: =G17+J17 -> 0 | L17: 0 | M17: =M16+K17-L17 -> 0
A18: 15 | B18: 45884 | G18: =E18*F18 -> 0 | H18: 0 | I18: 0 | J18: =H18*I18 -> 0 | K18: =G18+J18 -> 0 | L18: 0 | M18: =M17+K18-L18 -> 0
A19: 16 | B19: 45885 | G19: =E19*F19 -> 0 | H19: 0 | I19: 0 | J19: =H19*I19 -> 0 | K19: =G19+J19 -> 0 | L19: 0 | M19: =M18+K19-L19 -> 0
A20: 17 | B20: 45886 | G20: =E20*F20 -> 0 | H20: 0 | I20: 0 | J20: =H20*I20 -> 0 | K20: =G20+J20 -> 0 | L20: 0 | M20: =M19+K20-L20 -> 0
A21: 18 | B21: 45887 | G21: =E21*F21 -> 0 | H21: 0 | I21: 0 | J21: =H21*I21 -> 0 | K21: =G21+J21 -> 0 | L21: 0 | M21: =M20+K21-L21 -> 0
A22: 19 | B22: 45888 | G22: =E22*F22 -> 0 | H22: 0 | I22: 0 | J22: =H22*I22 -> 0 | K22: =G22+J22 -> 0 | L22: 0 | M22: =M21+K22-L22 -> 0
A23: 20 | B23: 45889 | G23: =E23*F23 -> 0 | H23: 0 | I23: 0 | J23: =H23*I23 -> 0 | K23: =G23+J23 -> 0 | L23: 0 | M23: =M22+K23-L23 -> 0
A24: 21 | B24: 45890 | G24: =E24*F24 -> 0 | H24: 0 | I24: 0 | J24: =H24*I24 -> 0 | K24: =G24+J24 -> 0 | L24: 0 | M24: =M23+K24-L24 -> 0
A25: 22 | B25: 45891 | G25: =E25*F25 -> 0 | H25: 0 | I25: 0 | J25: =H25*I25 -> 0 | K25: =G25+J25 -> 0 | L25: 0 | M25: =M24+K25-L25 -> 0
A26: 23 | B26: 45892 | G26: =E26*F26 -> 0 | H26: 70 | I26: 103.99 | J26: =H26*I26 -> 7279.3 | K26: =G26+J26 -> 7279.3 | L26: 0 | M26: =M25+K26-L26 -> 7279.3
A27: 24 | B27: 45893 | G27: =E27*F27 -> 0 | H27: 0 | I27: 0 | J27: =H27*I27 -> 0 | K27: =G27+J27 -> 0 | L27: 0 | M27: =M26+K27-L27 -> 7279.3
A28: 25 | B28: 45894 | G28: =E28*F28 -> 0 | H28: 0 | I28: 0 | J28: =H28*I28 -> 0 | K28: =G28+J28 -> 0 | L28: 0 | M28: =M27+K28-L28 -> 7279.3
... A34: 31 | B34: 45900 | G34: =E34*F34 -> 0 | H34: 0 | I34: 0 | J34: =H34*I34 -> 0 | K34: =G34+J34 -> 0 | L34: 0 | M34: =M33+K34-L34 -> 7279.3
E35: =SUM(E4:E34) -> 0 | G35: =SUM(G4:G34) -> 0 | H35: =SUM(H4:H34) -> 70 | J35: =SUM(J4:J34) -> 7279.3 | K35: =SUM(K4:K34) -> 7279.3 | L35: =SUM(L4:L34) -> 0

Sheet Hosadurga -2
A1: Shree Veeraprathap Fuel
A2: S.No | B2: Date | C2: GRN No | D2: Ind No/Bill No | E2: Diesel (Lts) | F2: Price | G2: Amount | H2: Petrol (Lts) | I2: Price | J2: Amount | K2: Total amount | L2: Amount paid | M2: As on Date | N2: Remarks
A3: Opening Balance | K3: 618231.25 | M3: =+K3 -> 618231.25 | O3: 618231.25
A4: 1 | B4: 45870 | C4: 0 | E4: 0 | F4: 0 | G4: =E4*F4 -> 0 | H4: 0 | I4: 0 | J4: =H4*I4 -> 0 | K4: =G4+J4 -> 0 | L4: 250000 | M4: =M3+K4-L4 -> 368231.25
A5: 2 | B5: 45871 | C5: 0 | E5: 0 | F5: 0 | G5: =E5*F5 -> 0 | H5: 0 | I5: 0 | J5: =H5*I5 -> 0 | K5: =G5+J5 -> 0 | L5: 0 | M5: =M4+K5-L5 -> 368231.25
A6: 3 | B6: 45872 | C6: 0 | E6: 0 | F6: 0 | G6: =E6*F6 -> 0 | H6: 0 | I6: 0 | J6: =H6*I6 -> 0 | K6: =G6+J6 -> 0 | L6: 0 | M6: =M5+K6-L6 -> 368231.25
A7: 4 | B7: 45873 | C7: 0 | E7: 2000 | F7: 91.55 | G7: =E7*F7 -> 183100 | H7: 70 | I7: 103.73 | J7: =H7*I7 -> 7261.1 | K7: =G7+J7 -> 190361.1 | L7: 300000 | M7: =M6+K7-L7 -> 258592.35
A8: 5 | B8: 45874 | C8: 0 | E8: 0 | F8: 0 | G8: =E8*F8 -> 0 | H8: 0 | I8: 0 | J8: =H8*I8 -> 0 | K8: =G8+J8 -> 0 | L8: 0 | M8: =M7+K8-L8 -> 258592.35
A9: 6 | B9: 45875 | C9: 0 | E9: 0 | F9: 0 | G9: =E9*F9 -> 0 | H9: 0 | I9: 0 | J9: =H9*I9 -> 0 | K9: =G9+J9 -> 0 | L9: 0 | M9: =M8+K9-L9 -> 258592.35
A10: 7 | B10: 45876 | C10: 0 | E10: 0 | F10: 0 | G10: =E10*F10 -> 0 | H10: 0 | I10: 0 | J10: =H10*I10 -> 0 | K10: =G10+J10 -> 0 | L10: 0 | M10: =M9+K10-L10 -> 258592.35
A11: 8 | B11: 45877 | C11: 0 | E11: 0 | F11: 0 | G11: =E11*F11 -> 0 | H11: 70 | I11: 103.73 | J11: =H11*I11 -> 7261.1 | K11: =G11+J11 -> 7261.1 | L11: 0 | M11: =M10+K11-L11 -> 265853.45
A12: 9 | B12: 45878 | C12: 0 | E12: 0 | F12: 0 | G12: =E12*F12 -> 0 | H12: 0 | I12: 0 | J12: =H12*I12 -> 0 | K12: =G12+J12 -> 0 | L12: 0 | M12: =M11+K12-L12 -> 265853.45
A13: 10 | B13: 45879 | C13: 0 | E13: 0 | F13: 0 | G13: =E13*F13 -> 0 | H13: 0 | I13: 0 | J13: =H13*I13 -> 0 | K13: =G13+J13 -> 0 | L13: 0 | M13: =M12+K13-L13 -> 265853.45
A14: 11 | B14: 45880 | C14: 0 | E14: 0 | F14: 0 | G14: =E14*F14 -> 0 | H14: 0 | I14: 0 | J14: =H14*I14 -> 0 | K14: =G14+J14 -> 0 | L14: 0 | M14: =M13+K14-L14 -> 265853.45
A15: 12 | B15: 45881 | C15: 0 | E15: 0 | F15: 0 | G15: =E15*F15 -> 0 | H15: 0 | I15: 0 | J15: =H15*I15 -> 0 | K15: =G15+J15 -> 0 | L15: 0 | M15: =M14+K15-L15 -> 265853.45
... A31: 28 | B31: 45897 | C31: 0 | E31: 0 | F31: 0 | G31: =E31*F31 -> 0 | H31: 0 | I31: 0 | J31: =H31*I31 -> 0 | K31: =G31+J31 -> 0 | L31: 0 | M31: =M30+K31-L31 -> 439314.55
A32: 29 | B32: 45898 | C32: 0 | E32: 0 | F32: 0 | G32: =E32*F32 -> 0 | H32: 0 | I32: 0 | J32: =H32*I32 -> 0 | K32: =G32+J32 -> 0 | L32: 0
A33: 30 | B33: 45899 | C33: 0 | E33: 0 | F33: 0 | G33: =E33*F33 -> 0 | H33: 0 | I33: 0 | J33: =H33*I33 -> 0 | K33: =G33+J33 -> 0 | L33: 0
A34: 31
E35: =SUM(E4:E34) -> 6000 | G35: =SUM(G4:G34) -> 549300 | H35: =SUM(H4:H34) -> 210 | J35: =SUM(J4:J34) -> 21783.3 | K35: =SUM(K4:K34) -> 571083.3 | L35: =SUM(L4:L34) -> 750000

Sheet Hiriyur(VJNL)
A1: Sri Balaji Agencies
A2: S.No | B2: Date | C2: GRN No | D2: Ind No/Bill No | E2: Diesel (Lts) | F2: Price | G2: Amount | H2: Petrol (Lts) | I2: Price | J2: Amount | K2: Total amount | L2: Amount paid | M2: As on Date | N2: Remarks
A3: Opening Balance | K3: 26749.8 | M3: =+K3 -> 26749.8 | O3: 26749.8
A4: 1 | B4: 45870 | E4: 0 | G4: =E4*F4 -> 0 | H4: 0 | I4: 0 | J4: =H4*I4 -> 0 | K4: =G4+J4 -> 0 | M4: =M3+K4-L4 -> 26749.8
A5: 2 | B5: 45871 | E5: 0 | G5: =E5*F5 -> 0 | H5: 70 | I5: 104.14 | J5: =H5*I5 -> 7289.8 | K5: =G5+J5 -> 7289.8 | L5: 0 | M5: =M4+K5-L5 -> 34039.6
A6: 3 | B6: 45872 | E6: 0 | G6: =E6*F6 -> 0 | H6: 0 | I6: 0 | J6: =H6*I6 -> 0 | K6: =G6+J6 -> 0 | L6: 26700 | M6: =M5+K6-L6 -> 7339.6
A7: 4 | B7: 45873 | E7: 0 | G7: =E7*F7 -> 0 | H7: 0 | I7: 0 | J7: =H7*I7 -> 0 | K7: =G7+J7 -> 0 | M7: =M6+K7-L7 -> 7339.6
A8: 5 | B8: 45874 | E8: 0 | G8: =E8*F8 -> 0 | H8: 0 | I8: 0 | J8: =H8*I8 -> 0 | K8: =G8+J8 -> 0 | M8: =M7+K8-L8 -> 7339.6
A9: 6 | B9: 45875 | E9: 0 | G9: =E9*F9 -> 0 | H9: 0 | I9: 0 | J9: =H9*I9 -> 0 | K9: =G9+J9 -> 0 | M9: =M8+K9-L9 -> 7339.6
A10: 7 | B10: 45876 | E10: 2300 | F10: 92.26 | G10: =E10*F10 -> 212198 | H10: 35 | I10: 104.14 | J10: =H10*I10 -> 3644.9 | K10: =G10+J10 -> 215842.9 | M10: =M9+K10-L10 -> 223182.5
A11: 8 | B11: 45877 | E11: 0 | G11: =E11*F11 -> 0 | H11: 0 | I11: 0 | J11: =H11*I11 -> 0 | K11: =G11+J11 -> 0 | M11: =M10+K11-L11 -> 223182.5
A12: 9 | B12: 45878 | E12: 0 | G12: =E12*F12 -> 0 | H12: 0 | I12: 0 | J12: =H12*I12 -> 0 | K12: =G12+J12 -> 0 | M12: =M11+K12-L12 -> 223182.5
A13: 10 | B13: 45879 | E13: 0 | G13: =E13*F13 -> 0 | H13: 0 | I13: 0 | J13: =H13*I13 -> 0 | K13: =G13+J13 -> 0 | M13: =M12+K13-L13 -> 223182.5
A14: 11 | B14: 45880 | E14: 0 | G14: =E14*F14 -> 0 | H14: 0 | I14: 0 | J14: =H14*I14 -> 0 | K14: =G14+J14 -> 0 | M14: =M13+K14-L14 -> 223182.5
A15: 12 | B15: 45881 | E15: 0 | G15: =E15*F15 -> 0 | H15: 0 | I15: 0 | J15: =H15*I15 -> 0 | K15: =G15+J15 -> 0 | M15: =M14+K15-L15 -> 223182.5
A16: 13 | B16: 45882 | E16: 0 | G16: =E16*F16 -> 0 | H16: 0 | I16: 0 | J16: =H16*I16 -> 0 | K16: =G16+J16 -> 0 | L16: 223000 | M16: =M15+K16-L16 -> 182.5
A17: 14 | B17: 45883 | E17: 0 | G17: =E17*F17 -> 0 | H17: 0 | I17: 0 | J17: =H17*I17 -> 0 | K17: =G17+J17 -> 0 | M17: =M16+K17-L17 -> 182.5
A18: 15 | B18: 45884 | E18: 0 | G18: =E18*F18 -> 0 | H18: 0 | I18: 0 | J18: =H18*I18 -> 0 | K18: =G18+J18 -> 0 | M18: =M17+K18-L18 -> 182.5
A19: 16 | B19: 45885 | E19: 0 | G19: =E19*F19 -> 0 | H19: 0 | I19: 0 | J19: =H19*I19 -> 0 | K19: =G19+J19 -> 0 | M19: =M18+K19-L19 -> 182.5
A20: 17 | B20: 45886 | E20: 0 | G20: =E20*F20 -> 0 | H20: 0 | I20: 0 | J20: =H20*I20 -> 0 | K20: =G20+J20 -> 0 | M20: =M19+K20-L20 -> 182.5
A21: 18 | B21: 45887 | E21: 0 | G21: =E21*F21 -> 0 | H21: 0 | I21: 0 | J21: =H21*I21 -> 0 | K21: =G21+J21 -> 0 | M21: =M20+K21-L21 -> 182.5
A22: 19 | B22: 45888 | E22: 0 | G22: =E22*F22 -> 0 | H22: 0 | I22: 0 | J22: =H22*I22 -> 0 | K22: =G22+J22 -> 0 | M22: =M21+K22-L22 -> 182.5
A23: 20 | B23: 45889 | E23: 0 | G23: =E23*F23 -> 0 | H23: 70 | I23: 104.14 | J23: =H23*I23 -> 7289.8 | K23: =G23+J23 -> 7289.8 | M23: =M22+K23-L23 -> 7472.3
A24: 21 | B24: 45890 | E24: 0 | G24: =E24*F24 -> 0 | H24: 0 | I24: 0 | J24: =H24*I24 -> 0 | K24: =G24+J24 -> 0 | M24: =M23+K24-L24 -> 7472.3
A25: 22 | B25: 45891 | E25: 0 | G25: =E25*F25 -> 0 | H25: 0 | I25: 0 | J25: =H25*I25 -> 0 | K25: =G25+J25 -> 0 | M25: =M24+K25-L25 -> 7472.3
A26: 23 | B26: 45892 | E26: 2000 | F26: 92.26 | G26: =E26*F26 -> 184520 | H26: 0 | I26: 0 | J26: =H26*I26 -> 0 | K26: =G26+J26 -> 184520 | M26: =M25+K26-L26 -> 191992.3
A27: 24 | B27: 45893 | E27: 0 | G27: =E27*F27 -> 0 | H27: 0 | I27: 0 | J27: =H27*I27 -> 0 | K27: =G27+J27 -> 0 | M27: =M26+K27-L27 -> 191992.3
A28: 25 | B28: 45894 | E28: 0 | G28: =E28*F28 -> 0 | H28: 0 | I28: 0 | J28: =H28*I28 -> 0 | K28: =G28+J28 -> 0 | M28: =M27+K28-L28 -> 191992.3
A29: 26 | B29: 45895 | E29: 0 | G29: =E29*F29 -> 0 | H29: 0 | I29: 0 | J29: =H29*I29 -> 0 | K29: =G29+J29 -> 0 | M29: =M28+K29-L29 -> 191992.3
A30: 27 | B30: 45896 | E30: 0 | G30: =E30*F30 -> 0 | H30: 0 | I30: 0 | J30: =H30*I30 -> 0 | K30: =G30+J30 -> 0 | M30: =M29+K30-L30 -> 191992.3
A31: 28 | B31: 45897 | E31: 0 | G31: =E31*F31 -> 0 | H31: 0 | I31: 0 | J31: =H31*I31 -> 0 | K31: =G31+J31 -> 0 | M31: =M30+K31-L31 -> 191992.3
A32: 29 | B32: 45898 | E32: 0 | G32: =E32*F32 -> 0 | H32: 0 | I32: 0 | J32: =H32*I32 -> 0 | K32: =G32+J32 -> 0 | M32: =M31+K32-L32 -> 191992.3
A33: 30 | B33: 45899 | E33: 0 | G33: =E33*F33 -> 0 | H33: 0 | I33: 0 | J33: =H33*I33 -> 0 | K33: =G33+J33 -> 0 | M33: =M32+K33-L33 -> 191992.3
A34: 31 | B34: 45900 | E34: 0 | G34: =E34*F34 -> 0 | H34: 0 | I34: 0 | J34: =H34*I34 -> 0 | K34: =G34+J34 -> 0 | M34: =M33+K34-L34 -> 191992.3
E35: =SUM(E4:E34) -> 4300 | G35: =SUM(G4:G34) -> 396718 | H35: =SUM(H4:H34) -> 175 | J35: =SUM(J4:J34) -> 18224.5 | K35: =SUM(K4:K34) -> 414942.5 | L35: =SUM(L4:L34) -> 249700

Sheet Chellakere (KUWSDB)
A1: Sri Vishnu Baba Petroleum
A2: S.No | B2: Date | C2: GRN No | D2: Ind No/Bill No | E2: Diesel (Lts) | F2: Price | G2: Amount | H2: Petrol (Lts) | I2: Price | J2: Amount | K2: Total amount | L2: Amount paid | M2: As on Date | N2: Remarks
A3: Opening Balance | K3: 0 | L3: 0 | M3: =+K3 -> 0
A4: 1 | B4: 45870 | E4: 0 | F4: 0 | G4: =E4*F4 -> 0 | H4: 0 | I4: 0 | J4: =H4*I4 -> 0 | K4: =G4+J4 -> 0 | L4: =K4 -> 0 | M4: =M3+K4-L4 -> 0
A5: 2 | B5: 45871 | E5: 300 | F5: 92.25 | G5: =E5*F5 -> 27675 | H5: 20 | I5: 104.13 | J5: =H5*I5 -> 2082.6 | K5: =G5+J5 -> 29757.6 | L5: =K5 -> 29757.6 | M5: =M4+K5-L5 -> 0
A6: 3 | B6: 45872 | E6: 0 | F6: 0 | G6: =E6*F6 -> 0 | H6: 0 | I6: 0 | J6: =H6*I6 -> 0 | K6: =G6+J6 -> 0 | L6: =K6 -> 0 | M6: =M5+K6-L6 -> 0
A7: 4 | B7: 45873 | E7: 420 | F7: 92.25 | G7: =E7*F7 -> 38745 | H7: 10 | I7: 104.13 | J7: =H7*I7 -> 1041.3 | K7: =G7+J7 -> 39786.3 | L7: =K7 -> 39786.3 | M7: =M6+K7-L7 -> 0
A8: 5 | B8: 45874 | E8: 0 | F8: 0 | G8: =E8*F8 -> 0 | H8: 0 | I8: 0 | J8: =H8*I8 -> 0 | K8: =G8+J8 -> 0 | L8: =K8 -> 0 | M8: =M7+K8-L8 -> 0
A9: 6 | B9: 45875 | E9: 429.99 | F9: 92.23 | G9: =E9*F9 -> 39657.978 | H9: 0 | I9: 0 | J9: =H9*I9 -> 0 | K9: =G9+J9 -> 39657.978 | L9: =K9 -> 39657.978 | M9: =M8+K9-L9 -> 0
A10: 7 | B10: 45876 | E10: 0 | F10: 0 | G10: =E10*F10 -> 0 | H10: 0 | I10: 0 | J10: =H10*I10 -> 0 | K10: =G10+J10 -> 0 | L10: =K10 -> 0 | M10: =M9+K10-L10 -> 0
A11: 8 | B11: 45877 | E11: 0 | F11: 0 | G11: =E11*F11 -> 0 | H11: 0 | I11: 0 | J11: =H11*I11 -> 0 | K11: =G11+J11 -> 0 | L11: =K11 -> 0 | M11: =M10+K11-L11 -> 0
A12: 9 | B12: 45878 | E12: 0 | F12: 0 | G12: =E12*F12 -> 0 | H12: 0 | I12: 0 | J12: =H12*I12 -> 0 | K12: =G12+J12 -> 0 | L12: =K12 -> 0 | M12: =M11+K12-L12 -> 0
A13: 10 | B13: 45879 | E13: 180 | F13: 92.23 | G13: =E13*F13 -> 16601.4 | H13: 30 | I13: 104.13 | J13: =H13*I13 -> 3123.9 | K13: =G13+J13 -> 19725.3 | L13: =K13 -> 19725.3 | M13: =M12+K13-L13 -> 0
A14: 11 | B14: 45880 | E14: 430 | F14: 92.25 | G14: =E14*F14 -> 39667.5 | H14: 0 | I14: 0 | J14: =H14*I14 -> 0 | K14: =G14+J14 -> 39667.5 | L14: =K14 -> 39667.5 | M14: =M13+K14-L14 -> 0
A15: 12 | B15: 45881 | E15: 0 | F15: 0 | G15: =E15*F15 -> 0 | H15: 0 | I15: 0 | J15: =H15*I15 -> 0 | K15: =G15+J15 -> 0 | L15: =K15 -> 0 | M15: =M14+K15-L15 -> 0
... A27: 24 | B27: 45893 | E27: 0 | F27: 0 | G27: =E27*F27 -> 0 | H27: 0 | I27: 0 | J27: =H27*I27 -> 0 | K27: =G27+J27 -> 0 | L27: =K27 -> 0 | M27: =M26+K27-L27 -> 0
A28: 25 | B28: 45894 | E28: 0 | F28: 0 | G28: =E28*F28 -> 0 | H28: 0 | I28: 0 | J28: =H28*I28 -> 0 | K28: =G28+J28 -> 0 | L28: =K28 -> 0 | M28: 0
A29: 26 | B29: 45895 | E29: 0 | F29: 0 | G29: =E29*F29 -> 0 | H29: 0 | I29: 0 | J29: =H29*I29 -> 0 | K29: =G29+J29 -> 0 | L29: =K29 -> 0 | M29: 0
A30: 27 | B30: 45896 | E30: 0 | F30: 0 | G30: =E30*F30 -> 0 | H30: 0 | I30: 0 | J30: =H30*I30 -> 0 | K30: =G30+J30 -> 0 | L30: =K30 -> 0 | M30: 0
A31: 28 | B31: 45897 | E31: 0 | F31: 0 | G31: =E31*F31 -> 0 | H31: 0 | I31: 0 | J31: =H31*I31 -> 0 | K31: =G31+J31 -> 0 | L31: =K31 -> 0 | M31: 0
A32: 29 | B32: 45898 | E32: 0 | F32: 0 | G32: =E32*F32 -> 0 | H32: 0 | I32: 0 | J32: =H32*I32 -> 0 | K32: =G32+J32 -> 0 | L32: =K32 -> 0
A33: 30 | B33: 45899 | E33: 216 | F33: 92.23 | G33: =E33*F33 -> 19921.68 | H33: 0 | I33: 0 | J33: =H33*I33 -> 0 | K33: =G33+J33 -> 19921.68 | L33: =K33 -> 19921.68
A34: 31
E35: =SUM(E4:E34) -> 2909.69 | G35: =SUM(G4:G34) -> 268383.71 | H35: =SUM(H4:H34) -> 130 | J35: =SUM(J4:J34) -> 13536.9 | K35: =SUM(K4:K34) -> 281920.61 | L35: =SUM(L4:L34) -> 281920.61

Sheet Malebenur(KUWSDB)
A1: Sri Ramanjuneya Service Station
A2: S.No | B2: Date | C2: GRN No | D2: Ind No/Bill No | E2: Diesel (Lts) | F2: Price | G2: Amount | H2: Petrol (Lts) | I2: Price | J2: Amount | K2: Total amount | L2: Amount paid | M2: As on Date | N2: Remarks
A3: Opening Balance | K3: 46138.764 | M3: =+K3 -> 46138.764 | O3: 46138.764
A4: 1 | B4: 45870 | E4: 0 | F4: 0 | G4: =E4*F4 -> 0 | H4: 0 | J4: =H4*I4 -> 0 | K4: =G4+J4 -> 0 | L4: 0 | M4: =M3+K4-L4 -> 46138.764
A5: 2 | B5: 45871 | E5: 0 | F5: 0 | G5: =E5*F5 -> 0 | H5: 0 | J5: =H5*I5 -> 0 | K5: =G5+J5 -> 0 | L5: 0 | M5: =M4+K5-L5 -> 46138.764
A6: 3 | B6: 45872 | E6: 0 | F6: 0 | G6: =E6*F6 -> 0 | H6: 0 | J6: =H6*I6 -> 0 | K6: =G6+J6 -> 0 | L6: 0 | M6: =M5+K6-L6 -> 46138.764
A7: 4 | B7: 45873 | E7: 500 | F7: 92.26 | G7: =E7*F7 -> 46130 | H7: 35 | I7: 104.13 | J7: =H7*I7 -> 3644.55 | K7: =G7+J7 -> 49774.55 | L7: 0 | M7: =M6+K7-L7 -> 95913.314
A8: 5 | B8: 45874 | E8: 0 | F8: 0 | G8: =E8*F8 -> 0 | H8: 0 | J8: =H8*I8 -> 0 | K8: =G8+J8 -> 0 | L8: 0 | M8: =M7+K8-L8 -> 95913.314
A9: 6 | B9: 45875 | E9: 0 | F9: 0 | G9: =E9*F9 -> 0 | H9: 0 | J9: =H9*I9 -> 0 | K9: =G9+J9 -> 0 | L9: 0 | M9: =M8+K9-L9 -> 95913.314
A10: 7 | B10: 45876 | E10: 400 | F10: 92.26 | G10: =E10*F10 -> 36904 | H10: 35 | I10: 104.13 | J10: =H10*I10 -> 3644.55 | K10: =G10+J10 -> 40548.55 | L10: 40548.55 | M10: =M9+K10-L10 -> 95913.314
A11: 8 | B11: 45877 | E11: 400 | F11: 92.26 | G11: =E11*F11 -> 36904 | H11: 0 | J11: =H11*I11 -> 0 | K11: =G11+J11 -> 36904 | L11: 0 | M11: =M10+K11-L11 -> 132817.31
A12: 9 | B12: 45878 | E12: 400 | F12: 92.26 | G12: =E12*F12 -> 36904 | H12: 0 | J12: =H12*I12 -> 0 | K12: =G12+J12 -> 36904 | L12: 0 | M12: =M11+K12-L12 -> 169721.31
A13: 10 | B13: 45879 | E13: 0 | F13: 0 | G13: =E13*F13 -> 0 | H13: 0 | J13: =H13*I13 -> 0 | K13: =G13+J13 -> 0 | L13: 0 | M13: =M12+K13-L13 -> 169721.31
A14: 11 | B14: 45880 | E14: 400 | F14: 92.26 | G14: =E14*F14 -> 36904 | H14: 35 | I14: 104.13 | J14: =H14*I14 -> 3644.55 | K14: =G14+J14 -> 40548.55 | L14: 169712 | M14: =M13+K14-L14 -> 40557.864
A15: 12 | B15: 45881 | E15: 0 | F15: 0 | G15: =E15*F15 -> 0 | H15: 0 | J15: =H15*I15 -> 0 | K15: =G15+J15 -> 0 | L15: 0 | M15: =M14+K15-L15 -> 40557.864
A16: 13 | B16: 45882 | E16: 500 | F16: 92.26 | G16: =E16*F16 -> 46130 | H16: 0 | J16: =H16*I16 -> 0 | K16: =G16+J16 -> 46130 | L16: 0 | M16: =M15+K16-L16 -> 86687.864
A17: 14 | B17: 45883 | E17: 0 | F17: 0 | G17: =E17*F17 -> 0 | H17: 0 | J17: =H17*I17 -> 0 | K17: =G17+J17 -> 0 | L17: 0 | M17: =M16+K17-L17 -> 86687.864
A18: 15 | B18: 45884 | E18: 0 | F18: 0 | G18: =E18*F18 -> 0 | H18: 0 | J18: =H18*I18 -> 0 | K18: =G18+J18 -> 0 | L18: 0 | M18: =M17+K18-L18 -> 86687.864
A19: 16 | B19: 45885 | E19: 0 | F19: 0 | G19: =E19*F19 -> 0 | H19: 0 | J19: =H19*I19 -> 0 | K19: =G19+J19 -> 0 | L19: 0 | M19: =M18+K19-L19 -> 86687.864
A20: 17 | B20: 45886 | E20: 500 | F20: 92.26 | G20: =E20*F20 -> 46130 | H20: 35 | I20: 104.13 | J20: =H20*I20 -> 3644.55 | K20: =G20+J20 -> 49774.55 | L20: 0 | M20: =M19+K20-L20 -> 136462.41 | V20: =400*90.23 -> 36092
A21: 18 | B21: 45887 | E21: 0 | F21: 0 | G21: =E21*F21 -> 0 | H21: 0 | J21: =H21*I21 -> 0 | K21: =G21+J21 -> 0 | L21: 0 | M21: =M20+K21-L21 -> 136462.41 | V21: =35*104.14 -> 3644.9
A22: 19 | B22: 45888 | E22: 0 | F22: 0 | G22: =E22*F22 -> 0 | H22: 0 | J22: =H22*I22 -> 0 | K22: =G22+J22 -> 0 | L22: 0 | M22: =M21+K22-L22 -> 136462.41
A23: 20 | B23: 45889 | E23: 0 | F23: 0 | G23: =E23*F23 -> 0 | H23: 0 | J23: =H23*I23 -> 0 | K23: =G23+J23 -> 0 | L23: 136462 | M23: =M22+K23-L23 -> 0.414
A24: 21 | B24: 45890 | E24: 220 | F24: 92.26 | G24: =E24*F24 -> 20297.2 | H24: 0 | J24: =H24*I24 -> 0 | K24: =G24+J24 -> 20297.2 | L24: 0 | M24: =M23+K24-L24 -> 20297.614
A25: 22 | B25: 45891 | E25: 280 | F25: 92.26 | G25: =E25*F25 -> 25832.8 | H25: 35 | I25: 104.13 | J25: =H25*I25 -> 3644.55 | K25: =G25+J25 -> 29477.35 | L25: 0 | M25: =M24+K25-L25 -> 49774.964
A26: 23 | B26: 45892 | E26: 500 | F26: 92.26 | G26: =E26*F26 -> 46130 | H26: 0 | J26: =H26*I26 -> 0 | K26: =G26+J26 -> 46130 | L26: 0 | M26: =M25+K26-L26 -> 95904.964
A27: 24 | B27: 45893 | E27: 0 | F27: 0 | G27: =E27*F27 -> 0 | H27: 0 | J27: =H27*I27 -> 0 | K27: =G27+J27 -> 0 | L27: 0 | M27: =M26+K27-L27 -> 95904.964
A28: 25 | B28: 45894 | E28: 500 | F28: 92.26 | G28: =E28*F28 -> 46130 | H28: 35 | I28: 104.13 | J28: =H28*I28 -> 3644.55 | K28: =G28+J28 -> 49774.55 | L28: 0 | M28: =M27+K28-L28 -> 145679.51
A29: 26 | B29: 45895 | E29: 500 | F29: 92.26 | G29: =E29*F29 -> 46130 | H29: 0 | J29: =H29*I29 -> 0 | K29: =G29+J29 -> 46130 | L29: 0 | M29: =M28+K29-L29 -> 191809.51
A30: 27 | B30: 45896 | E30: 0 | F30: 0 | G30: =E30*F30 -> 0 | H30: 0 | J30: =H30*I30 -> 0 | K30: =G30+J30 -> 0 | L30: 0 | M30: =M29+K30-L30 -> 191809.51
A31: 28 | B31: 45897 | E31: 0 | F31: 0 | G31: =E31*F31 -> 0 | H31: 0 | J31: =H31*I31 -> 0 | K31: =G31+J31 -> 0 | L31: 0 | M31: =M30+K31-L31 -> 191809.51
A32: 29 | B32: 45898 | E32: 0 | F32: 0 | G32: =E32*F32 -> 0 | H32: 0 | J32: =H32*I32 -> 0 | K32: =G32+J32 -> 0 | L32: 0 | M32: =M31+K32-L32 -> 191809.51
A33: 30 | B33: 45899 | E33: 216.78 | F33: 92.26 | G33: =E33*F33 -> 20000.123 | H33: 0 | J33: =H33*I33 -> 0 | K33: =G33+J33 -> 20000.123 | L33: 20000.12 | M33: =M32+K33-L33 -> 191809.52
A34: 31 | B34: 45900 | E34: 0 | F34: 0 | G34: =E34*F34 -> 0 | H34: 0 | J34: =H34*I34 -> 0 | K34: =G34+J34 -> 0 | L34: 0 | M34: =M33+K34-L34 -> 191809.52
E35: 0 | F35: 0 | G35: =E35*F35 -> 0 | H35: 0 | J35: =H35*I35 -> 0 | K35: =G35+J35 -> 0 | L35: 0 | M35: =M34+K35-L35 -> 191809.52
E36: =SUM(E4:E34) -> 5316.78 | G36: =SUM(G4:G34) -> 490526.12 | H36: =SUM(H4:H34) -> 210 | J36: =SUM(J4:J34) -> 21867.3 | K36: =SUM(K4:K34) -> 512393.42 | L36: =SUM(L4:L34) -> 366722.67
E37: 0 | G37: 0 | H37: 0 | J37: 0 | K37: =G37+J37 -> 0 | L37: 0
S42: 9052944708

Sheet Molakamuru
A1: Molakamuru
A2: S.No | B2: Date | C2: GRN No | D2: Ind No/Bill No | E2: Diesel (Lts) | F2: Price | G2: Amount | H2: Petrol (Lts) | I2: Price | J2: Amount | K2: Total amount | L2: Amount paid | M2: As on Date | N2: Remarks
A3: Opening Balance | K3: 0 | L3: 0 | M3: =+K3 -> 0
A4: 1 | B4: 45870 | E4: 0 | F4: 0 | G4: =E4*F4 -> 0 | H4: 0 | I4: 0 | J4: =H4*I4 -> 0 | K4: =G4+J4 -> 0 | L4: =K4 -> 0 | M4: =M3+K4-L4 -> 0
A5: 2 | B5: 45871 | E5: 0 | F5: 0 | G5: =E5*F5 -> 0 | H5: 0 | I5: 0 | J5: =H5*I5 -> 0 | K5: =G5+J5 -> 0 | L5: =K5 -> 0 | M5: =M4+K5-L5 -> 0
A6: 3 | B6: 45872 | E6: 0 | F6: 0 | G6: =E6*F6 -> 0 | H6: 0 | I6: 0 | J6: =H6*I6 -> 0 | K6: =G6+J6 -> 0 | L6: =K6 -> 0 | M6: =M5+K6-L6 -> 0
A7: 4 | B7: 45873 | E7: 97.59 | F7: 92.22 | G7: =E7*F7 -> 8999.7498 | H7: 9.61 | I7: 104.08 | J7: =H7*I7 -> 1000.2088 | K7: =G7+J7 -> 9999.9586 | L7: =K7 -> 9999.9586 | M7: =M6+K7-L7 -> 0
A8: 5 | B8: 45874 | E8: 0 | F8: 0 | G8: =E8*F8 -> 0 | H8: 0 | I8: 0 | J8: =H8*I8 -> 0 | K8: =G8+J8 -> 0 | L8: =K8 -> 0 | M8: =M7+K8-L8 -> 0
A9: 6 | B9: 45875 | E9: 0 | F9: 0 | G9: =E9*F9 -> 0 | H9: 0 | I9: 0 | J9: =H9*I9 -> 0 | K9: =G9+J9 -> 0 | L9: =K9 -> 0 | M9: =M8+K9-L9 -> 0
A10: 7 | B10: 45876 | E10: 0 | F10: 0 | G10: =E10*F10 -> 0 | H10: 0 | I10: 0 | J10: =H10*I10 -> 0 | K10: =G10+J10 -> 0 | L10: =K10 -> 0 | M10: =M9+K10-L10 -> 0
A11: 8 | B11: 45877 | E11: 0 | F11: 0 | G11: =E11*F11 -> 0 | H11: 0 | I11: 0 | J11: =H11*I11 -> 0 | K11: =G11+J11 -> 0 | L11: =K11 -> 0 | M11: =M10+K11-L11 -> 0
A12: 9 | B12: 45878 | E12: 140 | F12: 92.22 | G12: =E12*F12 -> 12910.8 | H12: 10 | I12: 104.08 | J12: =H12*I12 -> 1040.8 | K12: =G12+J12 -> 13951.6 | L12: =K12 -> 13951.6 | M12: =M11+K12-L12 -> 0
A13: 10 | B13: 45879 | E13: 0 | F13: 0 | G13: =E13*F13 -> 0 | H13: 0 | I13: 0 | J13: =H13*I13 -> 0 | K13: =G13+J13 -> 0 | L13: =K13 -> 0 | M13: =M12+K13-L13 -> 0
A14: 11 | B14: 45880 | E14: 0 | F14: 0 | G14: =E14*F14 -> 0 | H14: 0 | I14: 0 | J14: =H14*I14 -> 0 | K14: =G14+J14 -> 0 | L14: =K14 -> 0 | M14: =M13+K14-L14 -> 0
A15: 12 | B15: 45881 | E15: 0 | F15: 0 | G15: =E15*F15 -> 0 | H15: 0 | I15: 0 | J15: =H15*I15 -> 0 | K15: =G15+J15 -> 0 | L15: =K15 -> 0 | M15: =M14+K15-L15 -> 0
... A27: 24 | B27: 45893 | E27: 0 | F27: 0 | G27: =E27*F27 -> 0 | H27: 0 | I27: 0 | J27: =H27*I27 -> 0 | K27: =G27+J27 -> 0 | L27: =K27 -> 0 | M27: =M26+K27-L27 -> 0
A28: 25 | B28: 45894 | E28: 0 | F28: 0 | G28: =E28*F28 -> 0 | H28: 0 | I28: 0 | J28: =H28*I28 -> 0 | K28: =G28+J28 -> 0 | L28: =K28 -> 0 | M28: 0
A29: 26 | B29: 45895 | E29: 0 | F29: 0 | G29: =E29*F29 -> 0 | H29: 0 | I29: 0 | J29: =H29*I29 -> 0 | K29: =G29+J29 -> 0 | L29: =K29 -> 0 | M29: 0
A30: 27 | B30: 45896 | E30: 0 | F30: 0 | G30: =E30*F30 -> 0 | H30: 0 | I30: 0 | J30: =H30*I30 -> 0 | K30: =G30+J30 -> 0 | L30: =K30 -> 0 | M30: 0
A31: 28 | B31: 45897 | E31: 0 | F31: 0 | G31: =E31*F31 -> 0 | H31: 0 | I31: 0 | J31: =H31*I31 -> 0 | K31: =G31+J31 -> 0 | L31: =K31 -> 0 | M31: 0
A32: 29 | B32: 45898 | E32: 0 | F32: 0 | G32: =E32*F32 -> 0 | H32: 0 | I32: 0 | J32: =H32*I32 -> 0 | K32: =G32+J32 -> 0 | L32: =K32 -> 0 | M32: 0
A33: 30 | B33: 45899 | E33: 0 | F33: 0 | G33: =E33*F33 -> 0 | H33: 0 | I33: 0 | J33: =H33*I33 -> 0 | K33: =G33+J33 -> 0 | L33: =K33 -> 0 | M33: 0
A34: 31 | B34: 45900 | E34: 200 | F34: 92.22 | G34: =E34*F34 -> 18444 | H34: 10 | I34: 104.08 | J34: =H34*I34 -> 1040.8 | K34: =G34+J34 -> 19484.8 | L34: =K34 -> 19484.8 | M34: 0
E35: =SUM(E4:E34) -> 1212.59 | G35: =SUM(G4:G34) -> 111839.05 | H35: =SUM(H4:H34) -> 44.96 | J35: =SUM(J4:J34) -> 4680.2043 | K35: =SUM(K4:K34) -> 116519.25 | L35: =SUM(L4:L34) -> 116519.25

Sheet Haveri
A1: Shivalingeshwar Petroleum
A2: S.No | B2: Date | C2: GRN No | D2: Ind No/Bill No | E2: Diesel (Lts) | F2: Price | G2: Amount | H2: Petrol (Lts) | I2: Price | J2: Amount | K2: Total amount | L2: Amount paid | M2: As on Date | N2: Remarks
D3: Opening Balance | K3: 0 | L3: 0 | M3: 35526.318 | N3: 35526.318
A4: 1 | B4: 45870 | E4: 364.53 | F4: 91.47 | G4: =E4*F4 -> 33343.559 | H4: 0 | I4: 0 | J4: =H4*I4 -> 0 | K4: =G4+J4 -> 33343.559 | L4: 0 | M4: =M3+K4-L4 -> 68869.877
A5: 2 | B5: 45871 | E5: 0 | F5: 0 | G5: =E5*F5 -> 0 | H5: 7 | I5: 103.4 | J5: =H5*I5 -> 723.8 | K5: =G5+J5 -> 723.8 | L5: 0 | M5: =M4+K5-L5 -> 69593.677
A6: 3 | B6: 45872 | E6: 100 | F6: 91.47 | G6: =E6*F6 -> 9147 | H6: 5 | I6: 103.4 | J6: =H6*I6 -> 517 | K6: =G6+J6 -> 9664 | L6: 0 | M6: =M5+K6-L6 -> 79257.677
A7: 4 | B7: 45873 | E7: 266.29 | F7: 91.47 | G7: =E7*F7 -> 24357.546 | H7: 0 | I7: 0 | J7: =H7*I7 -> 0 | K7: =G7+J7 -> 24357.546 | L7: 0 | M7: =M6+K7-L7 -> 103615.22
A8: 5 | B8: 45874 | E8: 181.37 | F8: 91.47 | G8: =E8*F8 -> 16589.914 | H8: 0 | I8: 0 | J8: =H8*I8 -> 0 | K8: =G8+J8 -> 16589.914 | L8: 0 | M8: =M7+K8-L8 -> 120205.14
A9: 6 | B9: 45875 | E9: 107.89 | F9: 91.47 | G9: =E9*F9 -> 9868.6983 | H9: 8.8 | I9: 103.4 | J9: =H9*I9 -> 909.92 | K9: =G9+J9 -> 10778.618 | L9: 0 | M9: =M8+K9-L9 -> 130983.76
A10: 7 | B10: 45876 | E10: 0 | F10: 0 | G10: =E10*F10 -> 0 | H10: 0 | I10: 0 | J10: =H10*I10 -> 0 | K10: =G10+J10 -> 0 | L10: 0 | M10: =M9+K10-L10 -> 130983.76
A11: 8 | B11: 45877 | E11: 56.04 | F11: 91.47 | G11: =E11*F11 -> 5125.9788 | H11: 0 | I11: 0 | J11: =H11*I11 -> 0 | K11: =G11+J11 -> 5125.9788 | L11: 0 | M11: =M10+K11-L11 -> 136109.73
A12: 9 | B12: 45878 | E12: 201 | F12: 91.47 | G12: =E12*F12 -> 18385.47 | H12: 13.45 | I12: 103.4 | J12: =H12*I12 -> 1390.73 | K12: =G12+J12 -> 19776.2 | L12: 0 | M12: =M11+K12-L12 -> 155885.93 | O12: .
A13: 10 | B13: 45879 | E13: 25.01 | F13: 91.47 | G13: =E13*F13 -> 2287.6647 | H13: 0 | I13: 0 | J13: =H13*I13 -> 0 | K13: =G13+J13 -> 2287.6647 | L13: 0 | M13: =M12+K13-L13 -> 158173.6
A14: 11 | B14: 45880 | E14: 20 | F14: 91.47 | G14: =E14*F14 -> 1829.4 | H14: 13.57 | I14: 103.4 | J14: =H14*I14 -> 1403.138 | K14: =G14+J14 -> 3232.538 | L14: 100000 | M14: =M13+K14-L14 -> 61406.137
A15: 12 | B15: 45881 | E15: 215 | F15: 91.47 | G15: =E15*F15 -> 19666.05 | H15: 0 | I15: 0 | J15: =H15*I15 -> 0 | K15: =G15+J15 -> 19666.05 | L15: 0 | M15: =M14+K15-L15 -> 81072.187
A16: 13 | B16: 45882 | E16: 119.49 | F16: 91.47 | G16: =E16*F16 -> 10929.75 | H16: 17.06 | I16: 103.4 | J16: =H16*I16 -> 1764.004 | K16: =G16+J16 -> 12693.754 | L16: 0 | M16: =M15+K16-L16 -> 93765.941
A17: 14 | B17: 45883 | E17: 40.01 | F17: 91.47 | G17: =E17*F17 -> 3659.7147 | H17: 0 | I17: 0 | J17: =H17*I17 -> 0 | K17: =G17+J17 -> 3659.7147 | L17: 0 | M17: =M16+K17-L17 -> 97425.656
A18: 15 | B18: 45884 | E18: 50 | F18: 91.47 | G18: =E18*F18 -> 4573.5 | H18: 0 | I18: 0 | J18: =H18*I18 -> 0 | K18: =G18+J18 -> 4573.5 | L18: 0 | M18: =M17+K18-L18 -> 101999.16
A19: 16 | B19: 45885 | E19: 88.73 | F19: 91.47 | G19: =E19*F19 -> 8116.1331 | H19: 0 | I19: 0 | J19: =H19*I19 -> 0 | K19: =G19+J19 -> 8116.1331 | L19: 0 | M19: =M18+K19-L19 -> 110115.29
A20: 17 | B20: 45886 | E20: 49 | F20: 90.6 | G20: =E20*F20 -> 4439.4 | H20: 0 | I20: 0 | J20: =H20*I20 -> 0 | K20: =G20+J20 -> 4439.4 | L20: =H20+K20 -> 4439.4 | M20: =M19+K20-L20 -> 110115.29
A21: 18 | B21: 45887 | E21: 46.01 | F21: 90.6 | G21: =E21*F21 -> 4168.506 | H21: 0 | I21: 0 | J21: =H21*I21 -> 0 | K21: =G21+J21 -> 4168.506 | L21: 4168.51 | M21: =M20+K21-L21 -> 110115.28
A22: 19 | B22: 45888 | E22: 140 | F22: 91.47 | G22: =E22*F22 -> 12805.8 | H22: 0 | I22: 0 | J22: =H22*I22 -> 0 | K22: =G22+J22 -> 12805.8 | L22: 0 | M22: =M21+K22-L22 -> 122921.08
A23: 20 | B23: 45889 | E23: 50 | F23: 91.47 | G23: =E23*F23 -> 4573.5 | H23: 0 | I23: 0 | J23: =H23*I23 -> 0 | K23: =G23+J23 -> 4573.5 | L23: 0 | M23: =M22+K23-L23 -> 127494.58
A24: 21 | B24: 45890 | E24: 50 | F24: 91.47 | G24: =E24*F24 -> 4573.5 | H24: 7.01 | I24: 103.4 | J24: =H24*I24 -> 724.834 | K24: =G24+J24 -> 5298.334 | L24: 0 | M24: =M23+K24-L24 -> 132792.92
A25: 22 | B25: 45891 | E25: 200 | F25: 91.47 | G25: =E25*F25 -> 18294 | H25: 0 | I25: 0 | J25: =H25*I25 -> 0 | K25: =G25+J25 -> 18294 | L25: 0 | M25: =M24+K25-L25 -> 151086.92
A26: 23 | B26: 45892 | E26: 0 | F26: 0 | G26: =E26*F26 -> 0 | H26: 7.37 | I26: 103.4 | J26: =H26*I26 -> 762.058 | K26: =G26+J26 -> 762.058 | L26: 0 | M26: =M25+K26-L26 -> 151848.98
A27: 24 | B27: 45893 | E27: 0 | F27: 0 | G27: =E27*F27 -> 0 | H27: 0 | I27: 0 | J27: =H27*I27 -> 0 | K27: =G27+J27 -> 0 | L27: 0 | M27: =M26+K27-L27 -> 151848.98
A28: 25 | B28: 45894 | E28: 136.07 | F28: 91.47 | G28: =E28*F28 -> 12446.323 | H28: 12.9 | I28: 103.4 | J28: =H28*I28 -> 1333.86 | K28: =G28+J28 -> 13780.183 | L28: 0 | M28: =M27+K28-L28 -> 165629.16
A29: 26 | B29: 45895 | E29: 0 | F29: 0 | G29: =E29*F29 -> 0 | H29: 0 | I29: 0 | J29: =H29*I29 -> 0 | K29: =G29+J29 -> 0 | L29: 0 | M29: =M28+K29-L29 -> 165629.16
A30: 27 | B30: 45896 | E30: 0 | F30: 0 | G30: =E30*F30 -> 0 | H30: 0 | I30: 0 | J30: =H30*I30 -> 0 | K30: =G30+J30 -> 0 | L30: 0 | M30: =M29+K30-L30 -> 165629.16
A31: 28 | B31: 45897 | E31: 138.5 | F31: 91.47 | G31: =E31*F31 -> 12668.595 | H31: 0 | I31: 0 | J31: =H31*I31 -> 0 | K31: =G31+J31 -> 12668.595 | L31: 12668.6 | M31: =M30+K31-L31 -> 165629.15
A32: 29 | B32: 45898 | E32: 57.94 | F32: 91.47 | G32: =E32*F32 -> 5299.7718 | H32: 6 | I32: 103.4 | J32: =H32*I32 -> 620.4 | K32: =G32+J32 -> 5920.1718 | L32: 5920.17 | M32: =M31+K32-L32 -> 165629.16
... A34: 31 | B34: 45900 | E34: 10 | F34: 91.47 | G34: =E34*F34 -> 914.7 | H34: 0 | I34: 0 | J34: =H34*I34 -> 0 | K34: =G34+J34 -> 914.7 | L34: 0 | M34: =M33+K34-L34 -> 166543.86
E35: =SUM(E4:E34) -> 2742.88 | G35: =SUM(G4:G34) -> 250808.57 | H35: =SUM(H4:H34) -> 98.16 | J35: =SUM(J4:J34) -> 10149.744 | K35: =SUM(K4:K34) -> 260958.32 | L35: =SUM(L4:L34) -> 129940.78
I38: =K24+L24 -> 5298.334

Sheet Guttal
A1: Taware filling station
A2: S.No | B2: Date | C2: GRN No | D2: Ind No/Bill No | E2: Diesel (Lts) | F2: Price | G2: Amount | H2: Petrol (Lts) | I2: Price | J2: Amount | K2: Total amount | L2: Amount paid | M2: As on Date | N2: Remarks
D3: Opening Balance | K3: 0 | L3: 0 | M3: =+K3 -> 0
A4: 1 | B4: 45870 | E4: 89 | F4: 91.8 | G4: =E4*F4 -> 8170.2 | H4: 10 | I4: 103.76 | J4: =H4*I4 -> 1037.6 | K4: =G4+J4 -> 9207.8 | L4: 9207.8 | M4: =M3+K4-L4 -> 0
A5: 2 | B5: 45871 | E5: 55 | F5: 91.8 | G5: =E5*F5 -> 5049 | H5: 0 | I5: 0 | J5: =H5*I5 -> 0 | K5: =G5+J5 -> 5049 | L5: =H5+K5 -> 5049 | M5: =M4+K5-L5 -> 0
A6: 3 | B6: 45872 | E6: 0 | F6: 0 | G6: =E6*F6 -> 0 | H6: 0 | I6: 0 | J6: =H6*I6 -> 0 | K6: =G6+J6 -> 0 | L6: 0 | M6: =M5+K6-L6 -> 0
A7: 4 | B7: 45873 | E7: 0 | F7: 0 | G7: =E7*F7 -> 0 | H7: 0 | I7: 0 | J7: =H7*I7 -> 0 | K7: =G7+J7 -> 0 | L7: 0 | M7: =M6+K7-L7 -> 0
A8: 5 | B8: 45874 | E8: 0 | F8: 0 | G8: =E8*F8 -> 0 | H8: 0 | I8: 0 | J8: =H8*I8 -> 0 | K8: =G8+J8 -> 0 | L8: 0 | M8: =M7+K8-L8 -> 0
A9: 6 | B9: 45875 | E9: 120 | F9: 91.8 | G9: =E9*F9 -> 11016 | H9: 0 | I9: 0 | J9: =H9*I9 -> 0 | K9: =G9+J9 -> 11016 | L9: 11016 | M9: =M8+K9-L9 -> 0
A10: 7 | B10: 45876 | E10: 95 | F10: 91.8 | G10: =E10*F10 -> 8721 | H10: 15 | I10: 103.76 | J10: =H10*I10 -> 1556.4 | K10: =G10+J10 -> 10277.4 | L10: 10277.4 | M10: =M9+K10-L10 -> 0
A11: 8 | B11: 45877 | E11: 95 | F11: 91.8 | G11: =E11*F11 -> 8721 | H11: 0 | I11: 0 | J11: =H11*I11 -> 0 | K11: =G11+J11 -> 8721 | L11: =H11+K11 -> 8721 | M11: =M10+K11-L11 -> 0
A12: 9 | B12: 45878 | E12: 0 | F12: 0 | G12: =E12*F12 -> 0 | H12: 0 | I12: 0 | J12: =H12*I12 -> 0 | K12: =G12+J12 -> 0 | L12: 0 | M12: =M11+K12-L12 -> 0 | O12: .
A13: 10 | B13: 45879 | E13: 0 | F13: 0 | G13: =E13*F13 -> 0 | H13: 0 | I13: 0 | J13: =H13*I13 -> 0 | K13: =G13+J13 -> 0 | L13: 0 | M13: =M12+K13-L13 -> 0
A14: 11 | B14: 45880 | E14: 50 | F14: 91.8 | G14: =E14*F14 -> 4590 | H14: 6 | I14: 103.76 | J14: =H14*I14 -> 622.56 | K14: =G14+J14 -> 5212.56 | L14: 5212.56 | M14: =M13+K14-L14 -> 0
A15: 12 | B15: 45881 | E15: 0 | F15: 0 | G15: =E15*F15 -> 0 | H15: 0 | I15: 0 | J15: =H15*I15 -> 0 | K15: =G15+J15 -> 0 | L15: 0 | M15: =M14+K15-L15 -> 0
A16: 13 | B16: 45882 | E16: 95 | F16: 91.8 | G16: =E16*F16 -> 8721 | H16: 5 | I16: 103.76 | J16: =H16*I16 -> 518.8 | K16: =G16+J16 -> 9239.8 | L16: 9239.8 | M16: =M15+K16-L16 -> 0
A17: 14 | B17: 45883 | E17: 35 | F17: 91.8 | G17: =E17*F17 -> 3213 | H17: 0 | I17: 103.76 | J17: =H17*I17 -> 0 | K17: =G17+J17 -> 3213 | L17: =H17+K17 -> 3213 | M17: =M16+K17-L17 -> 0
A18: 15 | B18: 45884 | E18: 0 | F18: 91.8 | G18: =E18*F18 -> 0 | H18: 0 | I18: 103.76 | J18: =H18*I18 -> 0 | K18: =G18+J18 -> 0 | L18: 0 | M18: =M17+K18-L18 -> 0
A19: 16 | B19: 45885 | E19: 80 | F19: 91.8 | G19: =E19*F19 -> 7344 | H19: 5 | I19: 103.76 | J19: =H19*I19 -> 518.8 | K19: =G19+J19 -> 7862.8 | L19: 7862.8 | M19: =M18+K19-L19 -> 0
A20: 17 | B20: 45886 | E20: 0 | F20: 0 | G20: =E20*F20 -> 0 | H20: 0 | I20: 0 | J20: =H20*I20 -> 0 | K20: =G20+J20 -> 0 | L20: 0 | M20: =M19+K20-L20 -> 0
A21: 18 | B21: 45887 | E21: 20 | F21: 91.8 | G21: =E21*F21 -> 1836 | H21: 0 | I21: 0 | J21: =H21*I21 -> 0 | K21: =G21+J21 -> 1836 | L21: 1836 | M21: =M20+K21-L21 -> 0
A22: 19 | B22: 45888 | E22: 55 | F22: 91.8 | G22: =E22*F22 -> 5049 | H22: 5 | I22: 103.76 | J22: =H22*I22 -> 518.8 | K22: =G22+J22 -> 5567.8 | L22: 5567.8 | M22: =M21+K22-L22 -> 0
A23: 20 | B23: 45889 | E23: 0 | F23: 0 | G23: =E23*F23 -> 0 | H23: 0 | I23: 0 | J23: =H23*I23 -> 0 | K23: =G23+J23 -> 0 | L23: 0 | M23: =M22+K23-L23 -> 0
A24: 21 | B24: 45890 | E24: 50 | F24: 91.8 | G24: =E24*F24 -> 4590 | H24: 0 | I24: 0 | J24: =H24*I24 -> 0 | K24: =G24+J24 -> 4590 | L24: 4590 | M24: =M23+K24-L24 -> 0
A25: 22 | B25: 45891 | E25: 35 | F25: 91.8 | G25: =E25*F25 -> 3213 | H25: 0 | I25: 0 | J25: =H25*I25 -> 0 | K25: =G25+J25 -> 3213 | L25: 3213 | M25: =M24+K25-L25 -> 0
A26: 23 | B26: 45892 | E26: 0 | F26: 0 | G26: =E26*F26 -> 0 | H26: 10 | I26: 103.8 | J26: =H26*I26 -> 1038 | K26: =G26+J26 -> 1038 | L26: 1038 | M26: =M25+K26-L26 -> 0
A27: 24 | B27: 45893 | E27: 0 | F27: 0 | G27: =E27*F27 -> 0 | H27: 0 | I27: 0 | J27: =H27*I27 -> 0 | K27: =G27+J27 -> 0 | L27: 0 | M27: =M26+K27-L27 -> 0
A28: 25 | B28: 45894 | E28: 0 | F28: 0 | G28: =E28*F28 -> 0 | H28: 10 | I28: 103.8 | J28: =H28*I28 -> 1038 | K28: =G28+J28 -> 1038 | L28: 1038 | M28: =M27+K28-L28 -> 0
A29: 26 | B29: 45895 | E29: 30 | F29: 91.8 | G29: =E29*F29 -> 2754 | H29: 0 | I29: 0 | J29: =H29*I29 -> 0 | K29: =G29+J29 -> 2754 | L29: 2754 | M29: =M28+K29-L29 -> 0
... A33: 30 | B33: 45899 | E33: 0 | F33: 0 | G33: =E33*F33 -> 0 | H33: 0 | I33: 0 | J33: =H33*I33 -> 0 | K33: =G33+J33 -> 0 | L33: 0 | M33: =M32+K33-L33 -> 0
A34: 31 | B34: 45900 | E34: 25 | F34: 91.8 | G34: =E34*F34 -> 2295 | H34: 2 | I34: 103.8 | J34: =H34*I34 -> 207.6 | K34: =G34+J34 -> 2502.6 | L34: 2502.6
E35: =SUM(E4:E34) -> 1059 | G35: =SUM(G4:G34) -> 97216.2 | H35: =SUM(H4:H34) -> 73 | J35: =SUM(J4:J34) -> 7575.56 | K35: =SUM(K4:K34) -> 104791.76 | L35: =SUM(L4:L34) -> 104791.76
I38: =K24+L24 -> 9180

Sheet Rattihali
A1: Shree Siri Gowari petroliam
A2: S.No | B2: Date | C2: GRN No | D2: Ind No/Bill No | E2: Diesel (Lts) | F2: Price | G2: Amount | H2: Petrol (Lts) | I2: Price | J2: Amount | K2: Total amount | L2: Amount paid | M2: As on Date | N2: Remarks
D3: Opening Balance | K3: 0 | L3: 0 | M3: 53365.686 | O3: 53365.686
A4: 1 | B4: 45870 | E4: 300 | F4: 92.04 | G4: =E4*F4 -> 27612 | H4: 0 | I4: 0 | J4: =H4*I4 -> 0 | K4: =G4+J4 -> 27612 | L4: 0 | M4: =M3+K4-L4 -> 80977.686
A5: 2 | B5: 45871 | E5: 0 | F5: 0 | G5: =E5*F5 -> 0 | H5: 0 | I5: 0 | J5: =H5*I5 -> 0 | K5: =G5+J5 -> 0 | L5: 80000 | M5: =M4+K5-L5 -> 977.6858
A6: 3 | B6: 45872 | E6: 0 | F6: 0 | G6: =E6*F6 -> 0 | H6: 0 | I6: 0 | J6: =H6*I6 -> 0 | K6: =G6+J6 -> 0 | L6: =+K6 -> 0 | M6: =M5+K6-L6 -> 977.6858
A7: 4 | B7: 45873 | E7: 20 | F7: 92.04 | G7: =E7*F7 -> 1840.8 | H7: 0 | I7: 0 | J7: =H7*I7 -> 0 | K7: =G7+J7 -> 1840.8 | L7: 0 | M7: =M6+K7-L7 -> 2818.4858
A8: 5 | B8: 45874 | E8: 102 | F8: 92.04 | G8: =E8*F8 -> 9388.08 | H8: 0 | I8: 0 | J8: =H8*I8 -> 0 | K8: =G8+J8 -> 9388.08 | L8: 0 | M8: =M7+K8-L8 -> 12206.566
A9: 6 | B9: 45875 | E9: 200 | F9: 92.04 | G9: =E9*F9 -> 18408 | H9: 19.43 | I9: 104.02 | J9: =H9*I9 -> 2021.1086 | K9: =G9+J9 -> 20429.109 | L9: 0 | M9: =M8+K9-L9 -> 32635.674
A10: 7 | B10: 45876 | E10: 280 | F10: 92.04 | G10: =E10*F10 -> 25771.2 | H10: 0 | I10: 0 | J10: =H10*I10 -> 0 | K10: =G10+J10 -> 25771.2 | L10: 0 | M10: =M9+K10-L10 -> 58406.874
A11: 8 | B11: 45877 | E11: 117.36 | F11: 92.04 | G11: =E11*F11 -> 10801.814 | H11: 0 | I11: 0 | J11: =H11*I11 -> 0 | K11: =G11+J11 -> 10801.814 | L11: 0 | M11: =M10+K11-L11 -> 69208.689
A12: 9 | B12: 45878 | E12: 100 | F12: 92.04 | G12: =E12*F12 -> 9204 | H12: 0 | I12: 0 | J12: =H12*I12 -> 0 | K12: =G12+J12 -> 9204 | L12: 0 | M12: =M11+K12-L12 -> 78412.689 | O12: .
A13: 10 | B13: 45879 | E13: 0 | F13: 0 | G13: =E13*F13 -> 0 | H13: 0 | I13: 0 | J13: =H13*I13 -> 0 | K13: =G13+J13 -> 0 | L13: =+K13 -> 0 | M13: =M12+K13-L13 -> 78412.689 | Q13: =+K13 -> 0
A14: 11 | B14: 45880 | E14: 350.18 | F14: 92.04 | G14: =E14*F14 -> 32230.567 | H14: 0 | I14: 0 | J14: =H14*I14 -> 0 | K14: =G14+J14 -> 32230.567 | L14: 0 | M14: =M13+K14-L14 -> 110643.26
A15: 12 | B15: 45881 | E15: 70.33 | F15: 92.04 | G15: =E15*F15 -> 6473.1732 | H15: 0 | I15: 0 | J15: =H15*I15 -> 0 | K15: =G15+J15 -> 6473.1732 | L15: 0 | M15: =M14+K15-L15 -> 117116.43
A16: 13 | B16: 45882 | E16: 128.82 | F16: 92.04 | G16: =E16*F16 -> 11856.593 | H16: 15 | I16: 104.02 | J16: =H16*I16 -> 1560.3 | K16: =G16+J16 -> 13416.893 | L16: 0 | M16: =M15+K16-L16 -> 130533.32
A17: 14 | B17: 45883 | E17: 0 | F17: 0 | G17: =E17*F17 -> 0 | H17: 0 | I17: 0 | J17: =H17*I17 -> 0 | K17: =G17+J17 -> 0 | L17: =+K17 -> 0 | M17: =M16+K17-L17 -> 130533.32
A18: 15 | B18: 45884 | E18: 0 | F18: 0 | G18: =E18*F18 -> 0 | H18: 0 | I18: 0 | J18: =H18*I18 -> 0 | K18: =G18+J18 -> 0 | L18: =+K18 -> 0 | M18: =M17+K18-L18 -> 130533.32
A19: 16 | B19: 45885 | E19: 340 | F19: 92.04 | G19: =E19*F19 -> 31293.6 | H19: 0 | I19: 0 | J19: =H19*I19 -> 0 | K19: =G19+J19 -> 31293.6 | L19: 0 | M19: =M18+K19-L19 -> 161826.92
A20: 17 | B20: 45886 | E20: 0 | F20: 0 | G20: =E20*F20 -> 0 | H20: 0 | I20: 0 | J20: =H20*I20 -> 0 | K20: =G20+J20 -> 0 | L20: =+K20 -> 0 | M20: =M19+K20-L20 -> 161826.92
A21: 18 | B21: 45887 | E21: 87.79 | F21: 92.04 | G21: =E21*F21 -> 8080.1916 | H21: 0 | I21: 0 | J21: =H21*I21 -> 0 | K21: =G21+J21 -> 8080.1916 | L21: 0 | M21: =M20+K21-L21 -> 169907.11
A22: 19 | B22: 45888 | E22: 0 | F22: 0 | G22: =E22*F22 -> 0 | H22: 0 | I22: 0 | J22: =H22*I22 -> 0 | K22: =G22+J22 -> 0 | L22: =+K22 -> 0 | M22: =M21+K22-L22 -> 169907.11
A23: 20 | B23: 45889 | E23: 0 | F23: 0 | G23: =E23*F23 -> 0 | H23: 0 | I23: 0 | J23: =H23*I23 -> 0 | K23: =G23+J23 -> 0 | L23: =+K23 -> 0 | M23: =M22+K23-L23 -> 169907.11
A24: 21 | B24: 45890 | E24: 220 | F24: 92.04 | G24: =E24*F24 -> 20248.8 | H24: 0 | I24: 0 | J24: =H24*I24 -> 0 | K24: =G24+J24 -> 20248.8 | L24: 0 | M24: =M23+K24-L24 -> 190155.91
A25: 22 | B25: 45891 | E25: 151.33 | F25: 92.04 | G25: =E25*F25 -> 13928.413 | H25: 0 | I25: 0 | J25: =H25*I25 -> 0 | K25: =G25+J25 -> 13928.413 | L25: 0 | M25: =M24+K25-L25 -> 204084.33
A26: 23 | B26: 45892 | E26: 0 | F26: 0 | G26: =E26*F26 -> 0 | H26: 0 | I26: 0 | J26: =H26*I26 -> 0 | K26: =G26+J26 -> 0 | L26: =+K26 -> 0 | M26: =M25+K26-L26 -> 204084.33
A27: 24 | B27: 45893 | E27: 0 | F27: 0 | G27: =E27*F27 -> 0 | H27: 0 | I27: 0 | J27: =H27*I27 -> 0 | K27: =G27+J27 -> 0 | L27: =+K27 -> 0 | M27: =M26+K27-L27 -> 204084.33
A28: 25 | B28: 45894 | E28: 90 | F28: 92.04 | G28: =E28*F28 -> 8283.6 | H28: 0 | I28: 0 | J28: =H28*I28 -> 0 | K28: =G28+J28 -> 8283.6 | L28: 0 | M28: =M27+K28-L28 -> 212367.93
A29: 26 | B29: 45895 | E29: 375 | F29: 92.04 | G29: =E29*F29 -> 34515 | H29: 0 | I29: 0 | J29: =H29*I29 -> 0 | K29: =G29+J29 -> 34515 | L29: 0 | M29: =M28+K29-L29 -> 246882.93
A30: 27 | B30: 45896 | E30: 0 | F30: 0 | G30: =E30*F30 -> 0 | H30: 0 | I30: 0 | J30: =H30*I30 -> 0 | K30: =G30+J30 -> 0 | L30: =+K30 -> 0 | M30: =M29+K30-L30 -> 246882.93
A31: 28 | B31: 45897 | E31: 0 | F31: 0 | G31: =E31*F31 -> 0 | H31: 0 | I31: 0 | J31: =H31*I31 -> 0 | K31: =G31+J31 -> 0 | L31: =+K31 -> 0 | M31: =M30+K31-L31 -> 246882.93
A32: 29 | B32: 45898 | E32: 227.02 | F32: 92.04 | G32: =E32*F32 -> 20894.921 | H32: 20.35 | I32: 104.02 | J32: =H32*I32 -> 2116.807 | K32: =G32+J32 -> 23011.728 | L32: 0 | M32: =M31+K32-L32 -> 269894.65
A33: 30 | B33: 45899 | E33: 0 | F33: 0 | G33: =E33*F33 -> 0 | H33: 0 | I33: 0 | J33: =H33*I33 -> 0 | K33: =G33+J33 -> 0 | L33: =+K33 -> 0 | M33: =M32+K33-L33 -> 269894.65
A34: 31 | B34: 45900 | E34: 0 | F34: 0 | G34: =E34*F34 -> 0 | H34: 0 | I34: 0 | J34: =H34*I34 -> 0 | K34: =G34+J34 -> 0 | L34: =+K34 -> 0 | M34: =M33+K34-L34 -> 269894.65
E35: =SUM(E4:E34) -> 3159.83 | G35: =SUM(G4:G34) -> 290830.75 | H35: =SUM(H4:H34) -> 54.78 | J35: =SUM(J4:J34) -> 5698.2156 | K35: =SUM(K4:K34) -> 296528.97 | L35: =SUM(L4:L34) -> 80000
I38: =K24+L24 -> 20248.8

Sheet Gajendragada
A1: Vanasri Petrol Pump
A2: S.No | B2: Date | C2: GRN No | D2: Ind no/Bill No | E2: Diesel (Lts) | F2: Price | G2: Amount | H2: Petrol (Lts) | I2: Price | J2: Amount | K2: Total amount | L2: Amount paid | M2: As on Date | N2: Remarks
A3: Opening Balance | K3: 21726.412 | M3: 21726.412
A4: 1 | B4: 45870 | E4: 0 | F4: 0 | G4: =E4*F4 -> 0 | H4: 0 | I4: 0 | J4: =H4*I4 -> 0 | K4: =G4+J4 -> 0 | M4: =M3+K4-L4 -> 21726.412
A5: 2 | B5: 45871 | E5: 20 | F5: 91.83 | G5: =E5*F5 -> 1836.6 | H5: 0 | I5: 0 | J5: =H5*I5 -> 0 | K5: =G5+J5 -> 1836.6 | L5: 21207 | M5: =M4+K5-L5 -> 2356.0115
A6: 3 | B6: 45872 | E6: 0 | F6: 0 | G6: =E6*F6 -> 0 | H6: 0 | I6: 0 | J6: =H6*I6 -> 0 | K6: =G6+J6 -> 0 | M6: =M5+K6-L6 -> 2356.0115
A7: 4 | B7: 45873 | E7: 0 | F7: 0 | G7: =E7*F7 -> 0 | H7: 0 | I7: 0 | J7: =H7*I7 -> 0 | K7: =G7+J7 -> 0 | M7: =M6+K7-L7 -> 2356.0115
A8: 5 | B8: 45874 | E8: 0 | F8: 0 | G8: =E8*F8 -> 0 | H8: 0 | I8: 0 | J8: =H8*I8 -> 0 | K8: =G8+J8 -> 0 | M8: =M7+K8-L8 -> 2356.0115 | O8: 8497892194 | P8: raja bhakshi
A9: 6 | B9: 45875 | E9: 0 | F9: 0 | G9: =E9*F9 -> 0 | H9: 5 | I9: 103.8 | J9: =H9*I9 -> 519 | K9: =G9+J9 -> 519 | M9: =M8+K9-L9 -> 2875.0115
A10: 7 | B10: 45876 | E10: 100 | F10: 91.83 | G10: =E10*F10 -> 9183 | H10: 5 | I10: 103.8 | J10: =H10*I10 -> 519 | K10: =G10+J10 -> 9702 | M10: =M9+K10-L10 -> 12577.012
A11: 8 | B11: 45877 | E11: 0 | F11: 0 | G11: =E11*F11 -> 0 | H11: 0 | I11: 0 | J11: =H11*I11 -> 0 | K11: =G11+J11 -> 0 | M11: =M10+K11-L11 -> 12577.012
A12: 9 | B12: 45878 | E12: 0 | F12: 0 | G12: =E12*F12 -> 0 | H12: 5 | I12: 103.8 | J12: =H12*I12 -> 519 | K12: =G12+J12 -> 519 | M12: =M11+K12-L12 -> 13096.012
A13: 10 | B13: 45879 | E13: 50 | F13: 91.83 | G13: =E13*F13 -> 4591.5 | H13: 5 | I13: 103.8 | J13: =H13*I13 -> 519 | K13: =G13+J13 -> 5110.5 | M13: =M12+K13-L13 -> 18206.512
A14: 11 | B14: 45880 | E14: 0 | F14: 0 | G14: =E14*F14 -> 0 | H14: 0 | I14: 0 | J14: =H14*I14 -> 0 | K14: =G14+J14 -> 0 | M14: =M13+K14-L14 -> 18206.512
A15: 12 | B15: 45881 | E15: 0 | F15: 0 | G15: =E15*F15 -> 0 | H15: 0 | I15: 0 | J15: =H15*I15 -> 0 | K15: =G15+J15 -> 0 | M15: =M14+K15-L15 -> 18206.512
A16: 13 | B16: 45882 | E16: 30 | F16: 91.83 | G16: =E16*F16 -> 2754.9 | H16: 10 | I16: 103.8 | J16: =H16*I16 -> 1038 | K16: =G16+J16 -> 3792.9 | M16: =M15+K16-L16 -> 21999.412
A17: 14 | B17: 45883 | E17: 20 | F17: 91.83 | G17: =E17*F17 -> 1836.6 | H17: 0 | I17: 0 | J17: =H17*I17 -> 0 | K17: =G17+J17 -> 1836.6 | M17: =M16+K17-L17 -> 23836.012
A18: 15 | B18: 45884 | E18: 0 | F18: 0 | G18: =E18*F18 -> 0 | H18: 5 | I18: 103.8 | J18: =H18*I18 -> 519 | K18: =G18+J18 -> 519 | M18: =M17+K18-L18 -> 24355.012
A19: 16 | B19: 45885 | E19: 100 | F19: 91.83 | G19: =E19*F19 -> 9183 | H19: 5 | I19: 103.8 | J19: =H19*I19 -> 519 | K19: =G19+J19 -> 9702 | M19: =M18+K19-L19 -> 34057.012
A20: 17 | B20: 45886 | E20: 50 | F20: 91.83 | G20: =E20*F20 -> 4591.5 | H20: 0 | I20: 0 | J20: =H20*I20 -> 0 | K20: =G20+J20 -> 4591.5 | M20: =M19+K20-L20 -> 38648.512
... A26: 23 | B26: 45892 | E26: 0 | F26: 0 | G26: =E26*F26 -> 0 | H26: 5 | I26: 103.8 | J26: =H26*I26 -> 519 | K26: =G26+J26 -> 519 | M26: =M25+K26-L26 -> 44797.012
A27: 24 | B27: 45893 | E27: 0 | F27: 0 | G27: =E27*F27 -> 0 | H27: 0 | I27: 0 | J27: =H27*I27 -> 0 | K27: =G27+J27 -> 0 | M27: =M26+K27-L27 -> 44797.012 | R27: 66742
A28: 25 | B28: 45894 | E28: 0 | F28: 0 | G28: =E28*F28 -> 0 | H28: 10 | I28: 103.8 | J28: =H28*I28 -> 1038 | K28: =G28+J28 -> 1038 | M28: =M27+K28-L28 -> 45835.012
A29: 26 | B29: 45895 | E29: 50 | F29: 91.83 | G29: =E29*F29 -> 4591.5 | H29: 0 | I29: 0 | J29: =H29*I29 -> 0 | K29: =G29+J29 -> 4591.5 | M29: =M28+K29-L29 -> 50426.512
A30: 27 | B30: 45896 | E30: 0 | F30: 0 | G30: =E30*F30 -> 0 | H30: 0 | I30: 0 | J30: =H30*I30 -> 0 | K30: =G30+J30 -> 0 | M30: =M29+K30-L30 -> 50426.512
A31: 28 | B31: 45897 | E31: 0 | F31: 0 | G31: =E31*F31 -> 0 | H31: 0 | I31: 0 | J31: =H31*I31 -> 0 | K31: =G31+J31 -> 0 | M31: =M30+K31-L31 -> 50426.512
A32: 29 | B32: 45898 | E32: 100 | F32: 91.83 | G32: =E32*F32 -> 9183 | H32: 0 | I32: 0 | J32: =H32*I32 -> 0 | K32: =G32+J32 -> 9183 | M32: =M31+K32-L32 -> 59609.512
A33: 30 | B33: 45899 | E33: 0 | F33: 0 | G33: =E33*F33 -> 0 | H33: 5 | I33: 103.8 | J33: =H33*I33 -> 519 | K33: =G33+J33 -> 519 | M33: =M32+K33-L33 -> 60128.512
A34: 31 | E34: 0 | F34: 0 | G34: =E34*F34 -> 0 | H34: 0 | I34: 0 | J34: =H34*I34 -> 0 | K34: =G34+J34 -> 0 | M34: =M33+K34-L34 -> 60128.512
E35: =SUM(E4:E34) -> 570 | G35: =SUM(G4:G34) -> 52343.1 | H35: =SUM(H4:H34) -> 70 | J35: =SUM(J4:J34) -> 7266 | K35: =SUM(K4:K34) -> 59609.1 | L35: =SUM(L4:L34) -> 21207

Sheet  Talikote
A1: Talikote
A2: S.No | B2: Date | C2: GRN No | D2: Ind no/Bill No | E2: Diesel (Lts) | F2: Price | G2: Amount | H2: Petrol (Lts) | I2: Price | J2: Amount | K2: Total amount | L2: Amount paid | M2: As on Date | N2: Remarks
A3: Opening Balance | N3: 3504.4807 | O3: 3464.8447
A4: 1 | B4: 01.08.2025 | E4: 130 | F4: 91.5 | G4: =E4*F4 -> 11895 | H4: 13.76 | I4: 103.44 | J4: =H4*I4 -> 1423.3344 | K4: =G4+J4 -> 13318.334 | L4: 0 | M4: =+N3+K4-L4 -> 16822.815 | N4: IOCL Card
A5: 2 | E5: 0 | F5: 0 | G5: =E5*F5 -> 0 | H5: 0 | I5: 0 | J5: =H5*I5 -> 0 | K5: =G5+J5 -> 0 | L5: 0 | M5: =M4+K5-L5 -> 16822.815 | N5: IOCL Card
A6: 3 | B6: 03.08.2025 | E6: 44.29 | F6: 91.5 | G6: =E6*F6 -> 4052.535 | H6: 0 | I6: 0 | J6: =H6*I6 -> 0 | K6: =G6+J6 -> 4052.535 | L6: 0 | M6: =M5+K6-L6 -> 20875.35 | N6: IOCL Card
B7: 05.08.2025 | E7: 45.68 | F7: 91.5 | G7: =E7*F7 -> 4179.72 | K7: =G7+J7 -> 4179.72 | L7: 20000 | M7: =M6+K7-L7 -> 5055.0701 | N7: IOCL Card
A8: 4 | B8: 06.08.2025 | E8: 39.5 | F8: 91.5 | G8: =E8*F8 -> 3614.25 | H8: 10.99 | I8: 103.44 | J8: =H8*I8 -> 1136.8056 | K8: =G8+J8 -> 4751.0556 | L8: 0 | M8: =M7+K8-L8 -> 9806.1257 | N8: IOCL Card
A9: 5 | B9: 09.08.2025 | E9: 0 | F9: 91.5 | G9: =E9*F9 -> 0 | H9: 3 | I9: 103.44 | J9: =H9*I9 -> 310.32 | K9: =G9+J9 -> 310.32 | L9: 0 | M9: =M8+K9-L9 -> 10116.446 | N9: IOCL Card
A10: 6 | B10: 10.08.2025 | E10: 86.93 | F10: 91.5 | G10: =E10*F10 -> 7954.095 | H10: 0 | I10: 0 | J10: =H10*I10 -> 0 | K10: =G10+J10 -> 7954.095 | L10: 0 | M10: =M9+K10-L10 -> 18070.541 | N10: IOCL Card
A11: 7 | B11: 11.08.2025 | E11: 57.81 | F11: 91.5 | G11: =E11*F11 -> 5289.615 | H11: 12.18 | I11: 103.44 | J11: =H11*I11 -> 1259.8992 | K11: =G11+J11 -> 6549.5142 | L11: 18000 | M11: =M10+K11-L11 -> 6620.0549 | N11: IOCL Card
A12: 8 | B12: 12.08.2025 | E12: 16.52 | F12: 90.81 | G12: =E12*F12 -> 1500.1812 | H12: 0 | I12: 103.44 | J12: =H12*I12 -> 0 | K12: =G12+J12 -> 1500.1812 | L12: 1500 | M12: =M11+K12-L12 -> 6620.2361 | N12: IOCL Card
A13: 9 | B13: 13.08.2025 | E13: 0 | F13: 0 | G13: =E13*F13 -> 0 | H13: 12.9 | I13: 103.44 | J13: =H13*I13 -> 1334.376 | K13: =G13+J13 -> 1334.376 | L13: 0 | M13: =M12+K13-L13 -> 7954.6121 | N13: IOCL Card
A14: 10 | B14: 14.08.2025 | E14: 42.21 | F14: 90.81 | G14: =E14*F14 -> 3833.0901 | H14: 0 | I14: 0 | J14: =H14*I14 -> 0 | K14: =G14+J14 -> 3833.0901 | L14: 0 | M14: =M13+K14-L14 -> 11787.702 | N14: IOCL Card
A15: 11 | B15: 16.08.2025 | E15: 0 | F15: 0 | G15: =E15*F15 -> 0 | H15: 0 | I15: 0 | J15: =H15*I15 -> 0 | K15: =G15+J15 -> 0 | L15: 11855.13 | M15: =M14+K15-L15 -> -67.4278 | N15: IOCL Card
A16: 12 | B16: 17.08.2025 | E16: 37.62 | F16: 91.5 | G16: =E16*F16 -> 3442.23 | H16: 0 | I16: 0 | J16: =H16*I16 -> 0 | K16: =G16+J16 -> 3442.23 | L16: 0 | M16: =M15+K16-L16 -> 3374.8022 | N16: IOCL Card
A17: 13 | B17: 18.08.2025 | E17: 32.38 | F17: 91.5 | G17: =E17*F17 -> 2962.77 | H17: 0 | I17: 0 | J17: =H17*I17 -> 0 | K17: =G17+J17 -> 2962.77 | L17: 0 | M17: =M16+K17-L17 -> 6337.5722 | N17: IOCL Card
A18: 14 | B18: 20.08.2025 | E18: 0 | F18: 0 | G18: =E18*F18 -> 0 | H18: 4.83 | I18: 103.44 | J18: =H18*I18 -> 499.6152 | K18: =G18+J18 -> 499.6152 | L18: 0 | M18: =M17+K18-L18 -> 6837.1874 | N18: IOCL Card
A19: 15 | B19: 21.08.2025 | E19: 80.51 | F19: 91.5 | G19: =E19*F19 -> 7366.665 | H19: 5 | I19: 103.44 | J19: =H19*I19 -> 517.2 | K19: =G19+J19 -> 7883.865 | L19: 0 | M19: =M18+K19-L19 -> 14721.052 | N19: IOCL Card
... A28: 25 | B28: 30.08.2025 | E28: 35.27 | F28: 91.5 | G28: =E28*F28 -> 3227.205 | H28: 0 | I28: 0 | J28: =H28*I28 -> 0 | K28: =G28+J28 -> 3227.205 | L28: 0 | M28: =M27+K28-L28 -> 40815.884 | N28: IOCL Card
A29: 26 | E29: 0 | F29: 0 | G29: =E29*F29 -> 0 | H29: 0 | I29: 0 | J29: =H29*I29 -> 0 | K29: =G29+J29 -> 0 | L29: 0 | M29: =M28+K29-L29 -> 40815.884 | N29: IOCL Card
A30: 27 | E30: 0 | F30: 0 | G30: =E30*F30 -> 0 | H30: 0 | I30: 0 | J30: =H30*I30 -> 0 | K30: =G30+J30 -> 0 | L30: 0 | M30: =M29+K30-L30 -> 40815.884 | N30: IOCL Card
A31: 28 | E31: 0 | F31: 0 | G31: =E31*F31 -> 0 | H31: 0 | I31: 0 | J31: =H31*I31 -> 0 | K31: =G31+J31 -> 0 | L31: 0 | M31: =M30+K31-L31 -> 40815.884 | N31: IOCL Card
A32: 29 | E32: 0 | F32: 0 | G32: =E32*F32 -> 0 | H32: 0 | I32: 0 | J32: =H32*I32 -> 0 | K32: =G32+J32 -> 0 | L32: 0 | M32: =M31+K32-L32 -> 40815.884 | N32: IOCL Card
A33: 30 | E33: 0 | F33: 0 | G33: =E33*F33 -> 0 | H33: 0 | I33: 0 | J33: =H33*I33 -> 0 | K33: =G33+J33 -> 0 | L33: 0 | M33: =M32+K33-L33 -> 40815.884 | N33: IOCL Card
A34: 31 | E34: 0 | F34: 0 | G34: =E34*F34 -> 0 | H34: 0 | I34: 0 | J34: =H34*I34 -> 0 | K34: =G34+J34 -> 0 | L34: 0 | M34: =M33+K34-L34 -> 40815.884 | N34: IOCL Card
A35: 32 | E35: 0 | F35: 0 | G35: =E35*F35 -> 0 | H35: 0 | I35: 0 | J35: =H35*I35 -> 0 | K35: =G35+J35 -> 0 | L35: 0 | M35: =M34+K35-L35 -> 40815.884 | N35: IOCL Card
A36: 33 | E36: 0 | F36: 0 | G36: =E36*F36 -> 0 | H36: 0 | I36: 0 | J36: =H36*I36 -> 0 | K36: =G36+J36 -> 0 | L36: 0 | M36: =M35+K36-L36 -> 40815.884 | N36: IOCL Card
A37: 34 | E37: 0 | F37: 0 | G37: =E37*F37 -> 0 | H37: 0 | I37: 0 | J37: =H37*I37 -> 0 | K37: =G37+J37 -> 0 | L37: 0 | M37: =M36+K37-L37 -> 40815.884 | N37: IOCL Card
A38: 35 | E38: 0 | F38: 0 | G38: =E38*F38 -> 0 | H38: 0 | I38: 0 | J38: =H38*I38 -> 0 | K38: =G38+J38 -> 0 | L38: 0 | M38: =M37+K38-L38 -> 40815.884 | N38: IOCL Card
A39: 36 | E39: 0 | F39: 0 | G39: =E39*F39 -> 0 | H39: 0 | I39: 0 | J39: =H39*I39 -> 0 | K39: =G39+J39 -> 0 | L39: 0 | M39: =M38+K39-L39 -> 40815.884 | N39: IOCL Card
A40: 37 | E40: 0 | F40: 0 | G40: =E40*F40 -> 0 | H40: 0 | I40: 0 | J40: =H40*I40 -> 0 | K40: =G40+J40 -> 0 | L40: 0 | M40: =M39+K40-L40 -> 40815.884 | N40: IOCL Card
A41: 38 | E41: 0 | F41: 0 | G41: =E41*F41 -> 0 | H41: 0 | I41: 0 | J41: =H41*I41 -> 0 | K41: =G41+J41 -> 0 | L41: =+K41 -> 0 | M41: =M40+K41-L41 -> 40815.884 | N41: IOCL Card
A42: 39 | E42: 0 | F42: 0 | G42: =E42*F42 -> 0 | H42: 0 | I42: 0 | J42: =H42*I42 -> 0 | K42: =G42+J42 -> 0 | L42: =+K42 -> 0 | M42: =M41+K42-L42 -> 40815.884 | N42: IOCL Card
A43: 40 | E43: 0 | F43: 0 | G43: =E43*F43 -> 0 | H43: 0 | I43: 0 | J43: =H43*I43 -> 0 | K43: =G43+J43 -> 0 | L43: =+K43 -> 0 | M43: =M42+K43-L43 -> 40815.884 | N43: IOCL Card
A44: 41 | E44: 0 | F44: 0 | G44: =E44*F44 -> 0 | H44: 0 | I44: 0 | J44: =H44*I44 -> 0 | K44: =G44+J44 -> 0 | L44: =+K44 -> 0 | M44: =M43+K44-L44 -> 40815.884 | N44: IOCL Card
A45: 42 | E45: 0 | F45: 0 | G45: =E45*F45 -> 0 | H45: 0 | I45: 0 | J45: =H45*I45 -> 0 | K45: =G45+J45 -> 0 | L45: =+K45 -> 0 | M45: =M44+K45-L45 -> 40815.884 | N45: IOCL Card
E46: =SUM(E4:E45) -> 867.11 | G46: =SUM(G4:G45) -> 79300.041 | H46: =SUM(H4:H45) -> 90.55 | J46: =SUM(J4:J45) -> 9366.492 | K46: =SUM(K4:K45) -> 88666.533 | L46: =SUM(L4:L45) -> 51355.13

Sheet Chadchan
A1: Khavekar Petrolium
A2: S.No | B2: Date | C2: GRN No | D2: Ind no/Bill No | E2: Diesel (Lts) | F2: Price | G2: Amount | H2: Petrol (Lts) | I2: Price | J2: Amount | K2: Total amount | L2: Amount paid | M2: As on Date | N2: Remarks
B3: Opening Balance | K3: 105566 | M3: =+K3 -> 105566 | O3: 86559.567
A4: 1 | B4: 45870 | E4: 79.52 | F4: 91.23 | G4: =E4*F4 -> 7254.6096 | H4: 0 | I4: 0 | J4: =H4*I4 -> 0 | K4: =G4+J4 -> 7254.6096 | M4: =M3+K4-L4 -> 112820.61
A5: 2 | B5: 45871 | E5: 263.61 | F5: 91.23 | G5: =E5*F5 -> 24049.14 | H5: 0 | I5: 0 | J5: =H5*I5 -> 0 | K5: =G5+J5 -> 24049.14 | L5: 100000 | M5: =M4+K5-L5 -> 36869.753
A6: 3 | B6: 45872 | E6: 120 | F6: 91.23 | G6: =E6*F6 -> 10947.6 | H6: 0 | I6: 0 | J6: =H6*I6 -> 0 | K6: =G6+J6 -> 10947.6 | L6: 0 | M6: =M5+K6-L6 -> 47817.353
A7: 4 | B7: 45873 | E7: 22.19 | F7: 91.23 | G7: =E7*F7 -> 2024.3937 | H7: 5.82 | I7: 103.16 | J7: =H7*I7 -> 600.3912 | K7: =G7+J7 -> 2624.7849 | M7: =M6+K7-L7 -> 50442.138
A8: 5 | B8: 45874 | E8: 97.75 | F8: 91.23 | G8: =E8*F8 -> 8917.7325 | H8: 7.76 | I8: 103.16 | J8: =H8*I8 -> 800.5216 | K8: =G8+J8 -> 9718.2541 | M8: =M7+K8-L8 -> 60160.392
A9: 6 | B9: 45875 | E9: 0 | F9: 0 | G9: =E9*F9 -> 0 | H9: 0 | I9: 0 | J9: =H9*I9 -> 0 | K9: =G9+J9 -> 0 | M9: =M8+K9-L9 -> 60160.392
A10: 7 | B10: 45876 | E10: 35 | F10: 91.23 | G10: =E10*F10 -> 3193.05 | H10: 0 | I10: 0 | J10: =H10*I10 -> 0 | K10: =G10+J10 -> 3193.05 | M10: =M9+K10-L10 -> 63353.442
A11: 8 | B11: 45877 | E11: 35 | F11: 91.23 | G11: =E11*F11 -> 3193.05 | H11: 0 | I11: 0 | J11: =H11*I11 -> 0 | K11: =G11+J11 -> 3193.05 | M11: =M10+K11-L11 -> 66546.492
A12: 9 | B12: 45878 | E12: 0 | F12: 91.23 | G12: =E12*F12 -> 0 | H12: 0 | I12: 0 | J12: =H12*I12 -> 0 | K12: =G12+J12 -> 0 | M12: =M11+K12-L12 -> 66546.492
A13: 10 | B13: 45879 | E13: 50 | F13: 91.23 | G13: =E13*F13 -> 4561.5 | H13: 3.4 | I13: 103.16 | J13: =H13*I13 -> 350.744 | K13: =G13+J13 -> 4912.244 | M13: =M12+K13-L13 -> 71458.736
A14: 11 | B14: 45880 | E14: 200 | F14: 91.23 | G14: =E14*F14 -> 18246 | H14: 0 | I14: 0 | J14: =H14*I14 -> 0 | K14: =G14+J14 -> 18246 | M14: =M13+K14-L14 -> 89704.736
A15: 12 | B15: 45881 | E15: 35 | F15: 91.23 | G15: =E15*F15 -> 3193.05 | H15: 0 | I15: 0 | J15: =H15*I15 -> 0 | K15: =G15+J15 -> 3193.05 | M15: =M14+K15-L15 -> 92897.786
A16: 13 | B16: 45882 | E16: 177.3 | F16: 91.23 | G16: =E16*F16 -> 16175.079 | H16: 5 | I16: 103.16 | J16: =H16*I16 -> 515.8 | K16: =G16+J16 -> 16690.879 | M16: =M15+K16-L16 -> 109588.67
A17: 14 | B17: 45883 | E17: 142.2 | F17: 91.23 | G17: =E17*F17 -> 12972.906 | H17: 7.76 | I17: 103.16 | J17: =H17*I17 -> 800.5216 | K17: =G17+J17 -> 13773.428 | M17: =M16+K17-L17 -> 123362.09
A18: 15 | B18: 45884 | E18: 0 | F18: 91.23 | G18: =E18*F18 -> 0 | H18: 0 | I18: 0 | J18: =H18*I18 -> 0 | K18: =G18+J18 -> 0 | M18: =M17+K18-L18 -> 123362.09
... A25: 22 | B25: 45891 | E25: 0 | F25: 0 | G25: =E25*F25 -> 0 | H25: 5 | I25: 103.16 | J25: =H25*I25 -> 515.8 | K25: =G25+J25 -> 515.8 | M25: =M24+K25-L25 -> 165648.73
A26: 23 | B26: 45892 | E26: 0 | F26: 0 | G26: =E26*F26 -> 0 | H26: 0 | I26: 0 | J26: =H26*I26 -> 0 | K26: =G26+J26 -> 0 | M26: =M25+K26-L26 -> 165648.73 | O26: 51702
A27: 24 | B27: 45893 | E27: 0 | F27: 0 | G27: =E27*F27 -> 0 | H27: 0 | I27: 0 | J27: =H27*I27 -> 0 | K27: =G27+J27 -> 0 | M27: =M26+K27-L27 -> 165648.73
A28: 25 | B28: 45894 | E28: 100 | F28: 91.23 | G28: =E28*F28 -> 9123 | H28: 0 | I28: 0 | J28: =H28*I28 -> 0 | K28: =G28+J28 -> 9123 | M28: =M27+K28-L28 -> 174771.73
A29: 26 | B29: 45895 | E29: 63.14 | F29: 91.23 | G29: =E29*F29 -> 5760.2622 | H29: 0 | I29: 0 | J29: =H29*I29 -> 0 | K29: =G29+J29 -> 5760.2622 | M29: =M28+K29-L29 -> 180531.99
A30: 27 | B30: 45896 | E30: 0 | F30: 0 | G30: =E30*F30 -> 0 | H30: 0 | I30: 0 | J30: =H30*I30 -> 0 | K30: =G30+J30 -> 0 | M30: =M29+K30-L30 -> 180531.99
A31: 28 | B31: 45897 | E31: 75.64 | F31: 91.23 | G31: =E31*F31 -> 6900.6372 | H31: 0 | I31: 0 | J31: =H31*I31 -> 0 | K31: =G31+J31 -> 6900.6372 | M31: =M30+K31-L31 -> 187432.63
A32: 29 | B32: 45898 | E32: 0 | F32: 0 | G32: =E32*F32 -> 0 | H32: 9.84 | I32: 103.16 | J32: =H32*I32 -> 1015.0944 | K32: =G32+J32 -> 1015.0944 | M32: =M31+K32-L32 -> 188447.72
A33: 30 | B33: 45899 | E33: 0 | F33: 0 | G33: =E33*F33 -> 0 | H33: 5 | I33: 103.16 | J33: =H33*I33 -> 515.8 | K33: =G33+J33 -> 515.8 | M33: =M32+K33-L33 -> 188963.52
A34: 31 | B34: 45900 | E34: 0 | F34: 0 | G34: =E34*F34 -> 0 | H34: 0 | I34: 0 | J34: =H34*I34 -> 0 | K34: =G34+J34 -> 0 | M34: =M33+K34-L34 -> 188963.52
E35: =SUM(E4:E34) -> 1932.57 | G35: =SUM(G4:G34) -> 176308.36 | H35: =SUM(H4:H34) -> 68.72 | J35: =SUM(J4:J34) -> 7089.1552 | K35: =SUM(K4:K34) -> 183397.52 | L35: =SUM(L4:L31) -> 100000

Sheet Sindagi
A1: G.P.PORWAL
A2: S.No | B2: Date | C2: GRN No | D2: Ind no/Bill No | E2: Diesel (Lts) | F2: Price | G2: Amount | H2: Petrol (Lts) | I2: Price | J2: Amount | K2: Total amount | L2: Amount paid | M2: As on Date | N2: Remarks
A3: Opening Balance | M3: 908.2041
A4: 1 | B4: 45870 | E4: 300 | F4: 91.23 | G4: =E4*F4 -> 27369 | H4: 0 | I4: 0 | J4: =H4*I4 -> 0 | K4: =G4+J4 -> 27369 | L4: 0 | M4: =M3+K4-L4 -> 28277.204 | O4: 908.2041
A5: 2 | B5: 45871 | E5: 0 | F5: 0 | G5: =E5*F5 -> 0 | H5: 0 | I5: 0 | J5: =H5*I5 -> 0 | K5: =G5+J5 -> 0 | L5: 0 | M5: =M4+K5-L5 -> 28277.204
A6: 3 | B6: 45872 | E6: 0 | F6: 0 | G6: =E6*F6 -> 0 | H6: 0 | I6: 0 | J6: =H6*I6 -> 0 | K6: =G6+J6 -> 0 | L6: 0 | M6: =M5+K6-L6 -> 28277.204
A7: 4 | B7: 45873 | E7: 0 | F7: 0 | G7: =E7*F7 -> 0 | H7: 6 | I7: 110.47 | J7: =H7*I7 -> 662.82 | K7: =G7+J7 -> 662.82 | L7: 0 | M7: =M6+K7-L7 -> 28940.024
A8: 5 | B8: 45874 | E8: 0 | F8: 0 | G8: =E8*F8 -> 0 | H8: 0 | I8: 0 | J8: =H8*I8 -> 0 | K8: =G8+J8 -> 0 | L8: 0 | M8: =M7+K8-L8 -> 28940.024
A9: 6 | B9: 45875 | E9: 0 | F9: 0 | G9: =E9*F9 -> 0 | H9: 0 | I9: 0 | J9: =H9*I9 -> 0 | K9: =G9+J9 -> 0 | L9: 0 | M9: =M8+K9-L9 -> 28940.024
A10: 7 | B10: 45876 | E10: 0 | F10: 0 | G10: =E10*F10 -> 0 | H10: 0 | I10: 0 | J10: =H10*I10 -> 0 | K10: =G10+J10 -> 0 | L10: 28913.3 | M10: =M9+K10-L10 -> 26.7241
A11: 8 | B11: 45877 | E11: 0 | F11: 0 | G11: =E11*F11 -> 0 | H11: 0 | I11: 0 | J11: =H11*I11 -> 0 | K11: =G11+J11 -> 0 | L11: 0 | M11: =M10+K11-L11 -> 26.7241 | P11: =P10+N11-O11 -> 0
A12: 9 | B12: 45878 | E12: 210.03 | F12: 91.23 | G12: =E12*F12 -> 19161.037 | H12: 0 | I12: 0 | J12: =H12*I12 -> 0 | K12: =G12+J12 -> 19161.037 | L12: 0 | M12: =M11+K12-L12 -> 19187.761
A13: 10 | B13: 45879 | E13: 0 | F13: 0 | G13: =E13*F13 -> 0 | H13: 0 | I13: 0 | J13: =H13*I13 -> 0 | K13: =G13+J13 -> 0 | L13: 0 | M13: =M12+K13-L13 -> 19187.761
A14: 11 | B14: 45880 | E14: 0 | F14: 0 | G14: =E14*F14 -> 0 | H14: 0 | I14: 0 | J14: =H14*I14 -> 0 | K14: =G14+J14 -> 0 | L14: 0 | M14: =M13+K14-L14 -> 19187.761
A15: 12 | B15: 45881 | E15: 0 | F15: 0 | G15: =E15*F15 -> 0 | H15: 0 | I15: 0 | J15: =H15*I15 -> 0 | K15: =G15+J15 -> 0 | L15: 0 | M15: =M14+K15-L15 -> 19187.761
A16: 13 | B16: 45882 | E16: 0 | F16: 0 | G16: =E16*F16 -> 0 | H16: 0 | I16: 0 | J16: =H16*I16 -> 0 | K16: =G16+J16 -> 0 | L16: 0 | M16: =M15+K16-L16 -> 19187.761
A17: 14 | B17: 45883 | E17: 107.01 | F17: 91.23 | G17: =E17*F17 -> 9762.5223 | H17: 0 | I17: 0 | J17: =H17*I17 -> 0 | K17: =G17+J17 -> 9762.5223 | L17: 0 | M17: =M16+K17-L17 -> 28950.283
A18: 15 | B18: 45884 | E18: 0 | F18: 0 | G18: =E18*F18 -> 0 | H18: 0 | I18: 0 | J18: =H18*I18 -> 0 | K18: =G18+J18 -> 0 | L18: 0 | M18: =M17+K18-L18 -> 28950.283
A19: 16 | B19: 45885 | E19: 0 | F19: 0 | G19: =E19*F19 -> 0 | H19: 0 | I19: 0 | J19: =H19*I19 -> 0 | K19: =G19+J19 -> 0 | L19: 0 | M19: =M18+K19-L19 -> 28950.283
A20: 17 | B20: 45886 | E20: 0 | F20: 0 | G20: =E20*F20 -> 0 | H20: 0 | I20: 0 | J20: =H20*I20 -> 0 | K20: =G20+J20 -> 0 | L20: 0 | M20: =M19+K20-L20 -> 28950.283
A21: 18 | B21: 45887 | E21: 0 | F21: 0 | G21: =E21*F21 -> 0 | H21: 0 | I21: 0 | J21: =H21*I21 -> 0 | K21: =G21+J21 -> 0 | L21: 0 | M21: =M20+K21-L21 -> 28950.283
A22: 19 | B22: 45888 | E22: 0 | F22: 0 | G22: =E22*F22 -> 0 | H22: 0 | I22: 0 | J22: =H22*I22 -> 0 | K22: =G22+J22 -> 0 | L22: 28919.91 | M22: =M21+K22-L22 -> 30.3733
A23: 20 | B23: 45889 | E23: 0 | F23: 0 | G23: =E23*F23 -> 0 | H23: 0 | I23: 0 | J23: =H23*I23 -> 0 | K23: =G23+J23 -> 0 | L23: 0 | M23: =M22+K23-L23 -> 30.3733
... A32: 29 | B32: 45898 | E32: 0 | F32: 0 | G32: =E32*F32 -> 0 | H32: 0 | I32: 0 | J32: =H32*I32 -> 0 | K32: =G32+J32 -> 0 | L32: 0 | M32: =M31+K32-L32 -> 22937.833
A33: 30 | B33: 45899 | E33: 0 | F33: 0 | G33: 0 | H33: 15 | I33: 110.47 | J33: =H33*I33 -> 1657.05 | K33: =G33+J33 -> 1657.05 | L33: 0 | M33: =M32+K33-L33 -> 24594.883
A34: 31 | B34: 45900 | E34: 79.82 | F34: 91.23 | G34: =E34*F34 -> 7281.9786 | H34: 0 | I34: 0 | J34: =H34*I34 -> 0 | K34: =G34+J34 -> 7281.9786 | L34: 0 | M34: =M33+K34-L34 -> 31876.861
A35: 34 | E35: 0 | F35: 0 | G35: =E35*F35 -> 0 | H35: 0 | I35: 0 | J35: =H35*I35 -> 0 | K35: =G35+J35 -> 0 | L35: 0 | M35: =M34+K35-L35 -> 31876.861
A36: 35 | E36: 0 | F36: 0 | G36: =E36*F36 -> 0 | H36: 0 | I36: 0 | J36: =H36*I36 -> 0 | K36: =G36+J36 -> 0 | L36: 0 | M36: =M35+K36-L36 -> 31876.861
A37: 36 | E37: 0 | F37: 0 | G37: =E37*F37 -> 0 | H37: 0 | I37: 0 | J37: =H37*I37 -> 0 | K37: =G37+J37 -> 0 | L37: 0 | M37: =M36+K37-L37 -> 31876.861
A38: 37 | E38: 0 | F38: 0 | G38: =E38*F38 -> 0 | H38: 0 | I38: 0 | J38: =H38*I38 -> 0 | K38: =G38+J38 -> 0 | L38: 0 | M38: =M37+K38-L38 -> 31876.861
A39: 38 | E39: 0 | F39: 0 | G39: =E39*F39 -> 0 | H39: 0 | I39: 0 | J39: =H39*I39 -> 0 | K39: =G39+J39 -> 0 | L39: 0 | M39: =M38+K39-L39 -> 31876.861
A40: 39 | E40: 0 | F40: 0 | G40: =E40*F40 -> 0 | H40: 0 | I40: 0 | J40: =H40*I40 -> 0 | K40: =G40+J40 -> 0 | L40: 0 | M40: =M39+K40-L40 -> 31876.861
A41: 40 | E41: 0 | F41: 0 | G41: =E41*F41 -> 0 | H41: 0 | I41: 0 | J41: =H41*I41 -> 0 | K41: =G41+J41 -> 0 | L41: 0 | M41: =M40+K41-L41 -> 31876.861
A42: 41 | E42: 0 | F42: 0 | G42: =E42*F42 -> 0 | H42: 0 | I42: 0 | J42: =H42*I42 -> 0 | K42: =G42+J42 -> 0 | L42: 0 | M42: =M41+K42-L42 -> 31876.861
A43: 42 | E43: 0 | F43: 0 | G43: =E43*F43 -> 0 | H43: 0 | I43: 0 | J43: =H43*I43 -> 0 | K43: =G43+J43 -> 0 | L43: 0 | M43: =M42+K43-L43 -> 31876.861
E44: =SUM(E4:E43) -> 936.21 | G44: =SUM(G4:G43) -> 85410.438 | H44: =SUM(H4:H43) -> 30.7 | J44: =SUM(J4:J43) -> 3391.429 | K44: =SUM(K4:K43) -> 88801.867 | L44: =SUM(L4:L43) -> 57833.21 | M44: =SUM(M4:M43) -> 868520.28

Sheet Alemela
A1: Shiddeshwar Petroleums
A2: S.No | B2: Date | C2: GRN No | D2: Ind no/Bill No | E2: Diesel (Lts) | F2: Price | G2: Amount | H2: Petrol (Lts) | I2: Price | J2: Amount | K2: Total amount | L2: Amount paid | M2: As on Date | N2: Remarks
A3: Opening Balance | M3: 20963.168
A4: 1 | B4: 01.8.2025 | E4: 60 | F4: 91.33 | G4: =E4*F4 -> 5479.8 | H4: 5 | I4: 103.26 | J4: =H4*I4 -> 516.3 | K4: =G4+J4 -> 5996.1 | L4: 0 | M4: =M3+K4-L4 -> 26959.268 | N4: IOCL Card
A5: 2 | B5: 02.8.2025 | E5: 80 | F5: 91.33 | G5: =E5*F5 -> 7306.4 | H5: 5 | I5: 103.26 | J5: =H5*I5 -> 516.3 | K5: =G5+J5 -> 7822.7 | L5: 0 | M5: =M4+K5-L5 -> 34781.968 | N5: IOCL Card
A6: 3 | E6: 0 | F6: 0 | G6: =E6*F6 -> 0 | H6: 0 | I6: 103.26 | J6: =H6*I6 -> 0 | K6: =G6+J6 -> 0 | L6: 0 | M6: =M5+K6-L6 -> 34781.968 | N6: IOCL Card
A7: 4 | B7: 04.08.2025 | E7: 163.57 | F7: 91.33 | G7: =E7*F7 -> 14938.848 | H7: 17.93 | I7: 103.26 | J7: =H7*I7 -> 1851.4518 | K7: =G7+J7 -> 16790.3 | L7: 0 | M7: =M6+K7-L7 -> 51572.268 | N7: IOCL Card
A8: 5 | B8: 05.08.2025 | E8: 0 | F8: 0 | G8: =E8*F8 -> 0 | H8: 9 | I8: 103.26 | J8: =H8*I8 -> 929.34 | K8: =G8+J8 -> 929.34 | L8: 30000 | M8: =M7+K8-L8 -> 22501.608 | N8: IOCL Card
A9: 6 | B9: 06.08.2025 | E9: 140 | F9: 91.33 | G9: =E9*F9 -> 12786.2 | H9: 31 | I9: 103.26 | J9: =H9*I9 -> 3201.06 | K9: =G9+J9 -> 15987.26 | L9: 0 | M9: =M8+K9-L9 -> 38488.868 | N9: IOCL Card
A10: 7 | B10: 07.08.2025 | E10: 20 | F10: 91.33 | G10: =E10*F10 -> 1826.6 | H10: 5 | I10: 103.26 | J10: =H10*I10 -> 516.3 | K10: =G10+J10 -> 2342.9 | L10: 0 | M10: =M9+K10-L10 -> 40831.768 | N10: IOCL Card
A11: 8 | B11: 08.08.2025 | E11: 0 | F11: 0 | G11: =E11*F11 -> 0 | H11: 5 | I11: 103.26 | J11: =H11*I11 -> 516.3 | K11: =G11+J11 -> 516.3 | L11: 0 | M11: =M10+K11-L11 -> 41348.068 | N11: IOCL Card
A12: 9 | B12: 09.08.2025 | E12: 63.35 | F12: 91.33 | G12: =E12*F12 -> 5785.7555 | H12: 0 | I12: 103.26 | J12: =H12*I12 -> 0 | K12: =G12+J12 -> 5785.7555 | L12: 0 | M12: =M11+K12-L12 -> 47133.823 | N12: IOCL Card
A13: 10 | B13: 11.08.2025 | E13: 20 | F13: 91.33 | G13: =E13*F13 -> 1826.6 | H13: 10 | I13: 103.26 | J13: =H13*I13 -> 1032.6 | K13: =G13+J13 -> 2859.2 | L13: 40000 | M13: =M12+K13-L13 -> 9993.0231 | N13: IOCL Card
A14: 11 | B14: 12.08.2025 | E14: 134.53 | F14: 91.33 | G14: =E14*F14 -> 12286.625 | H14: 0 | I14: 103.26 | J14: =H14*I14 -> 0 | K14: =G14+J14 -> 12286.625 | L14: 0 | M14: =M13+K14-L14 -> 22279.648 | N14: IOCL Card
A15: 12 | B15: 13.08.2025 | E15: 40 | F15: 91.33 | G15: =E15*F15 -> 3653.2 | H15: 5 | I15: 103.26 | J15: =H15*I15 -> 516.3 | K15: =G15+J15 -> 4169.5 | L15: 0 | M15: =M14+K15-L15 -> 26449.148 | N15: IOCL Card
A16: 13 | B16: 14.08.2025 | E16: 40.23 | F16: 91.33 | G16: =E16*F16 -> 3674.2059 | H16: 3 | I16: 103.26 | J16: =H16*I16 -> 309.78 | K16: =G16+J16 -> 3983.9859 | L16: 20000 | M16: =M15+K16-L16 -> 10433.134 | N16: IOCL Card
A17: 14 | B17: 15.08.2025 | E17: 30 | F17: 91.33 | G17: =E17*F17 -> 2739.9 | H17: 0 | I17: 0 | J17: =H17*I17 -> 0 | K17: =G17+J17 -> 2739.9 | L17: 0 | M17: =M16+K17-L17 -> 13173.034 | N17: IOCL Card
A18: 15 | B18: 16.08.2025 | E18: 20 | F18: 91.33 | G18: =E18*F18 -> 1826.6 | H18: 3 | I18: 103.26 | J18: =H18*I18 -> 309.78 | K18: =G18+J18 -> 2136.38 | L18: 0 | M18: =M17+K18-L18 -> 15309.414 | N18: IOCL Card
... A22: 19 | B22: 20.08.2025 | E22: 0 | F22: 0 | G22: =E22*F22 -> 0 | H22: 0 | I22: 0 | J22: =H22*I22 -> 0 | K22: =G22+J22 -> 0 | L22: 0 | M22: =M21+K22-L22 -> 22012.294 | N22: IOCL Card
A23: 20 | B23: 21.08.2025 | E23: 40 | F23: 91.33 | G23: =E23*F23 -> 3653.2 | H23: 12 | I23: 103.26 | J23: =H23*I23 -> 1239.12 | K23: =G23+J23 -> 4892.32 | L23: 0 | M23: =M22+K23-L23 -> 26904.614
A24: 21 | B24: 22.08.2025 | E24: 0 | F24: 0 | G24: =E24*F24 -> 0 | H24: 6 | I24: 103.26 | J24: =H24*I24 -> 619.56 | K24: =G24+J24 -> 619.56 | L24: 0 | M24: =M23+K24-L24 -> 27524.174
A25: 22 | B25: 25.08.2025 | E25: 30 | F25: 91.33 | G25: =E25*F25 -> 2739.9 | H25: 0 | I25: 0 | J25: =H25*I25 -> 0 | K25: =G25+J25 -> 2739.9 | L25: 0 | M25: =M24+K25-L25 -> 30264.074
A26: 23 | B26: 26.08.2025 | E26: 40 | F26: 91.33 | G26: =E26*F26 -> 3653.2 | H26: 5 | I26: 103.26 | J26: =H26*I26 -> 516.3 | K26: =G26+J26 -> 4169.5 | L26: 0 | M26: =M25+K26-L26 -> 34433.574
A27: 24 | B27: 28.08.2025 | E27: 30 | F27: 91.33 | G27: =E27*F27 -> 2739.9 | H27: 0 | I27: 0 | J27: =H27*I27 -> 0 | K27: =G27+J27 -> 2739.9 | L27: 0 | M27: =M26+K27-L27 -> 37173.474
A28: 25 | E28: 0 | F28: 0 | G28: =E28*F28 -> 0 | H28: 0 | I28: 0 | J28: =H28*I28 -> 0 | K28: =G28+J28 -> 0 | L28: 0 | M28: =M27+K28-L28 -> 37173.474
A29: 26 | E29: 0 | F29: 0 | G29: =E29*F29 -> 0 | H29: 0 | I29: 0 | J29: =H29*I29 -> 0 | K29: =G29+J29 -> 0 | L29: 0 | M29: =M28+K29-L29 -> 37173.474
A30: 27 | E30: 0 | F30: 0 | G30: =E30*F30 -> 0 | H30: 0 | I30: 0 | J30: =H30*I30 -> 0 | K30: =G30+J30 -> 0 | L30: 0 | M30: =M29+K30-L30 -> 37173.474
A31: 28 | E31: 0 | F31: 0 | G31: =E31*F31 -> 0 | H31: 0 | I31: 0 | J31: =H31*I31 -> 0 | K31: =G31+J31 -> 0 | L31: 0 | M31: =M30+K31-L31 -> 37173.474
A32: 29 | E32: 0 | F32: 0 | G32: =E32*F32 -> 0 | H32: 0 | I32: 0 | J32: =H32*I32 -> 0 | K32: =G32+J32 -> 0 | L32: 0 | M32: =M31+K32-L32 -> 37173.474
A33: 30 | E33: 0 | F33: 0 | G33: =E33*F33 -> 0 | H33: 0 | I33: 0 | J33: =H33*I33 -> 0 | K33: =G33+J33 -> 0 | L33: 0 | M33: =M32+K33-L33 -> 37173.474
A34: 31 | E34: 0 | F34: 0 | G34: =E34*F34 -> 0 | H34: 0 | I34: 0 | J34: =H34*I34 -> 0 | K34: =G34+J34 -> 0 | L34: 0 | M34: =M33+K34-L34 -> 37173.474
A35: 35 | E35: 0 | F35: 0 | G35: =E35*F35 -> 0 | H35: 0 | I35: 0 | J35: =H35*I35 -> 0 | K35: =G35+J35 -> 0 | L35: 0 | M35: =M34+K35-L35 -> 37173.474
A36: 36 | E36: 0 | F36: 0 | G36: =E36*F36 -> 0 | H36: 0 | I36: 0 | J36: =H36*I36 -> 0 | K36: =G36+J36 -> 0 | L36: =+K36 -> 0 | M36: =M35+K36-L36 -> 37173.474
A37: 37 | E37: 0 | F37: 0 | G37: =E37*F37 -> 0 | H37: 0 | I37: 0 | J37: =H37*I37 -> 0 | K37: =G37+J37 -> 0 | L37: =+K37 -> 0 | M37: =M36+K37-L37 -> 37173.474
A38: 38 | E38: 0 | F38: 0 | G38: =E38*F38 -> 0 | H38: 0 | I38: 0 | J38: =H38*I38 -> 0 | K38: =G38+J38 -> 0 | L38: =+K38 -> 0 | M38: =M37+K38-L38 -> 37173.474
A39: 39 | E39: 0 | F39: 0 | G39: =E39*F39 -> 0 | H39: 0 | I39: 0 | J39: =H39*I39 -> 0 | K39: =G39+J39 -> 0 | L39: =+K39 -> 0 | M39: =M38+K39-L39 -> 37173.474
A40: 40 | E40: 0 | F40: 0 | G40: =E40*F40 -> 0 | H40: 0 | I40: 0 | J40: =H40*I40 -> 0 | K40: =G40+J40 -> 0 | L40: =+K40 -> 0 | M40: =M39+K40-L40 -> 37173.474
A41: 41 | E41: 0 | F41: 0 | G41: =E41*F41 -> 0 | H41: 0 | I41: 0 | J41: =H41*I41 -> 0 | K41: =G41+J41 -> 0 | L41: =+K41 -> 0 | M41: =M40+K41-L41 -> 37173.474
A42: 42 | E42: 0 | F42: 0 | G42: =E42*F42 -> 0 | J42: =H42*I42 -> 0 | K42: =G42+J42 -> 0 | L42: =+K42 -> 0 | M42: =M41+K42-L42 -> 37173.474
E43: =SUM(E4:E42) -> 1021.68 | G43: =SUM(G4:G42) -> 93310.034 | H43: =SUM(H4:H42) -> 124.93 | J43: =SUM(J4:J42) -> 12900.272 | K43: =SUM(K4:K42) -> 106210.31 | L43: =SUM(L4:L42) -> 90000
L46: 41648.541
L47: =L43+L46 -> 131648.54

Sheet Nalatwad
A1: Shri Pawad Basaweshwar Petroleums
A2: S.No | B2: Date | C2: GRN No | D2: Ind no/Bill No | E2: Diesel (Lts) | F2: Price | G2: Amount | H2: Petrol (Lts) | I2: Price | J2: Amount | K2: Total amount | L2: Amount paid | M2: As on Date | N2: Remarks
A3: Opening Balance | M3: 49509.853
A4: 1 | B4: 45870 | E4: 72.74 | F4: 91.62 | G4: =E4*F4 -> 6664.4388 | H4: 0 | I4: 0 | J4: =H4*I4 -> 0 | K4: =G4+J4 -> 6664.4388 | L4: 35000 | M4: =M3+K4-L4 -> 21174.291 | N4: IOCL Card
A5: 2 | B5: 45871 | E5: 85.91 | F5: 91.62 | G5: =E5*F5 -> 7871.0742 | H5: 0 | I5: 0 | J5: =H5*I5 -> 0 | K5: =G5+J5 -> 7871.0742 | L5: 0 | M5: =M4+K5-L5 -> 29045.366 | N5: IOCL Card
A6: 3 | B6: 45872 | E6: 75 | F6: 91.62 | G6: =E6*F6 -> 6871.5 | H6: 0 | I6: 0 | J6: =H6*I6 -> 0 | K6: =G6+J6 -> 6871.5 | L6: 0 | M6: =M5+K6-L6 -> 35916.866 | N6: IOCL Card
A7: 4 | B7: 45873 | E7: 20 | F7: 91.62 | G7: =E7*F7 -> 1832.4 | H7: 20 | I7: 103.57 | J7: =H7*I7 -> 2071.4 | K7: =G7+J7 -> 3903.8 | L7: 0 | M7: =M6+K7-L7 -> 39820.666 | N7: IOCL Card
A8: 5 | B8: 45874 | E8: 125 | F8: 91.62 | G8: =E8*F8 -> 11452.5 | H8: 0 | I8: 0 | J8: =H8*I8 -> 0 | K8: =G8+J8 -> 11452.5 | L8: 0 | M8: =M7+K8-L8 -> 51273.166 | N8: IOCL Card
A9: 6 | B9: 45875 | E9: 83.94 | F9: 91.62 | G9: =E9*F9 -> 7690.5828 | H9: 0 | I9: 0 | J9: =H9*I9 -> 0 | K9: =G9+J9 -> 7690.5828 | L9: 0 | M9: =M8+K9-L9 -> 58963.748 | N9: IOCL Card
A10: 7 | B10: 45876 | E10: 92.74 | F10: 91.62 | G10: =E10*F10 -> 8496.8388 | H10: 4.83 | I10: 103.57 | J10: =H10*I10 -> 500.2431 | K10: =G10+J10 -> 8997.0819 | L10: 0 | M10: =M9+K10-L10 -> 67960.83 | N10: IOCL Card
A11: 8 | B11: 45877 | E11: 87.29 | F11: 91.62 | G11: =E11*F11 -> 7997.5098 | H11: 3.86 | I11: 103.57 | J11: =H11*I11 -> 399.7802 | K11: =G11+J11 -> 8397.29 | L11: 0 | M11: =M10+K11-L11 -> 76358.12 | N11: IOCL Card
A12: 9 | B12: 45878 | E12: 60 | F12: 91.62 | G12: =E12*F12 -> 5497.2 | H12: 35 | I12: 103.57 | J12: =H12*I12 -> 3624.95 | K12: =G12+J12 -> 9122.15 | L12: 0 | M12: =M11+K12-L12 -> 85480.27 | N12: IOCL Card
A13: 10 | B13: 45879 | E13: 112.74 | F13: 91.62 | G13: =E13*F13 -> 10329.239 | H13: 0 | I13: 0 | J13: =H13*I13 -> 0 | K13: =G13+J13 -> 10329.239 | L13: 0 | M13: =M12+K13-L13 -> 95809.509 | N13: IOCL Card
A14: 11 | B14: 45880 | E14: 50 | F14: 91.62 | G14: =E14*F14 -> 4581 | H14: 0 | I14: 0 | J14: =H14*I14 -> 0 | K14: =G14+J14 -> 4581 | L14: 0 | M14: =M13+K14-L14 -> 100390.51 | N14: IOCL Card
A15: 12 | B15: 45881 | E15: 0 | F15: 91.62 | G15: =E15*F15 -> 0 | H15: 0 | I15: 0 | J15: =H15*I15 -> 0 | K15: =G15+J15 -> 0 | L15: 80000 | M15: =M14+K15-L15 -> 20390.509 | N15: IOCL Card
... A20: 17 | B20: 45886 | E20: 110.87 | F20: 91.62 | G20: =E20*F20 -> 10157.909 | H20: 0 | I20: 0 | J20: =H20*I20 -> 0 | K20: =G20+J20 -> 10157.909 | L20: 0 | M20: =M19+K20-L20 -> 66517.258 | N20: IOCL Card
A21: 18 | B21: 45887 | E21: 0 | F21: 91.62 | G21: =E21*F21 -> 0 | H21: 0 | I21: 0 | J21: =H21*I21 -> 0 | K21: =G21+J21 -> 0 | L21: =+K21 -> 0 | M21: =M20+K21-L21 -> 66517.258 | N21: IOCL Card
A22: 19 | B22: 45888 | E22: 32.74 | F22: 91.62 | G22: =E22*F22 -> 2999.6388 | H22: 0 | I22: 0 | J22: =H22*I22 -> 0 | K22: =G22+J22 -> 2999.6388 | L22: 0 | M22: =M21+K22-L22 -> 69516.897 | N22: IOCL Card
A23: 20 | B23: 45889 | E23: 37.11 | F23: 91.62 | G23: =E23*F23 -> 3400.0182 | H23: 0 | I23: 0 | J23: =H23*I23 -> 0 | K23: =G23+J23 -> 3400.0182 | L23: 0 | M23: =M22+K23-L23 -> 72916.915
A24: 21 | B24: 45890 | E24: 82.12 | F24: 91.62 | G24: =E24*F24 -> 7523.8344 | H24: 0 | I24: 0 | J24: =H24*I24 -> 0 | K24: =G24+J24 -> 7523.8344 | L24: 0 | M24: =M23+K24-L24 -> 80440.749
A25: 22 | B25: 45891 | E25: 20 | F25: 91.62 | G25: =E25*F25 -> 1832.4 | H25: 4.83 | I25: 103.57 | J25: =H25*I25 -> 500.2431 | K25: =G25+J25 -> 2332.6431 | L25: 0 | M25: =M24+K25-L25 -> 82773.392
A26: 23 | B26: 45892 | E26: 32.74 | F26: 91.62 | G26: =E26*F26 -> 2999.6388 | H26: 0 | I26: 0 | J26: =H26*I26 -> 0 | K26: =G26+J26 -> 2999.6388 | L26: 0 | M26: =M25+K26-L26 -> 85773.031
A27: 24 | B27: 45893 | E27: 37.5 | F27: 91.62 | G27: =E27*F27 -> 3435.75 | H27: 0 | I27: 0 | J27: =H27*I27 -> 0 | K27: =G27+J27 -> 3435.75 | L27: 0 | M27: =M26+K27-L27 -> 89208.781
A28: 25 | B28: 45894 | E28: 73.39 | F28: 91.62 | G28: =E28*F28 -> 6723.9918 | H28: 0 | I28: 0 | J28: =H28*I28 -> 0 | K28: =G28+J28 -> 6723.9918 | L28: 0 | M28: =M27+K28-L28 -> 95932.773
A29: 26 | B29: 45895 | E29: 0 | F29: 0 | G29: =E29*F29 -> 0 | H29: 0 | I29: 0 | J29: =H29*I29 -> 0 | K29: =G29+J29 -> 0 | L29: =+K29 -> 0 | M29: =M28+K29-L29 -> 95932.773
A30: 27 | B30: 45896 | E30: 0 | F30: 0 | G30: =E30*F30 -> 0 | H30: 0 | I30: 0 | J30: =H30*I30 -> 0 | K30: =G30+J30 -> 0 | L30: =+K30 -> 0 | M30: =M29+K30-L30 -> 95932.773
A31: 28 | B31: 45897 | E31: 47.74 | F31: 91.62 | G31: =E31*F31 -> 4373.9388 | H31: 0 | I31: 0 | J31: =H31*I31 -> 0 | K31: =G31+J31 -> 4373.9388 | L31: 0 | M31: =M30+K31-L31 -> 100306.71
A32: 29 | B32: 45898 | E32: 50 | F32: 91.62 | G32: =E32*F32 -> 4581 | H32: 14.83 | I32: 103.54 | J32: =H32*I32 -> 1535.4982 | K32: =G32+J32 -> 6116.4982 | L32: 0 | M32: =M31+K32-L32 -> 106423.21
A33: 30 | B33: 45899 | E33: 99.12 | F33: 91.62 | G33: =E33*F33 -> 9081.3744 | H33: 10 | I33: 103.54 | J33: =H33*I33 -> 1035.4 | K33: =G33+J33 -> 10116.774 | L33: 0 | M33: =M32+K33-L33 -> 116539.98
A34: 31 | B34: 45900 | E34: 37.11 | F34: 91.62 | G34: =E34*F34 -> 3400.0182 | H34: 0 | I34: 0 | J34: =H34*I34 -> 0 | K34: =G34+J34 -> 3400.0182 | L34: 0 | M34: =M33+K34-L34 -> 119940
A35: 35 | E35: 0 | F35: 0 | G35: =E35*F35 -> 0 | H35: 0 | I35: 0 | J35: =H35*I35 -> 0 | K35: =G35+J35 -> 0 | L35: 0 | M35: =M34+K35-L35 -> 119940
A36: 36 | E36: 0 | F36: 0 | G36: =E36*F36 -> 0 | H36: 0 | I36: 0 | J36: =H36*I36 -> 0 | K36: =G36+J36 -> 0 | L36: =+K36 -> 0 | M36: =M35+K36-L36 -> 119940
A37: 37 | E37: 0 | F37: 0 | G37: =E37*F37 -> 0 | H37: 0 | I37: 0 | J37: =H37*I37 -> 0 | K37: =G37+J37 -> 0 | L37: =+K37 -> 0 | M37: =M36+K37-L37 -> 119940
A38: 38 | E38: 0 | F38: 0 | G38: =E38*F38 -> 0 | H38: 0 | I38: 0 | J38: =H38*I38 -> 0 | K38: =G38+J38 -> 0 | L38: =+K38 -> 0 | M38: =M37+K38-L38 -> 119940
A39: 39 | E39: 0 | F39: 0 | G39: =E39*F39 -> 0 | H39: 0 | I39: 0 | J39: =H39*I39 -> 0 | K39: =G39+J39 -> 0 | L39: =+K39 -> 0 | M39: =M38+K39-L39 -> 119940
A40: 40 | E40: 0 | F40: 0 | G40: =E40*F40 -> 0 | H40: 0 | I40: 0 | J40: =H40*I40 -> 0 | K40: =G40+J40 -> 0 | L40: =+K40 -> 0 | M40: 0
A41: 41 | E41: 0 | F41: 0 | G41: =E41*F41 -> 0 | H41: 0 | I41: 0 | J41: =H41*I41 -> 0 | K41: =G41+J41 -> 0 | L41: =+K41 -> 0 | M41: 0
A42: 42 | E42: 0 | F42: 0 | G42: =E42*F42 -> 0 | J42: =H42*I42 -> 0 | K42: =G42+J42 -> 0 | L42: =+K42 -> 0 | M42: 0
E43: =SUM(E4:E42) -> 1873.17 | G43: =SUM(G4:G42) -> 171619.84 | H43: =SUM(H4:H42) -> 133.35 | J43: =SUM(J4:J42) -> 13810.315 | K43: =SUM(K4:K42) -> 185430.15 | L43: =SUM(L4:L42) -> 115000
Q47: 9542400867

Sheet Muddebihal
A1: Bhosle Service Station
A2: S.No | B2: Date | C2: GRN No | D2: Ind no/Bill No | E2: Diesel (Lts) | F2: Price | G2: Amount | H2: Petrol (Lts) | I2: Price | J2: Amount | K2: Total amount | L2: Amount paid | M2: As on Date | N2: Remarks
A3: Opening Balance | M3: 9020.7913
A4: 1 | B4: 1.08.2025 | E4: 132.8 | F4: 91.45 | G4: =E4*F4 -> 12144.56 | H4: 0 | I4: 0 | J4: =H4*I4 -> 0 | K4: =G4+J4 -> 12144.56 | L4: 0 | M4: =M3+K4-L4 -> 21165.351 | N4: IOCL Card
A5: 2 | B5: 2.08.2025 | E5: 21.87 | F5: 91.45 | G5: =E5*F5 -> 2000.0115 | H5: 4.83 | I5: 103.39 | J5: =H5*I5 -> 499.3737 | K5: =G5+J5 -> 2499.3852 | L5: 19688.21 | M5: =M4+K5-L5 -> 3976.5265 | N5: IOCL Card
A6: 3 | B6: 3.08.2025 | E6: 147.61 | F6: 91.45 | G6: =E6*F6 -> 13498.935 | H6: 4.83 | I6: 103.39 | J6: =H6*I6 -> 499.3737 | K6: =G6+J6 -> 13998.308 | L6: 0 | M6: =M5+K6-L6 -> 17974.835 | N6: IOCL Card
A7: 4 | B7: 4.08.2025 | E7: 16.4 | F7: 91.45 | G7: =E7*F7 -> 1499.78 | H7: 0 | I7: 0 | J7: =H7*I7 -> 0 | K7: =G7+J7 -> 1499.78 | L7: 0 | M7: =M6+K7-L7 -> 19474.615 | N7: IOCL Card
A8: 5 | B8: 5.08.2025 | E8: 32.8 | F8: 91.45 | G8: =E8*F8 -> 2999.56 | H8: 0 | I8: 0 | J8: =H8*I8 -> 0 | K8: =G8+J8 -> 2999.56 | L8: 18500 | M8: =M7+K8-L8 -> 3974.1747 | N8: IOCL Card
A9: 6 | B9: 6.08.2025 | E9: 32.8 | F9: 91.45 | G9: =E9*F9 -> 2999.56 | H9: 0 | I9: 0 | J9: =H9*I9 -> 0 | K9: =G9+J9 -> 2999.56 | L9: 0 | M9: =M8+K9-L9 -> 6973.7347 | N9: IOCL Card
A10: 7 | B10: 7.08.2025 | E10: 32.8 | F10: 91.45 | G10: =E10*F10 -> 2999.56 | H10: 0 | I10: 0 | J10: =H10*I10 -> 0 | K10: =G10+J10 -> 2999.56 | L10: 0 | M10: =M9+K10-L10 -> 9973.2947 | N10: IOCL Card
A11: 8 | B11: 8.08.2025 | E11: 62.8 | F11: 91.45 | G11: =E11*F11 -> 5743.06 | H11: 0 | I11: 0 | J11: =H11*I11 -> 0 | K11: =G11+J11 -> 5743.06 | L11: 0 | M11: =M10+K11-L11 -> 15716.355 | N11: IOCL Card
A12: 9 | B12: 9.08.2025 | E12: 0 | F12: 0 | G12: =E12*F12 -> 0 | H12: 4.83 | I12: 103.39 | J12: =H12*I12 -> 499.3737 | K12: =G12+J12 -> 499.3737 | L12: 499.37 | M12: =M11+K12-L12 -> 15716.358 | N12: IOCL Card
A13: 10 | B13: 10.08.2025 | E13: 87.47 | F13: 91.45 | G13: =E13*F13 -> 7999.1315 | H13: 4.83 | I13: 103.39 | J13: =H13*I13 -> 499.3737 | K13: =G13+J13 -> 8498.5052 | L13: 16243.5 | M13: =M12+K13-L13 -> 7971.3636 | N13: IOCL Card
A14: 11 | B14: 11.08.2025 | E14: 159.1 | F14: 91.45 | G14: =E14*F14 -> 14549.695 | H14: 0 | I14: 0 | J14: =H14*I14 -> 0 | K14: =G14+J14 -> 14549.695 | L14: 0 | M14: =M13+K14-L14 -> 22521.059 | N14: IOCL Card
A15: 12 | B15: 12.08.2025 | E15: 0 | F15: 0 | G15: =E15*F15 -> 0 | H15: 4.83 | I15: 103.39 | J15: =H15*I15 -> 499.3737 | K15: =G15+J15 -> 499.3737 | L15: 23050.57 | M15: =M14+K15-L15 -> -30.1377 | N15: IOCL Card
... A20: 17 | B20: 17.08.2025 | E20: 124.64 | F20: 91.45 | G20: =E20*F20 -> 11398.328 | H20: 0 | I20: 0 | J20: =H20*I20 -> 0 | K20: =G20+J20 -> 11398.328 | L20: 0 | M20: =M19+K20-L20 -> 25727.041 | N20: IOCL Card
A21: 18 | B21: 18.08.2025 | E21: 0 | F21: 0 | G21: =E21*F21 -> 0 | H21: 0 | I21: 0 | J21: =H21*I21 -> 0 | K21: =G21+J21 -> 0 | L21: 3000 | M21: =M20+K21-L21 -> 22727.041 | N21: IOCL Card | Q21: =76.54*91.45 -> 6999.583
A22: 19 | B22: 19.08.2025 | E22: 0 | F22: 0 | G22: =E22*F22 -> 0 | H22: 0 | I22: 0 | J22: =H22*I22 -> 0 | K22: =G22+J22 -> 0 | L22: 22727.04 | M22: =M21+K22-L22 -> 0.001 | N22: IOCL Card
A23: 20 | B23: 20.08.2025 | E23: 54.67 | F23: 91.45 | G23: =E23*F23 -> 4999.5715 | H23: 4.83 | I23: 103.39 | J23: =H23*I23 -> 499.3737 | K23: =G23+J23 -> 5498.9452 | L23: 0 | M23: =M22+K23-L23 -> 5498.9462 | N23: IOCL Card
A24: 21 | B24: 21.08.2025 | E24: 132.8 | F24: 91.45 | G24: =E24*F24 -> 12144.56 | H24: 4.83 | I24: 103.39 | J24: =H24*I24 -> 499.3737 | K24: =G24+J24 -> 12643.934 | L24: 0 | M24: =M23+K24-L24 -> 18142.88 | N24: IOCL Card
A25: 22 | B25: 23.08.2025 | E25: 0 | F25: 0 | G25: =E25*F25 -> 0 | H25: 0 | I25: 0 | J25: =H25*I25 -> 0 | K25: =G25+J25 -> 0 | L25: 18000 | M25: =M24+K25-L25 -> 142.8799 | N25: IOCL Card
A26: 23 | B26: 24.08.2025 | E26: 87.47 | F26: 91.45 | G26: =E26*F26 -> 7999.1315 | H26: 0 | I26: 0 | J26: =H26*I26 -> 0 | K26: =G26+J26 -> 7999.1315 | L26: 0 | M26: =M25+K26-L26 -> 8142.0114 | N26: IOCL Card | O26: 14616
A27: 24 | B27: 26.08.2025 | E27: 217.34 | F27: 91.45 | G27: =E27*F27 -> 19875.743 | H27: 9.66 | I27: 103.39 | J27: =H27*I27 -> 998.7474 | K27: =G27+J27 -> 20874.49 | L27: 0 | M27: =M26+K27-L27 -> 29016.502 | N27: IOCL Card
A28: 25 | B28: 27.08.2025 | E28: 65.61 | F28: 91.45 | G28: =E28*F28 -> 6000.0345 | H28: 0 | I28: 0 | J28: =H28*I28 -> 0 | K28: =G28+J28 -> 6000.0345 | L28: 0 | M28: =M27+K28-L28 -> 35016.536 | N28: IOCL Card
A29: 26 | B29: 28.08.2025 | E29: 0 | F29: 0 | G29: =E29*F29 -> 0 | H29: 0 | I29: 0 | J29: =H29*I29 -> 0 | K29: =G29+J29 -> 0 | L29: 10000 | M29: =M28+K29-L29 -> 25016.536 | N29: IOCL Card
A30: 27 | B30: 29.08.2025 | E30: 54.67 | F30: 91.45 | G30: =E30*F30 -> 4999.5715 | H30: 0 | I30: 0 | J30: =H30*I30 -> 0 | K30: =G30+J30 -> 4999.5715 | L30: 0 | M30: =M29+K30-L30 -> 30016.108 | N30: IOCL Card
A31: 28 | B31: 30.08.2025 | E31: 87.47 | F31: 91.45 | G31: =E31*F31 -> 7999.1315 | H31: 0 | I31: 0 | J31: =H31*I31 -> 0 | K31: =G31+J31 -> 7999.1315 | L31: 0 | M31: =M30+K31-L31 -> 38015.239 | N31: IOCL Card
A32: 29 | B32: 31.08.2025 | E32: 76.54 | F32: 91.45 | G32: =E32*F32 -> 6999.583 | H32: 4.83 | I32: 103.39 | J32: =H32*I32 -> 499.3737 | K32: =G32+J32 -> 7498.9567 | L32: 0 | M32: =M31+K32-L32 -> 45514.196 | N32: IOCL Card
A33: 30 | E33: 0 | F33: 0 | G33: =E33*F33 -> 0 | H33: 0 | I33: 0 | J33: =H33*I33 -> 0 | K33: =G33+J33 -> 0 | L33: 0 | M33: =M32+K33-L33 -> 45514.196 | N33: IOCL Card
A34: 31 | E34: 0 | F34: 0 | G34: =E34*F34 -> 0 | H34: 0 | I34: 0 | J34: =H34*I34 -> 0 | K34: =G34+J34 -> 0 | L34: 0 | M34: =M33+K34-L34 -> 45514.196 | N34: IOCL Card
A35: 32 | E35: 0 | F35: 0 | G35: =E35*F35 -> 0 | H35: 0 | I35: 0 | J35: =H35*I35 -> 0 | K35: =G35+J35 -> 0 | L35: 0 | M35: =M34+K35-L35 -> 45514.196 | N35: IOCL Card
A36: 33 | E36: 0 | F36: 0 | G36: =E36*F36 -> 0 | H36: 0 | I36: 0 | J36: =H36*I36 -> 0 | K36: =G36+J36 -> 0 | L36: 0 | M36: =M35+K36-L36 -> 45514.196 | N36: IOCL Card
A37: 34 | E37: 0 | F37: 0 | G37: =E37*F37 -> 0 | H37: 0 | I37: 0 | J37: =H37*I37 -> 0 | K37: =G37+J37 -> 0 | L37: 0 | M37: =M36+K37-L37 -> 45514.196 | N37: IOCL Card
A38: 35 | E38: 0 | F38: 0 | G38: =E38*F38 -> 0 | H38: 0 | I38: 0 | J38: =H38*I38 -> 0 | K38: =G38+J38 -> 0 | L38: 0 | M38: =M37+K38-L38 -> 45514.196
A39: 36 | E39: 0 | F39: 0 | G39: =E39*F39 -> 0 | H39: 0 | I39: 0 | J39: =H39*I39 -> 0 | K39: =G39+J39 -> 0 | L39: 0 | M39: =M38+K39-L39 -> 45514.196
A40: 37 | E40: 0 | F40: 0 | G40: =E40*F40 -> 0 | H40: 0 | I40: 0 | J40: =H40*I40 -> 0 | K40: =G40+J40 -> 0 | L40: =+K40 -> 0 | M40: =M39+K40-L40 -> 45514.196
A41: 38 | E41: 0 | F41: 0 | G41: =E41*F41 -> 0 | H41: 0 | I41: 0 | J41: =H41*I41 -> 0 | K41: =G41+J41 -> 0 | L41: =+K41 -> 0 | M41: =M40+K41-L41 -> 45514.196
A42: 39 | E42: 0 | F42: 0 | G42: =E42*F42 -> 0 | H42: 0 | I42: 0 | J42: =H42*I42 -> 0 | K42: =G42+J42 -> 0 | L42: =+K42 -> 0 | M42: =M41+K42-L42 -> 45514.196
A43: 40 | E43: 0 | F43: 0 | G43: =E43*F43 -> 0 | H43: 0 | I43: 0 | J43: =H43*I43 -> 0 | K43: =G43+J43 -> 0 | L43: =+K43 -> 0 | M43: =M42+K43-L43 -> 45514.196
A44: 41 | E44: 0 | F44: 0 | G44: =E44*F44 -> 0 | J44: =H44*I44 -> 0 | K44: =G44+J44 -> 0 | L44: =+K44 -> 0 | M44: =M43+K44-L44 -> 45514.196
A45: 42 | E45: 0 | F45: 0 | G45: =E45*F45 -> 0 | J45: =H45*I45 -> 0 | K45: =G45+J45 -> 0 | L45: =+K45 -> 0 | M45: =M44+K45-L45 -> 45514.196
E46: 0 | F46: 0 | G46: =E46*F46 -> 0 | J46: =H46*I46 -> 0 | K46: =G46+J46 -> 0 | L46: =+K46 -> 0 | M46: =M45+K46-L46 -> 45514.196
E47: =SUM(E4:E46) -> 1810.92 | G47: =SUM(G4:G46) -> 165608.63 | H47: =SUM(H4:H46) -> 53.13 | J47: =SUM(J4:J46) -> 5493.1107 | K47: =SUM(K4:K46) -> 171101.74 | L47: =SUM(L4:L46) -> 134608.34

Sheet Khanapur
A1: J K Makavi
A2: S.No | B2: Date | C2: GRN No | D2: Ind No/Bill No | E2: Diesel (Lts) | F2: Price | G2: Amount | H2: Petrol (Lts) | I2: Price | J2: Amount | K2: Total amount | L2: Date of payment | M2: Amount paid | N2: Remarks
D3: Opening Balance | K3: 0 | M3: =+K3 -> 0
A4: 1 | B4: 45870 | E4: 0 | F4: 0 | G4: =F4*E4 -> 0 | H4: 0 | I4: 0 | J4: =H4*I4 -> 0 | K4: =G4+J4 -> 0 | L4: =+K4 -> 0 | M4: =+L4 -> 0
A5: 2 | B5: 45871 | E5: 0 | F5: 0 | G5: =F5*E5 -> 0 | H5: 0 | I5: 0 | J5: =H5*I5 -> 0 | K5: =G5+J5 -> 0 | L5: =+K5 -> 0 | M5: =+L5 -> 0
A6: 3 | B6: 45872 | E6: 0 | F6: 0 | G6: =F6*E6 -> 0 | H6: 3.3 | I6: 102.77 | J6: =H6*I6 -> 339.141 | K6: =G6+J6 -> 339.141 | L6: =+K6 -> 339.141 | M6: =+L6 -> 339.141
A7: 4 | B7: 45873 | E7: 25 | F7: 90.88 | G7: =F7*E7 -> 2272 | H7: 0 | I7: 0 | J7: =H7*I7 -> 0 | K7: =G7+J7 -> 2272 | L7: =+K7 -> 2272 | M7: =+L7 -> 2272
A8: 5 | B8: 45874 | E8: 0 | F8: 0 | G8: =F8*E8 -> 0 | H8: 0 | I8: 0 | J8: =H8*I8 -> 0 | K8: =G8+J8 -> 0 | L8: =+K8 -> 0 | M8: =+L8 -> 0
A9: 6 | B9: 45875 | E9: 0 | F9: 0 | G9: =F9*E9 -> 0 | H9: 0 | I9: 0 | J9: =H9*I9 -> 0 | K9: =G9+J9 -> 0 | L9: =+K9 -> 0 | M9: =+L9 -> 0
A10: 7 | B10: 45876 | E10: 0 | F10: 0 | G10: =F10*E10 -> 0 | H10: 0 | I10: 0 | J10: =H10*I10 -> 0 | K10: =G10+J10 -> 0 | L10: =+K10 -> 0 | M10: =+L10 -> 0 | R10: 4.86
A11: 8 | B11: 45877 | E11: 0 | F11: 0 | G11: =F11*E11 -> 0 | H11: 9.72 | I11: 102.77 | J11: =H11*I11 -> 998.9244 | K11: =G11+J11 -> 998.9244 | L11: =+K11 -> 998.9244 | M11: =+L11 -> 998.9244 | R11: 4.86
A12: 9 | B12: 45878 | E12: 0 | F12: 0 | G12: =F12*E12 -> 0 | H12: 0 | I12: 0 | J12: =H12*I12 -> 0 | K12: =G12+J12 -> 0 | L12: =+K12 -> 0 | M12: =+L12 -> 0 | P12: =4999.17+50339.51 -> 55338.68
A13: 10 | B13: 45879 | E13: 0 | F13: 0 | G13: =F13*E13 -> 0 | H13: 0 | I13: 0 | J13: =H13*I13 -> 0 | K13: =G13+J13 -> 0 | L13: =+K13 -> 0 | M13: =+L13 -> 0
A14: 11 | B14: 45880 | E14: 0 | F14: 0 | G14: =F14*E14 -> 0 | H14: 0 | I14: 0 | J14: =H14*I14 -> 0 | K14: =G14+J14 -> 0 | L14: =+K14 -> 0 | M14: =+L14 -> 0
A15: 12 | B15: 45881 | E15: 0 | F15: 0 | G15: =F15*E15 -> 0 | H15: 0 | I15: 0 | J15: =H15*I15 -> 0 | K15: =G15+J15 -> 0 | L15: =+K15 -> 0 | M15: =+L15 -> 0
A16: 13 | B16: 45882 | E16: 0 | F16: 0 | G16: =F16*E16 -> 0 | H16: 0 | I16: 0 | J16: =H16*I16 -> 0 | K16: =G16+J16 -> 0 | L16: =+K16 -> 0 | M16: =+L16 -> 0
A17: 14 | B17: 45883 | E17: 35 | F17: 90.88 | G17: =F17*E17 -> 3180.8 | H17: 0 | I17: 0 | J17: =H17*I17 -> 0 | K17: =G17+J17 -> 3180.8 | L17: =+K17 -> 3180.8 | M17: =+L17 -> 3180.8
A18: 15 | B18: 45884 | E18: 0 | F18: 0 | G18: =F18*E18 -> 0 | H18: 0 | I18: 0 | J18: =H18*I18 -> 0 | K18: =G18+J18 -> 0 | L18: =+K18 -> 0 | M18: =+L18 -> 0
A19: 16 | B19: 45885 | E19: 0 | F19: 0 | G19: =F19*E19 -> 0 | H19: 0 | I19: 0 | J19: =H19*I19 -> 0 | K19: =G19+J19 -> 0 | L19: =+K19 -> 0 | M19: =+L19 -> 0
A20: 17 | B20: 45886 | E20: 0 | F20: 0 | G20: =F20*E20 -> 0 | H20: 0 | I20: 0 | J20: =H20*I20 -> 0 | K20: =G20+J20 -> 0 | L20: =+K20 -> 0 | M20: =+L20 -> 0
A21: 18 | B21: 45887 | E21: 0 | F21: 0 | G21: =F21*E21 -> 0 | H21: 0 | I21: 0 | J21: =H21*I21 -> 0 | K21: =G21+J21 -> 0 | L21: =+K21 -> 0 | M21: =+L21 -> 0
A22: 19 | B22: 45888 | E22: 0 | F22: 0 | G22: =F22*E22 -> 0 | H22: 4.86 | I22: 102.77 | J22: =H22*I22 -> 499.4622 | K22: =G22+J22 -> 499.4622 | L22: =+K22 -> 499.4622 | M22: =+L22 -> 499.4622
A23: 20 | B23: 45889 | E23: 0 | F23: 0 | G23: =F23*E23 -> 0 | H23: 0 | I23: 0 | J23: =H23*I23 -> 0 | K23: =G23+J23 -> 0 | L23: =+K23 -> 0 | M23: =+L23 -> 0 | N23: 0
A24: 21 | B24: 45890 | E24: 0 | F24: 0 | G24: =F24*E24 -> 0 | H24: 0 | I24: 0 | J24: =H24*I24 -> 0 | K24: =G24+J24 -> 0 | L24: =+K24 -> 0 | M24: =+L24 -> 0
A25: 22 | B25: 45891 | E25: 0 | F25: 0 | G25: =F25*E25 -> 0 | H25: 0 | I25: 0 | J25: =H25*I25 -> 0 | K25: =G25+J25 -> 0 | L25: =+K25 -> 0 | M25: =+L25 -> 0
A26: 23 | B26: 45892 | E26: 0 | F26: 0 | G26: =F26*E26 -> 0 | H26: 0 | I26: 0 | J26: =H26*I26 -> 0 | K26: =G26+J26 -> 0 | L26: =+K26 -> 0 | M26: =+L26 -> 0
A27: 24 | B27: 45893 | E27: 0 | F27: 0 | G27: =F27*E27 -> 0 | H27: 0 | I27: 0 | J27: =H27*I27 -> 0 | K27: =G27+J27 -> 0 | L27: =+K27 -> 0 | M27: =+L27 -> 0
A28: 25 | B28: 45894 | E28: 0 | F28: 0 | G28: =F28*E28 -> 0 | H28: 6.03 | I28: 102.77 | J28: =H28*I28 -> 619.7031 | K28: =G28+J28 -> 619.7031 | L28: =+K28 -> 619.7031 | M28: =+L28 -> 619.7031
A29: 26 | B29: 45895 | E29: 0 | F29: 0 | G29: =F29*E29 -> 0 | H29: 0 | I29: 0 | J29: =H29*I29 -> 0 | K29: =G29+J29 -> 0 | L29: =+K29 -> 0 | M29: =+L29 -> 0
A30: 27 | B30: 45896 | E30: 0 | F30: 0 | G30: =F30*E30 -> 0 | H30: 0 | I30: 0 | J30: =H30*I30 -> 0 | K30: =G30+J30 -> 0 | L30: =+K30 -> 0 | M30: =+L30 -> 0
A31: 28 | B31: 45897 | E31: 0 | F31: 0 | G31: =F31*E31 -> 0 | H31: 0 | I31: 0 | J31: =H31*I31 -> 0 | K31: =G31+J31 -> 0 | L31: =+K31 -> 0 | M31: =+L31 -> 0
A32: 29 | B32: 45898 | E32: 0 | F32: 0 | G32: =F32*E32 -> 0 | H32: 0 | I32: 0 | J32: =H32*I32 -> 0 | K32: =G32+J32 -> 0 | L32: =+K32 -> 0 | M32: =+L32 -> 0
A33: 30 | B33: 45899 | E33: 0 | F33: 0 | G33: =F33*E33 -> 0 | H33: 0 | I33: 0 | J33: =H33*I33 -> 0 | K33: =G33+J33 -> 0 | L33: =+K33 -> 0 | M33: =+L33 -> 0
A34: 31
E35: =SUM(E4:E34) -> 60 | G35: =SUM(G4:G34) -> 5452.8 | H35: =SUM(H4:H34) -> 23.91 | J35: =SUM(J4:J34) -> 2457.2307 | K35: =SUM(K4:K34) -> 7910.0307 | M35: =SUM(M4:M34) -> 7910.0307

Sheet Munavalli(KUWSDB)
A1: Shahapur Petroleum
A2: S.No | B2: Date | C2: GRN No | D2: Ind No/Bill No | E2: Diesel (Lts) | F2: Price | G2: Amount | H2: Petrol (Lts) | I2: Price | J2: Amount | K2: Total amount | L2: Amount paid | M2: As on date | N2: Remarks
D3: Opening Balance | K3: 0 | M3: 0
A4: 1 | B4: 45870 | E4: 0 | F4: 0 | G4: =E4*F4 -> 0 | H4: 0 | I4: 0 | J4: =H4*I4 -> 0 | K4: =G4+J4 -> 0 | L4: 0 | M4: =M3+K4-L4 -> 0
A5: 2 | B5: 45871 | E5: 0 | F5: 0 | G5: =E5*F5 -> 0 | H5: 0 | I5: 0 | J5: =H5*I5 -> 0 | K5: =G5+J5 -> 0 | L5: 0 | M5: =M4+K5-L5 -> 0
A6: 3 | B6: 45872 | E6: 0 | F6: 0 | G6: =E6*F6 -> 0 | H6: 0 | I6: 0 | J6: =H6*I6 -> 0 | K6: =G6+J6 -> 0 | L6: 0 | M6: =M5+K6-L6 -> 0
A7: 4 | B7: 45873 | E7: 0 | F7: 0 | G7: =E7*F7 -> 0 | H7: 0 | I7: 0 | J7: =H7*I7 -> 0 | K7: =G7+J7 -> 0 | L7: 0 | M7: =M6+K7-L7 -> 0
A8: 5 | B8: 45874 | E8: 0 | F8: 0 | G8: =E8*F8 -> 0 | H8: 0 | I8: 0 | J8: =H8*I8 -> 0 | K8: =G8+J8 -> 0 | L8: 0 | M8: =M7+K8-L8 -> 0
A9: 6 | B9: 45875 | E9: 0 | F9: 0 | G9: =E9*F9 -> 0 | H9: 0 | I9: 0 | J9: =H9*I9 -> 0 | K9: =G9+J9 -> 0 | L9: 0 | M9: =M8+K9-L9 -> 0
A10: 7 | B10: 45876 | E10: 0 | F10: 0 | G10: =E10*F10 -> 0 | H10: 0 | I10: 0 | J10: =H10*I10 -> 0 | K10: =G10+J10 -> 0 | L10: 0 | M10: =M9+K10-L10 -> 0
A11: 8 | B11: 45877 | E11: 0 | F11: 0 | G11: =E11*F11 -> 0 | H11: 0 | I11: 0 | J11: =H11*I11 -> 0 | K11: =G11+J11 -> 0 | L11: 0 | M11: =M10+K11-L11 -> 0
A12: 9 | B12: 45878 | E12: 0 | F12: 0 | G12: =E12*F12 -> 0 | H12: 0 | I12: 0 | J12: =H12*I12 -> 0 | K12: =G12+J12 -> 0 | L12: 0 | M12: =M11+K12-L12 -> 0
A13: 10 | B13: 45879 | E13: 0 | F13: 0 | G13: =E13*F13 -> 0 | H13: 0 | I13: 0 | J13: =H13*I13 -> 0 | K13: =G13+J13 -> 0 | L13: 0 | M13: =M12+K13-L13 -> 0
A14: 11 | B14: 45880 | E14: 0 | F14: 0 | G14: =E14*F14 -> 0 | H14: 0 | I14: 0 | J14: =H14*I14 -> 0 | K14: =G14+J14 -> 0 | L14: 0 | M14: =M13+K14-L14 -> 0
A15: 12 | B15: 45881 | E15: 0 | F15: 0 | G15: =E15*F15 -> 0 | H15: 0 | I15: 0 | J15: =H15*I15 -> 0 | K15: =G15+J15 -> 0 | L15: 0 | M15: =M14+K15-L15 -> 0
... A35: 32 | B35: 45901 | E35: 0 | F35: 0 | G35: =E35*F35 -> 0 | H35: 0 | I35: 0 | J35: =H35*I35 -> 0 | K35: =G35+J35 -> 0 | L35: 0 | M35: =M34+K35-L35 -> 0
E36: =SUM(E4:E35) -> 0 | G36: =SUM(G4:G35) -> 0 | H36: =SUM(H4:H35) -> 0 | J36: =SUM(J4:J35) -> 0 | K36: =SUM(K4:K35) -> 0 | L36: =SUM(L4:L35) -> 0

Sheet Munavali-2
A1: Shri Daneshwari
A2: S.No | B2: Date | C2: GRN No | D2: Ind No/Bill No | E2: Diesel (Lts) | F2: Price | G2: Amount | H2: Petrol (Lts) | I2: Price | J2: Amount | K2: Total amount | L2: Amount paid | M2: As on date | N2: Remarks
D3: Opening Balance | K3: 26506.4 | M3: 26506.4 | O3: 26506.4
A4: 1 | B4: 45870 | E4: 400 | F4: 91.32 | G4: =E4*F4 -> 36528 | H4: 6 | I4: 103.24 | J4: =H4*I4 -> 619.44 | K4: =G4+J4 -> 37147.44 | L4: 0 | M4: =M3+K4-L4 -> 63653.84
A5: 2 | B5: 45871 | D5: 10 | E5: 0 | F5: 0 | G5: =E5*F5 -> 0 | H5: 9 | I5: 103.24 | J5: =H5*I5 -> 929.16 | K5: =G5+J5 -> 929.16 | L5: 0 | M5: =M4+K5-L5 -> 64583 | O5: 10.02
A6: 3 | B6: 45872 | E6: 0 | F6: 0 | G6: =E6*F6 -> 0 | H6: 0 | I6: 0 | J6: =H6*I6 -> 0 | K6: =G6+J6 -> 0 | L6: 0 | M6: =M5+K6-L6 -> 64583
A7: 4 | B7: 45873 | E7: 320 | F7: 91.32 | G7: =E7*F7 -> 29222.4 | H7: 6 | I7: 103.24 | J7: =H7*I7 -> 619.44 | K7: =G7+J7 -> 29841.84 | L7: 0 | M7: =M6+K7-L7 -> 94424.84
A8: 5 | B8: 45874 | E8: 70 | F8: 91.32 | G8: =E8*F8 -> 6392.4 | H8: 6 | I8: 103.24 | J8: =H8*I8 -> 619.44 | K8: =G8+J8 -> 7011.84 | L8: 0 | M8: =M7+K8-L8 -> 101436.68
A9: 6 | B9: 45875 | E9: 770 | F9: 91.32 | G9: =E9*F9 -> 70316.4 | H9: 12 | I9: 103.24 | J9: =H9*I9 -> 1238.88 | K9: =G9+J9 -> 71555.28 | L9: 0 | M9: =M8+K9-L9 -> 172991.96
A10: 7 | B10: 45876 | E10: 0 | F10: 0 | G10: =E10*F10 -> 0 | H10: 0 | I10: 0 | J10: =H10*I10 -> 0 | K10: =G10+J10 -> 0 | L10: 0 | M10: =M9+K10-L10 -> 172991.96
A11: 8 | B11: 45877 | E11: 200 | F11: 91.32 | G11: =E11*F11 -> 18264 | H11: 5 | I11: 103.24 | J11: =H11*I11 -> 516.2 | K11: =G11+J11 -> 18780.2 | L11: 0 | M11: =M10+K11-L11 -> 191772.16
A12: 9 | B12: 45878 | E12: 250 | F12: 91.32 | G12: =E12*F12 -> 22830 | H12: 0 | I12: 0 | J12: =H12*I12 -> 0 | K12: =G12+J12 -> 22830 | L12: 0 | M12: =M11+K12-L12 -> 214602.16
A13: 10 | B13: 45879 | E13: 200 | F13: 91.32 | G13: =E13*F13 -> 18264 | H13: 12 | I13: 103.24 | J13: =H13*I13 -> 1238.88 | K13: =G13+J13 -> 19502.88 | L13: 0 | M13: =M12+K13-L13 -> 234105.04
A14: 11 | B14: 45880 | E14: 500 | F14: 91.32 | G14: =E14*F14 -> 45660 | H14: 6 | I14: 103.24 | J14: =H14*I14 -> 619.44 | K14: =G14+J14 -> 46279.44 | L14: 200000 | M14: =M13+K14-L14 -> 80384.48
A15: 12 | B15: 45881 | E15: 164.37 | F15: 91.26 | G15: =E15*F15 -> 15000.406 | H15: 0 | I15: 0 | J15: =H15*I15 -> 0 | K15: =G15+J15 -> 15000.406 | L15: =H15+K15 -> 15000.406 | M15: =M14+K15-L15 -> 80384.48
A16: 13 | B16: 45881 | D16: 0 | E16: 80 | F16: 91.32 | G16: =E16*F16 -> 7305.6 | K16: =G16+J16 -> 7305.6 | M16: =M15+K16-L16 -> 87690.08
A17: 14 | B17: 45882 | E17: 422.58 | F17: 91.32 | G17: =E17*F17 -> 38590.006 | H17: 6 | I17: 103.24 | J17: =H17*I17 -> 619.44 | K17: =G17+J17 -> 39209.446 | L17: 0 | M17: =M16+K17-L17 -> 126899.53
A18: 15 | B18: 45883 | E18: 690 | F18: 91.32 | G18: =E18*F18 -> 63010.8 | H18: 11 | I18: 103.24 | J18: =H18*I18 -> 1135.64 | K18: =G18+J18 -> 64146.44 | L18: 0 | M18: =M17+K18-L18 -> 191045.97
A19: 16 | B19: 45884 | E19: 0 | F19: 0 | G19: =E19*F19 -> 0 | H19: 0 | I19: 0 | J19: =H19*I19 -> 0 | K19: =G19+J19 -> 0 | L19: 0 | M19: =M18+K19-L19 -> 191045.97
A20: 17 | B20: 45885 | E20: 200 | F20: 91.32 | G20: =E20*F20 -> 18264 | H20: 10 | I20: 103.24 | J20: =H20*I20 -> 1032.4 | K20: =G20+J20 -> 19296.4 | L20: 0 | M20: =M19+K20-L20 -> 210342.37
A21: 18 | B21: 45886 | E21: 435 | F21: 91.32 | G21: =E21*F21 -> 39724.2 | H21: 0 | I21: 103.24 | J21: =H21*I21 -> 0 | K21: =G21+J21 -> 39724.2 | L21: 0 | M21: =M20+K21-L21 -> 250066.57
A22: 19 | B22: 45887 | E22: 40 | F22: 91.32 | G22: =E22*F22 -> 3652.8 | H22: 0 | I22: 103.24 | J22: =H22*I22 -> 0 | K22: =G22+J22 -> 3652.8 | L22: 0 | M22: =M21+K22-L22 -> 253719.37
A23: 20 | B23: 45888 | E23: 0 | F23: 0 | G23: =E23*F23 -> 0 | H23: 6 | I23: 103.24 | J23: =H23*I23 -> 619.44 | K23: =G23+J23 -> 619.44 | L23: 0 | M23: =M22+K23-L23 -> 254338.81
A24: 21 | B24: 45889 | E24: 450 | F24: 91.32 | G24: =E24*F24 -> 41094 | H24: 0 | I24: 0 | J24: =H24*I24 -> 0 | K24: =G24+J24 -> 41094 | L24: 0 | M24: =M23+K24-L24 -> 295432.81
A25: 22 | B25: 45890 | E25: 143.2 | F25: 91.32 | G25: =E25*F25 -> 13077.024 | H25: 17 | I25: 103.24 | J25: =H25*I25 -> 1755.08 | K25: =G25+J25 -> 14832.104 | L25: 0 | M25: =M24+K25-L25 -> 310264.91
A26: 23 | B26: 45891 | E26: 430 | F26: 91.32 | G26: =E26*F26 -> 39267.6 | H26: 5 | I26: 103.24 | J26: =H26*I26 -> 516.2 | K26: =G26+J26 -> 39783.8 | L26: 0 | M26: =M25+K26-L26 -> 350048.71 | O26: 4
A27: 24 | B27: 45892 | E27: 0 | F27: 0 | G27: =E27*F27 -> 0 | H27: 5 | I27: 103.24 | J27: =H27*I27 -> 516.2 | K27: =G27+J27 -> 516.2 | L27: 0 | M27: =M26+K27-L27 -> 350564.91
A28: 25 | B28: 45893 | E28: 135 | F28: 91.32 | G28: =E28*F28 -> 12328.2 | H28: 0 | I28: 0 | J28: =H28*I28 -> 0 | K28: =G28+J28 -> 12328.2 | L28: 0 | M28: =M27+K28-L28 -> 362893.11
A29: 26 | B29: 45894 | E29: 400 | F29: 91.32 | G29: =E29*F29 -> 36528 | H29: 0 | I29: 0 | J29: =H29*I29 -> 0 | K29: =G29+J29 -> 36528 | L29: 0 | M29: =M28+K29-L29 -> 399421.11
A30: 27 | B30: 45895 | E30: 20 | F30: 91.32 | G30: =E30*F30 -> 1826.4 | H30: 5 | I30: 103.24 | J30: =H30*I30 -> 516.2 | K30: =G30+J30 -> 2342.6 | L30: 0 | M30: =M29+K30-L30 -> 401763.71
A31: 28 | B31: 45896 | E31: 0 | F31: 0 | G31: =E31*F31 -> 0 | H31: 0 | I31: 0 | J31: =H31*I31 -> 0 | K31: =G31+J31 -> 0 | L31: 0 | M31: =M30+K31-L31 -> 401763.71
A32: 29 | B32: 45897 | E32: 35 | F32: 91.32 | G32: =E32*F32 -> 3196.2 | H32: 0 | I32: 0 | J32: =H32*I32 -> 0 | K32: =G32+J32 -> 3196.2 | L32: 0 | M32: =M31+K32-L32 -> 404959.91
A33: 30 | B33: 45898 | E33: 400 | F33: 91.32 | G33: =E33*F33 -> 36528 | H33: 13 | I33: 103.24 | J33: =H33*I33 -> 1342.12 | K33: =G33+J33 -> 37870.12 | L33: 0 | M33: =M32+K33-L33 -> 442830.03
A34: 31 | B34: 45899 | E34: 0 | F34: 0 | G34: =E34*F34 -> 0 | H34: 5 | I34: 103.24 | J34: =H34*I34 -> 516.2 | K34: =G34+J34 -> 516.2 | L34: 0 | M34: =M33+K34-L34 -> 443346.23
A35: 32 | B35: 45900 | E35: 400 | F35: 91.32 | G35: =E35*F35 -> 36528 | H35: 0 | I35: 0 | J35: =H35*I35 -> 0 | K35: =G35+J35 -> 36528 | L35: 0 | M35: =M34+K35-L35 -> 479874.23
A36: 33 | E36: 0 | F36: 0 | G36: =E36*F36 -> 0 | H36: 0 | I36: 0 | J36: =H36*I36 -> 0 | K36: =G36+J36 -> 0 | L36: 0 | M36: =M35+K36-L36 -> 479874.23
E37: =SUM(E4:E36) -> 7155.15 | G37: =SUM(G4:G36) -> 653398.44 | H37: =SUM(H4:H36) -> 145 | J37: =SUM(J4:J36) -> 14969.8 | K37: =SUM(K4:K36) -> 668368.24 | L37: =SUM(L4:L36) -> 215000.41

Sheet Ghattaprabha
A1: Vivek Petrol Pump
A2: S.No | B2: Date | C2: GRN No | D2: Ind No/Bill No | E2: Diesel (Lts) | F2: Price | G2: Amount | H2: Petrol (Lts) | I2: Price | J2: Amount | K2: Total amount | L2: Amount paid | M2: As on Date | N2: Remarks
D3: Opening Balance | K3: 0 | M3: 0
A4: 1 | B4: 45870 | E4: 0 | F4: 0 | G4: =E4*F4 -> 0 | H4: 0 | I4: 0 | J4: =H4*I4 -> 0 | K4: =G4+J4 -> 0 | L4: 0 | M4: =M3+K4-L4 -> 0
A5: 2 | B5: 45871 | E5: 0 | F5: 0 | G5: =E5*F5 -> 0 | H5: 0 | I5: 0 | J5: =H5*I5 -> 0 | K5: =G5+J5 -> 0 | L5: 0 | M5: =M4+K5-L5 -> 0
A6: 3 | B6: 45872 | E6: 0 | F6: 0 | G6: =E6*F6 -> 0 | H6: 0 | I6: 0 | J6: =H6*I6 -> 0 | K6: =G6+J6 -> 0 | L6: 0 | M6: =M5+K6-L6 -> 0
A7: 4 | B7: 45873 | E7: 0 | F7: 0 | G7: =E7*F7 -> 0 | H7: 0 | I7: 0 | J7: =H7*I7 -> 0 | K7: =G7+J7 -> 0 | L7: 0 | M7: =M6+K7-L7 -> 0
A8: 5 | B8: 45874 | E8: 0 | F8: 0 | G8: =E8*F8 -> 0 | H8: 0 | I8: 0 | J8: =H8*I8 -> 0 | K8: =G8+J8 -> 0 | L8: 0 | M8: =M7+K8-L8 -> 0
A9: 6 | B9: 45875 | E9: 0 | F9: 0 | G9: =E9*F9 -> 0 | H9: 0 | I9: 0 | J9: =H9*I9 -> 0 | K9: =G9+J9 -> 0 | L9: 0 | M9: =M8+K9-L9 -> 0
A10: 7 | B10: 45876 | E10: 0 | F10: 0 | G10: =E10*F10 -> 0 | H10: 0 | I10: 0 | J10: =H10*I10 -> 0 | K10: =G10+J10 -> 0 | L10: 0 | M10: =M9+K10-L10 -> 0
A11: 8 | B11: 45877 | E11: 0 | F11: 0 | G11: =E11*F11 -> 0 | H11: 0 | I11: 0 | J11: =H11*I11 -> 0 | K11: =G11+J11 -> 0 | L11: 0 | M11: =M10+K11-L11 -> 0
A12: 9 | B12: 45878 | E12: 0 | F12: 0 | G12: =E12*F12 -> 0 | H12: 0 | I12: 0 | J12: =H12*I12 -> 0 | K12: =G12+J12 -> 0 | L12: 0 | M12: =M11+K12-L12 -> 0
A13: 10 | B13: 45879 | E13: 0 | F13: 0 | G13: =E13*F13 -> 0 | H13: 0 | I13: 0 | J13: =H13*I13 -> 0 | K13: =G13+J13 -> 0 | L13: 0 | M13: =M12+K13-L13 -> 0
A14: 11 | B14: 45880 | E14: 0 | F14: 0 | G14: =E14*F14 -> 0 | H14: 0 | I14: 0 | J14: =H14*I14 -> 0 | K14: =G14+J14 -> 0 | L14: 0 | M14: =M13+K14-L14 -> 0
A15: 12 | B15: 45881 | E15: 0 | F15: 0 | G15: =E15*F15 -> 0 | H15: 0 | I15: 0 | J15: =H15*I15 -> 0 | K15: =G15+J15 -> 0 | L15: 0 | M15: =M14+K15-L15 -> 0
... A33: 30 | B33: 45899 | E33: 0 | F33: 0 | G33: =E33*F33 -> 0 | H33: 0 | I33: 0 | J33: =H33*I33 -> 0 | K33: =G33+J33 -> 0 | L33: 0 | M33: =M32+K33-L33 -> 0
A34: 31 | E34: 0 | F34: 0 | G34: =E34*F34 -> 0 | H34: 0 | I34: 0 | J34: =H34*I34 -> 0 | K34: =G34+J34 -> 0 | L34: 0 | M34: =M33+K34-L34 -> 0
E35: =SUM(E4:E33) -> 0 | G35: =SUM(G4:G33) -> 0 | H35: =SUM(H4:H33) -> 0 | J35: =SUM(J4:J33) -> 0 | K35: =SUM(K4:K33) -> 0 | L35: =SUM(L4:L33) -> 0
L47: 3010
L48: 4900
L49: 6953
L50: 7527

Sheet Gokak Dharwad PKG 3
A1: AJ Petrolinks
A2: S.No | B2: Date | C2: GRN No | D2: Ind No/Bill No | E2: Diesel (Lts) | F2: Price | G2: Amount | H2: Petrol (Lts) | I2: Price | J2: Amount | K2: Total amount | L2: Amount paid | M2: As on Date | N2: Remarks
D3: Opening Balance | K3: 506954.43 | M3: 506954.43 | N3: 498491.65 | O3: 498746.18 | P3: =N3-O3 -> -254.53
A4: 1 | B4: 45870 | E4: 38.77 | F4: 91.48 | G4: =E4*F4 -> 3546.6796 | H4: 10 | I4: 103.41 | J4: =H4*I4 -> 1034.1 | K4: =G4+J4 -> 4580.7796 | M4: =M3+K4-L4 -> 511535.21
A5: 2 | B5: 45871 | E5: 834.54 | F5: 91.48 | G5: =E5*F5 -> 76343.719 | H5: 10 | I5: 103.41 | J5: =H5*I5 -> 1034.1 | K5: =G5+J5 -> 77377.819 | L5: 500000 | M5: =M4+K5-L5 -> 88913.031
A6: 3 | B6: 45872 | E6: 264.19 | F6: 91.48 | G6: =E6*F6 -> 24168.101 | H6: 20 | I6: 103.41 | J6: =H6*I6 -> 2068.2 | K6: =G6+J6 -> 26236.301 | M6: =M5+K6-L6 -> 115149.33
A7: 4 | B7: 45873 | E7: 434.48 | F7: 91.48 | G7: =E7*F7 -> 39746.23 | H7: 23 | I7: 103.41 | J7: =H7*I7 -> 2378.43 | K7: =G7+J7 -> 42124.66 | M7: =M6+K7-L7 -> 157273.99
A8: 5 | B8: 45874 | E8: 456.73 | F8: 91.48 | G8: =E8*F8 -> 41781.66 | H8: 26 | I8: 103.41 | J8: =H8*I8 -> 2688.66 | K8: =G8+J8 -> 44470.32 | M8: =M7+K8-L8 -> 201744.31
A9: 6 | B9: 45875 | E9: 27 | F9: 91.48 | G9: =E9*F9 -> 2469.96 | H9: 5 | I9: 103.41 | J9: =H9*I9 -> 517.05 | K9: =G9+J9 -> 2987.01 | M9: =M8+K9-L9 -> 204731.32
A10: 7 | B10: 45876 | E10: 684.88 | F10: 91.48 | G10: =E10*F10 -> 62652.822 | H10: 38 | I10: 103.41 | J10: =H10*I10 -> 3929.58 | K10: =G10+J10 -> 66582.402 | M10: =M9+K10-L10 -> 271313.73
A11: 8 | B11: 45877 | E11: 40.32 | F11: 91.48 | G11: =E11*F11 -> 3688.4736 | H11: 21 | I11: 103.41 | J11: =H11*I11 -> 2171.61 | K11: =G11+J11 -> 5860.0836 | M11: =M10+K11-L11 -> 277173.81
A12: 9 | B12: 45878 | E12: 85.32 | F12: 91.48 | G12: =E12*F12 -> 7805.0736 | H12: 0 | I12: 0 | J12: =H12*I12 -> 0 | K12: =G12+J12 -> 7805.0736 | M12: =M11+K12-L12 -> 284978.88
A13: 10 | B13: 45879 | E13: 0 | F13: 0 | G13: =E13*F13 -> 0 | H13: 16 | I13: 103.41 | J13: =H13*I13 -> 1654.56 | K13: =G13+J13 -> 1654.56 | M13: =M12+K13-L13 -> 286633.44
A14: 11 | B14: 45880 | E14: 283.43 | F14: 91.48 | G14: =E14*F14 -> 25928.176 | H14: 17 | I14: 103.41 | J14: =H14*I14 -> 1757.97 | K14: =G14+J14 -> 27686.146 | M14: =M13+K14-L14 -> 314319.59
A15: 12 | B15: 45881 | E15: 919.12 | F15: 91.48 | G15: =E15*F15 -> 84081.098 | H15: 32 | I15: 103.41 | J15: =H15*I15 -> 3309.12 | K15: =G15+J15 -> 87390.218 | M15: =M14+K15-L15 -> 401709.81
A16: 13 | B16: 45882 | E16: 0 | F16: 91.48 | G16: =E16*F16 -> 0 | H16: 0 | I16: 103.41 | J16: =H16*I16 -> 0 | K16: =G16+J16 -> 0 | L16: 200000 | M16: =M15+K16-L16 -> 201709.81
A17: 14 | B17: 45883 | E17: 79.51 | F17: 91.48 | G17: =E17*F17 -> 7273.5748 | H17: 22 | I17: 103.41 | J17: =H17*I17 -> 2275.02 | K17: =G17+J17 -> 9548.5948 | M17: =M16+K17-L17 -> 211258.4
A18: 15 | B18: 45884 | E18: 44.3 | F18: 91.48 | G18: =E18*F18 -> 4052.564 | H18: 6 | I18: 103.41 | J18: =H18*I18 -> 620.46 | K18: =G18+J18 -> 4673.024 | M18: =M17+K18-L18 -> 215931.43
A19: 16 | B19: 45885 | E19: 233.08 | F19: 91.48 | G19: =E19*F19 -> 21322.158 | H19: 11 | I19: 103.41 | J19: =H19*I19 -> 1137.51 | K19: =G19+J19 -> 22459.668 | M19: =M18+K19-L19 -> 238391.09 | P19: =M19-O19 -> 238391.09
A20: 17 | B20: 45886 | E20: 350.89 | F20: 91.48 | G20: =E20*F20 -> 32099.417 | H20: 0 | I20: 0 | J20: =H20*I20 -> 0 | K20: =G20+J20 -> 32099.417 | M20: =M19+K20-L20 -> 270490.51
A21: 18 | B21: 45887 | E21: 553.42 | F21: 91.48 | G21: =E21*F21 -> 50626.862 | H21: 10 | I21: 103.41 | J21: =H21*I21 -> 1034.1 | K21: =G21+J21 -> 51660.962 | M21: =M20+K21-L21 -> 322151.47
A22: 19 | B22: 45888 | E22: 39.91 | F22: 91.48 | G22: =E22*F22 -> 3650.9668 | H22: 0 | I22: 0 | J22: =H22*I22 -> 0 | K22: =G22+J22 -> 3650.9668 | M22: =M21+K22-L22 -> 325802.44
A23: 20 | B23: 45889 | E23: 606.48 | F23: 91.48 | G23: =E23*F23 -> 55480.79 | H23: 24 | I23: 103.41 | J23: =H23*I23 -> 2481.84 | K23: =G23+J23 -> 57962.63 | M23: =M22+K23-L23 -> 383765.07
A24: 21 | B24: 45890 | E24: 46.26 | F24: 91.48 | G24: =E24*F24 -> 4231.8648 | H24: 21 | I24: 103.41 | J24: =H24*I24 -> 2171.61 | K24: =G24+J24 -> 6403.4748 | M24: =M23+K24-L24 -> 390168.54
A25: 22 | B25: 45891 | E25: 271.25 | F25: 91.48 | G25: =E25*F25 -> 24813.95 | H25: 11 | I25: 103.41 | J25: =H25*I25 -> 1137.51 | K25: =G25+J25 -> 25951.46 | M25: =M24+K25-L25 -> 416120
A26: 23 | B26: 45892 | E26: 229.46 | F26: 91.48 | G26: =E26*F26 -> 20991.001 | H26: 5 | I26: 103.41 | J26: =H26*I26 -> 517.05 | K26: =G26+J26 -> 21508.051 | M26: =M25+K26-L26 -> 437628.06
A27: 24 | B27: 45893 | E27: 238.37 | F27: 91.48 | G27: =E27*F27 -> 21806.088 | H27: 0 | I27: 0 | J27: =H27*I27 -> 0 | K27: =G27+J27 -> 21806.088 | M27: =M26+K27-L27 -> 459434.14
A28: 25 | B28: 45894 | E28: 212.39 | F28: 91.48 | G28: =E28*F28 -> 19429.437 | H28: 32 | I28: 103.41 | J28: =H28*I28 -> 3309.12 | K28: =G28+J28 -> 22738.557 | M28: =M27+K28-L28 -> 482172.7
A29: 26 | B29: 45895 | E29: 363.17 | F29: 91.48 | G29: =E29*F29 -> 33222.792 | H29: 5 | I29: 103.41 | J29: =H29*I29 -> 517.05 | K29: =G29+J29 -> 33739.842 | M29: =M28+K29-L29 -> 515912.54
A30: 27 | B30: 45896 | E30: 44.45 | F30: 91.48 | G30: =E30*F30 -> 4066.286 | H30: 12 | I30: 103.41 | J30: =H30*I30 -> 1240.92 | K30: =G30+J30 -> 5307.206 | M30: =M29+K30-L30 -> 521219.75
A31: 28 | B31: 45897 | E31: 758 | F31: 91.48 | G31: =E31*F31 -> 69341.84 | H31: 5 | I31: 103.41 | J31: =H31*I31 -> 517.05 | K31: =G31+J31 -> 69858.89 | M31: =M30+K31-L31 -> 591078.64
... A34: 31 | B34: 45900 | E34: 0 | F34: 0 | G34: =E34*F34 -> 0 | H34: 0 | I34: 0 | J34: =H34*I34 -> 0 | K34: =G34+J34 -> 0 | M34: =M33+K34-L34 -> 743234.15
A35: 32 | E35: 0 | F35: 0 | G35: =E35*F35 -> 0 | H35: 0 | I35: 0 | J35: =H35*I35 -> 0 | K35: =G35+J35 -> 0 | M35: =M34+K35-L35 -> 743234.15
A36: 33 | E36: 0 | F36: 0 | G36: =E36*F36 -> 0 | H36: 0 | I36: 0 | J36: =H36*I36 -> 0 | K36: =G36+J36 -> 0 | M36: =M35+K36-L36 -> 743234.15
A37: 34 | E37: 0 | F37: 0 | G37: =E37*F37 -> 0 | H37: 0 | I37: 0 | J37: =H37*I37 -> 0 | K37: =G37+J37 -> 0 | M37: =M36+K37-L37 -> 743234.15
A38: 35 | E38: 0 | F38: 0 | G38: =E38*F38 -> 0 | H38: 0 | I38: 0 | J38: =H38*I38 -> 0 | K38: =G38+J38 -> 0 | M38: =M37+K38-L38 -> 743234.15
E39: 0 | F39: 0 | G39: =E39*F39 -> 0 | H39: 0 | I39: 0 | J39: =H39*I39 -> 0 | K39: =G39+J39 -> 0 | M39: =M38+K39-L39 -> 743234.15
E40: =SUM(E4:E37) -> 9723.02 | G40: =SUM(G4:G37) -> 889461.87 | H40: =SUM(H4:H37) -> 452.74 | J40: =SUM(J4:J37) -> 46817.843 | K40: =SUM(K4:K37) -> 936279.71 | L40: =SUM(L4:L37) -> 700000

Sheet Ankalgi
A1: Shiva ganga
A2: S.No | B2: Date | C2: GRN No | D2: Ind no/Bill No | E2: Diesel (Lts) | F2: Price | G2: Amount | H2: Petrol (Lts) | I2: Price | J2: Amount | K2: Total amount | L2: Amount paid | M2: As on Date | N2: Remarks
A3: Opening Balance | M3: 122991.1 | O3: 122991.1
A4: 1 | B4: 45870 | C4: 0 | E4: 284.88 | F4: 91.31 | G4: =E4*F4 -> 26012.393 | H4: 11 | I4: 103.23 | J4: =H4*I4 -> 1135.53 | K4: =G4+J4 -> 27147.923 | L4: 0 | M4: =M3+K4-L4 -> 150139.02
A5: 2 | B5: 45871 | C5: 0 | E5: 236.8 | F5: 91.31 | G5: =E5*F5 -> 21622.208 | H5: 0 | I5: 103.23 | J5: =H5*I5 -> 0 | K5: =G5+J5 -> 21622.208 | L5: 150000 | M5: =M4+K5-L5 -> 21761.229
A6: 3 | B6: 45872 | C6: 0 | E6: 0 | F6: 0 | G6: =E6*F6 -> 0 | H6: 0 | I6: 0 | J6: =H6*I6 -> 0 | K6: =G6+J6 -> 0 | L6: 0 | M6: =M5+K6-L6 -> 21761.229
A7: 4 | B7: 45873 | C7: 0 | E7: 0 | F7: 0 | G7: =E7*F7 -> 0 | H7: 0 | I7: 0 | J7: =H7*I7 -> 0 | K7: =G7+J7 -> 0 | L7: 0 | M7: =M6+K7-L7 -> 21761.229
A8: 5 | B8: 45874 | C8: 0 | E8: 30 | F8: 91.31 | G8: =E8*F8 -> 2739.3 | H8: 0 | I8: 0 | J8: =H8*I8 -> 0 | K8: =G8+J8 -> 2739.3 | L8: 0 | M8: =M7+K8-L8 -> 24500.529
A9: 6 | B9: 45875 | C9: 0 | E9: 80.36 | F9: 91.31 | G9: =E9*F9 -> 7337.6716 | H9: 0 | I9: 0 | J9: =H9*I9 -> 0 | K9: =G9+J9 -> 7337.6716 | L9: 0 | M9: =M8+K9-L9 -> 31838.2
A10: 7 | B10: 45876 | C10: 0 | E10: 200 | F10: 91.31 | G10: =E10*F10 -> 18262 | H10: 0 | I10: 0 | J10: =H10*I10 -> 0 | K10: =G10+J10 -> 18262 | L10: 0 | M10: =M9+K10-L10 -> 50100.2
A11: 8 | B11: 45877 | C11: 0 | E11: 40 | F11: 91.31 | G11: =E11*F11 -> 3652.4 | H11: 6 | I11: 103.23 | J11: =H11*I11 -> 619.38 | K11: =G11+J11 -> 4271.78 | L11: 0 | M11: =M10+K11-L11 -> 54371.98
A12: 9 | B12: 45878 | C12: 0 | E12: 0 | F12: 0 | G12: =E12*F12 -> 0 | H12: 0 | I12: 0 | J12: =H12*I12 -> 0 | K12: =G12+J12 -> 0 | L12: 0 | M12: =M11+K12-L12 -> 54371.98
A13: 10 | B13: 45879 | C13: 0 | E13: 0 | F13: 0 | G13: =E13*F13 -> 0 | H13: 0 | I13: 0 | J13: =H13*I13 -> 0 | K13: =G13+J13 -> 0 | L13: 0 | M13: =M12+K13-L13 -> 54371.98
A14: 11 | B14: 45880 | C14: 0 | E14: 200 | F14: 91.31 | G14: =E14*F14 -> 18262 | H14: 15 | I14: 103.23 | J14: =H14*I14 -> 1548.45 | K14: =G14+J14 -> 19810.45 | L14: 0 | M14: =M13+K14-L14 -> 74182.43
A15: 12 | B15: 45881 | C15: 0 | E15: 0 | F15: 0 | G15: =E15*F15 -> 0 | H15: 0 | I15: 0 | J15: =H15*I15 -> 0 | K15: =G15+J15 -> 0 | L15: 0 | M15: =M14+K15-L15 -> 74182.43
... A34: 31 | B34: 45900 | C34: 0 | E34: 200 | F34: 91.31 | G34: =E34*F34 -> 18262 | H34: 10 | I34: 103.23 | J34: =H34*I34 -> 1032.3 | K34: =G34+J34 -> 19294.3 | L34: 0 | M34: =M33+K34-L34 -> 228405.77
E35: =SUM(E4:E34) -> 2640.08 | G35: =SUM(G4:G34) -> 241065.7 | H35: =SUM(H4:H34) -> 139 | J35: =SUM(J4:J34) -> 14348.97 | K35: =SUM(K4:K34) -> 255414.67 | L35: =SUM(L4:L34) -> 150000

Sheet  Shankeshwar
A1: S R PATIL
A2: S.No | B2: Date | C2: GRN No | D2: Ind no/Bill No | E2: Diesel (Lts) | F2: Price | G2: Amount | H2: Petrol (Lts) | I2: Price | J2: Amount | K2: Total amount | L2: Amount paid | M2: As on Date | N2: Remarks
A3: Opening Balance | M3: 0
A4: 1 | B4: 45870 | C4: 0 | E4: 0 | F4: 0 | G4: =E4*F4 -> 0 | H4: 0 | I4: 0 | J4: =H4*I4 -> 0 | K4: =G4+J4 -> 0 | L4: =+K4 -> 0 | M4: =M3+K4-L4 -> 0
A5: 2 | B5: 45871 | C5: 0 | E5: 0 | F5: 0 | G5: =E5*F5 -> 0 | H5: 5 | I5: 103.22 | J5: =H5*I5 -> 516.1 | K5: =G5+J5 -> 516.1 | L5: =+K5 -> 516.1 | M5: =M4+K5-L5 -> 0
A6: 3 | B6: 45872 | C6: 0 | E6: 0 | F6: 0 | G6: =E6*F6 -> 0 | H6: 0 | I6: 0 | J6: =H6*I6 -> 0 | K6: =G6+J6 -> 0 | L6: =+K6 -> 0 | M6: =M5+K6-L6 -> 0
A7: 4 | B7: 45873 | C7: 0 | E7: 0 | F7: 0 | G7: =E7*F7 -> 0 | H7: 0 | I7: 0 | J7: =H7*I7 -> 0 | K7: =G7+J7 -> 0 | L7: =+K7 -> 0 | M7: =M6+K7-L7 -> 0
A8: 5 | B8: 45874 | C8: 0 | E8: 0 | F8: 0 | G8: =E8*F8 -> 0 | H8: 0 | I8: 0 | J8: =H8*I8 -> 0 | K8: =G8+J8 -> 0 | L8: =+K8 -> 0 | M8: =M7+K8-L8 -> 0
A9: 6 | B9: 45875 | C9: 0 | E9: 0 | F9: 0 | G9: =E9*F9 -> 0 | H9: 0 | I9: 0 | J9: =H9*I9 -> 0 | K9: =G9+J9 -> 0 | L9: =+K9 -> 0 | M9: =M8+K9-L9 -> 0
A10: 7 | B10: 45876 | C10: 0 | E10: 0 | F10: 0 | G10: =E10*F10 -> 0 | H10: 0 | I10: 0 | J10: =H10*I10 -> 0 | K10: =G10+J10 -> 0 | L10: =+K10 -> 0 | M10: =M9+K10-L10 -> 0
A11: 8 | B11: 45877 | C11: 0 | E11: 0 | F11: 0 | G11: =E11*F11 -> 0 | H11: 0 | I11: 0 | J11: =H11*I11 -> 0 | K11: =G11+J11 -> 0 | L11: =+K11 -> 0 | M11: =M10+K11-L11 -> 0
A12: 9 | B12: 45878 | C12: 0 | E12: 0 | F12: 0 | G12: =E12*F12 -> 0 | H12: 18 | I12: 103.22 | J12: =H12*I12 -> 1857.96 | K12: =G12+J12 -> 1857.96 | L12: =+K12 -> 1857.96 | M12: =M11+K12-L12 -> 0
A13: 10 | B13: 45879 | C13: 0 | E13: 0 | F13: 0 | G13: =E13*F13 -> 0 | H13: 0 | I13: 0 | J13: =H13*I13 -> 0 | K13: =G13+J13 -> 0 | L13: =+K13 -> 0 | M13: =M12+K13-L13 -> 0
A14: 11 | B14: 45880 | C14: 0 | E14: 0 | F14: 0 | G14: =E14*F14 -> 0 | H14: 0 | I14: 0 | J14: =H14*I14 -> 0 | K14: =G14+J14 -> 0 | L14: =+K14 -> 0 | M14: =M13+K14-L14 -> 0
A15: 12 | B15: 45881 | C15: 0 | E15: 0 | F15: 0 | G15: =E15*F15 -> 0 | H15: 0 | I15: 0 | J15: =H15*I15 -> 0 | K15: =G15+J15 -> 0 | L15: =+K15 -> 0 | M15: =M14+K15-L15 -> 0
... A33: 30 | B33: 45899 | C33: 0 | E33: 0 | F33: 0 | G33: =E33*F33 -> 0 | H33: 0 | I33: 0 | J33: =H33*I33 -> 0 | K33: =G33+J33 -> 0 | L33: =+K33 -> 0 | M33: =M32+K33-L33 -> 0
A34: 31 | C34: 0 | E34: 0 | F34: 0 | G34: =E34*F34 -> 0 | H34: 0 | I34: 0 | J34: =H34*I34 -> 0 | K34: =G34+J34 -> 0 | L34: =+K34 -> 0 | M34: =M33+K34-L34 -> 0
E35: =SUM(E4:E34) -> 0 | G35: =SUM(G4:G34) -> 0 | H35: =SUM(H4:H34) -> 40 | J35: =SUM(J4:J34) -> 4128.8 | K35: =SUM(K4:K34) -> 4128.8 | L35: =SUM(L4:L34) -> 4128.8

Sheet kumta
A1: Krishma fuel station
A2: S.No | B2: Date | C2: GRN No | D2: Ind No/Bill No | E2: Diesel (Lts) | F2: Price | G2: Amount | H2: Petrol (Lts) | I2: Price | J2: Amount | K2: Total amount | L2: Amount paid | M2: As on Date | N2: Remarks
A3: Opening Balance | K3: 0 | M3: =+K3 -> 0
A4: 1 | B4: 45870 | E4: 36.58 | F4: 91.92 | G4: =E4*F4 -> 3362.4336 | H4: 0 | I4: 0 | J4: =H4*I4 -> 0 | K4: =G4+J4 -> 3362.4336 | L4: =+K4 -> 3362.4336 | M4: =M3+K4-L4 -> 0 | N4: IOCL Card
A5: 2 | B5: 45871 | E5: 0 | F5: 0 | G5: =E5*F5 -> 0 | H5: 0 | I5: 0 | J5: =H5*I5 -> 0 | K5: =G5+J5 -> 0 | L5: =+K5 -> 0 | M5: =M4+K5-L5 -> 0
A6: 3 | B6: 45872 | E6: 0 | F6: 0 | G6: =E6*F6 -> 0 | H6: 0 | I6: 0 | J6: =H6*I6 -> 0 | K6: =G6+J6 -> 0 | L6: =+K6 -> 0 | M6: =M5+K6-L6 -> 0
A7: 4 | B7: 45873 | E7: 0 | F7: 0 | G7: =E7*F7 -> 0 | H7: 0 | I7: 0 | J7: =H7*I7 -> 0 | K7: =G7+J7 -> 0 | L7: =+K7 -> 0 | M7: =M6+K7-L7 -> 0
A8: 5 | B8: 45874 | E8: 28.46 | F8: 91.92 | G8: =E8*F8 -> 2616.0432 | H8: 0 | I8: 0 | J8: =H8*I8 -> 0 | K8: =G8+J8 -> 2616.0432 | L8: =+K8 -> 2616.0432 | M8: =M7+K8-L8 -> 0
A9: 6 | B9: 45875 | E9: 0 | F9: 0 | G9: =E9*F9 -> 0 | H9: 0 | I9: 0 | J9: =H9*I9 -> 0 | K9: =G9+J9 -> 0 | L9: =+K9 -> 0 | M9: =M8+K9-L9 -> 0
A10: 7 | B10: 45876 | E10: 60 | F10: 91.92 | G10: =E10*F10 -> 5515.2 | H10: 0 | I10: 0 | J10: =H10*I10 -> 0 | K10: =G10+J10 -> 5515.2 | L10: =+K10 -> 5515.2 | M10: =M9+K10-L10 -> 0
A11: 8 | B11: 45877 | E11: 43.86 | F11: 91.92 | G11: =E11*F11 -> 4031.6112 | H11: 5.48 | I11: 103.96 | J11: =H11*I11 -> 569.7008 | K11: =G11+J11 -> 4601.312 | L11: =+K11 -> 4601.312 | M11: =M10+K11-L11 -> 0
A12: 9 | B12: 45878 | E12: 0 | F12: 0 | G12: =E12*F12 -> 0 | H12: 0 | I12: 0 | J12: =H12*I12 -> 0 | K12: =G12+J12 -> 0 | L12: =+K12 -> 0 | M12: =M11+K12-L12 -> 0
A13: 10 | B13: 45879 | E13: 0 | F13: 0 | G13: =E13*F13 -> 0 | H13: 14.81 | I13: 103.96 | J13: =H13*I13 -> 1539.6476 | K13: =G13+J13 -> 1539.6476 | L13: =+K13 -> 1539.6476 | M13: =M12+K13-L13 -> 0
A14: 11 | B14: 45880 | E14: 0 | F14: 0 | G14: =E14*F14 -> 0 | H14: 0 | I14: 0 | J14: =H14*I14 -> 0 | K14: =G14+J14 -> 0 | L14: =+K14 -> 0 | M14: =M13+K14-L14 -> 0
A15: 12 | B15: 45881 | E15: 80 | F15: 91.92 | G15: =E15*F15 -> 7353.6 | H15: 0 | I15: 0 | J15: =H15*I15 -> 0 | K15: =G15+J15 -> 7353.6 | L15: =+K15 -> 7353.6 | M15: =M14+K15-L15 -> 0
A16: 13 | B16: 45882 | E16: 50 | F16: 91.92 | G16: =E16*F16 -> 4596 | H16: 0 | I16: 0 | J16: =H16*I16 -> 0 | K16: =G16+J16 -> 4596 | L16: =+K16 -> 4596 | M16: =M15+K16-L16 -> 0
... A34: 31 | B34: 45900 | E34: 0 | F34: 0 | G34: =E34*F34 -> 0 | H34: 0 | I34: 0 | J34: =H34*I34 -> 0 | K34: =G34+J34 -> 0 | L34: =+K34 -> 0 | M34: =M33+K34-L34 -> 0
E35: =SUM(E4:E34) -> 541.82 | G35: =SUM(G4:G34) -> 49804.094 | H35: =SUM(H4:H34) -> 58.99 | J35: =SUM(J4:J34) -> 6132.6004 | K35: =SUM(K4:K34) -> 55936.695 | L35: =SUM(L4:L34) -> 55936.695

Sheet Borgaon
A1: Aadisagar Petrolium
A2: S.No | B2: Date | C2: GRN No | D2: Ind no/Bill No | E2: Diesel (Lts) | F2: Price | G2: Amount | H2: Petrol (Lts) | I2: Price | J2: Amount | K2: Total amount | L2: Amount paid | M2: As on Date | N2: Remarks
A3: Opening Balance | K3: 29694.836 | M3: 29694.836
A4: 1 | B4: 45870 | E4: 115 | F4: 91.77 | G4: =E4*F4 -> 10553.55 | H4: 6 | I4: 103.7 | J4: =H4*I4 -> 622.2 | K4: =G4+J4 -> 11175.75 | L4: 23270 | M4: =M3+K4-L4 -> 17600.586
A5: 2 | B5: 45871 | E5: 35 | F5: 91.77 | G5: =E5*F5 -> 3211.95 | H5: 0 | I5: 0 | J5: =H5*I5 -> 0 | K5: =G5+J5 -> 3211.95 | M5: =M4+K5-L5 -> 20812.536
A6: 3 | B6: 45872 | E6: 15 | F6: 91.77 | G6: =E6*F6 -> 1376.55 | H6: 5 | I6: 103.7 | J6: =H6*I6 -> 518.5 | K6: =G6+J6 -> 1895.05 | M6: =M5+K6-L6 -> 22707.586
A7: 4 | B7: 45873 | E7: 15 | F7: 91.77 | G7: =E7*F7 -> 1376.55 | H7: 0 | I7: 0 | J7: =H7*I7 -> 0 | K7: =G7+J7 -> 1376.55 | M7: =M6+K7-L7 -> 24084.136
A8: 5 | B8: 45874 | E8: 15 | F8: 91.77 | G8: =E8*F8 -> 1376.55 | H8: 0 | I8: 0 | J8: =H8*I8 -> 0 | K8: =G8+J8 -> 1376.55 | M8: =M7+K8-L8 -> 25460.686
A9: 6 | B9: 45875 | E9: 15 | F9: 91.77 | G9: =E9*F9 -> 1376.55 | H9: 0 | I9: 0 | J9: =H9*I9 -> 0 | K9: =G9+J9 -> 1376.55 | M9: =M8+K9-L9 -> 26837.236
A10: 7 | B10: 45876 | E10: 0 | F10: 0 | G10: =E10*F10 -> 0 | H10: 0 | I10: 0 | J10: =H10*I10 -> 0 | K10: =G10+J10 -> 0 | M10: =M9+K10-L10 -> 26837.236
A11: 8 | B11: 45877 | E11: 35 | F11: 91.77 | G11: =E11*F11 -> 3211.95 | H11: 11 | I11: 103.7 | J11: =H11*I11 -> 1140.7 | K11: =G11+J11 -> 4352.65 | M11: =M10+K11-L11 -> 31189.886
A12: 9 | B12: 45878 | E12: 0 | F12: 0 | G12: =E12*F12 -> 0 | H12: 0 | I12: 0 | J12: =H12*I12 -> 0 | K12: =G12+J12 -> 0 | M12: =M11+K12-L12 -> 31189.886
A13: 10 | B13: 45879 | E13: 0 | F13: 0 | G13: =E13*F13 -> 0 | H13: 0 | I13: 0 | J13: =H13*I13 -> 0 | K13: =G13+J13 -> 0 | M13: =M12+K13-L13 -> 31189.886
A14: 11 | B14: 45880 | E14: 260 | F14: 91.77 | G14: =E14*F14 -> 23860.2 | H14: 0 | I14: 0 | J14: =H14*I14 -> 0 | K14: =G14+J14 -> 23860.2 | M14: =M13+K14-L14 -> 55050.086
A15: 12 | B15: 45881 | E15: 70 | F15: 91.77 | G15: =E15*F15 -> 6423.9 | H15: 0 | I15: 0 | J15: =H15*I15 -> 0 | K15: =G15+J15 -> 6423.9 | M15: =M14+K15-L15 -> 61473.986
A16: 13 | B16: 45882 | E16: 0 | F16: 0 | G16: =E16*F16 -> 0 | H16: 0 | I16: 0 | J16: =H16*I16 -> 0 | K16: =G16+J16 -> 0 | L16: 50000 | M16: =M15+K16-L16 -> 11473.986
A17: 14 | B17: 45883 | E17: 20 | F17: 91.77 | G17: =E17*F17 -> 1835.4 | H17: 5 | I17: 111.04 | J17: =H17*I17 -> 555.2 | K17: =G17+J17 -> 2390.6 | M17: =M16+K17-L17 -> 13864.586
A18: 15 | B18: 45884 | E18: 0 | F18: 0 | G18: =E18*F18 -> 0 | H18: 5 | I18: 103.7 | J18: =H18*I18 -> 518.5 | K18: =G18+J18 -> 518.5 | M18: =M17+K18-L18 -> 14383.086
A19: 16 | B19: 45885 | E19: 0 | F19: 0 | G19: =E19*F19 -> 0 | H19: 0 | I19: 0 | J19: =H19*I19 -> 0 | K19: =G19+J19 -> 0 | M19: =M18+K19-L19 -> 14383.086
A20: 17 | B20: 45886 | E20: 0 | F20: 0 | G20: =E20*F20 -> 0 | H20: 0 | I20: 0 | J20: =H20*I20 -> 0 | K20: =G20+J20 -> 0 | M20: =M19+K20-L20 -> 14383.086
A21: 18 | B21: 45887 | E21: 0 | F21: 0 | G21: =E21*F21 -> 0 | H21: 5 | I21: 103.7 | J21: =H21*I21 -> 518.5 | K21: =G21+J21 -> 518.5 | M21: =M20+K21-L21 -> 14901.586
A22: 19 | B22: 45888 | E22: 19.85 | F22: 91.77 | G22: =E22*F22 -> 1821.6345 | H22: 5 | I22: 103.7 | J22: =H22*I22 -> 518.5 | K22: =G22+J22 -> 2340.1345 | M22: =M21+K22-L22 -> 17241.72
A23: 20 | B23: 45889 | E23: 0 | F23: 0 | G23: =E23*F23 -> 0 | H23: 0 | I23: 0 | J23: =H23*I23 -> 0 | K23: =G23+J23 -> 0 | M23: =M22+K23-L23 -> 17241.72
A24: 21 | B24: 45890 | E24: 0 | F24: 0 | G24: =E24*F24 -> 0 | H24: 0 | I24: 0 | J24: =H24*I24 -> 0 | K24: =G24+J24 -> 0 | M24: =M23+K24-L24 -> 17241.72
A25: 22 | B25: 45891 | E25: 80 | F25: 91.77 | G25: =E25*F25 -> 7341.6 | H25: 6 | I25: 103.7 | J25: =H25*I25 -> 622.2 | K25: =G25+J25 -> 7963.8 | M25: =M24+K25-L25 -> 25205.52
A26: 23 | B26: 45892 | E26: 97.5 | F26: 91.77 | G26: =E26*F26 -> 8947.575 | H26: 0 | I26: 0 | J26: =H26*I26 -> 0 | K26: =G26+J26 -> 8947.575 | M26: =M25+K26-L26 -> 34153.095
A27: 24 | B27: 45893 | E27: 0 | F27: 0 | G27: =E27*F27 -> 0 | H27: 0 | I27: 0 | J27: =H27*I27 -> 0 | K27: =G27+J27 -> 0 | M27: =M26+K27-L27 -> 34153.095
A28: 25 | B28: 45894 | E28: 0 | F28: 0 | G28: =E28*F28 -> 0 | H28: 5 | I28: 103.7 | J28: =H28*I28 -> 518.5 | K28: =G28+J28 -> 518.5 | M28: =M27+K28-L28 -> 34671.595
... A34: 31 | B34: 45900 | E34: 0 | F34: 0 | G34: =E34*F34 -> 0 | H34: 0 | I34: 0 | J34: =H34*I34 -> 0 | K34: =G34+J34 -> 0 | M34: =M33+K34-L34 -> 38975.608
E35: =SUM(E4:E34) -> 839.25 | G35: =SUM(G4:G34) -> 77017.973 | H35: =SUM(H4:H34) -> 53 | J35: =SUM(J4:J34) -> 5532.8 | K35: =SUM(K4:K34) -> 82550.773 | L35: =SUM(L4:L34) -> 73270

Sheet Ugar,Khagwad,Kudichi
A1: Shiri Bhrhmanath Petrolium
A2: S.No | B2: Date | C2: GRN No | D2: Ind No/Bill No | E2: Diesel (Lts) | F2: Price | G2: Amount | H2: Petrol (Lts) | I2: Price | J2: Amount | K2: Total amount | L2: Amount paid | M2: As on Date | N2: Remarks
A3: Opening Balance | K3: 0 | M3: 21188.98
A4: 1 | B4: 45870 | E4: 255 | F4: 91.93 | G4: =E4*F4 -> 23442.15 | H4: 25 | I4: 103.89 | J4: =H4*I4 -> 2597.25 | K4: =G4+J4 -> 26039.4 | L4: 0 | M4: =M3+K4-L4 -> 47228.38
A5: 2 | B5: 45871 | E5: 0 | F5: 0 | G5: =E5*F5 -> 0 | H5: 0 | I5: 0 | J5: =H5*I5 -> 0 | K5: =G5+J5 -> 0 | L5: 0 | M5: =M4+K5-L5 -> 47228.38
A6: 3 | B6: 45872 | E6: 43.76 | F6: 91.93 | G6: =E6*F6 -> 4022.8568 | H6: 0 | I6: 0 | J6: =H6*I6 -> 0 | K6: =G6+J6 -> 4022.8568 | L6: 0 | M6: =M5+K6-L6 -> 51251.237
A7: 4 | B7: 45873 | E7: 510 | F7: 91.93 | G7: =E7*F7 -> 46884.3 | H7: 0 | I7: 0 | J7: =H7*I7 -> 0 | K7: =G7+J7 -> 46884.3 | L7: 0 | M7: =M6+K7-L7 -> 98135.537
A8: 5 | B8: 45874 | E8: 95 | F8: 91.93 | G8: =E8*F8 -> 8733.35 | H8: 5 | I8: 103.89 | J8: =H8*I8 -> 519.45 | K8: =G8+J8 -> 9252.8 | L8: 0 | M8: =M7+K8-L8 -> 107388.34
A9: 6 | B9: 45875 | E9: 270 | F9: 91.93 | G9: =E9*F9 -> 24821.1 | H9: 35 | I9: 103.89 | J9: =H9*I9 -> 3636.15 | K9: =G9+J9 -> 28457.25 | L9: 0 | M9: =M8+K9-L9 -> 135845.59
A10: 7 | B10: 45876 | E10: 485 | F10: 91.93 | G10: =E10*F10 -> 44586.05 | H10: 5 | I10: 103.89 | J10: =H10*I10 -> 519.45 | K10: =G10+J10 -> 45105.5 | L10: 0 | M10: =M9+K10-L10 -> 180951.09
A11: 8 | B11: 45877 | E11: 0 | F11: 0 | G11: =E11*F11 -> 0 | H11: 0 | I11: 0 | J11: =H11*I11 -> 0 | K11: =G11+J11 -> 0 | L11: 0 | M11: =M10+K11-L11 -> 180951.09
A12: 9 | B12: 45878 | E12: 30 | F12: 91.93 | G12: =E12*F12 -> 2757.9 | H12: 0 | I12: 0 | J12: =H12*I12 -> 0 | K12: =G12+J12 -> 2757.9 | L12: 0 | M12: =M11+K12-L12 -> 183708.99
A13: 10 | B13: 45879 | E13: 84 | F13: 91.93 | G13: =E13*F13 -> 7722.12 | H13: 0 | I13: 0 | J13: =H13*I13 -> 0 | K13: =G13+J13 -> 7722.12 | L13: 0 | M13: =M12+K13-L13 -> 191431.11
A14: 11 | B14: 45880 | E14: 105 | F14: 91.93 | G14: =E14*F14 -> 9652.65 | H14: 0 | I14: 0 | J14: =H14*I14 -> 0 | K14: =G14+J14 -> 9652.65 | L14: 0 | M14: =M13+K14-L14 -> 201083.76
A15: 12 | B15: 45881 | E15: 305 | F15: 91.93 | G15: =E15*F15 -> 28038.65 | H15: 40 | I15: 103.89 | J15: =H15*I15 -> 4155.6 | K15: =G15+J15 -> 32194.25 | L15: 0 | M15: =M14+K15-L15 -> 233278.01
... A34: 31 | B34: 45900 | E34: 0 | F34: 0 | G34: =E34*F34 -> 0 | H34: 0 | I34: 0 | J34: =H34*I34 -> 0 | K34: =G34+J34 -> 0 | L34: 0 | M34: =M33+K34-L34 -> 276896.24
E35: =SUM(E4:E34) -> 4077.58 | G35: =SUM(G4:G34) -> 374851.93 | H35: =SUM(H4:H34) -> 297 | J35: =SUM(J4:J34) -> 30855.33 | K35: =SUM(K4:K34) -> 405707.26 | L35: =SUM(L4:L34) -> 150000

Sheet Kabbur
A1: Shri Jai Hanuman Petrolium
A2: S.No | B2: Date | C2: GRN No | D2: Ind no/Bill No | E2: Diesel (Lts) | F2: Price | G2: Amount | H2: Petrol (Lts) | I2: Price | J2: Amount | K2: Total amount | L2: Amount paid | M2: As on Date | N2: Remarks
A3: Opening Balance | K3: 0 | M3: =+K3 -> 0
A4: 1 | B4: 45870 | E4: 0 | F4: 0 | G4: =E4*F4 -> 0 | K4: =G4+J4 -> 0 | L4: =+K4 -> 0
A5: 2 | B5: 45871 | E5: 0 | F5: 0 | G5: =E5*F5 -> 0 | K5: =G5+J5 -> 0 | L5: =+K5 -> 0
A6: 3 | B6: 45872 | E6: 0 | F6: 0 | G6: =E6*F6 -> 0 | K6: =G6+J6 -> 0 | L6: =+K6 -> 0
A7: 4 | B7: 45873 | E7: 50 | F7: 91.59 | G7: =E7*F7 -> 4579.5 | H7: 7.73 | I7: 103.53 | J7: =H7*I7 -> 800.2869 | K7: =G7+J7 -> 5379.7869 | L7: =+K7 -> 5379.7869
A8: 5 | B8: 45874 | E8: 0 | F8: 0 | G8: =E8*F8 -> 0 | K8: =G8+J8 -> 0 | L8: =+K8 -> 0
A9: 6 | B9: 45875 | E9: 0 | F9: 0 | G9: =E9*F9 -> 0 | K9: =G9+J9 -> 0 | L9: =+K9 -> 0
A10: 7 | B10: 45876 | E10: 0 | F10: 0 | G10: =E10*F10 -> 0 | K10: =G10+J10 -> 0 | L10: =+K10 -> 0
A11: 8 | B11: 45877 | E11: 52 | F11: 91.59 | G11: =E11*F11 -> 4762.68 | K11: =G11+J11 -> 4762.68 | L11: =+K11 -> 4762.68
A12: 9 | B12: 45878 | E12: 0 | F12: 91.59 | G12: =E12*F12 -> 0 | H12: 8 | I12: 103.53 | J12: =H12*I12 -> 828.24 | K12: =G12+J12 -> 828.24 | L12: =+K12 -> 828.24
A13: 10 | B13: 45879 | E13: 5 | F13: 91.59 | G13: =E13*F13 -> 457.95 | H13: 0 | I13: 103.53 | J13: =H13*I13 -> 0 | K13: =G13+J13 -> 457.95 | L13: =+K13 -> 457.95
A14: 11 | B14: 45880 | E14: 50 | F14: 91.59 | G14: =E14*F14 -> 4579.5 | J14: =H14*I14 -> 0 | K14: =G14+J14 -> 4579.5 | L14: =+K14 -> 4579.5
A15: 12 | B15: 45881 | E15: 0 | F15: 0 | G15: =E15*F15 -> 0 | H15: 1.93 | I15: 103.53 | J15: =H15*I15 -> 199.8129 | K15: =G15+J15 -> 199.8129 | L15: =+K15 -> 199.8129
A16: 13 | B16: 45882 | E16: 0 | F16: 0 | G16: =E16*F16 -> 0 | J16: =H16*I16 -> 0 | K16: =G16+J16 -> 0 | L16: =+K16 -> 0
A17: 14 | B17: 45883 | E17: 0 | F17: 0 | G17: =E17*F17 -> 0 | J17: =H17*I17 -> 0 | K17: =G17+J17 -> 0 | L17: =+K17 -> 0
A18: 15 | B18: 45884 | E18: 0 | F18: 0 | G18: =E18*F18 -> 0 | J18: =H18*I18 -> 0 | K18: =G18+J18 -> 0 | L18: =+K18 -> 0
A19: 16 | B19: 45885 | E19: 0 | F19: 0 | G19: =E19*F19 -> 0 | J19: =H19*I19 -> 0 | K19: =G19+J19 -> 0 | L19: =+K19 -> 0
A20: 17 | B20: 45886 | E20: 0 | F20: 0 | G20: =E20*F20 -> 0 | J20: =H20*I20 -> 0 | K20: =G20+J20 -> 0 | L20: =+K20 -> 0
A21: 18 | B21: 45887 | E21: 150 | F21: 91.59 | G21: =E21*F21 -> 13738.5 | J21: =H21*I21 -> 0 | K21: =G21+J21 -> 13738.5 | L21: =+K21 -> 13738.5
A22: 19 | B22: 45888 | E22: 0 | F22: 0 | G22: =E22*F22 -> 0 | J22: =H22*I22 -> 0 | K22: =G22+J22 -> 0 | L22: =+K22 -> 0
A23: 20 | B23: 45889 | E23: 0 | F23: 0 | G23: =E23*F23 -> 0 | J23: =H23*I23 -> 0 | K23: =G23+J23 -> 0 | L23: =+K23 -> 0
A24: 21 | B24: 45890 | E24: 5 | F24: 91.59 | G24: =E24*F24 -> 457.95 | H24: 5 | I24: 103.53 | J24: =H24*I24 -> 517.65 | K24: =G24+J24 -> 975.6 | L24: =+K24 -> 975.6
A25: 22 | B25: 45891 | E25: 0 | F25: 0 | G25: =E25*F25 -> 0 | J25: =H25*I25 -> 0 | K25: =G25+J25 -> 0 | L25: =+K25 -> 0
A26: 23 | B26: 45892 | E26: 150 | F26: 91.59 | G26: =E26*F26 -> 13738.5 | H26: 7 | I26: 103.53 | J26: =H26*I26 -> 724.71 | K26: =G26+J26 -> 14463.21 | L26: =+K26 -> 14463.21
A27: 24 | B27: 45893 | E27: 0 | F27: 0 | G27: =E27*F27 -> 0 | J27: =H27*I27 -> 0 | K27: =G27+J27 -> 0 | L27: =+K27 -> 0 | O27: 0
A28: 25 | B28: 45894 | E28: 0 | F28: 0 | G28: =E28*F28 -> 0 | J28: =H28*I28 -> 0 | K28: =G28+J28 -> 0 | L28: =+K28 -> 0
A29: 26 | B29: 45895 | E29: 0 | F29: 0 | G29: =E29*F29 -> 0 | J29: =H29*I29 -> 0 | K29: =G29+J29 -> 0 | L29: =+K29 -> 0
A30: 27 | B30: 45896 | E30: 0 | F30: 0 | G30: =E30*F30 -> 0 | J30: =H30*I30 -> 0 | K30: =G30+J30 -> 0 | L30: =+K30 -> 0
A31: 28 | B31: 45897 | E31: 0 | F31: 0 | G31: =E31*F31 -> 0 | J31: =H31*I31 -> 0 | K31: =G31+J31 -> 0 | L31: =+K31 -> 0
A32: 29 | B32: 45898 | E32: 0 | F32: 0 | G32: =E32*F32 -> 0 | J32: =H32*I32 -> 0 | K32: =G32+J32 -> 0 | L32: =+K32 -> 0
A33: 30 | B33: 45899 | E33: 0 | F33: 0 | G33: =E33*F33 -> 0 | J33: =H33*I33 -> 0 | K33: =G33+J33 -> 0 | L33: =+K33 -> 0
A34: 31 | E34: 0 | F34: 0 | G34: =E34*F34 -> 0
E35: =SUM(E4:E34) -> 462 | G35: =SUM(G4:G34) -> 42314.58 | H35: =SUM(H4:H34) -> 29.66 | J35: =SUM(J4:J34) -> 3070.6998 | K35: =SUM(K4:K34) -> 45385.28 | L35: =SUM(L4:L34) -> 45385.28

Sheet Jalgaon
A1: Sri Sai Petrol Pump
A2: S.No | B2: Date | C2: GRN No | D2: Ind No/Bill No | E2: Diesel (Lts) | F2: Price | G2: Amount | H2: Petrol (Lts) | I2: Price | J2: Amount | K2: Total amount | L2: Amount paid | M2: As on Date | N2: Remarks
A3: Opening Balance | K3: 50163.215 | M3: =+K3 -> 50163.215
A4: 1 | B4: 45870 | E4: 0 | F4: 0 | G4: =E4*F4 -> 0 | H4: 0 | I4: 0 | J4: =H4*I4 -> 0 | K4: =G4+J4 -> 0 | L4: 3000 | M4: =M3+K4-L4 -> 47163.215
A5: 2 | B5: 45871 | E5: 40 | F5: 91.71 | G5: =E5*F5 -> 3668.4 | H5: 0 | I5: 0 | J5: =H5*I5 -> 0 | K5: =G5+J5 -> 3668.4 | L5: 0 | M5: =M4+K5-L5 -> 50831.615
A6: 3 | B6: 45872 | E6: 0 | F6: 0 | G6: =E6*F6 -> 0 | H6: 0 | I6: 0 | J6: =H6*I6 -> 0 | K6: =G6+J6 -> 0 | L6: 0 | M6: =M5+K6-L6 -> 50831.615
A7: 4 | B7: 45873 | E7: 59.9 | F7: 91.71 | G7: =E7*F7 -> 5493.429 | H7: 8.55 | I7: 105.19 | J7: =H7*I7 -> 899.3745 | K7: =G7+J7 -> 6392.8035 | L7: 0 | M7: =M6+K7-L7 -> 57224.419
A8: 5 | B8: 45874 | E8: 60 | F8: 91.71 | G8: =E8*F8 -> 5502.6 | H8: 0 | I8: 0 | J8: =H8*I8 -> 0 | K8: =G8+J8 -> 5502.6 | L8: 0 | M8: =M7+K8-L8 -> 62727.019
B9: 45874 | E9: 39.8 | F9: 92.3 | G9: =E9*F9 -> 3673.54 | H9: 0 | I9: 0 | J9: =H9*I9 -> 0 | K9: =G9+J9 -> 3673.54 | L9: 3662.79 | M9: =M8+K9-L9 -> 62737.769
A10: 6 | B10: 45875 | E10: 41.39 | F10: 91.71 | G10: =E10*F10 -> 3795.8769 | H10: 8.55 | I10: 105.19 | J10: =H10*I10 -> 899.3745 | K10: =G10+J10 -> 4695.2514 | L10: 17091.23 | M10: =M9+K10-L10 -> 50341.79
A11: 7 | B11: 45876 | E11: 41.42 | F11: 91.97 | G11: =E11*F11 -> 3809.3974 | H11: 0 | I11: 0 | J11: =H11*I11 -> 0 | K11: =G11+J11 -> 3809.3974 | L11: 6209.85 | M11: =M10+K11-L11 -> 47941.338
A12: 8 | B12: 45877 | E12: 37.89 | F12: 91.71 | G12: =E12*F12 -> 3474.8919 | H12: 0 | I12: 0 | J12: =H12*I12 -> 0 | K12: =G12+J12 -> 3474.8919 | L12: 0 | M12: =M11+K12-L12 -> 51416.23
B13: 45877 | E13: 27.23 | F13: 91.82 | G13: =E13*F13 -> 2500.2586 | H13: 0 | I13: 0 | J13: =H13*I13 -> 0 | K13: =G13+J13 -> 2500.2586 | L13: =H13+K13 -> 2500.2586 | M13: =M12+K13-L13 -> 51416.23
A14: 9 | B14: 45878 | E14: 47.25 | F14: 91.71 | G14: =E14*F14 -> 4333.2975 | H14: 0 | I14: 0 | J14: =H14*I14 -> 0 | K14: =G14+J14 -> 4333.2975 | L14: 1834.2 | M14: =M13+K14-L14 -> 53915.327
A15: 10 | B15: 45879 | E15: 20 | F15: 91.71 | G15: =E15*F15 -> 1834.2 | H15: 0 | I15: 0 | J15: =H15*I15 -> 0 | K15: =G15+J15 -> 1834.2 | L15: 0 | M15: =M14+K15-L15 -> 55749.527
A16: 11 | B16: 45880 | E16: 192 | F16: 91.71 | G16: =E16*F16 -> 17608.32 | H16: 0 | I16: 0 | J16: =H16*I16 -> 0 | K16: =G16+J16 -> 17608.32 | L16: 18536.04 | M16: =M15+K16-L16 -> 54821.807
A17: 12 | B17: 45881 | E17: 74.27 | F17: 91.71 | G17: =E17*F17 -> 6811.3017 | H17: 0 | I17: 0 | J17: =H17*I17 -> 0 | K17: =G17+J17 -> 6811.3017 | L17: 9746.02 | M17: =M16+K17-L17 -> 51887.089
A18: 13 | B18: 45882 | E18: 0 | F18: 0 | G18: =E18*F18 -> 0 | H18: 0 | I18: 0 | J18: =H18*I18 -> 0 | K18: =G18+J18 -> 0 | L18: 0 | M18: =M17+K18-L18 -> 51887.089
A19: 14 | B19: 45883 | E19: 85.47 | F19: 91.71 | G19: =E19*F19 -> 7838.4537 | H19: 0 | I19: 0 | J19: =H19*I19 -> 0 | K19: =G19+J19 -> 7838.4537 | L19: 0 | M19: =M18+K19-L19 -> 59725.542
A20: 15 | B20: 45884 | E20: 41.9 | F20: 91.71 | G20: =E20*F20 -> 3842.649 | H20: 0 | I20: 0 | J20: =H20*I20 -> 0 | K20: =G20+J20 -> 3842.649 | L20: 0 | M20: =M19+K20-L20 -> 63568.191
A21: 16 | B21: 45885 | E21: 40 | F21: 91.71 | G21: =E21*F21 -> 3668.4 | H21: 0 | I21: 0 | J21: =H21*I21 -> 0 | K21: =G21+J21 -> 3668.4 | L21: 0 | M21: =M20+K21-L21 -> 67236.591
A22: 17 | B22: 45886 | E22: 91.04 | F22: 91.71 | G22: =E22*F22 -> 8349.2784 | H22: 0 | I22: 0 | J22: =H22*I22 -> 0 | K22: =G22+J22 -> 8349.2784 | L22: 0 | M22: =M21+K22-L22 -> 75585.87
A23: 18 | B23: 45887 | E23: 40 | F23: 91.71 | G23: =E23*F23 -> 3668.4 | H23: 0 | I23: 0 | J23: =H23*I23 -> 0 | K23: =G23+J23 -> 3668.4 | L23: 0 | M23: =M22+K23-L23 -> 79254.27
A24: 19 | B24: 45888 | E24: 118.74 | F24: 91.71 | G24: =E24*F24 -> 10889.645 | H24: 0 | I24: 0 | J24: =H24*I24 -> 0 | K24: =G24+J24 -> 10889.645 | L24: 15094.52 | M24: =M23+K24-L24 -> 75049.395
A25: 20 | B25: 45889 | E25: 44.16 | F25: 91.71 | G25: =E25*F25 -> 4049.9136 | H25: 0 | I25: 0 | J25: =H25*I25 -> 0 | K25: =G25+J25 -> 4049.9136 | L25: 14625.41 | M25: =M24+K25-L25 -> 64473.899
... A36: 31 | B36: 45900 | E36: 0 | F36: 0 | G36: =E36*F36 -> 0 | H36: 0 | I36: 0 | J36: =H36*I36 -> 0 | K36: =G36+J36 -> 0 | L36: 0 | M36: =M35+K36-L36 -> 215765.12
A37: 32 | E37: 0 | F37: 0 | G37: =E37*F37 -> 0 | H37: 0 | I37: 0 | J37: =H37*I37 -> 0 | K37: =G37+J37 -> 0 | L37: 0 | M37: =M36+K37-L37 -> 215765.12
A38: 33 | E38: 0 | F38: 0 | G38: =E38*F38 -> 0 | H38: 0 | I38: 0 | J38: =H38*I38 -> 0 | K38: =G38+J38 -> 0 | L38: 0 | M38: =M37+K38-L38 -> 215765.12
A39: 34 | E39: 0 | F39: 0 | G39: =E39*F39 -> 0 | H39: 0 | I39: 0 | J39: =H39*I39 -> 0 | K39: =G39+J39 -> 0 | L39: 0 | M39: =M38+K39-L39 -> 215765.12
A40: 35 | E40: 0 | F40: 0 | G40: =E40*F40 -> 0 | H40: 0 | I40: 0 | J40: =H40*I40 -> 0 | K40: =G40+J40 -> 0 | L40: 0 | M40: =M39+K40-L40 -> 215765.12
A41: 36 | E41: 0 | F41: 0 | G41: =E41*F41 -> 0 | H41: 0 | I41: 0 | J41: =H41*I41 -> 0 | K41: =G41+J41 -> 0 | L41: 0 | M41: =M40+K41-L41 -> 215765.12
A42: 37 | E42: 0 | F42: 0 | G42: =E42*F42 -> 0 | H42: 0 | I42: 0 | J42: =H42*I42 -> 0 | K42: =G42+J42 -> 0 | L42: 0 | M42: =M41+K42-L42 -> 215765.12
A43: 38 | E43: 0 | F43: 0 | G43: =E43*F43 -> 0 | H43: 0 | I43: 0 | J43: =H43*I43 -> 0 | K43: =G43+J43 -> 0 | L43: 0 | M43: =M42+K43-L43 -> 215765.12
E44: =SUM(E4:E43) -> 2780.66 | G44: =SUM(G4:G43) -> 255051.58 | H44: =SUM(H4:H43) -> 27.1 | J44: =SUM(J4:J43) -> 2850.649 | K44: =SUM(K4:K43) -> 257902.22 | L44: =SUM(L4:L43) -> 92300.319

Sheet MKBD
A1: Shree Sai Samarth Petroleum
A2: S.No | B2: Date | C2: GRN No | D2: Ind No/Bill No | E2: Diesel (Lts) | F2: Price | G2: Amount | H2: Petrol (Lts) | I2: Price | J2: Amount | K2: Total amount | L2: Amount paid | M2: As on Date | N2: Remarks
A3: Opening Balance | K3: 1198639.6 | M3: =+K3 -> 1198639.6 | O3: 1194597
A4: 1 | B4: 45870 | C4: 0 | E4: 0 | F4: 0 | G4: =E4*F4 -> 0 | H4: 0 | I4: 0 | J4: =H4*I4 -> 0 | K4: =G4+J4 -> 0 | M4: =M3+K4-L4 -> 1198639.6
A5: 2 | B5: 45871 | C5: 0 | E5: 0 | F5: 0 | G5: =E5*F5 -> 0 | H5: 0 | I5: 0 | J5: =H5*I5 -> 0 | K5: =G5+J5 -> 0 | M5: =M4+K5-L5 -> 1198639.6
A6: 3 | B6: 45872 | C6: 0 | E6: 0 | F6: 0 | G6: =E6*F6 -> 0 | H6: 0 | I6: 0 | J6: =H6*I6 -> 0 | K6: =G6+J6 -> 0 | M6: =M5+K6-L6 -> 1198639.6
A7: 4 | B7: 45873 | C7: 0 | E7: 0 | F7: 0 | G7: =E7*F7 -> 0 | H7: 0 | I7: 0 | J7: =H7*I7 -> 0 | K7: =G7+J7 -> 0 | M7: =M6+K7-L7 -> 1198639.6
A8: 5 | B8: 45874 | C8: 0 | E8: 0 | F8: 0 | G8: =E8*F8 -> 0 | H8: 0 | I8: 0 | J8: =H8*I8 -> 0 | K8: =G8+J8 -> 0 | M8: =M7+K8-L8 -> 1198639.6
A9: 6 | B9: 45875 | C9: 0 | E9: 0 | F9: 0 | G9: =E9*F9 -> 0 | H9: 0 | I9: 0 | J9: =H9*I9 -> 0 | K9: =G9+J9 -> 0 | M9: =M8+K9-L9 -> 1198639.6
A10: 7 | B10: 45876 | C10: 0 | E10: 0 | F10: 0 | G10: =E10*F10 -> 0 | H10: 0 | I10: 0 | J10: =H10*I10 -> 0 | K10: =G10+J10 -> 0 | M10: =M9+K10-L10 -> 1198639.6
A11: 8 | B11: 45877 | C11: 0 | E11: 1500 | F11: 91.14 | G11: =E11*F11 -> 136710 | H11: 40 | I11: 104.6 | J11: =H11*I11 -> 4184 | K11: =G11+J11 -> 140894 | M11: =M10+K11-L11 -> 1339533.6
A12: 9 | B12: 45878 | C12: 0 | E12: 0 | F12: 0 | G12: =E12*F12 -> 0 | H12: 0 | I12: 0 | J12: =H12*I12 -> 0 | K12: =G12+J12 -> 0 | M12: =M11+K12-L12 -> 1339533.6
A13: 10 | B13: 45879 | C13: 0 | E13: 0 | F13: 0 | G13: =E13*F13 -> 0 | H13: 0 | I13: 0 | J13: =H13*I13 -> 0 | K13: =G13+J13 -> 0 | M13: =M12+K13-L13 -> 1339533.6
A14: 11 | B14: 45880 | C14: 0 | E14: 0 | F14: 0 | G14: =E14*F14 -> 0 | H14: 0 | I14: 0 | J14: =H14*I14 -> 0 | K14: =G14+J14 -> 0 | M14: =M13+K14-L14 -> 1339533.6
A15: 12 | B15: 45881 | C15: 0 | E15: 0 | F15: 0 | G15: =E15*F15 -> 0 | H15: 0 | I15: 0 | J15: =H15*I15 -> 0 | K15: =G15+J15 -> 0 | M15: =M14+K15-L15 -> 1339533.6
... A33: 30 | B33: 45899 | C33: 0 | E33: 0 | F33: 0 | G33: =E33*F33 -> 0 | H33: 0 | I33: 0 | J33: =H33*I33 -> 0 | K33: =G33+J33 -> 0 | M33: =M32+K33-L33 -> 1341625.6
A34: 31 | C34: 0 | E34: 0 | F34: 0 | G34: =E34*F34 -> 0 | H34: 0 | I34: 0 | J34: =H34*I34 -> 0 | K34: =G34+J34 -> 0 | M34: =M33+K34-L34 -> 1341625.6
A35: 32 | E35: 0 | F35: 0 | G35: =E35*F35 -> 0 | H35: 0 | I35: 0 | J35: =H35*I35 -> 0 | K35: =G35+J35 -> 0 | M35: =M34+K35-L35 -> 1341625.6 | P35: 1194597.7 | Q35: =P35-M35 -> -147027.93
E36: =SUM(E4:E35) -> 1520 | G36: =SUM(G4:G35) -> 138802 | H36: =SUM(H4:H35) -> 40 | J36: =SUM(J4:J35) -> 4184 | K36: =SUM(K4:K35) -> 142986 | L36: =SUM(L4:L35) -> 0

Sheet Srirangapatna
A1: Sri Chakra Fuel Station
A2: S.No | B2: Date | C2: GRN No | D2: Ind no/Bill No | E2: Diesel (Lts) | F2: Price | G2: Amount | H2: Petrol (Lts) | I2: Price | J2: Amount | K2: Total amount | L2: Amount paid | M2: As on Date | N2: Remarks
A3: Opening Balance | M3: 0
A4: 1 | B4: 45870 | E4: 33.12 | F4: 90.57 | G4: =E4*F4 -> 2999.6784 | H4: 0 | I4: 0 | J4: =H4*I4 -> 0 | K4: =G4+J4 -> 2999.6784 | L4: =+K4 -> 2999.6784 | M4: 0
A5: 2 | B5: 45871 | E5: 0 | F5: 0 | G5: =E5*F5 -> 0 | H5: 0 | I5: 0 | J5: =H5*I5 -> 0 | K5: =G5+J5 -> 0 | L5: =+K5 -> 0 | M5: 0
A6: 3 | B6: 45872 | E6: 0 | F6: 0 | G6: =E6*F6 -> 0 | H6: 0 | I6: 0 | J6: =H6*I6 -> 0 | K6: =G6+J6 -> 0 | L6: =+K6 -> 0 | M6: 0
A7: 4 | B7: 45873 | E7: 110.41 | F7: 90.57 | G7: =E7*F7 -> 9999.8337 | H7: 15.62 | I7: 102.46 | J7: =H7*I7 -> 1600.4252 | K7: =G7+J7 -> 11600.259 | L7: =+K7 -> 11600.259 | M7: 0
A8: 5 | B8: 45874 | E8: 0 | F8: 0 | G8: =E8*F8 -> 0 | H8: 0 | I8: 0 | J8: =H8*I8 -> 0 | K8: =G8+J8 -> 0 | L8: =+K8 -> 0 | M8: 0
A9: 6 | B9: 45875 | E9: 0 | F9: 0 | G9: =E9*F9 -> 0 | H9: 0 | I9: 0 | J9: =H9*I9 -> 0 | K9: =G9+J9 -> 0 | L9: =+K9 -> 0 | M9: 0
A10: 7 | B10: 45876 | E10: 0 | F10: 0 | G10: =E10*F10 -> 0 | H10: 9.76 | I10: 102.46 | J10: =H10*I10 -> 1000.0096 | K10: =G10+J10 -> 1000.0096 | L10: =+K10 -> 1000.0096 | M10: 0
A11: 8 | B11: 45877 | E11: 0 | F11: 0 | G11: =E11*F11 -> 0 | H11: 0 | I11: 0 | J11: =H11*I11 -> 0 | K11: =G11+J11 -> 0 | L11: =+K11 -> 0 | M11: 0
A12: 9 | B12: 45878 | E12: 0 | F12: 0 | G12: =E12*F12 -> 0 | H12: 0 | I12: 0 | J12: =H12*I12 -> 0 | K12: =G12+J12 -> 0 | L12: =+K12 -> 0 | M12: 0
A13: 10 | B13: 45879 | E13: 0 | F13: 0 | G13: =E13*F13 -> 0 | H13: 0 | I13: 0 | J13: =H13*I13 -> 0 | K13: =G13+J13 -> 0 | L13: =+K13 -> 0 | M13: 0
A14: 11 | B14: 45880 | E14: 0 | F14: 0 | G14: =E14*F14 -> 0 | H14: 23.23 | I14: 102.46 | J14: =H14*I14 -> 2380.1458 | K14: =G14+J14 -> 2380.1458 | L14: =+K14 -> 2380.1458 | M14: 0
A15: 12 | B15: 45881 | E15: 0 | F15: 0 | G15: =E15*F15 -> 0 | H15: 0 | I15: 0 | J15: =H15*I15 -> 0 | K15: =G15+J15 -> 0 | L15: =+K15 -> 0 | M15: 0
... A33: 30 | B33: 45899 | E33: 0 | F33: 0 | G33: =E33*F33 -> 0 | H33: 0 | I33: 0 | J33: =H33*I33 -> 0 | K33: =G33+J33 -> 0 | L33: =+K33 -> 0 | M33: 0
A34: 31 | G34: =E34*F34 -> 0 | H34: 0 | I34: 0 | J34: =H34*I34 -> 0 | K34: =G34+J34 -> 0 | L34: =+K34 -> 0 | M34: 0
E35: =SUM(E4:E34) -> 365.61 | G35: =SUM(G4:G34) -> 33113.298 | H35: =SUM(H4:H34) -> 76.75 | J35: =SUM(J4:J34) -> 7863.805 | K35: =SUM(K4:K34) -> 40977.103 | L35: =SUM(L4:L34) -> 40977.103

Sheet BPCL March 25
A1: BPCL Card Ledger
A2: S.No | B2: Date | C2: Petrol Bunk Name | D2: Card No | E2: Diesel (Lts) | F2: Price | G2: Amount | H2: Petrol (Lts) | I2: Price | J2: Amount | K2: Total amount | L2: Recharge Amount | M2: As on Date | N2: Remarks | O2: Redeem
A3: Opening Balance | K3: 74793.79
A4: 1 | B4: 02.08.2025 | C4: JUBILEE HILLS FILL. STN. | D4: FC3450563999 | E4: 0 | G4: =E4*F4 -> 0 | H4: 4.5 | I4: 107.46 | J4: =H4*I4 -> 483.57 | K4: =G4+J4 -> 483.57 | L4: 1400000 | M4: =K3+L4-K4 -> 1474310.2
A5: 2 | B5: 02.08.2025 | C5: SAI BABA FILLING STATION | D5: FC3450563998 | E5: 13358.28 | F5: 96.42 | G5: =E5*F5 -> 1288005.4 | H5: 0 | I5: 0 | J5: =H5*I5 -> 0 | K5: =G5+J5 -> 1288005.4 | L5: 0 | M5: =M4+L5-K5 -> 186304.86
A6: 3 | B6: 03.08.2025 | C6: V.V.VARDE BHARAT | D6: FC8000207649 | E6: 3.3 | F6: 90.88 | G6: =E6*F6 -> 299.904 | H6: 0 | I6: 0 | J6: =H6*I6 -> 0 | K6: =G6+J6 -> 299.904 | L6: 0 | M6: =M5+L6-K6 -> 186004.96
A7: 4 | B7: 04.08.2025 | C7: SRI LAKSHMI VENKATESWARA F/S | D7: FC8000207650 | E7: 108.44 | F7: 92.22 | G7: =E7*F7 -> 10000.337 | H7: 0 | I7: 0 | J7: =H7*I7 -> 0 | K7: =G7+J7 -> 10000.337 | L7: 0 | M7: =M6+L7-K7 -> 176004.62
A8: 5 | B8: 04.08.2025 | C8: SANDHYA FUEL STATION | D8: FC8000207658 | E8: 36.57 | F8: 95.7 | G8: =E8*F8 -> 3499.749 | H8: 0 | I8: 0 | J8: =H8*I8 -> 0 | K8: =G8+J8 -> 3499.749 | L8: 0 | M8: =M7+L8-K8 -> 172504.87
A9: 6 | B9: 05.08.2025 | C9: V.V.VARDE BHARAT | D9: FC8000207649 | E9: 25 | F9: 90.88 | G9: =E9*F9 -> 2272 | H9: 0 | I9: 0 | J9: =H9*I9 -> 0 | K9: =G9+J9 -> 2272 | L9: 0 | M9: =M8+L9-K9 -> 170232.87
A10: 7 | B10: 05.08.2025 | C10: CYBERABAD FILLING STATION | D10: FC3450563999 | G10: =E10*F10 -> 0 | H10: 3.72 | I10: 107.46 | J10: =H10*I10 -> 399.7512 | K10: =G10+J10 -> 399.7512 | L10: 0 | M10: =M9+L10-K10 -> 169833.12
A11: 8 | B11: 06.08.2025 | C11: SREE CHAKRA FILLING STATION | D11: FC8000207658 | E11: 16.71 | F11: 95.77 | G11: =E11*F11 -> 1600.3167 | H11: 0 | I11: 0 | J11: =H11*I11 -> 0 | K11: =G11+J11 -> 1600.3167 | L11: 0 | M11: =M10+L11-K11 -> 168232.8
