Workbook

Sheet Nov-25 
A1: S.no | B1: Site Name | C1: Bunk Name | D1: Diesel(Liters) | E1: Diesel Amount | F1: Petrol(Liters) | G1: Petrol Amount | H1: Total Amount | I1: Opening Blance | J1: Amount Paid | K1: Closing Balances
A2: 1 | B2: Khammam-1 | C2: Divya laxmi ganapathi | D2: =+'Khammam-1'!E38 -> 30400 | E2: =+'Khammam-1'!G38 -> 2908672 | F2: =+'Khammam-1'!H38 -> 175 | G2: =+'Khammam-1'!J38 -> 18805.5 | H2: =E2+G2 -> 2927477.5 | I2: =+'Khammam-1'!K3 -> 9147141.7 | J2: =+'Khammam-1'!L38 -> 7500000 | K2: =H2+I2-J2 -> 4574619.2
A3: 2 | B3: Khammam-2 | C3: Jayasai union bunk | D3: =+'Khammam-2'!E35 -> 31884.57 | E3: =+'Khammam-2'!G35 -> 3051353.3 | F3: =+'Khammam-2'!H35 -> 445 | G3: =+'Khammam-2'!J35 -> 47828.6 | H3: =E3+G3 -> 3099181.9 | I3: =+'Khammam-2'!K3 -> 24162763 | J3: =+'Khammam-2'!L35 -> 17700000 | K3: =H3+I3-J3 -> 9561944.8
A4: 3 | B4: Jadcherla-1 | C4: Sai Baba Fuel Station | D4: =+'Jadcherla -1'!E36 -> 1634.54 | E4: =+'Jadcherla -1'!G36 -> 157602.35 | F4: =+'Jadcherla -1'!H36 -> 300.33 | G4: =+'Jadcherla -1'!J36 -> 32504.716 | H4: =E4+G4 -> 190107.06 | I4: =+'Jadcherla -1'!M3 -> 1711783.1 | J4: =+'Jadcherla -1'!L36 -> 1100000 | K4: =H4+I4-J4 -> 801890.2
A5: 4 | B5: Jadcherla-2 | C5: ADHOC FILLING STATION STATION | D5: =+'Jadcharla-2'!E35 -> 14230 | E5: =+'Jadcharla-2'!G35 -> 1372198.9 | F5: =+'Jadcharla-2'!H35 -> 250 | G5: =+'Jadcharla-2'!J35 -> 27060 | H5: =E5+G5 -> 1399258.9 | I5: =+'Jadcharla-2'!K3 -> 2324364 | J5: =+'Jadcharla-2'!L35 -> 2600000 | K5: =H5+I5-J5 -> 1123622.9
A6: 5 | B6: Jadcherla-3 | C6: JSASFuel Genie India Pvt.Ltd | D6: =+'Jadcherla-3'!E35 -> 29750 | E6: =+'Jadcherla-3'!G35 -> 2839042.5 | F6: =+'Jadcherla-3'!H35 -> 0 | G6: =+'Jadcherla-3'!J35 -> 0 | H6: =E6+G6 -> 2839042.5 | I6: =+'Jadcherla-3'!M3 -> 0 | J6: =+'Jadcherla-3'!L35 -> 1000000 | K6: =H6+I6-J6 -> 1839042.5
A7: 6 | B7: Dindi | C7: Akarapu Balakistamma Fillling | D7: =+Dindi!E35 -> 0 | E7: =+Dindi!G35 -> 0 | F7: =+Dindi!H35 -> 0 | G7: =+Dindi!J35 -> 0 | H7: =E7+G7 -> 0 | I7: =+Dindi!M3 -> 0 | J7: =+Dindi!L35 -> 0 | K7: =H7+I7-J7 -> 0
A8: 7 | B8: Devarkhadra-1 | C8: Kurumurthy Swami F/S | D8: =+Devarakhadra!E35 -> 358.86 | E8: =+Devarakhadra!G35 -> 34845.306 | F8: =+Devarakhadra!H35 -> 55 | G8: =+Devarakhadra!J35 -> 5985.65 | H8: =E8+G8 -> 40830.956 | I8: =+Devarakhadra!M3 -> 193769.48 | J8: =+Devarakhadra!L35 -> 200000 | K8: =H8+I8-J8 -> 34600.433
A9: 8 | B9: Devarkhadra-3 | C9: JSASFuel Genie India Pvt.Ltd | D9: =+'Devarakhadra-2'!E35 -> 688.08 | E9: =+'Devarakhadra-2'!G35 -> 65938.706 | F9: =+'Devarakhadra-2'!H35 -> 0 | G9: =+'Devarakhadra-2'!I35 -> 0 | H9: =E9+G9 -> 65938.706 | I9: =+'Devarakhadra-2'!M3 -> 167115.06 | J9: =+'Devarakhadra-2'!L35 -> 167000 | K9: =+'Devarakhadra-2'!M34 -> 66053.768
A10: 9 | B10: Madanapalli | D10: =+'Madana palli'!E35 -> 723.33 | E10: =+'Madana palli'!G35 -> 70752.741 | F10: =+'Madana palli'!H35 -> 15.48 | G10: =+'Madana palli'!J35 -> 4381.2845 | H10: =E10+G10 -> 75134.025 | I10: =+'Madana palli'!M3 -> 0 | J10: =+'Madana palli'!L35 -> 75134.025 | K10: =+'Devarakhadra-2'!M35 -> 0
A11: 10 | B11: Amalapuram | C11: Sathya Filling Station | D11: =+Amalapuram!E37 -> 250.72 | E11: =+Amalapuram!G37 -> 24327.467 | F11: =+Amalapuram!H37 -> 93.18 | G11: =+Amalapuram!J37 -> 10152.28 | H11: =E11+G11 -> 34479.747 | I11: =+Amalapuram!M3 -> 0 | J11: =+Amalapuram!L37 -> 34479.74 | K11: =H11+I11-J11 -> 0.0072
A12: 11 | B12: YG Gudda-1 | C12: Pallavi Petrolium | D12: =+'YG Gudda '!E36 -> 164.29 | E12: =+'YG Gudda '!G36 -> 14999.677 | F12: =+'YG Gudda '!H36 -> 70 | G12: =+'YG Gudda '!J36 -> 7226.8 | H12: =E12+G12 -> 22226.477 | I12: ='YG Gudda '!K3 -> 102795.06 | J12: =+'YG Gudda '!L36 -> 100000 | K12: =H12+I12-J12 -> 25021.542
A13: 12 | B13: YG Gudda-2 | C13: Pankaja HP Fuel Center | D13: =+'YG Gudda-2'!E36 -> 7618.99 | E13: =+'YG Gudda-2'!G36 -> 695842.36 | F13: =+'YG Gudda-2'!H36 -> 385 | G13: =+'YG Gudda-2'!J36 -> 39758.95 | H13: =E13+G13 -> 735601.31 | I13: =+'YG Gudda-2'!M3 -> 324799.6 | J13: =+'YG Gudda-2'!L36 -> 720000 | K13: =H13+I13-J13 -> 340400.91
A14: 13 | B14: Hosadurga-1 | C14: Merchant Petroliums | D14: =+Hosadurga!E35 -> 0 | E14: =+Hosadurga!G35 -> 0 | F14: =+Hosadurga!H35 -> 0 | G14: =+Hosadurga!J35 -> 0 | H14: =E14+G14 -> 0 | I14: =+Hosadurga!K3 -> 2258.6 | J14: =+Hosadurga!L35 -> 0 | K14: =H14+I14-J14 -> 2258.6
A15: 14 | B15: Hosadurga-2 | C15: Shree Veeraprathap Fuel | D15: =+'Hosadurga -2'!E35 -> 4000 | E15: =+'Hosadurga -2'!G35 -> 366080 | F15: =+'Hosadurga -2'!H35 -> 275 | G15: =+'Hosadurga -2'!J35 -> 28509.25 | H15: =+'Hosadurga -2'!K35 -> 394589.25 | I15: =+'Hosadurga -2'!K3 -> 459638.79 | J15: =+'Hosadurga -2'!L35 -> 500000 | K15: =H15+I15-J15 -> 354228.04
A16: 15 | B16: Malebennuru(KUWSDB) | C16: Sri Ramanjuneya Service Station | D16: =+'Malebenur(KUWSDB)'!E36 -> 5000 | E16: =+'Malebenur(KUWSDB)'!G36 -> 460700 | F16: =+'Malebenur(KUWSDB)'!H36 -> 215 | G16: =+'Malebenur(KUWSDB)'!J36 -> 22353.55 | H16: =E16+G16 -> 483053.55 | I16: =+'Malebenur(KUWSDB)'!K3 -> 38935.405 | J16: =+'Malebenur(KUWSDB)'!L36 -> 370926 | K16: =H16+I16-J16 -> 151062.95
A17: 16 | B17: kadur | C17: Vishal Service Station | D17: =+Kadur!E35 -> 0 | E17: =+Kadur!G35 -> 0 | F17: =+Kadur!H35 -> 0 | G17: =+Kadur!J35 -> 0 | H17: =E17+G17 -> 0 | I17: =+Kadur!K3 -> 164331.63 | J17: =+Kadur!L35 -> 0 | K17: =H17+I17-J17 -> 164331.63
A18: 17 | B18: Hiriyur(VJNL) | C18: Sri Balaji Agencies | D18: =+'Hiriyur(VJNL)'!E35 -> 4800 | E18: =+'Hiriyur(VJNL)'!G35 -> 442704 | F18: =+'Hiriyur(VJNL)'!H35 -> 210 | G18: =+'Hiriyur(VJNL)'!J35 -> 21856.8 | H18: =E18+G18 -> 464560.8 | I18: =+'Hiriyur(VJNL)'!K3 -> 321350.8 | J18: =+'Hiriyur(VJNL)'!L35 -> 400000 | K18: =H18+I18-J18 -> 385911.6
A19: 18 | B19: Chellakere(KUWSDB) | C19: Shivaganga Service Station | D19: =+'Chellakere -1'!E35 -> 3510 | E19: =+'Chellakere -1'!G35 -> 323586.9 | F19: =+'Chellakere -1'!H35 -> 295 | G19: =+'Chellakere -1'!J35 -> 30688.85 | H19: =E19+G19 -> 354275.75 | I19: =+'Chellakere -1'!K3 -> 0 | J19: =+'Chellakere -1'!L35 -> 226271 | K19: =H19+I19-J19 -> 128004.75
A20: 19 | B20: Chellakere(KUWSDB)-09 | D20: =+' Chellakere-PKG-9'!E35 -> 704.99 | E20: =+' Chellakere-PKG-9'!G35 -> 64994.228 | F20: =+' Chellakere-PKG-9'!H35 -> 41 | G20: =+' Chellakere-PKG-9'!J35 -> 4265.23 | H20: =E20+G20 -> 69259.458 | I20: =+' Chellakere-PKG-9'!M3 -> 0 | J20: =+' Chellakere-PKG-9'!L35 -> 69259.458 | K20: =H20+I20-J20 -> 0
A21: 20 | B21: Molakalmuru | C21: Sri Lakshmi Venkateshwara Filling Station | D21: =+Molakamuru!E35 -> 580 | E21: =+Molakamuru!G35 -> 53470.6 | F21: =+Molakamuru!H35 -> 50 | G21: =+Molakamuru!J35 -> 5201 | H21: =E21+G21 -> 58671.6 | I21: =+Molakamuru!K3 -> 0 | J21: =+Molakamuru!L35 -> 58671.6 | K21: =H21+I21-J21 -> 0
A22: 21 | B22: Khanapur(PKG-3) | C22: V.V.Varde | D22: =+Khanapur!E35 -> 465.91 | E22: =+Khanapur!G35 -> 42341.901 | F22: =+Khanapur!H35 -> 66 | G22: =+Khanapur!J35 -> 6782.82 | H22: =E22+G22 -> 49124.721 | I22: =+Khanapur!M3 -> 50161.12 | J22: =+Khanapur!L35 -> 70267.58 | K22: =H22+I22-J22 -> 29018.261
A23: 22 | B23: Munavalli(PKG-3)-2 | C23: Shri Daneshwari | D23: =+'Munavali-2'!E37 -> 11813.5 | E23: =+'Munavali-2'!G37 -> 1078808.8 | F23: =+'Munavali-2'!H37 -> 157 | G23: =+'Munavali-2'!J37 -> 16208.68 | H23: =E23+G23 -> 1095017.5 | I23: =+'Munavali-2'!M3 -> 659195.2 | J23: =+'Munavali-2'!L37 -> 1200000 | K23: =H23+I23-J23 -> 554212.7
A24: 23 | B24: Borgaon(PKG-3) | C24: Aadisagar Petrolium | D24: =+Borgaon!E35 -> 660 | E24: =+Borgaon!G35 -> 60568.2 | F24: =+Borgaon!H35 -> 50 | G24: =+Borgaon!J35 -> 5185 | H24: =E24+G24 -> 65753.2 | I24: =+Borgaon!K3 -> 61661.701 | J24: =+Borgaon!L35 -> 60000 | K24: =H24+I24-J24 -> 67414.901
A25: 24 | B25: Ugar,Kudichi(PKG-3) | C25: Shiri Bhrhmanath Petrolium | D25: =+'Ugar,Khagwad,Kudichi'!E35 -> 3998.98 | E25: =+'Ugar,Khagwad,Kudichi'!G35 -> 367626.23 | F25: =+'Ugar,Khagwad,Kudichi'!H35 -> 255 | G25: =+'Ugar,Khagwad,Kudichi'!J35 -> 26817.75 | H25: =E25+G25 -> 394443.98 | I25: =+'Ugar,Khagwad,Kudichi'!M3 -> 235015.76 | J25: =+'Ugar,Khagwad,Kudichi'!L35 -> 235210 | K25: =H25+I25-J25 -> 394249.74
A26: 25 | B26: Kabbur(PKG-3) | C26: Shri Jai Hanuman Petrolium | D26: =+Kabbur!E35 -> 335 | E26: =+Kabbur!G35 -> 30682.65 | F26: =+Kabbur!H35 -> 41.86 | G26: =+Kabbur!J35 -> 4333.7658 | H26: =E26+G26 -> 35016.416 | I26: 0 | J26: =+Kabbur!L35 -> 35016.416 | K26: =H26+I26-J26 -> 0
A27: 26 | B27: Kumta (PKG-1) | C27: Krishma fuel station | D27: =+kumta!E35 -> 1516.29 | E27: =+kumta!G35 -> 139377.38 | F27: =+kumta!H35 -> 56.5 | G27: =+kumta!J35 -> 5873.74 | H27: =E27+G27 -> 145251.12 | I27: 0 | J27: =+kumta!L35 -> 145251.12 | K27: =H27+I27-J27 -> 0
A28: 27 | B28: Jalgaon | C28: Sri Sai Petrol Pump | D28: =+Jalgaon!E54 -> 15612.72 | E28: =+Jalgaon!G54 -> 1432343.5 | F28: =+Jalgaon!H54 -> 146.65 | G28: =+Jalgaon!J54 -> 15428.795 | H28: =E28+G28 -> 1447772.3 | I28: =+Jalgaon!K3 -> 705601.31 | J28: =+Jalgaon!L54 -> 1004912.8 | K28: =H28+I28-J28 -> 1148460.8
A29: 28 | B29: MKBD | C29: Shree Sai Samarth Petroleum | D29: =+MKBD!E36 -> 1700 | E29: =+MKBD!G36 -> 154938 | F29: =+MKBD!H36 -> 60 | G29: =+MKBD!J36 -> 6276 | H29: =E29+G29 -> 161214 | I29: =+MKBD!K3 -> 276716.65 | J29: =+MKBD!L36 -> 0 | K29: =H29+I29-J29 -> 437930.65
A30: 29 | B30: Haveri | C30: Shivalingeshwar Petroleum | D30: =+Haveri!E37 -> 4469.66 | E30: =+Haveri!G37 -> 408840.8 | F30: =+Haveri!H37 -> 138.73 | G30: =+Haveri!J37 -> 14344.682 | H30: =E30+G30 -> 423185.48 | I30: =+Haveri!M3 -> 127726.19 | J30: =+Haveri!L37 -> 325735.6 | K30: =H30+I30-J30 -> 225176.08
A31: 30 | B31: Guttal | C31: Taware filling station | D31: =+Guttal!E35 -> 1788.44 | E31: =+Guttal!G35 -> 164178.79 | F31: =+Guttal!H35 -> 119.19 | G31: =+Guttal!J35 -> 12367.154 | H31: =E31+G31 -> 176545.95 | I31: =+Guttal!M3 -> 36956.064 | J31: =+Guttal!L35 -> 155000 | K31: =H31+I31-J31 -> 58502.01
A32: 31 | B32: Rattihali | C32: Shree Siri Gowari petroliam | D32: =+Rattihali!E35 -> 1512.92 | E32: =+Rattihali!G35 -> 139249.16 | F32: =+Rattihali!H35 -> 61.99 | G32: =+Rattihali!J35 -> 6448.1998 | H32: =E32+G32 -> 145697.36 | I32: =+Rattihali!M3 -> 190300.91 | J32: =+Rattihali!L35 -> 200000 | K32: =H32+I32-J32 -> 135998.27
A33: 32 | B33: Gajendragada | C33: Vanasri Petrol Pump | D33: =+Gajendragada!E35 -> 0 | E33: =+Gajendragada!G35 -> 0 | F33: =+Gajendragada!H35 -> 10 | G33: =+Gajendragada!J35 -> 1038 | H33: =E33+G33 -> 1038 | I33: =+Gajendragada!K3 -> 98252.262 | J33: =+Gajendragada!L35 -> 98000 | K33: =H33+I33-J33 -> 1290.2615
A34: 33 | B34: Gokak(PKG-3) | C34: AJ Petrolinks | D34: =+'Gokak Dharwad PKG 3'!E40 -> 10624 | E34: =+'Gokak Dharwad PKG 3'!G40 -> 971883.52 | F34: =+'Gokak Dharwad PKG 3'!H40 -> 296 | G34: =+'Gokak Dharwad PKG 3'!J40 -> 30609.36 | H34: =E34+G34 -> 1002492.9 | I34: =+'Gokak Dharwad PKG 3'!K3 -> 1316713.4 | J34: =+'Gokak Dharwad PKG 3'!L40 -> 1700000 | K34: =H34+I34-J34 -> 619206.33
A35: 34 | B35: Ankaligi | C35: Shiv ganga | D35: =+Ankalgi!E35 -> 2846.96 | E35: =+Ankalgi!G35 -> 259955.92 | F35: =+Ankalgi!H35 -> 88 | G35: =+Ankalgi!J35 -> 8464.86 | H35: =E35+G35 -> 268420.78 | I35: =+Ankalgi!M3 -> 41443.572 | J35: =+Ankalgi!L35 -> 200000 | K35: =H35+I35-J35 -> 109864.35
A36: 35 | B36: ShankeshWAR | C36: SR Patil | D36: =+' Shankeshwar'!E35 -> 165 | E36: =+' Shankeshwar'!G35 -> 15064.5 | F36: =+' Shankeshwar'!H35 -> 53 | G36: =+' Shankeshwar'!J35 -> 5470.66 | H36: =E36+G36 -> 20535.16 | J36: =+' Shankeshwar'!L35 -> 20535.16 | K36: =H36+I36-J36 -> 0
A37: 36 | B37: Talikote(PKG-1) | C37: Raykar Oil Agencies | D37: =+' Talikote'!E46 -> 1054.08 | E37: =+' Talikote'!G46 -> 96440.199 | F37: =+' Talikote'!H46 -> 126.74 | G37: =+' Talikote'!J46 -> 13109.986 | H37: =E37+G37 -> 109550.18 | I37: =+' Talikote'!N3 -> 43124.265 | J37: =+' Talikote'!L46 -> 97000 | K37: =H37+I37-J37 -> 55674.449
A38: 37 | B38: Chadchan(PKG-1) | C38: Khavekar Petrolium | D38: =+Chadchan!E35 -> 1225.64 | E38: =+Chadchan!G35 -> 111815.14 | F38: =+Chadchan!H35 -> 153.78 | G38: =+Chadchan!J35 -> 15863.945 | H38: =E38+G38 -> 127679.08 | I38: =+Chadchan!K3 -> 143396.87 | J38: =+Chadchan!L35 -> 200000 | K38: =H38+I38-J38 -> 71075.955
A39: 38 | B39: Sindagi | C39: G.P.PORWAL | D39: =+Sindagi!E45 -> 515.01 | E39: =+Sindagi!G45 -> 46984.362 | F39: =+Sindagi!H45 -> 0 | G39: =+Sindagi!J45 -> 0 | H39: =E39+G39 -> 46984.362 | I39: =+Sindagi!M3 -> 0 | J39: =+Sindagi!L45 -> 18246 | K39: =H39+I39-J39 -> 28738.362
A40: 39 | B40: Muddebihal(PKG-1) | C40: Bhosle Service Station | D40: =+Muddebihal!E47 -> 48.56 | E40: =+Muddebihal!G47 -> 4440.812 | F40: =+Muddebihal!H47 -> 5 | G40: =+Muddebihal!J47 -> 516.95 | H40: =E40+G40 -> 4957.762 | I40: =+Muddebihal!M3 -> 3593.8248 | J40: =+Muddebihal!L47 -> 0 | K40: =H40+I40-J40 -> 8551.5868
A41: 40 | B41: Muddebihal(PKG-1)2 | C41: PS NAGATHAN PETROLIUM | D41: =+'Muddebhihal-2'!E47 -> 794.57 | E41: =+'Muddebhihal-2'!G47 -> 72639.589 | F41: =+'Muddebhihal-2'!H47 -> 60 | G41: =+'Muddebhihal-2'!J47 -> 6273.6 | H41: =+'Muddebhihal-2'!K47 -> 78913.189 | I41: =+'Muddebhihal-2'!M3 -> 46556.77 | J41: =+'Muddebhihal-2'!L47 -> 50000 | K41: =+'Muddebhihal-2'!M46 -> 75469.959
A42: 41 | B42: Almela(PKG-1) | C42: Shiddeshwar Petroleums | D42: =+Alemela!E43 -> 183.71 | E42: =+Alemela!G43 -> 16778.234 | F42: =+Alemela!H43 -> 50 | G42: =+Alemela!J43 -> 5163 | H42: =E42+G42 -> 21941.234 | I42: =+Alemela!M3 -> 56362.775 | J42: =+Alemela!L43 -> 50000 | K42: =H42+I42-J42 -> 28304.009
A43: 42 | B43: Nalatwad(PKG-1) | C43: Shri Pawad Basaweshwar Petroleums | D43: =+Nalatwad!E43 -> 181.38 | E43: =+Nalatwad!G43 -> 16618.036 | F43: =+Nalatwad!H43 -> 72.168 | G43: =+Nalatwad!J43 -> 7507.453 | H43: =E43+G43 -> 24125.489 | I43: =+Nalatwad!M3 -> 23526.401 | J43: =+Nalatwad!L43 -> 0 | K43: =H43+I43-J43 -> 47651.89
A44: 43 | B44: Srirangapatna | C44: Anupama F/S | D44: =+Srirangapatna!E35 -> 0 | E44: =+Srirangapatna!G35 -> 0 | F44: =+Srirangapatna!H35 -> 27.32 | G44: =+Srirangapatna!J35 -> 2799.2072 | H44: =E44+G44 -> 2799.2072 | I44: 0 | J44: =+Srirangapatna!L35 -> 2799.2072 | K44: =H44+I44-J44 -> 0
A45: Total | D45: =SUM(D2:D44) -> 197810.7 | E45: =SUM(E2:E44) -> 18578687 | F45: =SUM(F2:F44) -> 4969.918 | G45: =SUM(G2:G44) -> 523462.07 | H45: =SUM(H2:H44) -> 19102149 | I45: =SUM(I2:I44) -> 43237351 | J45: =SUM(J2:J44) -> 38689716 | K45: =H45+I45-J45 -> 23649784
A50: S.no | B50: Site Name | C50: Bunk Name | D50: Diesel(Liters) | E50: Diesel Amount | F50: Petrol(Liters) | G50: Petrol Amount | H50: Total Amount | I50: Opening Blance | J50: Amount Paid | K50: Closing Balances
A51: 30 | B51: {=VLOOKUP(A51,A1:K44,{2,3,4,5,6,7,8,9,10,11},FALSE)} -> Guttal | C51: Taware filling station | D51: 1788.44 | E51: 164178.79 | F51: 119.19 | G51: 12367.154 | H51: 176545.95 | I51: 36956.064 | J51: 155000 | K51: 58502.01
B53: Site Name | C53: Bunk Name | D53: Diesel(Liters) | E53: Diesel Amount | F53: Petrol(Liters) | G53: Petrol Amount | H53: Total Amount | I53: Opening Blance | J53: Amount Paid | K53: Closing Balances
B54: Chellakere(KUWSDB) | C54: {=VLOOKUP(B54,B1:K44,{2,3,4,5,6,7,8,9,10},FALSE)} -> Shivaganga Service Station | D54: 3510 | E54: 323586.9 | F54: 295 | G54: 30688.85 | H54: 354275.75 | I54: 0 | J54: 226271 | K54: 128004.75
B61: 60000
B62: 18000
B63: 18000
B64: 75000
B65: 360000

Sheet Khammam-1
A1: Divya laxmi ganapathi
A2: S.No | B2: Date | C2: GRN No | D2: Ind No/Bill No | E2: Diesel (Lts) | F2: Price | G2: Amount | H2: Petrol (Lts) | I2: Price | J2: Amount | K2: Total amount | L2: Amount paid | M2: As 0n Date | N2: Remarks
A3: Opening Balance | K3: 9147141.7 | M3: =+K3 -> 9147141.7 | O3: 11178224
A4: 1 | B4: 45962 | E4: 3800 | F4: 95.68 | G4: =E4*F4 -> 363584 | J4: =H4*I4 -> 0 | K4: =G4+J4 -> 363584 | L4: 0 | M4: =M3+K4-L4 -> 9510725.7
A5: 2 | B5: 45963 | E5: 2600 | F5: 95.68 | G5: =E5*F5 -> 248768 | H5: 35 | I5: 107.46 | J5: =H5*I5 -> 3761.1 | K5: =G5+J5 -> 252529.1 | M5: =M4+K5-L5 -> 9763254.8
A6: 3 | B6: 45964 | E6: 2400 | F6: 95.68 | G6: =E6*F6 -> 229632 | H6: 20 | I6: 107.46 | J6: =H6*I6 -> 2149.2 | K6: =G6+J6 -> 231781.2 | M6: =M5+K6-L6 -> 9995036
A7: 4 | B7: 45965 | G7: =E7*F7 -> 0 | J7: =H7*I7 -> 0 | K7: =G7+J7 -> 0 | M7: =M6+K7-L7 -> 9995036
A8: 5 | B8: 45966 | G8: =E8*F8 -> 0 | J8: =H8*I8 -> 0 | K8: =G8+J8 -> 0 | M8: =M7+K8-L8 -> 9995036
A9: 6 | B9: 45967 | G9: =E9*F9 -> 0 | J9: =H9*I9 -> 0 | K9: =G9+J9 -> 0 | M9: =M8+K9-L9 -> 9995036
A10: 7 | B10: 45968 | G10: =E10*F10 -> 0 | J10: =H10*I10 -> 0 | K10: =G10+J10 -> 0 | M10: =M9+K10-L10 -> 9995036
A11: 8 | B11: 45969 | G11: =E11*F11 -> 0 | J11: =H11*I11 -> 0 | K11: =G11+J11 -> 0 | M11: =M10+K11-L11 -> 9995036
A12: 9 | B12: 45970 | G12: =E12*F12 -> 0 | J12: =H12*I12 -> 0 | K12: =G12+J12 -> 0 | M12: =M11+K12-L12 -> 9995036
A13: 10 | B13: 45971 | G13: =E13*F13 -> 0 | J13: =H13*I13 -> 0 | K13: =G13+J13 -> 0 | M13: =M12+K13-L13 -> 9995036
A14: 11 | B14: 45972 | G14: =E14*F14 -> 0 | J14: =H14*I14 -> 0 | K14: =G14+J14 -> 0 | M14: =M13+K14-L14 -> 9995036
A15: 12 | B15: 45973 | G15: =E15*F15 -> 0 | J15: =H15*I15 -> 0 | K15: =G15+J15 -> 0 | M15: =M14+K15-L15 -> 9995036
A16: 13 | B16: 45974 | G16: =E16*F16 -> 0 | J16: =H16*I16 -> 0 | K16: =G16+J16 -> 0 | M16: =M15+K16-L16 -> 9995036
A17: 14 | B17: 45975 | G17: =E17*F17 -> 0 | J17: =H17*I17 -> 0 | K17: =G17+J17 -> 0 | M17: =M16+K17-L17 -> 9995036
A18: 15 | B18: 45976 | G18: =E18*F18 -> 0 | J18: =H18*I18 -> 0 | K18: =G18+J18 -> 0 | M18: =M17+K18-L18 -> 9995036
... A22: 19 | B22: 45980 | G22: =E22*F22 -> 0 | J22: =H22*I22 -> 0 | K22: =G22+J22 -> 0 | M22: =M21+K22-L22 -> 9995036
A23: 20 | B23: 45981 | E23: 2500 | F23: 95.68 | G23: =E23*F23 -> 239200 | H23: 40 | I23: 107.46 | J23: =H23*I23 -> 4298.4 | K23: =G23+J23 -> 243498.4 | L23: 7500000 | M23: =M22+K23-L23 -> 2738534.4
A24: 21 | B24: 45982 | G24: =E24*F24 -> 0 | J24: =H24*I24 -> 0 | K24: =G24+J24 -> 0 | M24: =M23+K24-L24 -> 2738534.4
A25: 22 | B25: 45983 | G25: =E25*F25 -> 0 | J25: =H25*I25 -> 0 | K25: =G25+J25 -> 0 | M25: =M24+K25-L25 -> 2738534.4
A26: 23 | B26: 45984 | G26: =E26*F26 -> 0 | J26: =H26*I26 -> 0 | K26: =G26+J26 -> 0 | M26: =M25+K26-L26 -> 2738534.4
A27: 24 | B27: 45985 | E27: 5500 | F27: 95.68 | G27: =E27*F27 -> 526240 | H27: 40 | I27: 107.46 | J27: =H27*I27 -> 4298.4 | K27: =G27+J27 -> 530538.4 | M27: =M26+K27-L27 -> 3269072.8
A28: 25 | B28: 45986 | G28: =E28*F28 -> 0 | J28: =H28*I28 -> 0 | K28: =G28+J28 -> 0 | M28: =M27+K28-L28 -> 3269072.8
A29: 26 | B29: 45987 | G29: =E29*F29 -> 0 | J29: =H29*I29 -> 0 | K29: =G29+J29 -> 0 | M29: =M28+K29-L29 -> 3269072.8
A30: 27 | B30: 45988 | E30: 5500 | F30: 95.68 | G30: =E30*F30 -> 526240 | H30: 20 | I30: 107.46 | J30: =H30*I30 -> 2149.2 | K30: =G30+J30 -> 528389.2 | M30: =M29+K30-L30 -> 3797462
A31: 28 | B31: 45989 | E31: 2700 | F31: 95.68 | G31: =E31*F31 -> 258336 | J31: =H31*I31 -> 0 | K31: =G31+J31 -> 258336 | M31: =M30+K31-L31 -> 4055798
A32: 29 | B32: 45990 | E32: 2800 | F32: 95.68 | G32: =E32*F32 -> 267904 | J32: =H32*I32 -> 0 | K32: =G32+J32 -> 267904 | M32: =M31+K32-L32 -> 4323702 | O32: 11177692 | P32: =M32-O32 -> -6853989.5
A33: 30 | B33: 45991 | E33: 2600 | F33: 95.68 | G33: =E33*F33 -> 248768 | H33: 20 | I33: 107.46 | J33: =H33*I33 -> 2149.2 | K33: =G33+J33 -> 250917.2 | M33: =M32+K33-L33 -> 4574619.2
A34: 31 | G34: =E34*F34 -> 0 | J34: =H34*I34 -> 0 | K34: =G34+J34 -> 0 | M34: =M33+K34-L34 -> 4574619.2
A35: 32 | G35: =E35*F35 -> 0 | J35: =H35*I35 -> 0 | K35: =G35+J35 -> 0 | M35: =M34+K35-L35 -> 4574619.2
A36: 33 | E36: 0 | G36: =E36*F36 -> 0 | J36: =H36*I36 -> 0 | K36: =G36+J36 -> 0
A37: 34 | E37: 0 | F37: 0 | G37: =E37*F37 -> 0 | H37: 0 | I37: 0 | J37: =H37*I37 -> 0 | K37: =G37+J37 -> 0
E38: =SUM(E3:E37) -> 30400 | G38: =SUM(G3:G37) -> 2908672 | H38: =SUM(H3:H37) -> 175 | J38: =SUM(J3:J37) -> 18805.5 | K38: =SUM(K4:K37) -> 2927477.5 | L38: =SUM(L3:L37) -> 7500000

Sheet Khammam-2
A1: Jayasai union bunk
A2: S.No | B2: Date | C2: GRN No | D2: Ind No/Bill No | E2: Diesel (Lts) | F2: Price | G2: Amount | H2: Petrol (Lts) | I2: Price | J2: Amount | K2: Total amount | L2: Amount paid | M2: As 0n Date | N2: Remarks
A3: Opening Balance | K3: 24162763 | M3: 24162763
A4: 1 | B4: 45962 | G4: =E4*F4 -> 0 | J4: =H4*I4 -> 0 | K4: =G4+J4 -> 0 | M4: =M3+K4-L4 -> 24162763 | O4: =O3+M4-N4 -> 24162763
A5: 2 | B5: 45963 | G5: =E5*F5 -> 0 | J5: =H5*I5 -> 0 | K5: =G5+J5 -> 0 | M5: =M4+K5-L5 -> 24162763
A6: 3 | B6: 45964 | G6: =E6*F6 -> 0 | J6: =H6*I6 -> 0 | K6: =G6+J6 -> 0 | M6: =M5+K6-L6 -> 24162763
A7: 4 | B7: 45965 | G7: =E7*F7 -> 0 | J7: =H7*I7 -> 0 | K7: =G7+J7 -> 0 | M7: =M6+K7-L7 -> 24162763
A8: 5 | B8: 45966 | E8: 2700 | F8: 95.7 | G8: =E8*F8 -> 258390 | H8: 55 | I8: 107.48 | J8: =H8*I8 -> 5911.4 | K8: =G8+J8 -> 264301.4 | M8: =M7+K8-L8 -> 24427064
A9: 6 | B9: 45967 | E9: 752.35 | F9: 95.7 | G9: =E9*F9 -> 71999.895 | J9: =H9*I9 -> 0 | K9: =G9+J9 -> 71999.895 | M9: =M8+K9-L9 -> 24499064 | N9: 72000
A10: 7 | B10: 45968 | E10: 2504.7 | F10: 95.7 | G10: =E10*F10 -> 239699.79 | H10: 40 | I10: 107.48 | J10: =H10*I10 -> 4299.2 | K10: =G10+J10 -> 243998.99 | M10: =M9+K10-L10 -> 24743063 | N10: 244000
A11: 8 | B11: 45969 | E11: 1179.21 | F11: 95.7 | G11: =E11*F11 -> 112850.4 | H11: 20 | I11: 107.48 | J11: =H11*I11 -> 2149.6 | K11: =G11+J11 -> 115000 | M11: =M10+K11-L11 -> 24858063 | N11: 115000
A12: 9 | B12: 45970 | G12: =E12*F12 -> 0 | J12: =H12*I12 -> 0 | K12: =G12+J12 -> 0 | M12: =M11+K12-L12 -> 24858063
A13: 10 | B13: 45971 | E13: 626.96 | F13: 95.7 | G13: =E13*F13 -> 60000.072 | J13: =H13*I13 -> 0 | K13: =G13+J13 -> 60000.072 | M13: =M12+K13-L13 -> 24918063 | N13: 60000
A14: 11 | B14: 45972 | E14: 634.29 | F14: 95.7 | G14: =E14*F14 -> 60701.553 | H14: 40 | I14: 107.48 | J14: =H14*I14 -> 4299.2 | K14: =G14+J14 -> 65000.753 | M14: =M13+K14-L14 -> 24983064 | N14: 65000
A15: 12 | B15: 45973 | E15: 1253.92 | F15: 95.7 | G15: =E15*F15 -> 120000.14 | J15: =H15*I15 -> 0 | K15: =G15+J15 -> 120000.14 | M15: =M14+K15-L15 -> 25103064 | N15: 120000
A16: 13 | B16: 45974 | E16: 1626.97 | F16: 95.7 | G16: =E16*F16 -> 155701.03 | H16: 40 | I16: 107.48 | J16: =H16*I16 -> 4299.2 | K16: =G16+J16 -> 160000.23 | M16: =M15+K16-L16 -> 25263064 | N16: 160000.23
A17: 14 | B17: 45975 | G17: =E17*F17 -> 0 | J17: =H17*I17 -> 0 | K17: =G17+J17 -> 0 | M17: =M16+K17-L17 -> 25263064
A18: 15 | B18: 45976 | E18: 1156.75 | F18: 95.7 | G18: =E18*F18 -> 110700.98 | H18: 40 | I18: 107.48 | J18: =H18*I18 -> 4299.2 | K18: =G18+J18 -> 115000.18 | M18: =M17+K18-L18 -> 25378064 | N18: 115000.18
A19: 16 | B19: 45977 | G19: =E19*F19 -> 0 | J19: =H19*I19 -> 0 | K19: =G19+J19 -> 0 | M19: =M18+K19-L19 -> 25378064
A20: 17 | B20: 45978 | E20: 1462.91 | F20: 95.7 | G20: =E20*F20 -> 140000.49 | J20: =H20*I20 -> 0 | K20: =G20+J20 -> 140000.49 | M20: =M19+K20-L20 -> 25518065 | N20: 140000.09
A21: 18 | B21: 45979 | E21: 3886.51 | F21: 95.7 | G21: =E21*F21 -> 371939.01 | H21: 75 | I21: 107.48 | J21: =H21*I21 -> 8061 | K21: =G21+J21 -> 380000.01 | L21: 200000 | M21: =M20+K21-L21 -> 25698065 | N21: 380000
A22: 19 | B22: 45980 | G22: =E22*F22 -> 0 | J22: =H22*I22 -> 0 | K22: =G22+J22 -> 0 | M22: =M21+K22-L22 -> 25698065
A23: 20 | B23: 45981 | E23: 500 | F23: 95.7 | G23: =E23*F23 -> 47850 | H23: 20 | I23: 107.48 | J23: =H23*I23 -> 2149.6 | K23: =G23+J23 -> 49999.6 | L23: 17500000 | M23: =M22+K23-L23 -> 8248064.6 | N23: 17500000
A24: 21 | B24: 45982 | G24: =E24*F24 -> 0 | J24: =H24*I24 -> 0 | K24: =G24+J24 -> 0 | M24: =M23+K24-L24 -> 8248064.6
A25: 22 | B25: 45983 | G25: =E25*F25 -> 0 | J25: =H25*I25 -> 0 | K25: =G25+J25 -> 0 | M25: =M24+K25-L25 -> 8248064.6
A26: 23 | B26: 45984 | G26: =E26*F26 -> 0 | J26: =H26*I26 -> 0 | K26: =G26+J26 -> 0 | M26: =M25+K26-L26 -> 8248064.6
A27: 24 | B27: 45985 | E27: 2700 | F27: 95.7 | G27: =E27*F27 -> 258390 | H27: 35 | I27: 107.48 | J27: =H27*I27 -> 3761.8 | K27: =G27+J27 -> 262151.8 | M27: =M26+K27-L27 -> 8510216.4
A28: 25 | B28: 45986 | E28: 2800 | F28: 95.7 | G28: =E28*F28 -> 267960 | J28: =H28*I28 -> 0 | K28: =G28+J28 -> 267960 | M28: =M27+K28-L28 -> 8778176.4
A29: 26 | B29: 45987 | E29: 2700 | F29: 95.7 | G29: =E29*F29 -> 258390 | H29: 60 | I29: 107.48 | J29: =H29*I29 -> 6448.8 | K29: =G29+J29 -> 264838.8 | M29: =M28+K29-L29 -> 9043015.2
A30: 27 | B30: 45988 | G30: =E30*F30 -> 0 | J30: =H30*I30 -> 0 | K30: =G30+J30 -> 0 | M30: =M29+K30-L30 -> 9043015.2
A31: 28 | B31: 45989 | G31: =E31*F31 -> 0 | J31: =H31*I31 -> 0 | K31: =G31+J31 -> 0 | M31: =M30+K31-L31 -> 9043015.2
A32: 29 | B32: 45990 | E32: 2700 | F32: 95.7 | G32: =E32*F32 -> 258390 | H32: 20 | I32: 107.48 | J32: =H32*I32 -> 2149.6 | K32: =G32+J32 -> 260539.6 | M32: =M31+K32-L32 -> 9303554.8
A33: 30 | B33: 45991 | E33: 2700 | F33: 95.7 | G33: =E33*F33 -> 258390 | J33: =H33*I33 -> 0 | K33: =G33+J33 -> 258390 | M33: =M32+K33-L33 -> 9561944.8
A34: 31 | B34: 45992 | G34: =E34*F34 -> 0 | J34: =H34*I34 -> 0 | K34: =G34+J34 -> 0 | M34: =M33+K34-L34 -> 9561944.8
E35: =SUM(E4:E34) -> 31884.57 | G35: =SUM(G4:G34) -> 3051353.3 | H35: =SUM(H4:H34) -> 445 | J35: =SUM(J4:J34) -> 47828.6 | K35: =SUM(K4:K34) -> 3099181.9 | L35: =SUM(L4:L34) -> 17700000

Sheet Jadcherla -1
A1: Sai Baba Fuel Station
A2: S.No | B2: Date | C2: GRN No | D2: Ind No/Bill No | E2: Diesel (Lts) | F2: Price | G2: Amount | H2: Petrol (Lts) | I2: Price | J2: Amount | K2: Total amount | L2: Amount paid | M2: As on date | N2: Remarks
A3: Opening Balance | M3: 1711783.1 | O3: 2623243.4
A4: 1 | B4: 45962 | E4: 0 | F4: 96.42 | G4: =E4*F4 -> 0 | H4: 60 | I4: 108.23 | J4: =H4*I4 -> 6493.8 | K4: =G4+J4 -> 6493.8 | M4: =M3+K4-L4 -> 1718276.9
A5: 2 | B5: 45963 | G5: =E5*F5 -> 0 | J5: =H5*I5 -> 0 | K5: =G5+J5 -> 0 | M5: =M4+K5-L5 -> 1718276.9
A6: 3 | B6: 45964 | G6: =E6*F6 -> 0 | J6: =H6*I6 -> 0 | K6: =G6+J6 -> 0 | M6: =M5+K6-L6 -> 1718276.9
A7: 4 | B7: 45965 | G7: =E7*F7 -> 0 | J7: =H7*I7 -> 0 | K7: =G7+J7 -> 0 | M7: =M6+K7-L7 -> 1718276.9 | P7: 5679
A8: 5 | B8: 45966 | E8: 0 | F8: 96.42 | G8: =E8*F8 -> 0 | H8: 50 | I8: 108.23 | J8: =H8*I8 -> 5411.5 | K8: =G8+J8 -> 5411.5 | M8: =M7+K8-L8 -> 1723688.4
A9: 6 | B9: 45967 | E9: 1550.4 | F9: 96.42 | G9: =E9*F9 -> 149489.57 | H9: 90.33 | I9: 108.23 | J9: =H9*I9 -> 9776.4159 | K9: =G9+J9 -> 159265.98 | M9: =M8+K9-L9 -> 1882954.4
A10: 7 | B10: 45968 | G10: =E10*F10 -> 0 | J10: =H10*I10 -> 0 | K10: =G10+J10 -> 0 | M10: =M9+K10-L10 -> 1882954.4
A11: 8 | B11: 45969 | E11: 49.14 | F11: 96.42 | G11: =E11*F11 -> 4738.0788 | H11: 50 | I11: 108.23 | J11: =H11*I11 -> 5411.5 | K11: =G11+J11 -> 10149.579 | M11: =M10+K11-L11 -> 1893104
A12: 9 | B12: 45970 | G12: =E12*F12 -> 0 | J12: =H12*I12 -> 0 | K12: =G12+J12 -> 0 | M12: =M11+K12-L12 -> 1893104
A13: 10 | B13: 45971 | G13: =E13*F13 -> 0 | J13: =H13*I13 -> 0 | K13: =G13+J13 -> 0 | M13: =M12+K13-L13 -> 1893104
A14: 11 | B14: 45972 | G14: =E14*F14 -> 0 | H14: 50 | I14: 108.23 | J14: =H14*I14 -> 5411.5 | K14: =G14+J14 -> 5411.5 | M14: =M13+K14-L14 -> 1898515.5 | P14: 1905988 | Q14: =P14-M14 -> 7472.5044
A15: 12 | B15: 45973 | G15: =E15*F15 -> 0 | J15: =H15*I15 -> 0 | K15: =G15+J15 -> 0 | M15: =M14+K15-L15 -> 1898515.5
A16: 13 | B16: 45974 | E16: 35 | F16: 96.42 | G16: =E16*F16 -> 3374.7 | J16: =H16*I16 -> 0 | K16: =G16+J16 -> 3374.7 | M16: =M15+K16-L16 -> 1901890.2
A17: 14 | B17: 45975 | G17: =E17*F17 -> 0 | J17: =H17*I17 -> 0 | K17: =G17+J17 -> 0 | M17: =M16+K17-L17 -> 1901890.2
A18: 15 | B18: 45976 | G18: =E18*F18 -> 0 | J18: =H18*I18 -> 0 | K18: =G18+J18 -> 0 | L18: 500000 | M18: =M17+K18-L18 -> 1401890.2
A19: 16 | B19: 45977 | G19: =E19*F19 -> 0 | J19: =H19*I19 -> 0 | K19: =G19+J19 -> 0 | M19: =M18+K19-L19 -> 1401890.2
A20: 17 | B20: 45978 | G20: =E20*F20 -> 0 | J20: =H20*I20 -> 0 | K20: =G20+J20 -> 0 | M20: =M19+K20-L20 -> 1401890.2
A21: 18 | B21: 45979 | G21: =E21*F21 -> 0 | J21: =H21*I21 -> 0 | K21: =G21+J21 -> 0 | M21: =M20+K21-L21 -> 1401890.2
A22: 19 | B22: 45980 | G22: =E22*F22 -> 0 | J22: =H22*I22 -> 0 | K22: =G22+J22 -> 0 | M22: =M21+K22-L22 -> 1401890.2
A23: 20 | B23: 45981 | G23: =E23*F23 -> 0 | J23: =H23*I23 -> 0 | K23: =G23+J23 -> 0 | M23: =M22+K23-L23 -> 1401890.2
A24: 21 | B24: 45982 | G24: =E24*F24 -> 0 | J24: =H24*I24 -> 0 | K24: =G24+J24 -> 0 | M24: =M23+K24-L24 -> 1401890.2
A25: 22 | B25: 45983 | G25: =E25*F25 -> 0 | J25: =H25*I25 -> 0 | K25: =G25+J25 -> 0 | L25: 600000 | M25: =M24+K25-L25 -> 801890.2
A26: 23 | B26: 45984 | G26: =E26*F26 -> 0 | J26: =H26*I26 -> 0 | K26: =G26+J26 -> 0 | M26: =M25+K26-L26 -> 801890.2
A27: 24 | B27: 45985 | G27: =E27*F27 -> 0 | J27: =H27*I27 -> 0 | K27: =G27+J27 -> 0 | M27: =M26+K27-L27 -> 801890.2
A28: 25 | B28: 45986 | G28: =E28*F28 -> 0 | J28: =H28*I28 -> 0 | K28: =G28+J28 -> 0 | M28: =M27+K28-L28 -> 801890.2
A29: 26 | B29: 45987 | G29: =E29*F29 -> 0 | J29: =H29*I29 -> 0 | K29: =G29+J29 -> 0 | M29: =M28+K29-L29 -> 801890.2
A30: 27 | B30: 45988 | G30: =E30*F30 -> 0 | J30: =H30*I30 -> 0 | K30: =G30+J30 -> 0 | M30: =M29+K30-L30 -> 801890.2
A31: 28 | B31: 45989 | G31: =E31*F31 -> 0 | J31: =H31*I31 -> 0 | K31: =G31+J31 -> 0 | M31: =M30+K31-L31 -> 801890.2
A32: 29 | B32: 45990 | G32: =E32*F32 -> 0 | J32: =H32*I32 -> 0 | K32: =G32+J32 -> 0 | M32: =M31+K32-L32 -> 801890.2
A33: 30 | B33: 45991 | G33: =E33*F33 -> 0 | J33: =H33*I33 -> 0 | K33: =G33+J33 -> 0 | M33: =M32+K33-L33 -> 801890.2
A34: 31 | G34: =E34*F34 -> 0 | J34: =H34*I34 -> 0 | K34: =G34+J34 -> 0 | L34: 0 | M34: =M33+K34-L34 -> 801890.2 | O34: 2669494 | P34: =O34-M34 -> 1867603.8
E35: 0 | F35: 0 | G35: =E35*F35 -> 0 | J35: =H35*I35 -> 0 | K35: =G35+J35 -> 0 | M35: =M34+K35-L35 -> 801890.2
E36: =SUM(E4:E34) -> 1634.54 | G36: =SUM(G4:G34) -> 157602.35 | H36: =SUM(H4:H34) -> 300.33 | J36: =SUM(J4:J34) -> 32504.716 | K36: =SUM(K4:K34) -> 190107.06 | L36: =SUM(L4:L34) -> 1100000
M45: 2408309
M46: 5327.86
M47: =M45-M46 -> 2402981.1

Sheet Jadcharla-2
A1: Jadcherla FILLING STATION STATION
A2: S.No | B2: Date | C2: GRN No | D2: Ind No/Bill No | E2: Diesel (Lts) | F2: Price | G2: Amount | H2: Petrol (Lts) | I2: Price | J2: Amount | K2: Total amount | L2: Amount paid | M2: As on Date | N2: Remarks
A3: Opening Balance | K3: 2324364 | M3: =+K3 -> 2324364
A4: 1 | B4: 45962 | E4: 2000 | F4: 96.43 | G4: =E4*F4 -> 192860 | J4: =H4*I4 -> 0 | K4: =G4+J4 -> 192860 | M4: =M3+K4-L4 -> 2517224
A5: 2 | B5: 45963 | E5: 2300 | F5: 96.43 | G5: =E5*F5 -> 221789 | J5: =H5*I5 -> 0 | K5: =G5+J5 -> 221789 | M5: =M4+K5-L5 -> 2739013
A6: 3 | B6: 45964 | E6: 2000 | F6: 96.43 | G6: =E6*F6 -> 192860 | J6: =H6*I6 -> 0 | K6: =G6+J6 -> 192860 | M6: =M5+K6-L6 -> 2931873 | R6: 541.08
A7: 4 | B7: 45965 | E7: 0 | F7: 96.43 | G7: =E7*F7 -> 0 | J7: =H7*I7 -> 0 | K7: =G7+J7 -> 0 | M7: =M6+K7-L7 -> 2931873
A8: 5 | B8: 45966 | E8: 1300 | F8: 96.43 | G8: =E8*F8 -> 125359 | J8: =H8*I8 -> 0 | K8: =G8+J8 -> 125359 | M8: =M7+K8-L8 -> 3057232
A9: 6 | B9: 45967 | G9: =E9*F9 -> 0 | J9: =H9*I9 -> 0 | K9: =G9+J9 -> 0 | M9: =M8+K9-L9 -> 3057232
A10: 7 | B10: 45968 | E10: 1200 | F10: 96.43 | G10: =E10*F10 -> 115716 | J10: =H10*I10 -> 0 | K10: =G10+J10 -> 115716 | M10: =M9+K10-L10 -> 3172948
A11: 8 | B11: 45969 | E11: 2400 | F11: 96.43 | G11: =E11*F11 -> 231432 | J11: =H11*I11 -> 0 | K11: =G11+J11 -> 231432 | M11: =M10+K11-L11 -> 3404380
A12: 9 | B12: 45970 | E12: 1500 | F12: 96.43 | G12: =E12*F12 -> 144645 | J12: =H12*I12 -> 0 | K12: =G12+J12 -> 144645 | M12: =M11+K12-L12 -> 3549025
A13: 10 | B13: 45971 | E13: 1500 | F13: 96.43 | G13: =E13*F13 -> 144645 | J13: =H13*I13 -> 0 | K13: =G13+J13 -> 144645 | M13: =M12+K13-L13 -> 3693670
A14: 11 | B14: 45972 | G14: =E14*F14 -> 0 | J14: =H14*I14 -> 0 | K14: =G14+J14 -> 0 | M14: =M13+K14-L14 -> 3693670
A15: 12 | B15: 45973 | G15: =E15*F15 -> 0 | H15: 0 | I15: 0 | J15: =H15*I15 -> 0 | K15: =G15+J15 -> 0 | M15: =M14+K15-L15 -> 3693670
A16: 13 | B16: 45974 | G16: =E16*F16 -> 0 | H16: 50 | I16: 108.24 | J16: =H16*I16 -> 5412 | K16: =G16+J16 -> 5412 | M16: =M15+K16-L16 -> 3699082
A17: 14 | B17: 45975 | G17: =E17*F17 -> 0 | J17: =H17*I17 -> 0 | K17: =G17+J17 -> 0 | M17: =M16+K17-L17 -> 3699082
A18: 15 | B18: 45976 | G18: =E18*F18 -> 0 | J18: =H18*I18 -> 0 | K18: =G18+J18 -> 0 | L18: 1600000 | M18: =M17+K18-L18 -> 2099082
A19: 16 | B19: 45977 | G19: =E19*F19 -> 0 | H19: 50 | I19: 108.24 | J19: =H19*I19 -> 5412 | K19: =G19+J19 -> 5412 | M19: =M18+K19-L19 -> 2104494
A20: 17 | B20: 45978 | G20: =E20*F20 -> 0 | J20: =H20*I20 -> 0 | K20: =G20+J20 -> 0 | M20: =M19+K20-L20 -> 2104494
A21: 18 | B21: 45979 | G21: =E21*F21 -> 0 | J21: =H21*I21 -> 0 | K21: =G21+J21 -> 0 | M21: =M20+K21-L21 -> 2104494
A22: 19 | B22: 45980 | G22: =E22*F22 -> 0 | J22: =H22*I22 -> 0 | K22: =G22+J22 -> 0 | M22: =M21+K22-L22 -> 2104494
A23: 20 | B23: 45981 | G23: =E23*F23 -> 0 | J23: =H23*I23 -> 0 | K23: =G23+J23 -> 0 | L23: 1000000 | M23: =M22+K23-L23 -> 1104494
A24: 21 | B24: 45982 | G24: =E24*F24 -> 0 | J24: =H24*I24 -> 0 | K24: =G24+J24 -> 0 | M24: =M23+K24-L24 -> 1104494
A25: 22 | B25: 45983 | G25: =E25*F25 -> 0 | H25: 50 | I25: 108.24 | J25: =H25*I25 -> 5412 | K25: =G25+J25 -> 5412 | M25: =M24+K25-L25 -> 1109906
A26: 23 | B26: 45984 | G26: =E26*F26 -> 0 | J26: =H26*I26 -> 0 | K26: =G26+J26 -> 0 | M26: =M25+K26-L26 -> 1109906
A27: 24 | B27: 45985 | G27: =E27*F27 -> 0 | H27: 50 | I27: 108.24 | J27: =H27*I27 -> 5412 | K27: =G27+J27 -> 5412 | M27: =M26+K27-L27 -> 1115318
A28: 25 | B28: 45986 | E28: 30 | F28: 96.43 | G28: =E28*F28 -> 2892.9 | J28: =H28*I28 -> 0 | K28: =G28+J28 -> 2892.9 | M28: =M27+K28-L28 -> 1118210.9
A29: 26 | B29: 45987 | G29: =E29*F29 -> 0 | J29: =H29*I29 -> 0 | K29: =G29+J29 -> 0 | M29: =M28+K29-L29 -> 1118210.9
A30: 27 | B30: 45988 | G30: =E30*F30 -> 0 | H30: 50 | I30: 108.24 | J30: =H30*I30 -> 5412 | K30: =G30+J30 -> 5412 | M30: =M29+K30-L30 -> 1123622.9
A31: 28 | B31: 45989 | G31: =E31*F31 -> 0 | J31: =H31*I31 -> 0 | K31: =G31+J31 -> 0 | M31: =M30+K31-L31 -> 1123622.9
A32: 29 | B32: 45990 | G32: =E32*F32 -> 0 | J32: =H32*I32 -> 0 | K32: =G32+J32 -> 0 | M32: =M31+K32-L32 -> 1123622.9
A33: 30 | B33: 45991 | G33: =E33*F33 -> 0 | J33: =H33*I33 -> 0 | K33: =G33+J33 -> 0 | M33: =M32+K33-L33 -> 1123622.9
A34: 31 | E34: 0 | F34: 0 | G34: =E34*F34 -> 0 | J34: =H34*I34 -> 0 | K34: =G34+J34 -> 0 | M34: =M33+K34-L34 -> 1123622.9 | O34: 1688453.6 | P34: 1900671 | Q34: =P34-O34 -> 212217.42
E35: =SUM(E4:E34) -> 14230 | G35: =SUM(G4:G34) -> 1372198.9 | H35: =SUM(H4:H34) -> 250 | J35: =SUM(J4:J34) -> 27060 | K35: =SUM(K4:K34) -> 1399258.9 | L35: =SUM(L4:L34) -> 2600000

Sheet Jadcherla-3
A1: JSASFuel Genie India Pvt.Ltd
A2: S.No | B2: Date | C2: GRN No | D2: Ind no/Bill No | E2: Diesel (Lts) | F2: Price | G2: Amount | H2: Petrol (Lts) | I2: Price | J2: Amount | K2: Total amount | L2: Amount paid | M2: As on Date | N2: Remarks
A3: Opening Balance | M3: 0
A4: 1 | B4: 45962 | G4: =E4*F4 -> 0 | H4: 0 | I4: 0 | J4: =H4*I4 -> 0 | K4: =G4+J4 -> 0 | L4: 0 | M4: =+M3+K4-L4 -> 0
A5: 2 | B5: 45963 | G5: =E5*F5 -> 0 | H5: 0 | I5: 0 | J5: =H5*I5 -> 0 | K5: =G5+J5 -> 0 | L5: 0 | M5: =+M4+K5-L5 -> 0
A6: 3 | B6: 45964 | G6: =E6*F6 -> 0 | H6: 0 | I6: 0 | J6: =H6*I6 -> 0 | K6: =G6+J6 -> 0 | L6: 0 | M6: =+M5+K6-L6 -> 0
A7: 4 | B7: 45965 | E7: 2500 | F7: 95.43 | G7: =E7*F7 -> 238575 | H7: 0 | I7: 0 | J7: =H7*I7 -> 0 | K7: =G7+J7 -> 238575 | L7: 0 | M7: =+M6+K7-L7 -> 238575
A8: 5 | B8: 45966 | E8: 2000 | F8: 95.43 | G8: =E8*F8 -> 190860 | H8: 0 | I8: 0 | J8: =H8*I8 -> 0 | K8: =G8+J8 -> 190860 | L8: 0 | M8: =+M7+K8-L8 -> 429435
A9: 6 | B9: 45967 | G9: =E9*F9 -> 0 | H9: 0 | I9: 0 | J9: =H9*I9 -> 0 | K9: =G9+J9 -> 0 | L9: 0 | M9: =+M8+K9-L9 -> 429435
A10: 7 | B10: 45968 | G10: =E10*F10 -> 0 | H10: 0 | I10: 0 | J10: =H10*I10 -> 0 | K10: =G10+J10 -> 0 | L10: 0 | M10: =+M9+K10-L10 -> 429435
A11: 8 | B11: 45969 | G11: =E11*F11 -> 0 | H11: 0 | I11: 0 | J11: =H11*I11 -> 0 | K11: =G11+J11 -> 0 | L11: 0 | M11: =+M10+K11-L11 -> 429435
A12: 9 | B12: 45970 | G12: =E12*F12 -> 0 | H12: 0 | I12: 0 | J12: =H12*I12 -> 0 | K12: =G12+J12 -> 0 | L12: 0 | M12: =+M11+K12-L12 -> 429435
A13: 10 | B13: 45971 | E13: 2000 | F13: 95.43 | G13: =E13*F13 -> 190860 | H13: 0 | I13: 0 | J13: =H13*I13 -> 0 | K13: =G13+J13 -> 190860 | L13: 0 | M13: =+M12+K13-L13 -> 620295
A14: 11 | B14: 45972 | G14: =E14*F14 -> 0 | H14: 0 | I14: 0 | J14: =H14*I14 -> 0 | K14: =G14+J14 -> 0 | L14: 0 | M14: =+M13+K14-L14 -> 620295
A15: 12 | B15: 45973 | E15: 1500 | F15: 95.43 | G15: =E15*F15 -> 143145 | H15: 0 | I15: 0 | J15: =H15*I15 -> 0 | K15: =G15+J15 -> 143145 | L15: 0 | M15: =+M14+K15-L15 -> 763440
A16: 13 | B16: 45974 | E16: 2000 | F16: 95.43 | G16: =E16*F16 -> 190860 | H16: 0 | I16: 0 | J16: =H16*I16 -> 0 | K16: =G16+J16 -> 190860 | L16: 0 | M16: =+M15+K16-L16 -> 954300
A17: 14 | B17: 45975 | E17: 2000 | F17: 95.43 | G17: =E17*F17 -> 190860 | H17: 0 | I17: 0 | J17: =H17*I17 -> 0 | K17: =G17+J17 -> 190860 | L17: 0 | M17: =+M16+K17-L17 -> 1145160
A18: 15 | B18: 45976 | E18: 4000 | F18: 95.43 | G18: =E18*F18 -> 381720 | H18: 0 | I18: 0 | J18: =H18*I18 -> 0 | K18: =G18+J18 -> 381720 | L18: 0 | M18: =+M17+K18-L18 -> 1526880
A19: 16 | B19: 45977 | E19: 4250 | F19: 95.43 | G19: =E19*F19 -> 405577.5 | H19: 0 | I19: 0 | J19: =H19*I19 -> 0 | K19: =G19+J19 -> 405577.5 | L19: 0 | M19: =+M18+K19-L19 -> 1932457.5
A20: 17 | B20: 45978 | G20: =E20*F20 -> 0 | H20: 0 | I20: 0 | J20: =H20*I20 -> 0 | K20: =G20+J20 -> 0 | L20: 0 | M20: =+M19+K20-L20 -> 1932457.5
A21: 18 | B21: 45979 | E21: 2500 | F21: 95.43 | G21: =E21*F21 -> 238575 | H21: 0 | I21: 0 | J21: =H21*I21 -> 0 | K21: =G21+J21 -> 238575 | L21: 0 | M21: =+M20+K21-L21 -> 2171032.5
A22: 19 | B22: 45980 | G22: =E22*F22 -> 0 | H22: 0 | I22: 0 | J22: =H22*I22 -> 0 | K22: =G22+J22 -> 0 | L22: 0 | M22: =+M21+K22-L22 -> 2171032.5
A23: 20 | B23: 45981 | G23: =E23*F23 -> 0 | H23: 0 | I23: 0 | J23: =H23*I23 -> 0 | K23: =G23+J23 -> 0 | L23: 0 | M23: =+M22+K23-L23 -> 2171032.5
A24: 21 | B24: 45982 | G24: =E24*F24 -> 0 | H24: 0 | I24: 0 | J24: =H24*I24 -> 0 | K24: =G24+J24 -> 0 | L24: 1000000 | M24: =+M23+K24-L24 -> 1171032.5
A25: 22 | B25: 45983 | G25: =E25*F25 -> 0 | H25: 0 | I25: 0 | J25: =H25*I25 -> 0 | K25: =G25+J25 -> 0 | L25: 0 | M25: =+M24+K25-L25 -> 1171032.5
A26: 23 | B26: 45984 | G26: =E26*F26 -> 0 | H26: 0 | I26: 0 | J26: =H26*I26 -> 0 | K26: =G26+J26 -> 0 | L26: 0 | M26: =+M25+K26-L26 -> 1171032.5
A27: 24 | B27: 45985 | E27: 2000 | F27: 95.43 | G27: =E27*F27 -> 190860 | H27: 0 | I27: 0 | J27: =H27*I27 -> 0 | K27: =G27+J27 -> 190860 | L27: 0 | M27: =+M26+K27-L27 -> 1361892.5
A28: 25 | B28: 45986 | G28: =E28*F28 -> 0 | H28: 0 | I28: 0 | J28: =H28*I28 -> 0 | K28: =G28+J28 -> 0 | L28: 0 | M28: =+M27+K28-L28 -> 1361892.5
A29: 26 | B29: 45987 | E29: 3000 | F29: 95.43 | G29: =E29*F29 -> 286290 | H29: 0 | I29: 0 | J29: =H29*I29 -> 0 | K29: =G29+J29 -> 286290 | L29: 0 | M29: =+M28+K29-L29 -> 1648182.5
A30: 27 | B30: 45988 | G30: =E30*F30 -> 0 | H30: 0 | I30: 0 | J30: =H30*I30 -> 0 | K30: =G30+J30 -> 0 | L30: 0 | M30: =+M29+K30-L30 -> 1648182.5
A31: 28 | B31: 45989 | E31: 2000 | F31: 95.43 | G31: =E31*F31 -> 190860 | H31: 0 | I31: 0 | J31: =H31*I31 -> 0 | K31: =G31+J31 -> 190860 | L31: 0 | M31: =+M30+K31-L31 -> 1839042.5
A32: 29 | B32: 45990 | G32: =E32*F32 -> 0 | H32: 0 | I32: 0 | J32: =H32*I32 -> 0 | K32: =G32+J32 -> 0 | L32: 0 | M32: =+M31+K32-L32 -> 1839042.5
A33: 30 | B33: 45991 | G33: =E33*F33 -> 0 | H33: 0 | I33: 0 | J33: =H33*I33 -> 0 | K33: =G33+J33 -> 0 | L33: 0 | M33: =+M32+K33-L33 -> 1839042.5
A34: 31 | G34: =E34*F34 -> 0 | H34: 0 | I34: 0 | J34: =H34*I34 -> 0 | K34: =G34+J34 -> 0 | L34: 0 | M34: =+M33+K34-L34 -> 1839042.5
E35: =SUM(E4:E34) -> 29750 | G35: =SUM(G4:G34) -> 2839042.5 | H35: =SUM(H4:H34) -> 0 | J35: =SUM(J4:J34) -> 0 | K35: =SUM(K4:K34) -> 2839042.5 | L35: =SUM(L4:L34) -> 1000000
F38: /

Sheet Devarakhadra
A1: Kurumurthy Swami F/S
A2: S.No | B2: Date | C2: GRN No | D2: Ind no/Bill No | E2: Diesel (Lts) | F2: Price | G2: Amount | H2: Petrol (Lts) | I2: Price | J2: Amount | K2: Total amount | L2: Amount paid | M2: As on Date | N2: Remarks
A3: Opening Balance | M3: 193769.48 | O3: 121213.37
A4: 1 | B4: 45962 | D4: 1 | E4: 20 | F4: 97.1 | G4: =E4*F4 -> 1942 | J4: =H4*I4 -> 0 | K4: =G4+J4 -> 1942 | M4: =+M3+K4-L4 -> 195711.48
A5: 2 | B5: 45963 | D5: 2 | E5: 43.9 | F5: 97.1 | G5: =E5*F5 -> 4262.69 | J5: =H5*I5 -> 0 | K5: =G5+J5 -> 4262.69 | M5: =+M4+K5-L5 -> 199974.17
A6: 3 | B6: 45964 | D6: 3 | G6: =E6*F6 -> 0 | H6: 10 | I6: 108.83 | J6: =H6*I6 -> 1088.3 | K6: =G6+J6 -> 1088.3 | M6: =+M5+K6-L6 -> 201062.47
A7: 4 | B7: 45965 | D7: 4 | E7: 10 | F7: 97.1 | G7: =E7*F7 -> 971 | J7: =H7*I7 -> 0 | K7: =G7+J7 -> 971 | M7: =+M6+K7-L7 -> 202033.47
A8: 5 | B8: 45966 | D8: 5 | E8: 58 | F8: 97.1 | G8: =E8*F8 -> 5631.8 | J8: =H8*I8 -> 0 | K8: =G8+J8 -> 5631.8 | M8: =+M7+K8-L8 -> 207665.27
A9: 6 | B9: 45967 | D9: 6 | G9: =E9*F9 -> 0 | H9: 10 | I9: 108.83 | J9: =H9*I9 -> 1088.3 | K9: =G9+J9 -> 1088.3 | M9: =+M8+K9-L9 -> 208753.57
A10: 7 | B10: 45968 | D10: 7 | G10: =E10*F10 -> 0 | J10: =H10*I10 -> 0 | K10: =G10+J10 -> 0 | M10: =+M9+K10-L10 -> 208753.57
A11: 8 | B11: 45969 | D11: 8 | G11: =E11*F11 -> 0 | J11: =H11*I11 -> 0 | K11: =G11+J11 -> 0 | M11: =+M10+K11-L11 -> 208753.57
A12: 9 | B12: 45970 | D12: 9 | G12: =E12*F12 -> 0 | J12: =H12*I12 -> 0 | K12: =G12+J12 -> 0 | M12: =+M11+K12-L12 -> 208753.57
A13: 10 | B13: 45971 | D13: 10 | G13: =E13*F13 -> 0 | J13: =H13*I13 -> 0 | K13: =G13+J13 -> 0 | M13: =+M12+K13-L13 -> 208753.57
A14: 11 | B14: 45972 | D14: 11 | G14: =E14*F14 -> 0 | J14: =H14*I14 -> 0 | K14: =G14+J14 -> 0 | M14: =+M13+K14-L14 -> 208753.57
A15: 12 | B15: 45973 | D15: 12 | G15: =E15*F15 -> 0 | H15: 5 | I15: 108.83 | J15: =H15*I15 -> 544.15 | K15: =G15+J15 -> 544.15 | M15: =+M14+K15-L15 -> 209297.72
A16: 13 | B16: 45974 | D16: 13 | G16: =E16*F16 -> 0 | H16: 5 | I16: 108.83 | J16: =H16*I16 -> 544.15 | K16: =G16+J16 -> 544.15 | M16: =+M15+K16-L16 -> 209841.87
A17: 14 | B17: 45975 | D17: 14 | G17: =E17*F17 -> 0 | J17: =H17*I17 -> 0 | K17: =G17+J17 -> 0 | M17: =+M16+K17-L17 -> 209841.87
A18: 15 | B18: 45976 | D18: 15 | G18: =E18*F18 -> 0 | J18: =H18*I18 -> 0 | K18: =G18+J18 -> 0 | M18: =+M17+K18-L18 -> 209841.87
A19: 16 | B19: 45977 | D19: 16 | E19: 37.79 | F19: 97.1 | G19: =E19*F19 -> 3669.409 | J19: =H19*I19 -> 0 | K19: =G19+J19 -> 3669.409 | M19: =+M18+K19-L19 -> 213511.28 | N19: Fuel bills
A20: 17 | B20: 45978 | D20: 17 | G20: =E20*F20 -> 0 | H20: 5 | I20: 108.83 | J20: =H20*I20 -> 544.15 | K20: =G20+J20 -> 544.15 | M20: =+M19+K20-L20 -> 214055.43
A21: 18 | B21: 45979 | D21: 18 | G21: =E21*F21 -> 0 | H21: 5 | I21: 108.83 | J21: =H21*I21 -> 544.15 | K21: =G21+J21 -> 544.15 | M21: =+M20+K21-L21 -> 214599.58
A22: 19 | B22: 45980 | D22: 19 | E22: 43.17 | F22: 97.1 | G22: =E22*F22 -> 4191.807 | J22: =H22*I22 -> 0 | K22: =G22+J22 -> 4191.807 | M22: =+M21+K22-L22 -> 218791.38
A23: 20 | B23: 45981 | D23: 20 | G23: =E23*F23 -> 0 | J23: =H23*I23 -> 0 | K23: =G23+J23 -> 0 | L23: 200000 | M23: =+M22+K23-L23 -> 18791.383
A24: 21 | B24: 45982 | D24: 21 | E24: 65 | F24: 97.1 | G24: =E24*F24 -> 6311.5 | J24: =H24*I24 -> 0 | K24: =G24+J24 -> 6311.5 | M24: =+M23+K24-L24 -> 25102.883
A25: 22 | B25: 45983 | D25: 22 | G25: =E25*F25 -> 0 | J25: =H25*I25 -> 0 | K25: =G25+J25 -> 0 | M25: =+M24+K25-L25 -> 25102.883
A26: 23 | B26: 45984 | D26: 23 | G26: =E26*F26 -> 0 | J26: =H26*I26 -> 0 | K26: =G26+J26 -> 0 | M26: =+M25+K26-L26 -> 25102.883
A27: 24 | B27: 45985 | D27: 24 | G27: =E27*F27 -> 0 | J27: =H27*I27 -> 0 | K27: =G27+J27 -> 0 | M27: =+M26+K27-L27 -> 25102.883
A28: 25 | B28: 45986 | D28: 25 | G28: =E28*F28 -> 0 | J28: =H28*I28 -> 0 | K28: =G28+J28 -> 0 | M28: =+M27+K28-L28 -> 25102.883
A29: 26 | B29: 45987 | D29: 26 | E29: 35 | F29: 97.1 | G29: =E29*F29 -> 3398.5 | H29: 15 | I29: 108.83 | J29: =H29*I29 -> 1632.45 | K29: =G29+J29 -> 5030.95 | M29: =+M28+K29-L29 -> 30133.833
A30: 27 | B30: 45988 | D30: 27 | G30: =E30*F30 -> 0 | J30: =H30*I30 -> 0 | K30: =G30+J30 -> 0 | M30: =+M29+K30-L30 -> 30133.833
A31: 28 | B31: 45989 | D31: 28 | E31: 46 | F31: 97.1 | G31: =E31*F31 -> 4466.6 | J31: =H31*I31 -> 0 | K31: =G31+J31 -> 4466.6 | M31: =+M30+K31-L31 -> 34600.433
A32: 29 | B32: 45990 | D32: 29 | G32: =E32*F32 -> 0 | J32: =H32*I32 -> 0 | K32: =G32+J32 -> 0 | M32: =+M31+K32-L32 -> 34600.433
A33: 30 | B33: 45991 | D33: 30 | G33: =E33*F33 -> 0 | J33: =H33*I33 -> 0 | K33: =G33+J33 -> 0 | M33: =+M32+K33-L33 -> 34600.433
A34: 31 | B34: 45992 | D34: 31 | G34: =E34*F34 -> 0 | J34: =H34*I34 -> 0 | K34: =G34+J34 -> 0 | M34: =+M33+K34-L34 -> 34600.433
E35: =SUM(E4:E34) -> 358.86 | G35: =SUM(G4:G34) -> 34845.306 | H35: =SUM(H4:H34) -> 55 | J35: =SUM(J4:J34) -> 5985.65 | K35: =SUM(K4:K34) -> 40830.956 | L35: =SUM(L4:L34) -> 200000

Sheet Devarakhadra-2
A1: JSASFuel Genie India Pvt.Ltd
A2: S.No | B2: Date | C2: GRN No | D2: Ind no/Bill No | E2: Diesel (Lts) | F2: Price | G2: Amount | H2: Petrol (Lts) | I2: Price | J2: Amount | K2: Total amount | L2: Amount paid | M2: As on Date | N2: Remarks
A3: Opening Balance | M3: 167115.06
A4: 1 | B4: 45962 | G4: =E4*F4 -> 0 | H4: 0 | I4: 0 | J4: =H4*I4 -> 0 | K4: =G4+J4 -> 0 | L4: 0 | M4: =+M3+K4-L4 -> 167115.06
A5: 2 | B5: 45963 | G5: =E5*F5 -> 0 | H5: 0 | I5: 0 | J5: =H5*I5 -> 0 | K5: =G5+J5 -> 0 | L5: 0 | M5: =+M4+K5-L5 -> 167115.06
A6: 3 | B6: 45964 | G6: =E6*F6 -> 0 | H6: 0 | I6: 0 | J6: =H6*I6 -> 0 | K6: =G6+J6 -> 0 | L6: 0 | M6: =+M5+K6-L6 -> 167115.06
A7: 4 | B7: 45965 | G7: =E7*F7 -> 0 | H7: 0 | I7: 0 | J7: =H7*I7 -> 0 | K7: =G7+J7 -> 0 | L7: 0 | M7: =+M6+K7-L7 -> 167115.06
A8: 5 | B8: 45966 | E8: 688.08 | F8: 95.83 | G8: =E8*F8 -> 65938.706 | H8: 0 | I8: 0 | J8: =H8*I8 -> 0 | K8: =G8+J8 -> 65938.706 | L8: 0 | M8: =+M7+K8-L8 -> 233053.77
A9: 6 | B9: 45967 | G9: =E9*F9 -> 0 | H9: 0 | I9: 0 | J9: =H9*I9 -> 0 | K9: =G9+J9 -> 0 | L9: 0 | M9: =+M8+K9-L9 -> 233053.77
A10: 7 | B10: 45968 | G10: =E10*F10 -> 0 | H10: 0 | I10: 0 | J10: =H10*I10 -> 0 | K10: =G10+J10 -> 0 | L10: 0 | M10: =+M9+K10-L10 -> 233053.77
A11: 8 | B11: 45969 | G11: =E11*F11 -> 0 | H11: 0 | I11: 0 | J11: =H11*I11 -> 0 | K11: =G11+J11 -> 0 | L11: 0 | M11: =+M10+K11-L11 -> 233053.77
A12: 9 | B12: 45970 | G12: =E12*F12 -> 0 | H12: 0 | I12: 0 | J12: =H12*I12 -> 0 | K12: =G12+J12 -> 0 | L12: 0 | M12: =+M11+K12-L12 -> 233053.77
A13: 10 | B13: 45971 | G13: =E13*F13 -> 0 | H13: 0 | I13: 0 | J13: =H13*I13 -> 0 | K13: =G13+J13 -> 0 | L13: 0 | M13: =+M12+K13-L13 -> 233053.77
A14: 11 | B14: 45972 | G14: =E14*F14 -> 0 | H14: 0 | I14: 0 | J14: =H14*I14 -> 0 | K14: =G14+J14 -> 0 | L14: 0 | M14: =+M13+K14-L14 -> 233053.77
A15: 12 | B15: 45973 | G15: =E15*F15 -> 0 | H15: 0 | I15: 0 | J15: =H15*I15 -> 0 | K15: =G15+J15 -> 0 | L15: 0 | M15: =+M14+K15-L15 -> 233053.77
A16: 13 | B16: 45974 | G16: =E16*F16 -> 0 | H16: 0 | I16: 0 | J16: =H16*I16 -> 0 | K16: =G16+J16 -> 0 | L16: 0 | M16: =+M15+K16-L16 -> 233053.77
A17: 14 | B17: 45975 | H17: 0 | I17: 0 | J17: =H17*I17 -> 0 | K17: =G17+J17 -> 0 | L17: 0 | M17: =+M16+K17-L17 -> 233053.77
A18: 15 | B18: 45976 | H18: 0 | I18: 0 | J18: =H18*I18 -> 0 | K18: =G18+J18 -> 0 | L18: 167000 | M18: =+M17+K18-L18 -> 66053.768
A19: 16 | B19: 45977 | H19: 0 | I19: 0 | J19: =H19*I19 -> 0 | K19: =G19+J19 -> 0 | L19: 0 | M19: =+M18+K19-L19 -> 66053.768
A20: 17 | B20: 45978 | G20: =E20*F20 -> 0 | H20: 0 | I20: 0 | J20: =H20*I20 -> 0 | K20: =G20+J20 -> 0 | L20: 0 | M20: =+M19+K20-L20 -> 66053.768
A21: 18 | B21: 45979 | G21: =E21*F21 -> 0 | H21: 0 | I21: 0 | J21: =H21*I21 -> 0 | K21: =G21+J21 -> 0 | L21: 0 | M21: =+M20+K21-L21 -> 66053.768
A22: 19 | B22: 45980 | G22: =E22*F22 -> 0 | H22: 0 | I22: 0 | J22: =H22*I22 -> 0 | K22: =G22+J22 -> 0 | L22: 0 | M22: =+M21+K22-L22 -> 66053.768
A23: 20 | B23: 45981 | G23: =E23*F23 -> 0 | H23: 0 | I23: 0 | J23: =H23*I23 -> 0 | K23: =G23+J23 -> 0 | L23: 0 | M23: =+M22+K23-L23 -> 66053.768
A24: 21 | B24: 45982 | G24: =E24*F24 -> 0 | H24: 0 | I24: 0 | J24: =H24*I24 -> 0 | K24: =G24+J24 -> 0 | L24: 0 | M24: =+M23+K24-L24 -> 66053.768
A25: 22 | B25: 45983 | G25: =E25*F25 -> 0 | H25: 0 | I25: 0 | J25: =H25*I25 -> 0 | K25: =G25+J25 -> 0 | L25: 0 | M25: =+M24+K25-L25 -> 66053.768
A26: 23 | B26: 45984 | G26: =E26*F26 -> 0 | H26: 0 | I26: 0 | J26: =H26*I26 -> 0 | K26: =G26+J26 -> 0 | L26: 0 | M26: =+M25+K26-L26 -> 66053.768
A27: 24 | B27: 45985 | G27: =E27*F27 -> 0 | H27: 0 | I27: 0 | J27: =H27*I27 -> 0 | K27: =G27+J27 -> 0 | L27: 0 | M27: =+M26+K27-L27 -> 66053.768
A28: 25 | B28: 45986 | G28: =E28*F28 -> 0 | H28: 0 | I28: 0 | J28: =H28*I28 -> 0 | K28: =G28+J28 -> 0 | L28: 0 | M28: =+M27+K28-L28 -> 66053.768
A29: 26 | B29: 45987 | G29: =E29*F29 -> 0 | H29: 0 | I29: 0 | J29: =H29*I29 -> 0 | K29: =G29+J29 -> 0 | L29: 0 | M29: =+M28+K29-L29 -> 66053.768
A30: 27 | B30: 45988 | G30: =E30*F30 -> 0 | H30: 0 | I30: 0 | J30: =H30*I30 -> 0 | K30: =G30+J30 -> 0 | L30: 0 | M30: =+M29+K30-L30 -> 66053.768
A31: 28 | B31: 45989 | G31: =E31*F31 -> 0 | H31: 0 | I31: 0 | J31: =H31*I31 -> 0 | K31: =G31+J31 -> 0 | L31: 0 | M31: =+M30+K31-L31 -> 66053.768
... A33: 30 | B33: 45991 | G33: =E33*F33 -> 0 | H33: 0 | I33: 0 | J33: =H33*I33 -> 0 | K33: =G33+J33 -> 0 | L33: 0 | M33: =+M32+K33-L33 -> 66053.768
A34: 31 | G34: =E34*F34 -> 0 | H34: 0 | I34: 0 | J34: =H34*I34 -> 0 | K34: =G34+J34 -> 0 | L34: 0 | M34: =+M33+K34-L34 -> 66053.768
E35: =SUM(E4:E34) -> 688.08 | G35: =SUM(G4:G34) -> 65938.706 | H35: =SUM(H4:H34) -> 0 | J35: =SUM(J4:J34) -> 0 | K35: =SUM(K4:K34) -> 65938.706 | L35: =SUM(L4:L34) -> 167000
F38: /

Sheet Dindi
A1: Akarapu Balakistamma Fillling
A2: S.No | B2: Date | C2: GRN No | D2: Ind no/Bill No | E2: Diesel (Lts) | F2: Price | G2: Amount | H2: Petrol (Lts) | I2: Price | J2: Amount | K2: Total amount | L2: Amount paid | M2: As on Date | N2: Remarks
A3: Opening Balance | M3: 0
A4: 1 | B4: 45962 | G4: =E4*F4 -> 0 | H4: 0 | I4: 0 | J4: =H4*I4 -> 0 | K4: =G4+J4 -> 0 | L4: =+K4 -> 0 | M4: 0
A5: 2 | B5: 45963 | G5: =E5*F5 -> 0 | H5: 0 | I5: 0 | J5: =H5*I5 -> 0 | K5: =G5+J5 -> 0 | L5: =+K5 -> 0 | M5: 0
A6: 3 | B6: 45964 | G6: =E6*F6 -> 0 | H6: 0 | I6: 0 | J6: =H6*I6 -> 0 | K6: =G6+J6 -> 0 | L6: =+K6 -> 0 | M6: 0
A7: 4 | B7: 45965 | G7: =E7*F7 -> 0 | H7: 0 | I7: 0 | J7: =H7*I7 -> 0 | K7: =G7+J7 -> 0 | L7: =+K7 -> 0 | M7: 0
A8: 5 | B8: 45966 | G8: =E8*F8 -> 0 | H8: 0 | I8: 0 | J8: =H8*I8 -> 0 | K8: =G8+J8 -> 0 | L8: =+K8 -> 0 | M8: 0
A9: 6 | B9: 45967 | H9: 0 | I9: 0 | J9: =H9*I9 -> 0 | K9: =G9+J9 -> 0 | L9: =+K9 -> 0 | M9: 0
A10: 7 | B10: 45968 | H10: 0 | I10: 0 | J10: =H10*I10 -> 0 | K10: =G10+J10 -> 0 | L10: =+K10 -> 0 | M10: 0
A11: 8 | B11: 45969 | H11: 0 | I11: 0 | J11: =H11*I11 -> 0 | K11: =G11+J11 -> 0 | L11: =+K11 -> 0 | M11: 0
A12: 9 | B12: 45970 | H12: 0 | I12: 0 | J12: =H12*I12 -> 0 | K12: =G12+J12 -> 0 | L12: =+K12 -> 0 | M12: 0
A13: 10 | B13: 45971 | H13: 0 | I13: 0 | J13: =H13*I13 -> 0 | K13: =G13+J13 -> 0 | L13: =+K13 -> 0 | M13: 0
A14: 11 | B14: 45972 | H14: 0 | I14: 0 | J14: =H14*I14 -> 0 | K14: =G14+J14 -> 0 | L14: =+K14 -> 0 | M14: 0
A15: 12 | B15: 45973 | H15: 0 | I15: 0 | J15: =H15*I15 -> 0 | K15: =G15+J15 -> 0 | L15: =+K15 -> 0 | M15: 0
A16: 13 | B16: 45974 | H16: 0 | I16: 0 | J16: =H16*I16 -> 0 | K16: =G16+J16 -> 0 | L16: =+K16 -> 0 | M16: 0
A17: 14 | B17: 45975 | H17: 0 | I17: 0 | J17: =H17*I17 -> 0 | K17: =G17+J17 -> 0 | L17: =+K17 -> 0 | M17: 0
A18: 15 | B18: 45976 | H18: 0 | I18: 0 | J18: =H18*I18 -> 0 | K18: =G18+J18 -> 0 | L18: =+K18 -> 0 | M18: 0
A19: 16 | B19: 45977 | H19: 0 | I19: 0 | J19: =H19*I19 -> 0 | K19: =G19+J19 -> 0 | L19: =+K19 -> 0 | M19: 0
A20: 17 | B20: 45978 | H20: 0 | I20: 0 | J20: =H20*I20 -> 0 | K20: =G20+J20 -> 0 | L20: =+K20 -> 0 | M20: 0
... A28: 25 | B28: 45986 | H28: 0 | I28: 0 | J28: =H28*I28 -> 0 | K28: =G28+J28 -> 0 | L28: =+K28 -> 0 | M28: 0
A29: 26 | B29: 45987 | G29: =E29*F29 -> 0 | H29: 0 | I29: 0 | J29: =H29*I29 -> 0 | K29: =G29+J29 -> 0 | L29: =+K29 -> 0 | M29: 0
A30: 27 | B30: 45988 | G30: =E30*F30 -> 0 | H30: 0 | I30: 0 | J30: =H30*I30 -> 0 | K30: =G30+J30 -> 0 | L30: =+K30 -> 0 | M30: 0
A31: 28 | B31: 45989 | G31: =E31*F31 -> 0 | H31: 0 | I31: 0 | J31: =H31*I31 -> 0 | K31: =G31+J31 -> 0 | L31: =+K31 -> 0 | M31: 0
A32: 29 | B32: 45990 | G32: =E32*F32 -> 0 | H32: 0 | I32: 0 | J32: =H32*I32 -> 0 | K32: =G32+J32 -> 0 | L32: =+K32 -> 0 | M32: 0
A33: 30 | B33: 45991 | G33: =E33*F33 -> 0 | H33: 0 | I33: 0 | J33: =H33*I33 -> 0 | K33: =G33+J33 -> 0 | L33: =+K33 -> 0 | M33: 0
A34: 31 | G34: =E34*F34 -> 0 | H34: 0 | I34: 0 | J34: =H34*I34 -> 0 | K34: =G34+J34 -> 0 | L34: =+K34 -> 0 | M34: 0
E35: =SUM(E4:E34) -> 0 | G35: =SUM(G4:G34) -> 0 | H35: =SUM(H4:H34) -> 0 | J35: =SUM(J4:J34) -> 0 | K35: =SUM(K4:K34) -> 0 | L35: =SUM(L4:L34) -> 0

Sheet Amalapuram
A2: S.No | B2: Date | C2: GRN No | D2: Ind no/Bill No | E2: Diesel (Lts) | F2: Price | G2: Amount | H2: Petrol (Lts) | I2: Price | J2: Amount | K2: Total amount | L2: Amount paid | M2: As on Date | N2: Remarks
A3: Opening Balance | M3: 0
A4: 1 | G4: =E4*F4 -> 0 | J4: =H4*I4 -> 0 | K4: =G4+J4 -> 0 | M4: =+M3+K4-L4 -> 0
A5: 2 | G5: =E5*F5 -> 0 | J5: =H5*I5 -> 0 | K5: =G5+J5 -> 0 | M5: =+M4+K5-L5 -> 0
A6: 3 | G6: =E6*F6 -> 0 | J6: =H6*I6 -> 0 | K6: =G6+J6 -> 0 | M6: =+M5+K6-L6 -> 0
A7: 4 | G7: =E7*F7 -> 0 | J7: =H7*I7 -> 0 | K7: =G7+J7 -> 0 | M7: =+M6+K7-L7 -> 0
A8: 5 | B8: 05.11.2025 | C8: Sri Venkata Sitaram F/S | E8: 35.85 | F8: 97.64 | G8: =E8*F8 -> 3500.394 | J8: =H8*I8 -> 0 | K8: =G8+J8 -> 3500.394 | L8: 3500.39 | M8: =+M7+K8-L8 -> 0.004
A9: 6 | B9: 06.11.2025 | C9: Shiva Sri Sai Filling Station | D9: East Vippar | G9: =E9*F9 -> 0 | H9: 10 | I9: 108.66 | J9: =H9*I9 -> 1086.6 | K9: =G9+J9 -> 1086.6 | L9: 1086.6 | M9: =+M8+K9-L9 -> 0.004
A10: 7 | B10: 06.11.2025 | C10: Sri Venkata Sitha Rama Filling Station | D10: Bhimavaram | G10: =E10*F10 -> 0 | H10: 10 | I10: 109.83 | J10: =H10*I10 -> 1098.3 | K10: =G10+J10 -> 1098.3 | L10: 1098.3 | M10: =+M9+K10-L10 -> 0.004
A11: 8 | B11: 07.11.2025 | C11: Sri Suryaprakash Service Filling Station | D11: Rajahmundry | G11: =E11*F11 -> 0 | H11: 38.37 | I11: 108.86 | J11: =H11*I11 -> 4176.9582 | K11: =G11+J11 -> 4176.9582 | L11: 4176.96 | M11: =+M10+K11-L11 -> 0.0022
A12: 9 | B12: 08.11.2025 | C12: Buchibabu Filling Center | D12: Ethakota | E12: 39.14 | F12: 97.06 | G12: =E12*F12 -> 3798.9284 | J12: =H12*I12 -> 0 | K12: =G12+J12 -> 3798.9284 | L12: 3798.93 | M12: =+M11+K12-L12 -> 0.0006
A13: 10 | B13: 10.11.2025 | C13: Bhaskara Agencies-Morampudi | D13: Rajahmundry | G13: =E13*F13 -> 0 | H13: 24.81 | I13: 108.83 | J13: =H13*I13 -> 2700.0723 | K13: =G13+J13 -> 2700.0723 | L13: 2700.07 | M13: =+M12+K13-L13 -> 0.0029
A14: 11 | B14: 11.11.2025 | C14: Buchibabu Filling Center | D14: Ethakota | G14: =E14*F14 -> 0 | H14: 5 | I14: 109.21 | J14: =H14*I14 -> 546.05 | K14: =G14+J14 -> 546.05 | L14: 546.05 | M14: =+M13+K14-L14 -> 0.0029
A15: 12 | B15: 18.11.2025 | C15: Sri Surya Fuelling Station | D15: Rajahmundry | E15: 36.19 | F15: 96.71 | G15: =E15*F15 -> 3499.9349 | J15: =H15*I15 -> 0 | K15: =G15+J15 -> 3499.9349 | L15: 3499.93 | M15: =+M14+K15-L15 -> 0.0078
A16: 13 | B16: 22.11.2025 | C16: APSRTC Petrol Bunk | D16: Rangampeta(Peddapuram) | E16: 44.86 | F16: 96.67 | G16: =E16*F16 -> 4336.6162 | J16: =H16*I16 -> 0 | K16: =G16+J16 -> 4336.6162 | L16: 4336.62 | M16: =+M15+K16-L16 -> 0.004
B17: 25.11.2025 | C17: Sree Suryaprakash Service | D17: Rajahmundry | E17: 51.68 | F17: 96.74 | G17: =E17*F17 -> 4999.5232 | J17: =H17*I17 -> 0 | K17: =G17+J17 -> 4999.5232 | L17: 4999.52 | M17: =+M16+K17-L17 -> 0.0072
A18: 14 | B18: 26.11.2025 | C18: Sri Lakshmi Agencies | D18: Samalkot | E18: 43 | F18: 97.49 | G18: =E18*F18 -> 4192.07 | J18: =H18*I18 -> 0 | K18: =G18+J18 -> 4192.07 | L18: 4192.07 | M18: =+M16+K18-L18 -> 0.004
A19: 15 | C19: BP Lalacheruvu Jail Road | D19: Rajahmundry | G19: =E19*F19 -> 0 | H19: 5 | I19: 108.86 | J19: =H19*I19 -> 544.3 | K19: =G19+J19 -> 544.3 | L19: 544.3 | M19: =+M18+K19-L19 -> 0.004
A20: 16 | G20: =E20*F20 -> 0 | J20: =H20*I20 -> 0 | K20: =G20+J20 -> 0 | M20: =+M19+K20-L20 -> 0.004
A21: 17 | G21: =E21*F21 -> 0 | J21: =H21*I21 -> 0 | K21: =G21+J21 -> 0 | M21: =+M20+K21-L21 -> 0.004
A22: 18 | G22: =E22*F22 -> 0 | J22: =H22*I22 -> 0 | K22: =G22+J22 -> 0 | M22: =+M21+K22-L22 -> 0.004
A23: 19 | G23: =E23*F23 -> 0 | J23: =H23*I23 -> 0 | K23: =G23+J23 -> 0 | M23: =+M22+K23-L23 -> 0.004
A24: 20 | G24: =E24*F24 -> 0 | J24: =H24*I24 -> 0 | K24: =G24+J24 -> 0 | M24: =+M23+K24-L24 -> 0.004
A25: 21 | G25: =E25*F25 -> 0 | J25: =H25*I25 -> 0 | K25: =G25+J25 -> 0 | M25: =+M24+K25-L25 -> 0.004
A26: 22 | G26: =E26*F26 -> 0 | J26: =H26*I26 -> 0 | K26: =G26+J26 -> 0 | M26: =+M25+K26-L26 -> 0.004
A27: 23 | G27: =E27*F27 -> 0 | J27: =H27*I27 -> 0 | K27: =G27+J27 -> 0 | M27: =+M26+K27-L27 -> 0.004
A28: 24 | G28: =E28*F28 -> 0 | J28: =H28*I28 -> 0 | K28: =G28+J28 -> 0 | M28: =+M27+K28-L28 -> 0.004
A29: 25 | G29: =E29*F29 -> 0 | J29: =H29*I29 -> 0 | K29: =G29+J29 -> 0 | M29: =+M28+K29-L29 -> 0.004
A30: 26 | G30: =E30*F30 -> 0 | J30: =H30*I30 -> 0 | K30: =G30+J30 -> 0 | M30: =+M29+K30-L30 -> 0.004
A31: 27 | G31: =E31*F31 -> 0 | J31: =H31*I31 -> 0 | K31: =G31+J31 -> 0 | M31: =+M30+K31-L31 -> 0.004
... A33: 29 | G33: =E33*F33 -> 0 | J33: =H33*I33 -> 0 | K33: =G33+J33 -> 0 | M33: =+M32+K33-L33 -> 0.004
G34: =E34*F34 -> 0 | J34: =H34*I34 -> 0 | K34: =G34+J34 -> 0 | M34: 0
A35: 30 | G35: =E35*F35 -> 0 | J35: =H35*I35 -> 0 | K35: =G35+J35 -> 0 | M35: =+M33+K35-L35 -> 0.004
A36: 31 | G36: =E36*F36 -> 0 | J36: =H36*I36 -> 0 | K36: =G36+J36 -> 0 | L36: 0 | M36: =+M35+K36-L36 -> 0.004
E37: =SUM(E4:E36) -> 250.72 | G37: =SUM(G4:G36) -> 24327.467 | H37: =SUM(H4:H36) -> 93.18 | J37: =SUM(J4:J36) -> 10152.28 | K37: =SUM(K4:K36) -> 34479.747 | L37: =SUM(L4:L36) -> 34479.74

Sheet Madana palli
A2: S.No | B2: Date | C2: GRN No | D2: Ind no/Bill No | E2: Diesel (Lts) | F2: Price | G2: Amount | H2: Petrol (Lts) | I2: Price | J2: Amount | K2: Total amount | L2: Amount paid | M2: As on Date | N2: Remarks
A3: Opening Balance | M3: 0
A4: 1 | B4: 45962 | G4: =E4*F4 -> 0 | H4: 0 | I4: 0 | J4: =H4*I4 -> 0 | K4: =G4+J4 -> 0 | L4: =+K4 -> 0 | M4: 0
A5: 2 | B5: 45963 | G5: =E5*F5 -> 0 | H5: 0 | I5: 0 | J5: =H5*I5 -> 0 | K5: =G5+J5 -> 0 | L5: =+K5 -> 0 | M5: 0
A6: 3 | B6: 45964 | E6: 200 | F6: 97.96 | G6: =E6*F6 -> 19592 | H6: 0 | I6: 0 | J6: =H6*I6 -> 0 | K6: =G6+J6 -> 19592 | L6: =+K6 -> 19592 | M6: 0
A7: 4 | B7: 45965 | G7: =E7*F7 -> 0 | H7: 0 | I7: 0 | J7: =H7*I7 -> 0 | K7: =G7+J7 -> 0 | L7: =+K7 -> 0 | M7: 0
A8: 5 | B8: 45966 | E8: 200 | F8: 97.76 | G8: =E8*F8 -> 19552 | H8: 4.54 | I8: 110.07 | J8: =H8*I8 -> 499.7178 | K8: =G8+J8 -> 20051.718 | L8: =+K8 -> 20051.718 | M8: 0
A9: 6 | B9: 45967 | G9: =E9*F9 -> 0 | H9: 0 | I9: 0 | J9: =H9*I9 -> 0 | K9: =G9+J9 -> 0 | L9: =+K9 -> 0 | M9: 0
A10: 7 | B10: 45968 | E10: 249.99 | F10: 97.76 | G10: =E10*F10 -> 24439.022 | H10: 0 | I10: 0 | J10: =H10*I10 -> 0 | K10: =G10+J10 -> 24439.022 | L10: =+K10 -> 24439.022 | M10: 0 | O10: 169.99
A11: 8 | B11: 45969 | G11: =E11*F11 -> 0 | H11: 0 | I11: 0 | J11: =H11*I11 -> 0 | K11: =G11+J11 -> 0 | L11: =+K11 -> 0 | M11: 0 | O11: 80
A12: 9 | B12: 45970 | G12: =E12*F12 -> 0 | H12: 0 | I12: 0 | J12: =H12*I12 -> 0 | K12: =G12+J12 -> 0 | L12: =+K12 -> 0 | M12: 0 | O12: =SUM(O10:O11) -> 249.99 | P12: 97.76 | Q12: =O12*P12 -> 24439.022
A13: 10 | B13: 45971 | G13: =E13*F13 -> 0 | H13: 0 | I13: 0 | J13: =H13*I13 -> 0 | K13: =G13+J13 -> 0 | L13: =+K13 -> 0 | M13: 0
A14: 11 | B14: 45972 | E14: 30.89 | F14: 97.76 | G14: =E14*F14 -> 3019.8064 | H14: 5.47 | I14: 109.61 | J14: =H14*I14 -> 599.5667 | K14: =G14+J14 -> 3619.3731 | L14: =+K14 -> 3619.3731 | M14: 0
A15: 12 | B15: 45973 | G15: =E15*F15 -> 0 | H15: 0 | I15: 0 | J15: =H15*I15 -> 0 | K15: =G15+J15 -> 0 | L15: =+K15 -> 0 | M15: 0 | P15: 7820.8
A16: 13 | B16: 45974 | G16: =E16*F16 -> 0 | H16: 0 | I16: 0 | J16: =H16*I16 -> 0 | K16: =G16+J16 -> 0 | L16: =+K16 -> 0 | M16: 0 | P16: 16619.2
A17: 14 | B17: 45975 | G17: =E17*F17 -> 0 | H17: 0 | I17: 0 | J17: =H17*I17 -> 0 | K17: =G17+J17 -> 0 | L17: =+K17 -> 0 | M17: 0 | P17: =SUM(P15:P16) -> 24440
A18: 15 | B18: 45976 | G18: =E18*F18 -> 0 | H18: 0 | I18: 0 | J18: =H18*I18 -> 0 | K18: =G18+J18 -> 0 | L18: =+K18 -> 0 | M18: 0
A19: 16 | B19: 45977 | G19: =E19*F19 -> 0 | H19: 0 | I19: 0 | J19: =H19*I19 -> 0 | K19: =G19+J19 -> 0 | L19: =+K19 -> 0 | M19: 0
A20: 17 | B20: 45978 | E20: 42.45 | F20: 97.76 | G20: =E20*F20 -> 4149.912 | H20: 0 | I20: 0 | J20: =H20*I20 -> 0 | K20: =G20+J20 -> 4149.912 | L20: =+K20 -> 4149.912 | M20: 0
A21: 18 | B21: 45979 | G21: =E21*F21 -> 0 | H21: 0 | I21: 0 | J21: =H21*I21 -> 0 | K21: =G21+J21 -> 0 | L21: =+K21 -> 0 | M21: 0 | N21: IOCL
A22: 19 | B22: 45980 | G22: =E22*F22 -> 0 | H22: 5.47 | I22: 600 | J22: =H22*I22 -> 3282 | K22: =G22+J22 -> 3282 | L22: =+K22 -> 3282 | M22: 0
A23: 20 | B23: 45981 | G23: =E23*F23 -> 0 | H23: 0 | I23: 0 | J23: =H23*I23 -> 0 | K23: =G23+J23 -> 0 | L23: =+K23 -> 0 | M23: 0 | N23: IOCL
A24: 21 | B24: 45982 | G24: =E24*F24 -> 0 | H24: 0 | I24: 0 | J24: =H24*I24 -> 0 | K24: =G24+J24 -> 0 | L24: =+K24 -> 0 | M24: 0
A25: 22 | B25: 45983 | G25: =E25*F25 -> 0 | H25: 0 | I25: 0 | J25: =H25*I25 -> 0 | K25: =G25+J25 -> 0 | L25: =+K25 -> 0 | M25: 0
A26: 23 | B26: 45984 | G26: =E26*F26 -> 0 | H26: 0 | I26: 0 | J26: =H26*I26 -> 0 | K26: =G26+J26 -> 0 | L26: =+K26 -> 0 | M26: 0 | N26: HPCL
A27: 24 | B27: 45985 | G27: =E27*F27 -> 0 | H27: 0 | I27: 0 | J27: =H27*I27 -> 0 | K27: =G27+J27 -> 0 | L27: =+K27 -> 0 | M27: 0 | N27: IOCL
A28: 25 | B28: 45986 | G28: =E28*F28 -> 0 | H28: 0 | I28: 0 | J28: =H28*I28 -> 0 | K28: =G28+J28 -> 0 | L28: =+K28 -> 0 | M28: 0
A29: 26 | B29: 45987 | G29: =E29*F29 -> 0 | H29: 0 | I29: 0 | J29: =H29*I29 -> 0 | K29: =G29+J29 -> 0 | L29: =+K29 -> 0 | M29: 0
A30: 27 | B30: 45988 | G30: =E30*F30 -> 0 | H30: 0 | I30: 0 | J30: =H30*I30 -> 0 | K30: =G30+J30 -> 0 | L30: =+K30 -> 0 | M30: 0
A31: 28 | B31: 45989 | G31: =E31*F31 -> 0 | H31: 0 | I31: 0 | J31: =H31*I31 -> 0 | K31: =G31+J31 -> 0 | L31: =+K31 -> 0 | M31: 0
A32: 29 | B32: 45990 | G32: =E32*F32 -> 0 | H32: 0 | I32: 0 | J32: =H32*I32 -> 0 | K32: =G32+J32 -> 0 | L32: =+K32 -> 0 | M32: 0
A33: 30 | B33: 45991 | G33: =E33*F33 -> 0 | H33: 0 | I33: 0 | J33: =H33*I33 -> 0 | K33: =G33+J33 -> 0 | L33: =+K33 -> 0 | M33: 0
A34: 31 | G34: =E34*F34 -> 0 | H34: 0 | I34: 0 | J34: =H34*I34 -> 0 | K34: =G34+J34 -> 0 | L34: =+K34 -> 0 | M34: 0
E35: =SUM(E4:E34) -> 723.33 | G35: =SUM(G4:G34) -> 70752.741 | H35: =SUM(H4:H34) -> 15.48 | J35: =SUM(J4:J34) -> 4381.2845 | K35: =SUM(K4:K34) -> 75134.025 | L35: =SUM(L4:L34) -> 75134.025

Sheet Kadur
A1: Vishal Service Station
A2: S.No | B2: Date | C2: GRN No | D2: Ind No/Bill No | E2: Diesel (Lts) | F2: Price | G2: Amount | H2: Petrol (Lts) | I2: Price | J2: Amount | K2: Total amount | L2: Amount paid | M2: As on Date | N2: Remarks
A3: Opening Balance | K3: 164331.63 | M3: 164331.63 | O3: 207239.43
A4: 1 | B4: 45962 | F4: 0 | G4: =E4*F4 -> 0 | H4: 0 | I4: 0 | J4: =H4*I4 -> 0 | K4: =G4+J4 -> 0 | M4: =M3+K4-L4 -> 164331.63
A5: 2 | B5: 45963 | F5: 0 | G5: =E5*F5 -> 0 | H5: 0 | I5: 0 | J5: =H5*I5 -> 0 | K5: =G5+J5 -> 0 | M5: =M4+K5-L5 -> 164331.63
A6: 3 | B6: 45964 | F6: 0 | G6: =E6*F6 -> 0 | H6: 0 | I6: 0 | J6: =H6*I6 -> 0 | K6: =G6+J6 -> 0 | M6: =M5+K6-L6 -> 164331.63
A7: 4 | B7: 45965 | F7: 0 | G7: =E7*F7 -> 0 | H7: 0 | I7: 0 | J7: =H7*I7 -> 0 | K7: =G7+J7 -> 0 | M7: =M6+K7-L7 -> 164331.63
A8: 5 | B8: 45966 | F8: 0 | G8: =E8*F8 -> 0 | H8: 0 | I8: 0 | J8: =H8*I8 -> 0 | K8: =G8+J8 -> 0 | M8: =M7+K8-L8 -> 164331.63
A9: 6 | B9: 45967 | F9: 0 | G9: =E9*F9 -> 0 | H9: 0 | I9: 0 | J9: =H9*I9 -> 0 | K9: =G9+J9 -> 0 | M9: =M8+K9-L9 -> 164331.63
A10: 7 | B10: 45968 | F10: 0 | G10: =E10*F10 -> 0 | H10: 0 | I10: 0 | J10: =H10*I10 -> 0 | K10: =G10+J10 -> 0 | M10: =M9+K10-L10 -> 164331.63
A11: 8 | B11: 45969 | F11: 0 | G11: =E11*F11 -> 0 | H11: 0 | I11: 0 | J11: =H11*I11 -> 0 | K11: =G11+J11 -> 0 | M11: =M10+K11-L11 -> 164331.63
A12: 9 | B12: 45970 | F12: 0 | G12: =E12*F12 -> 0 | H12: 0 | I12: 0 | J12: =H12*I12 -> 0 | K12: =G12+J12 -> 0 | M12: =M11+K12-L12 -> 164331.63
A13: 10 | B13: 45971 | F13: 0 | G13: =E13*F13 -> 0 | H13: 0 | I13: 0 | J13: =H13*I13 -> 0 | K13: =G13+J13 -> 0 | M13: =M12+K13-L13 -> 164331.63
A14: 11 | B14: 45972 | F14: 0 | G14: =E14*F14 -> 0 | H14: 0 | I14: 0 | J14: =H14*I14 -> 0 | K14: =G14+J14 -> 0 | M14: =M13+K14-L14 -> 164331.63
A15: 12 | B15: 45973 | F15: 0 | G15: =E15*F15 -> 0 | H15: 0 | I15: 0 | J15: =H15*I15 -> 0 | K15: =G15+J15 -> 0 | M15: =M14+K15-L15 -> 164331.63
... A20: 17 | B20: 45978 | F20: 0 | G20: =E20*F20 -> 0 | H20: 0 | I20: 0 | J20: =H20*I20 -> 0 | K20: =G20+J20 -> 0 | M20: =M19+K20-L20 -> 164331.63
A21: 18 | B21: 45979 | F21: 0 | J21: =H21*I21 -> 0 | K21: =G21+J21 -> 0 | M21: =M20+K21-L21 -> 164331.63
A22: 19 | B22: 45980 | F22: 0 | J22: =H22*I22 -> 0 | K22: =G22+J22 -> 0 | M22: =M21+K22-L22 -> 164331.63
A23: 20 | B23: 45981 | F23: 0 | J23: =H23*I23 -> 0 | K23: =G23+J23 -> 0 | M23: =M22+K23-L23 -> 164331.63
A24: 21 | B24: 45982 | F24: 0 | J24: =H24*I24 -> 0 | K24: =G24+J24 -> 0 | M24: =M23+K24-L24 -> 164331.63
A25: 22 | B25: 45983 | F25: 0 | J25: =H25*I25 -> 0 | K25: =G25+J25 -> 0 | M25: =M24+K25-L25 -> 164331.63
A26: 23 | B26: 45984 | F26: 0 | J26: =H26*I26 -> 0 | K26: =G26+J26 -> 0 | M26: =M25+K26-L26 -> 164331.63
A27: 24 | B27: 45985 | F27: 0 | J27: =H27*I27 -> 0 | K27: =G27+J27 -> 0 | M27: =M26+K27-L27 -> 164331.63
A28: 25 | B28: 45986 | F28: 0 | J28: =H28*I28 -> 0 | K28: =G28+J28 -> 0 | M28: =M27+K28-L28 -> 164331.63
A29: 26 | B29: 45987 | F29: 0 | J29: =H29*I29 -> 0 | K29: =G29+J29 -> 0 | M29: =M28+K29-L29 -> 164331.63
A30: 27 | B30: 45988 | F30: 0 | J30: =H30*I30 -> 0 | K30: =G30+J30 -> 0 | M30: =M29+K30-L30 -> 164331.63
A31: 28 | B31: 45989 | F31: 0 | J31: =H31*I31 -> 0 | K31: =G31+J31 -> 0 | M31: =M30+K31-L31 -> 164331.63
A32: 29 | B32: 45990 | F32: 0 | G32: =E32*F32 -> 0 | H32: 0 | I32: 0 | J32: =H32*I32 -> 0 | K32: =G32+J32 -> 0 | M32: =M31+K32-L32 -> 164331.63
A33: 30 | B33: 45991 | F33: 0 | G33: =E33*F33 -> 0 | H33: 0 | I33: 0 | J33: =H33*I33 -> 0 | K33: =G33+J33 -> 0 | M33: =M32+K33-L33 -> 164331.63
A34: 31 | F34: 0 | G34: =E34*F34 -> 0 | J34: =H34*I34 -> 0 | K34: =G34+J34 -> 0
E35: =SUM(E4:E34) -> 0 | G35: =SUM(G4:G34) -> 0 | H35: =SUM(H4:H34) -> 0 | J35: =SUM(J4:J34) -> 0 | K35: =SUM(K4:K34) -> 0 | L35: =SUM(L4:L31) -> 0

Sheet YG Gudda 
A1: Pallavi Petrolium
A2: S.No | B2: Date | C2: GRN No | D2: Ind No/Bill No | E2: Diesel (Lts) | F2: Price | G2: Amount | H2: Petrol (Lts) | I2: Price | J2: Amount | K2: Total amount | L2: Amount paid | M2: As on Date | N2: Remarks
A3: Opening Balance | K3: 102795.06 | M3: 102795.06
A4: 1 | B4: 45962 | G4: =E4*F4 -> 0 | J4: =H4*I4 -> 0 | K4: =G4+J4 -> 0 | M4: =M3+K4-L4 -> 102795.06
A5: 2 | B5: 45963 | G5: =E5*F5 -> 0 | J5: =H5*I5 -> 0 | K5: =G5+J5 -> 0 | M5: =M4+K5-L5 -> 102795.06
A6: 3 | B6: 45964 | G6: =E6*F6 -> 0 | J6: =H6*I6 -> 0 | K6: =G6+J6 -> 0 | M6: =M5+K6-L6 -> 102795.06
A7: 4 | B7: 45965 | G7: =E7*F7 -> 0 | J7: =H7*I7 -> 0 | K7: =G7+J7 -> 0 | M7: =M6+K7-L7 -> 102795.06
A8: 5 | B8: 45966 | G8: =E8*F8 -> 0 | J8: =H8*I8 -> 0 | K8: =G8+J8 -> 0 | M8: =M7+K8-L8 -> 102795.06
A9: 6 | B9: 45967 | G9: =E9*F9 -> 0 | J9: =H9*I9 -> 0 | K9: =G9+J9 -> 0 | M9: =M8+K9-L9 -> 102795.06
A10: 7 | B10: 45968 | G10: =E10*F10 -> 0 | J10: =H10*I10 -> 0 | K10: =G10+J10 -> 0 | M10: =M9+K10-L10 -> 102795.06
A11: 8 | B11: 45969 | G11: =E11*F11 -> 0 | J11: =H11*I11 -> 0 | K11: =G11+J11 -> 0 | M11: =M10+K11-L11 -> 102795.06 | O11: 1 | P11: Bill No
A12: 9 | B12: 45970 | G12: =E12*F12 -> 0 | J12: =H12*I12 -> 0 | K12: =G12+J12 -> 0 | M12: =M11+K12-L12 -> 102795.06
A13: 10 | B13: 45971 | G13: =E13*F13 -> 0 | J13: =H13*I13 -> 0 | K13: =G13+J13 -> 0 | M13: =M12+K13-L13 -> 102795.06
A14: 11 | B14: 45972 | G14: =E14*F14 -> 0 | J14: =H14*I14 -> 0 | K14: =G14+J14 -> 0 | M14: =M13+K14-L14 -> 102795.06
A15: 12 | B15: 45973 | G15: =E15*F15 -> 0 | J15: =H15*I15 -> 0 | K15: =G15+J15 -> 0 | M15: =M14+K15-L15 -> 102795.06
A16: 13 | B16: 45974 | G16: =E16*F16 -> 0 | J16: =H16*I16 -> 0 | K16: =G16+J16 -> 0 | M16: =M15+K16-L16 -> 102795.06
A17: 14 | B17: 45975 | G17: =E17*F17 -> 0 | J17: =H17*I17 -> 0 | K17: =G17+J17 -> 0 | M17: =M16+K17-L17 -> 102795.06
A18: 15 | B18: 45976 | E18: 164.29 | F18: 91.3 | G18: =E18*F18 -> 14999.677 | H18: 70 | I18: 103.24 | J18: =H18*I18 -> 7226.8 | K18: =G18+J18 -> 22226.477 | L18: 50000 | M18: =M17+K18-L18 -> 75021.542
A19: 16 | B19: 45977 | G19: =E19*F19 -> 0 | J19: =H19*I19 -> 0 | K19: =G19+J19 -> 0 | M19: =M18+K19-L19 -> 75021.542 | O19: 2 | P19: Bill No
A20: 17 | B20: 45978 | G20: =E20*F20 -> 0 | J20: =H20*I20 -> 0 | K20: =G20+J20 -> 0 | M20: =M19+K20-L20 -> 75021.542
A21: 18 | B21: 45979 | G21: =E21*F21 -> 0 | J21: =H21*I21 -> 0 | K21: =G21+J21 -> 0 | M21: =M20+K21-L21 -> 75021.542
A22: 19 | B22: 45980 | G22: =E22*F22 -> 0 | J22: =H22*I22 -> 0 | K22: =G22+J22 -> 0 | M22: =M21+K22-L22 -> 75021.542
A23: 20 | B23: 45981 | G23: =E23*F23 -> 0 | J23: =H23*I23 -> 0 | K23: =G23+J23 -> 0 | L23: 50000 | M23: =M22+K23-L23 -> 25021.542
A24: 21 | B24: 45982 | G24: =E24*F24 -> 0 | J24: =H24*I24 -> 0 | K24: =G24+J24 -> 0 | M24: =M23+K24-L24 -> 25021.542
A25: 22 | B25: 45983 | G25: =E25*F25 -> 0 | J25: =H25*I25 -> 0 | K25: =G25+J25 -> 0 | M25: =M24+K25-L25 -> 25021.542
A26: 23 | B26: 45984 | G26: =E26*F26 -> 0 | J26: =H26*I26 -> 0 | K26: =G26+J26 -> 0 | M26: =M25+K26-L26 -> 25021.542
A27: 24 | B27: 45985 | G27: =E27*F27 -> 0 | J27: =H27*I27 -> 0 | K27: =G27+J27 -> 0 | M27: =M26+K27-L27 -> 25021.542
A28: 25 | B28: 45986 | G28: =E28*F28 -> 0 | J28: =H28*I28 -> 0 | K28: =G28+J28 -> 0 | M28: =M27+K28-L28 -> 25021.542
A29: 26 | B29: 45987 | G29: =E29*F29 -> 0 | J29: =H29*I29 -> 0 | K29: =G29+J29 -> 0 | M29: =M28+K29-L29 -> 25021.542
A30: 27 | B30: 45988 | G30: =E30*F30 -> 0 | J30: =H30*I30 -> 0 | K30: =G30+J30 -> 0 | M30: =M29+K30-L30 -> 25021.542
A31: 28 | B31: 45989 | G31: =E31*F31 -> 0 | J31: =H31*I31 -> 0 | K31: =G31+J31 -> 0 | M31: =M30+K31-L31 -> 25021.542
A32: 29 | B32: 45990 | G32: =E32*F32 -> 0 | J32: =H32*I32 -> 0 | K32: =G32+J32 -> 0 | M32: =M31+K32-L32 -> 25021.542
A33: 30 | B33: 45991 | G33: =E33*F33 -> 0 | J33: =H33*I33 -> 0 | K33: =G33+J33 -> 0 | M33: =M32+K33-L33 -> 25021.542
A34: 31 | B34: 45992 | G34: =E34*F34 -> 0 | J34: =H34*I34 -> 0 | K34: =G34+J34 -> 0 | M34: =M33+K34-L34 -> 25021.542
A35: 32 | E35: 0 | F35: 0 | G35: =E35*F35 -> 0 | J35: =H35*I35 -> 0 | K35: =G35+J35 -> 0 | M35: =M34+K35-L35 -> 25021.542
E36: =SUM(E4:E35) -> 164.29 | G36: =SUM(G4:G35) -> 14999.677 | H36: =SUM(H4:H35) -> 70 | J36: =SUM(J4:J35) -> 7226.8 | K36: =SUM(K4:K35) -> 22226.477 | L36: =SUM(L4:L35) -> 100000

Sheet YG Gudda-2
A1: Pankaja HP Fuel Center
A2: S.No | B2: Date | C2: GRN No | D2: Ind No/Bill No | E2: Diesel (Lts) | F2: Price | G2: Amount | H2: Petrol (Lts) | I2: Price | J2: Amount | K2: Total amount | L2: Amount paid | M2: As on Date | N2: Remarks
A3: Opening Balance | K3: 324799.6 | M3: =+K3 -> 324799.6 | O3: 99992.615
A4: 1 | B4: 45962 | E4: 1500 | F4: 91.33 | G4: =E4*F4 -> 136995 | H4: 105 | I4: 103.27 | J4: =H4*I4 -> 10843.35 | K4: =G4+J4 -> 147838.35 | M4: =M3+K4-L4 -> 472637.95
A5: 2 | B5: 45963 | G5: =E5*F5 -> 0 | H5: 0 | I5: 0 | J5: =H5*I5 -> 0 | K5: =G5+J5 -> 0 | M5: =M4+K5-L5 -> 472637.95
A6: 3 | B6: 45964 | G6: =E6*F6 -> 0 | H6: 0 | I6: 0 | J6: =H6*I6 -> 0 | K6: =G6+J6 -> 0 | M6: =M5+K6-L6 -> 472637.95
A7: 4 | B7: 45965 | G7: =E7*F7 -> 0 | H7: 0 | I7: 0 | J7: =H7*I7 -> 0 | K7: =G7+J7 -> 0 | M7: =M6+K7-L7 -> 472637.95 | O7: 1 | P7: Bill No
A8: 5 | B8: 45966 | G8: =E8*F8 -> 0 | H8: 0 | I8: 0 | J8: =H8*I8 -> 0 | K8: =G8+J8 -> 0 | M8: =M7+K8-L8 -> 472637.95
A9: 6 | B9: 45967 | G9: =E9*F9 -> 0 | H9: 0 | I9: 0 | J9: =H9*I9 -> 0 | K9: =G9+J9 -> 0 | M9: =M8+K9-L9 -> 472637.95
A10: 7 | B10: 45968 | E10: 800 | F10: 91.33 | G10: =E10*F10 -> 73064 | H10: 105 | I10: 103.27 | J10: =H10*I10 -> 10843.35 | K10: =G10+J10 -> 83907.35 | M10: =M9+K10-L10 -> 556545.3
A11: 8 | B11: 45969 | G11: =E11*F11 -> 0 | H11: 0 | I11: 0 | J11: =H11*I11 -> 0 | K11: =G11+J11 -> 0 | M11: =M10+K11-L11 -> 556545.3
A12: 9 | B12: 45970 | G12: =E12*F12 -> 0 | H12: 0 | I12: 0 | J12: =H12*I12 -> 0 | K12: =G12+J12 -> 0 | M12: =M11+K12-L12 -> 556545.3 | O12: 2 | P12: Bill No
A13: 10 | B13: 45971 | G13: =E13*F13 -> 0 | H13: 0 | I13: 0 | J13: =H13*I13 -> 0 | K13: =G13+J13 -> 0 | M13: =M12+K13-L13 -> 556545.3
A14: 11 | B14: 45972 | E14: 500 | F14: 91.33 | G14: =E14*F14 -> 45665 | H14: 0 | I14: 0 | J14: =H14*I14 -> 0 | K14: =G14+J14 -> 45665 | M14: =M13+K14-L14 -> 602210.3
A15: 12 | B15: 45973 | G15: =E15*F15 -> 0 | H15: 0 | I15: 0 | J15: =H15*I15 -> 0 | K15: =G15+J15 -> 0 | M15: =M14+K15-L15 -> 602210.3
A16: 13 | B16: 45974 | E16: 218.99 | F16: 91.33 | G16: =E16*F16 -> 20000.357 | H16: 0 | I16: 0 | J16: =H16*I16 -> 0 | K16: =G16+J16 -> 20000.357 | L16: 20000 | M16: =M15+K16-L16 -> 602210.66 | O16: 3 | P16: Bill No
A17: 14 | B17: 45975 | G17: =E17*F17 -> 0 | H17: 0 | I17: 0 | J17: =H17*I17 -> 0 | K17: =G17+J17 -> 0 | M17: =M16+K17-L17 -> 602210.66
A18: 15 | B18: 45976 | G18: =E18*F18 -> 0 | H18: 0 | I18: 0 | J18: =H18*I18 -> 0 | K18: =G18+J18 -> 0 | L18: 400000 | M18: =M17+K18-L18 -> 202210.66
A19: 16 | B19: 45977 | G19: =E19*F19 -> 0 | H19: 0 | I19: 0 | J19: =H19*I19 -> 0 | K19: =G19+J19 -> 0 | M19: =M18+K19-L19 -> 202210.66
A20: 17 | B20: 45978 | E20: 1000 | F20: 91.33 | G20: =E20*F20 -> 91330 | H20: 35 | I20: 103.27 | J20: =H20*I20 -> 3614.45 | K20: =G20+J20 -> 94944.45 | M20: =M19+K20-L20 -> 297155.11
A21: 18 | B21: 45979 | G21: =E21*F21 -> 0 | H21: 0 | I21: 0 | J21: =H21*I21 -> 0 | K21: =G21+J21 -> 0 | M21: =M20+K21-L21 -> 297155.11
A22: 19 | B22: 45980 | E22: 1500 | F22: 91.33 | G22: =E22*F22 -> 136995 | H22: 70 | I22: 103.27 | J22: =H22*I22 -> 7228.9 | K22: =G22+J22 -> 144223.9 | M22: =M21+K22-L22 -> 441379.01
A23: 20 | B23: 45981 | G23: =E23*F23 -> 0 | H23: 0 | I23: 0 | J23: =H23*I23 -> 0 | K23: =G23+J23 -> 0 | M23: =M22+K23-L23 -> 441379.01
A24: 21 | B24: 45982 | G24: =E24*F24 -> 0 | H24: 0 | I24: 0 | J24: =H24*I24 -> 0 | K24: =G24+J24 -> 0 | L24: 300000 | M24: =M23+K24-L24 -> 141379.01 | O24: 4 | P24: Bill No
A25: 22 | B25: 45983 | G25: =E25*F25 -> 0 | H25: 0 | I25: 0 | J25: =H25*I25 -> 0 | K25: =G25+J25 -> 0 | M25: =M24+K25-L25 -> 141379.01
A26: 23 | B26: 45984 | G26: =E26*F26 -> 0 | H26: 0 | I26: 0 | J26: =H26*I26 -> 0 | K26: =G26+J26 -> 0 | M26: =M25+K26-L26 -> 141379.01
A27: 24 | B27: 45985 | G27: =E27*F27 -> 0 | H27: 0 | I27: 0 | J27: =H27*I27 -> 0 | K27: =G27+J27 -> 0 | M27: =M26+K27-L27 -> 141379.01
A28: 25 | B28: 45986 | E28: 600 | F28: 91.33 | G28: =E28*F28 -> 54798 | H28: 70 | I28: 103.27 | J28: =H28*I28 -> 7228.9 | K28: =G28+J28 -> 62026.9 | M28: =M27+K28-L28 -> 203405.91
A29: 26 | B29: 45987 | G29: =E29*F29 -> 0 | H29: 0 | I29: 0 | J29: =H29*I29 -> 0 | K29: =G29+J29 -> 0 | M29: =M28+K29-L29 -> 203405.91
A30: 27 | B30: 45988 | E30: 1500 | F30: 91.33 | G30: =E30*F30 -> 136995 | H30: 0 | I30: 0 | J30: =H30*I30 -> 0 | K30: =G30+J30 -> 136995 | M30: =M29+K30-L30 -> 340400.91
A31: 28 | B31: 45989 | G31: =E31*F31 -> 0 | H31: 0 | I31: 0 | J31: =H31*I31 -> 0 | K31: =G31+J31 -> 0 | M31: =M30+K31-L31 -> 340400.91
A32: 29 | B32: 45990 | G32: =E32*F32 -> 0 | H32: 0 | I32: 0 | J32: =H32*I32 -> 0 | K32: =G32+J32 -> 0 | M32: =M31+K32-L32 -> 340400.91
A33: 30 | B33: 45991 | G33: =E33*F33 -> 0 | H33: 0 | I33: 0 | J33: =H33*I33 -> 0 | K33: =G33+J33 -> 0 | M33: =M32+K33-L33 -> 340400.91
A34: 31 | B34: 45992 | G34: =E34*F34 -> 0 | H34: 0 | I34: 0 | J34: =H34*I34 -> 0 | K34: =G34+J34 -> 0 | M34: =M33+K34-L34 -> 340400.91
A35: 32 | G35: =E35*F35 -> 0 | H35: 0 | I35: 0 | J35: =H35*I35 -> 0 | K35: =G35+J35 -> 0 | M35: =M34+K35-L35 -> 340400.91
E36: =SUM(E4:E35) -> 7618.99 | G36: =SUM(G4:G35) -> 695842.36 | H36: =SUM(H4:H35) -> 385 | J36: =SUM(J4:J35) -> 39758.95 | K36: =SUM(K4:K35) -> 735601.31 | L36: =SUM(L4:L35) -> 720000

Sheet Hosadurga
A1: Merchant Petroliums
A2: S.No | B2: Date | C2: GRN No | D2: Ind No/Bill No | E2: Diesel (Lts) | F2: Price | G2: Amount | H2: Petrol (Lts) | I2: Price | J2: Amount | K2: Total amount | L2: Amount paid | M2: As on Date | N2: Remarks
A3: Opening Balance | K3: 2258.6 | M3: =+K3 -> 2258.6
A4: 1 | B4: 45962 | G4: =E4*F4 -> 0 | H4: 0 | J4: =H4*I4 -> 0 | K4: =G4+J4 -> 0 | L4: 0 | M4: =M3+K4-L4 -> 2258.6
A5: 2 | B5: 45963 | G5: =E5*F5 -> 0 | H5: 0 | I5: 0 | J5: =H5*I5 -> 0 | K5: =G5+J5 -> 0 | L5: 0 | M5: =M4+K5-L5 -> 2258.6
A6: 3 | B6: 45964 | G6: =E6*F6 -> 0 | H6: 0 | I6: 0 | J6: =H6*I6 -> 0 | K6: =G6+J6 -> 0 | L6: 0 | M6: =M5+K6-L6 -> 2258.6
A7: 4 | B7: 45965 | G7: =E7*F7 -> 0 | H7: 0 | I7: 0 | J7: =H7*I7 -> 0 | K7: =G7+J7 -> 0 | L7: 0 | M7: =M6+K7-L7 -> 2258.6
A8: 5 | B8: 45966 | G8: =E8*F8 -> 0 | H8: 0 | I8: 0 | J8: =H8*I8 -> 0 | K8: =G8+J8 -> 0 | L8: 0 | M8: =M7+K8-L8 -> 2258.6
A9: 6 | B9: 45967 | G9: =E9*F9 -> 0 | H9: 0 | I9: 0 | J9: =H9*I9 -> 0 | K9: =G9+J9 -> 0 | L9: 0 | M9: =M8+K9-L9 -> 2258.6
A10: 7 | B10: 45968 | G10: =E10*F10 -> 0 | J10: =H10*I10 -> 0 | K10: =G10+J10 -> 0 | L10: 0 | M10: =M9+K10-L10 -> 2258.6
A11: 8 | B11: 45969 | G11: =E11*F11 -> 0 | H11: 0 | I11: 0 | J11: =H11*I11 -> 0 | K11: =G11+J11 -> 0 | L11: 0 | M11: =M10+K11-L11 -> 2258.6
A12: 9 | B12: 45970 | G12: =E12*F12 -> 0 | H12: 0 | I12: 0 | J12: =H12*I12 -> 0 | K12: =G12+J12 -> 0 | L12: 0 | M12: =M11+K12-L12 -> 2258.6
A13: 10 | B13: 45971 | G13: =E13*F13 -> 0 | H13: 0 | I13: 0 | J13: =H13*I13 -> 0 | K13: =G13+J13 -> 0 | L13: 0 | M13: =M12+K13-L13 -> 2258.6
A14: 11 | B14: 45972 | G14: =E14*F14 -> 0 | H14: 0 | I14: 0 | J14: =H14*I14 -> 0 | K14: =G14+J14 -> 0 | L14: 0 | M14: =M13+K14-L14 -> 2258.6
A15: 12 | B15: 45973 | G15: =E15*F15 -> 0 | H15: 0 | I15: 0 | J15: =H15*I15 -> 0 | K15: =G15+J15 -> 0 | L15: 0 | M15: =M14+K15-L15 -> 2258.6
A16: 13 | B16: 45974 | G16: =E16*F16 -> 0 | H16: 0 | I16: 0 | J16: =H16*I16 -> 0 | K16: =G16+J16 -> 0 | L16: 0 | M16: =M15+K16-L16 -> 2258.6 | X16: =100*104 -> 10400
A17: 14 | B17: 45975 | G17: =E17*F17 -> 0 | H17: 0 | I17: 0 | J17: =H17*I17 -> 0 | K17: =G17+J17 -> 0 | L17: 0 | M17: =M16+K17-L17 -> 2258.6
A18: 15 | B18: 45976 | G18: =E18*F18 -> 0 | H18: 0 | I18: 0 | J18: =H18*I18 -> 0 | K18: =G18+J18 -> 0 | M18: =M17+K18-L18 -> 2258.6
A19: 16 | B19: 45977 | G19: =E19*F19 -> 0 | H19: 0 | I19: 0 | J19: =H19*I19 -> 0 | K19: =G19+J19 -> 0 | M19: =M18+K19-L19 -> 2258.6
A20: 17 | B20: 45978 | G20: =E20*F20 -> 0 | H20: 0 | I20: 0 | J20: =H20*I20 -> 0 | K20: =G20+J20 -> 0 | M20: =M19+K20-L20 -> 2258.6
A21: 18 | B21: 45979 | G21: =E21*F21 -> 0 | H21: 0 | I21: 0 | J21: =H21*I21 -> 0 | K21: =G21+J21 -> 0 | M21: =M20+K21-L21 -> 2258.6
A22: 19 | B22: 45980 | G22: =E22*F22 -> 0 | H22: 0 | I22: 0 | J22: =H22*I22 -> 0 | K22: =G22+J22 -> 0 | M22: =M21+K22-L22 -> 2258.6
A23: 20 | B23: 45981 | G23: =E23*F23 -> 0 | H23: 0 | I23: 0 | J23: =H23*I23 -> 0 | K23: =G23+J23 -> 0 | M23: =M22+K23-L23 -> 2258.6
A24: 21 | B24: 45982 | G24: =E24*F24 -> 0 | H24: 0 | I24: 0 | J24: =H24*I24 -> 0 | K24: =G24+J24 -> 0 | M24: =M23+K24-L24 -> 2258.6
A25: 22 | B25: 45983 | G25: =E25*F25 -> 0 | H25: 0 | I25: 0 | J25: =H25*I25 -> 0 | K25: =G25+J25 -> 0 | M25: =M24+K25-L25 -> 2258.6
A26: 23 | B26: 45984 | G26: =E26*F26 -> 0 | H26: 0 | I26: 0 | J26: =H26*I26 -> 0 | K26: =G26+J26 -> 0 | M26: =M25+K26-L26 -> 2258.6
A27: 24 | B27: 45985 | G27: =E27*F27 -> 0 | H27: 0 | I27: 0 | J27: =H27*I27 -> 0 | K27: =G27+J27 -> 0 | M27: =M26+K27-L27 -> 2258.6
A28: 25 | B28: 45986 | G28: =E28*F28 -> 0 | H28: 0 | I28: 0 | J28: =H28*I28 -> 0 | K28: =G28+J28 -> 0 | M28: =M27+K28-L28 -> 2258.6
A29: 26 | B29: 45987 | G29: =E29*F29 -> 0 | H29: 0 | I29: 0 | J29: =H29*I29 -> 0 | K29: =G29+J29 -> 0 | M29: =M28+K29-L29 -> 2258.6
... A33: 30 | B33: 45991 | G33: =E33*F33 -> 0 | H33: 0 | I33: 0 | J33: =H33*I33 -> 0 | K33: =G33+J33 -> 0 | M33: =M32+K33-L33 -> 2258.6
A34: 31 | G34: =E34*F34 -> 0 | H34: 0 | I34: 0 | J34: =H34*I34 -> 0 | K34: =G34+J34 -> 0 | L34: 0 | M34: =M33+K34-L34 -> 2258.6
E35: =SUM(E4:E34) -> 0 | G35: =SUM(G4:G34) -> 0 | H35: =SUM(H4:H34) -> 0 | J35: =SUM(J4:J34) -> 0 | K35: =SUM(K4:K34) -> 0 | L35: =SUM(L4:L34) -> 0

Sheet Hosadurga -2
A1: Shree Veeraprathap Fuel
A2: S.No | B2: Date | C2: GRN No | D2: Ind No/Bill No | E2: Diesel (Lts) | F2: Price | G2: Amount | H2: Petrol (Lts) | I2: Price | J2: Amount | K2: Total amount | L2: Amount paid | M2: As on Date | N2: Remarks
A3: Opening Balance | K3: 459638.79 | M3: =+K3 -> 459638.79
A4: 1 | B4: 45962 | C4: 0 | G4: =E4*F4 -> 0 | J4: =H4*I4 -> 0 | K4: =G4+J4 -> 0 | M4: =M3+K4-L4 -> 459638.79
A5: 2 | B5: 45963 | C5: 0 | G5: =E5*F5 -> 0 | J5: =H5*I5 -> 0 | K5: =G5+J5 -> 0 | M5: =M4+K5-L5 -> 459638.79
A6: 3 | B6: 45964 | C6: 0 | G6: =E6*F6 -> 0 | J6: =H6*I6 -> 0 | K6: =G6+J6 -> 0 | M6: =M5+K6-L6 -> 459638.79
A7: 4 | B7: 45965 | C7: 0 | G7: =E7*F7 -> 0 | J7: =H7*I7 -> 0 | K7: =G7+J7 -> 0 | M7: =M6+K7-L7 -> 459638.79
A8: 5 | B8: 45966 | C8: 0 | G8: =E8*F8 -> 0 | J8: =H8*I8 -> 0 | K8: =G8+J8 -> 0 | M8: =M7+K8-L8 -> 459638.79
A9: 6 | B9: 45967 | C9: 0 | G9: =E9*F9 -> 0 | J9: =H9*I9 -> 0 | K9: =G9+J9 -> 0 | M9: =M8+K9-L9 -> 459638.79
A10: 7 | B10: 45968 | C10: 0 | G10: =E10*F10 -> 0 | J10: =H10*I10 -> 0 | K10: =G10+J10 -> 0 | M10: =M9+K10-L10 -> 459638.79
A11: 8 | B11: 45969 | C11: 0 | G11: =E11*F11 -> 0 | J11: =H11*I11 -> 0 | K11: =G11+J11 -> 0 | M11: =M10+K11-L11 -> 459638.79
A12: 9 | B12: 45970 | C12: 0 | G12: =E12*F12 -> 0 | J12: =H12*I12 -> 0 | K12: =G12+J12 -> 0 | M12: =M11+K12-L12 -> 459638.79
A13: 10 | B13: 45971 | C13: 0 | G13: =E13*F13 -> 0 | J13: =H13*I13 -> 0 | K13: =G13+J13 -> 0 | M13: =M12+K13-L13 -> 459638.79
A14: 11 | B14: 45972 | C14: 0 | E14: 2000 | F14: 91.52 | G14: =E14*F14 -> 183040 | H14: 70 | I14: 103.67 | J14: =H14*I14 -> 7256.9 | K14: =G14+J14 -> 190296.9 | M14: =M13+K14-L14 -> 649935.69
A15: 12 | B15: 45973 | C15: 0 | G15: =E15*F15 -> 0 | J15: =H15*I15 -> 0 | K15: =G15+J15 -> 0 | M15: =M14+K15-L15 -> 649935.69
A16: 13 | B16: 45974 | C16: 0 | G16: =E16*F16 -> 0 | J16: =H16*I16 -> 0 | K16: =G16+J16 -> 0 | M16: =M15+K16-L16 -> 649935.69
A17: 14 | B17: 45975 | C17: 0 | G17: =E17*F17 -> 0 | J17: =H17*I17 -> 0 | K17: =G17+J17 -> 0 | M17: =M16+K17-L17 -> 649935.69
A18: 15 | B18: 45976 | C18: 0 | G18: =E18*F18 -> 0 | J18: =H18*I18 -> 0 | K18: =G18+J18 -> 0 | L18: 300000 | M18: =M17+K18-L18 -> 349935.69
A19: 16 | B19: 45977 | C19: 0 | G19: =E19*F19 -> 0 | J19: =H19*I19 -> 0 | K19: =G19+J19 -> 0 | M19: =M18+K19-L19 -> 349935.69
A20: 17 | B20: 45978 | C20: 0 | G20: =E20*F20 -> 0 | H20: 70 | I20: 103.67 | J20: =H20*I20 -> 7256.9 | K20: =G20+J20 -> 7256.9 | M20: =M19+K20-L20 -> 357192.59
A21: 18 | B21: 45979 | C21: 0 | G21: =E21*F21 -> 0 | J21: =H21*I21 -> 0 | K21: =G21+J21 -> 0 | M21: =M20+K21-L21 -> 357192.59
A22: 19 | B22: 45980 | C22: 0 | G22: =E22*F22 -> 0 | J22: =H22*I22 -> 0 | K22: =G22+J22 -> 0 | M22: =M21+K22-L22 -> 357192.59
A23: 20 | B23: 45981 | C23: 0 | G23: =E23*F23 -> 0 | J23: =H23*I23 -> 0 | K23: =G23+J23 -> 0 | M23: =M22+K23-L23 -> 357192.59
A24: 21 | B24: 45982 | C24: 0 | E24: 2000 | F24: 91.52 | G24: =E24*F24 -> 183040 | H24: 35 | I24: 103.67 | J24: =H24*I24 -> 3628.45 | K24: =G24+J24 -> 186668.45 | L24: 200000 | M24: =M23+K24-L24 -> 343861.04
A25: 22 | B25: 45983 | C25: 0 | G25: =E25*F25 -> 0 | J25: =H25*I25 -> 0 | K25: =G25+J25 -> 0 | M25: =M24+K25-L25 -> 343861.04
A26: 23 | B26: 45984 | C26: 0 | G26: =E26*F26 -> 0 | J26: =H26*I26 -> 0 | K26: =G26+J26 -> 0 | M26: =M25+K26-L26 -> 343861.04
A27: 24 | B27: 45985 | C27: 0 | G27: =E27*F27 -> 0 | J27: =H27*I27 -> 0 | K27: =G27+J27 -> 0 | M27: =M26+K27-L27 -> 343861.04
A28: 25 | B28: 45986 | C28: 0 | G28: =E28*F28 -> 0 | J28: =H28*I28 -> 0 | K28: =G28+J28 -> 0 | M28: =M27+K28-L28 -> 343861.04
A29: 26 | B29: 45987 | C29: 0 | G29: =E29*F29 -> 0 | J29: =H29*I29 -> 0 | K29: =G29+J29 -> 0 | M29: =M28+K29-L29 -> 343861.04
A30: 27 | B30: 45988 | C30: 0 | G30: =E30*F30 -> 0 | J30: =H30*I30 -> 0 | K30: =G30+J30 -> 0 | M30: =M29+K30-L30 -> 343861.04
A31: 28 | B31: 45989 | C31: 0 | G31: =E31*F31 -> 0 | H31: 100 | I31: 103.67 | J31: =H31*I31 -> 10367 | K31: =G31+J31 -> 10367 | M31: =M30+K31-L31 -> 354228.04
A32: 29 | B32: 45990 | C32: 0 | G32: =E32*F32 -> 0 | J32: =H32*I32 -> 0 | K32: =G32+J32 -> 0 | M32: =M31+K32-L32 -> 354228.04
A33: 30 | B33: 45991 | C33: 0 | G33: =E33*F33 -> 0 | J33: =H33*I33 -> 0 | K33: =G33+J33 -> 0 | L33: 0 | M33: =M32+K33-L33 -> 354228.04
A34: 31
E35: =SUM(E4:E34) -> 4000 | G35: =SUM(G4:G34) -> 366080 | H35: =SUM(H4:H34) -> 275 | J35: =SUM(J4:J34) -> 28509.25 | K35: =SUM(K4:K34) -> 394589.25 | L35: =SUM(L4:L34) -> 500000

Sheet Hiriyur(VJNL)
A1: Sri Balaji Agencies
A2: S.No | B2: Date | C2: GRN No | D2: Ind No/Bill No | E2: Diesel (Lts) | F2: Price | G2: Amount | H2: Petrol (Lts) | I2: Price | J2: Amount | K2: Total amount | L2: Amount paid | M2: As on Date | N2: Remarks
A3: Opening Balance | K3: 321350.8 | M3: =+K3 -> 321350.8
A4: 1 | B4: 45962 | G4: =E4*F4 -> 0 | J4: =H4*I4 -> 0 | K4: =G4+J4 -> 0 | M4: =M3+K4-L4 -> 321350.8
A5: 2 | B5: 45963 | G5: =E5*F5 -> 0 | J5: =H5*I5 -> 0 | K5: =G5+J5 -> 0 | M5: =M4+K5-L5 -> 321350.8
A6: 3 | B6: 45964 | G6: =E6*F6 -> 0 | J6: =H6*I6 -> 0 | K6: =G6+J6 -> 0 | M6: =M5+K6-L6 -> 321350.8
A7: 4 | B7: 45965 | G7: =E7*F7 -> 0 | J7: =H7*I7 -> 0 | K7: =G7+J7 -> 0 | M7: =M6+K7-L7 -> 321350.8
A8: 5 | B8: 45966 | G8: =E8*F8 -> 0 | J8: =H8*I8 -> 0 | K8: =G8+J8 -> 0 | M8: =M7+K8-L8 -> 321350.8
A9: 6 | B9: 45967 | G9: =E9*F9 -> 0 | H9: 70 | I9: 104.08 | J9: =H9*I9 -> 7285.6 | K9: =G9+J9 -> 7285.6 | M9: =M8+K9-L9 -> 328636.4
A10: 7 | B10: 45968 | G10: =E10*F10 -> 0 | J10: =H10*I10 -> 0 | K10: =G10+J10 -> 0 | M10: =M9+K10-L10 -> 328636.4
A11: 8 | B11: 45969 | G11: =E11*F11 -> 0 | J11: =H11*I11 -> 0 | K11: =G11+J11 -> 0 | M11: =M10+K11-L11 -> 328636.4
A12: 9 | B12: 45970 | G12: =E12*F12 -> 0 | J12: =H12*I12 -> 0 | K12: =G12+J12 -> 0 | M12: =M11+K12-L12 -> 328636.4
A13: 10 | B13: 45971 | G13: =E13*F13 -> 0 | J13: =H13*I13 -> 0 | K13: =G13+J13 -> 0 | M13: =M12+K13-L13 -> 328636.4
A14: 11 | B14: 45972 | G14: =E14*F14 -> 0 | J14: =H14*I14 -> 0 | K14: =G14+J14 -> 0 | M14: =M13+K14-L14 -> 328636.4
A15: 12 | B15: 45973 | G15: =E15*F15 -> 0 | J15: =H15*I15 -> 0 | K15: =G15+J15 -> 0 | M15: =M14+K15-L15 -> 328636.4
A16: 13 | B16: 45974 | E16: 1000 | F16: 92.23 | G16: =E16*F16 -> 92230 | H16: 35 | I16: 104.08 | J16: =H16*I16 -> 3642.8 | K16: =G16+J16 -> 95872.8 | M16: =M15+K16-L16 -> 424509.2
A17: 14 | B17: 45975 | G17: =E17*F17 -> 0 | J17: =H17*I17 -> 0 | K17: =G17+J17 -> 0 | M17: =M16+K17-L17 -> 424509.2
A18: 15 | B18: 45976 | G18: =E18*F18 -> 0 | J18: =H18*I18 -> 0 | K18: =G18+J18 -> 0 | L18: 200000 | M18: =M17+K18-L18 -> 224509.2
A19: 16 | B19: 45977 | G19: =E19*F19 -> 0 | J19: =H19*I19 -> 0 | K19: =G19+J19 -> 0 | M19: =M18+K19-L19 -> 224509.2
A20: 17 | B20: 45978 | G20: =E20*F20 -> 0 | J20: =H20*I20 -> 0 | K20: =G20+J20 -> 0 | M20: =M19+K20-L20 -> 224509.2
A21: 18 | B21: 45979 | G21: =E21*F21 -> 0 | J21: =H21*I21 -> 0 | K21: =G21+J21 -> 0 | M21: =M20+K21-L21 -> 224509.2
A22: 19 | B22: 45980 | G22: =E22*F22 -> 0 | J22: =H22*I22 -> 0 | K22: =G22+J22 -> 0 | M22: =M21+K22-L22 -> 224509.2
A23: 20 | B23: 45981 | E23: 1500 | F23: 92.23 | G23: =E23*F23 -> 138345 | H23: 70 | I23: 104.08 | J23: =H23*I23 -> 7285.6 | K23: =G23+J23 -> 145630.6 | M23: =M22+K23-L23 -> 370139.8
A24: 21 | B24: 45982 | G24: =E24*F24 -> 0 | J24: =H24*I24 -> 0 | K24: =G24+J24 -> 0 | L24: 200000 | M24: =M23+K24-L24 -> 170139.8
A25: 22 | B25: 45983 | G25: =E25*F25 -> 0 | J25: =H25*I25 -> 0 | K25: =G25+J25 -> 0 | M25: =M24+K25-L25 -> 170139.8
A26: 23 | B26: 45984 | G26: =E26*F26 -> 0 | J26: =H26*I26 -> 0 | K26: =G26+J26 -> 0 | M26: =M25+K26-L26 -> 170139.8
A27: 24 | B27: 45985 | G27: =E27*F27 -> 0 | J27: =H27*I27 -> 0 | K27: =G27+J27 -> 0 | M27: =M26+K27-L27 -> 170139.8
A28: 25 | B28: 45986 | G28: =E28*F28 -> 0 | J28: =H28*I28 -> 0 | K28: =G28+J28 -> 0 | M28: =M27+K28-L28 -> 170139.8
A29: 26 | B29: 45987 | G29: =E29*F29 -> 0 | J29: =H29*I29 -> 0 | K29: =G29+J29 -> 0 | M29: =M28+K29-L29 -> 170139.8
A30: 27 | B30: 45988 | E30: 2300 | F30: 92.23 | G30: =E30*F30 -> 212129 | H30: 35 | I30: 104.08 | J30: =H30*I30 -> 3642.8 | K30: =G30+J30 -> 215771.8 | M30: =M29+K30-L30 -> 385911.6
A31: 28 | B31: 45989 | G31: =E31*F31 -> 0 | J31: =H31*I31 -> 0 | K31: =G31+J31 -> 0 | M31: =M30+K31-L31 -> 385911.6
A32: 29 | B32: 45990 | G32: =E32*F32 -> 0 | J32: =H32*I32 -> 0 | K32: =G32+J32 -> 0 | M32: =M31+K32-L32 -> 385911.6
A33: 30 | B33: 45991 | G33: =E33*F33 -> 0 | J33: =H33*I33 -> 0 | K33: =G33+J33 -> 0 | L33: 0 | M33: =M32+K33-L33 -> 385911.6
A34: 31 | B34: 45992 | G34: =E34*F34 -> 0 | J34: =H34*I34 -> 0 | K34: =G34+J34 -> 0 | M34: =M33+K34-L34 -> 385911.6
E35: =SUM(E4:E34) -> 4800 | G35: =SUM(G4:G34) -> 442704 | H35: =SUM(H4:H34) -> 210 | J35: =SUM(J4:J34) -> 21856.8 | K35: =SUM(K4:K34) -> 464560.8 | L35: =SUM(L4:L34) -> 400000

Sheet Malebenur(KUWSDB)
A1: Sree Veerabhadreshwara Service Station
A2: S.No | B2: Date | C2: GRN No | D2: Ind No/Bill No | E2: Diesel (Lts) | F2: Price | G2: Amount | H2: Petrol (Lts) | I2: Price | J2: Amount | K2: Total amount | L2: Amount paid | M2: As on Date | N2: Remarks
A3: Opening Balance | K3: 38935.405 | M3: =+K3 -> 38935.405 | O3: 46138.764
A4: 1 | B4: 45962 | E4: 500 | F4: 92.14 | G4: =E4*F4 -> 46070 | H4: 0 | J4: =H4*I4 -> 0 | K4: =G4+J4 -> 46070 | L4: 0 | M4: =M3+K4-L4 -> 85005.405
A5: 2 | B5: 45963 | G5: =E5*F5 -> 0 | J5: =H5*I5 -> 0 | K5: =G5+J5 -> 0 | L5: 0 | M5: =M4+K5-L5 -> 85005.405
A6: 3 | B6: 45964 | G6: =E6*F6 -> 0 | J6: =H6*I6 -> 0 | K6: =G6+J6 -> 0 | M6: =M5+K6-L6 -> 85005.405
A7: 4 | B7: 45965 | E7: 400 | F7: 92.14 | G7: =E7*F7 -> 36856 | H7: 35 | I7: 103.97 | J7: =H7*I7 -> 3638.95 | K7: =G7+J7 -> 40494.95 | M7: =M6+K7-L7 -> 125500.35
A8: 5 | B8: 45966 | G8: =E8*F8 -> 0 | J8: =H8*I8 -> 0 | K8: =G8+J8 -> 0 | M8: =M7+K8-L8 -> 125500.35
A9: 6 | B9: 45967 | G9: =E9*F9 -> 0 | J9: =H9*I9 -> 0 | K9: =G9+J9 -> 0 | M9: =M8+K9-L9 -> 125500.35
A10: 7 | B10: 45968 | E10: 400 | F10: 92.14 | G10: =E10*F10 -> 36856 | H10: 25 | I10: 103.97 | J10: =H10*I10 -> 2599.25 | K10: =G10+J10 -> 39455.25 | M10: =M9+K10-L10 -> 164955.6
A11: 8 | B11: 45969 | G11: =E11*F11 -> 0 | J11: =H11*I11 -> 0 | K11: =G11+J11 -> 0 | M11: =M10+K11-L11 -> 164955.6
A12: 9 | B12: 45970 | G12: =E12*F12 -> 0 | J12: =H12*I12 -> 0 | K12: =G12+J12 -> 0 | M12: =M11+K12-L12 -> 164955.6
A13: 10 | B13: 45971 | E13: 400 | F13: 92.14 | G13: =E13*F13 -> 36856 | H13: 30 | I13: 103.97 | J13: =H13*I13 -> 3119.1 | K13: =G13+J13 -> 39975.1 | M13: =M12+K13-L13 -> 204930.7
A14: 11 | B14: 45972 | G14: =E14*F14 -> 0 | J14: =H14*I14 -> 0 | K14: =G14+J14 -> 0 | M14: =M13+K14-L14 -> 204930.7
A15: 12 | B15: 45973 | G15: =E15*F15 -> 0 | J15: =H15*I15 -> 0 | K15: =G15+J15 -> 0 | M15: =M14+K15-L15 -> 204930.7
A16: 13 | B16: 45974 | E16: 500 | F16: 92.14 | G16: =E16*F16 -> 46070 | H16: 20 | I16: 103.97 | J16: =H16*I16 -> 2079.4 | K16: =G16+J16 -> 48149.4 | M16: =M15+K16-L16 -> 253080.1
A17: 14 | B17: 45975 | G17: =E17*F17 -> 0 | J17: =H17*I17 -> 0 | K17: =G17+J17 -> 0 | M17: =M16+K17-L17 -> 253080.1 | Q17: 2767.8 | S17: =Q17-M18 -> -80312.305
A18: 15 | B18: 45976 | G18: =E18*F18 -> 0 | J18: =H18*I18 -> 0 | K18: =G18+J18 -> 0 | L18: 170000 | M18: =M17+K18-L18 -> 83080.105
A19: 16 | B19: 45977 | E19: 600 | F19: 92.14 | G19: =E19*F19 -> 55284 | J19: =H19*I19 -> 0 | K19: =G19+J19 -> 55284 | M19: =M18+K19-L19 -> 138364.1
A20: 17 | B20: 45978 | G20: =E20*F20 -> 0 | H20: 35 | I20: 103.97 | J20: =H20*I20 -> 3638.95 | K20: =G20+J20 -> 3638.95 | M20: =M19+K20-L20 -> 142003.05 | V20: =400*90.23 -> 36092
A21: 18 | B21: 45979 | G21: =E21*F21 -> 0 | J21: =H21*I21 -> 0 | K21: =G21+J21 -> 0 | M21: =M20+K21-L21 -> 142003.05 | V21: =35*104.14 -> 3644.9
A22: 19 | B22: 45980 | E22: 600 | F22: 92.14 | G22: =E22*F22 -> 55284 | H22: 35 | I22: 103.97 | J22: =H22*I22 -> 3638.95 | K22: =G22+J22 -> 58922.95 | M22: =M21+K22-L22 -> 200926.01
A23: 20 | B23: 45981 | G23: =E23*F23 -> 0 | J23: =H23*I23 -> 0 | K23: =G23+J23 -> 0 | L23: 200926 | M23: =M22+K23-L23 -> 0.005
A24: 21 | B24: 45982 | G24: =E24*F24 -> 0 | J24: =H24*I24 -> 0 | K24: =G24+J24 -> 0 | M24: =M23+K24-L24 -> 0.005
A25: 22 | B25: 45983 | E25: 600 | F25: 92.14 | G25: =E25*F25 -> 55284 | J25: =H25*I25 -> 0 | K25: =G25+J25 -> 55284 | M25: =M24+K25-L25 -> 55284.005
A26: 23 | B26: 45984 | G26: =E26*F26 -> 0 | J26: =H26*I26 -> 0 | K26: =G26+J26 -> 0 | M26: =M25+K26-L26 -> 55284.005
A27: 24 | B27: 45985 | E27: 400 | F27: 92.14 | G27: =E27*F27 -> 36856 | H27: 35 | I27: 103.97 | J27: =H27*I27 -> 3638.95 | K27: =G27+J27 -> 40494.95 | M27: =M26+K27-L27 -> 95778.955
A28: 25 | B28: 45986 | G28: =E28*F28 -> 0 | J28: =H28*I28 -> 0 | K28: =G28+J28 -> 0 | M28: =M27+K28-L28 -> 95778.955
A29: 26 | B29: 45987 | G29: =E29*F29 -> 0 | J29: =H29*I29 -> 0 | K29: =G29+J29 -> 0 | M29: =M28+K29-L29 -> 95778.955
A30: 27 | B30: 45988 | E30: 600 | F30: 92.14 | G30: =E30*F30 -> 55284 | J30: =H30*I30 -> 0 | K30: =G30+J30 -> 55284 | M30: =M29+K30-L30 -> 151062.96 | P30: 29774.14
A31: 28 | B31: 45989 | G31: =E31*F31 -> 0 | J31: =H31*I31 -> 0 | K31: =G31+J31 -> 0 | M31: =M30+K31-L31 -> 151062.96 | P31: 50000
A32: 29 | B32: 45990 | G32: =E32*F32 -> 0 | J32: =H32*I32 -> 0 | K32: =G32+J32 -> 0 | M32: =M31+K32-L32 -> 151062.96 | P32: =SUM(P30:P31) -> 79774.14
A33: 30 | B33: 45991 | G33: =E33*F33 -> 0 | J33: =H33*I33 -> 0 | K33: =G33+J33 -> 0 | M33: =M32+K33-L33 -> 151062.96
A34: 31 | G34: =E34*F34 -> 0 | J34: =H34*I34 -> 0 | K34: =G34+J34 -> 0 | M34: =M33+K34-L34 -> 151062.96
E35: 0 | F35: 0 | G35: =E35*F35 -> 0 | H35: 0 | J35: =H35*I35 -> 0 | K35: =G35+J35 -> 0 | L35: 0 | M35: =M34+K35-L35 -> 151062.96
E36: =SUM(E4:E34) -> 5000 | G36: =SUM(G4:G34) -> 460700 | H36: =SUM(H4:H34) -> 215 | J36: =SUM(J4:J34) -> 22353.55 | K36: =SUM(K4:K34) -> 483053.55 | L36: =SUM(L4:L34) -> 370926
E37: 0 | G37: 0 | H37: 0 | J37: 0 | K37: =G37+J37 -> 0 | L37: 0
S42: 9052944708

Sheet Chellakere -1
A1: Shivaganga Service Station (BPCL)
A2: S.No | B2: Date | C2: GRN No | D2: Ind No/Bill No | E2: Diesel (Lts) | F2: Price | G2: Amount | H2: Petrol (Lts) | I2: Price | J2: Amount | K2: Total amount | L2: Amount paid | M2: As on Date | N2: Remarks
A3: Opening Balance | K3: 0 | L3: 0 | M3: =+K3 -> 0
A4: 1 | B4: 45962 | M4: =M3+K4-L4 -> 0
A5: 2 | B5: 45963 | M5: =M4+K5-L5 -> 0
A6: 3 | B6: 45964 | E6: 500 | F6: 92.19 | G6: =E6*F6 -> 46095 | H6: 30 | I6: 104.03 | J6: =H6*I6 -> 3120.9 | K6: =G6+J6 -> 49215.9 | M6: =M5+K6-L6 -> 49215.9
A7: 4 | B7: 45965 | G7: =E7*F7 -> 0 | J7: =H7*I7 -> 0 | K7: =G7+J7 -> 0 | M7: =M6+K7-L7 -> 49215.9
A8: 5 | B8: 45966 | G8: =E8*F8 -> 0 | J8: =H8*I8 -> 0 | K8: =G8+J8 -> 0 | M8: =M7+K8-L8 -> 49215.9
A9: 6 | B9: 45967 | E9: 470 | F9: 92.19 | G9: =E9*F9 -> 43329.3 | J9: =H9*I9 -> 0 | K9: =G9+J9 -> 43329.3 | M9: =M8+K9-L9 -> 92545.2
A10: 7 | B10: 45968 | G10: =E10*F10 -> 0 | J10: =H10*I10 -> 0 | K10: =G10+J10 -> 0 | M10: =M9+K10-L10 -> 92545.2
A11: 8 | B11: 45969 | E11: 400 | F11: 92.19 | G11: =E11*F11 -> 36876 | H11: 35 | I11: 104.03 | J11: =H11*I11 -> 3641.05 | K11: =G11+J11 -> 40517.05 | M11: =M10+K11-L11 -> 133062.25
A12: 9 | B12: 45970 | G12: =E12*F12 -> 0 | J12: =H12*I12 -> 0 | K12: =G12+J12 -> 0 | M12: =M11+K12-L12 -> 133062.25
A13: 10 | B13: 45971 | G13: =E13*F13 -> 0 | J13: =H13*I13 -> 0 | K13: =G13+J13 -> 0 | M13: =M12+K13-L13 -> 133062.25
A14: 11 | B14: 45972 | G14: =E14*F14 -> 0 | H14: 35 | I14: 104.03 | J14: =H14*I14 -> 3641.05 | K14: =G14+J14 -> 3641.05 | L14: 0 | M14: =M13+K14-L14 -> 136703.3
A15: 12 | B15: 45973 | G15: =E15*F15 -> 0 | J15: =H15*I15 -> 0 | K15: =G15+J15 -> 0 | L15: =K15 -> 0 | M15: =M14+K15-L15 -> 136703.3
A16: 13 | B16: 45974 | E16: 400 | F16: 92.19 | G16: =E16*F16 -> 36876 | H16: 20 | I16: 104.03 | J16: =H16*I16 -> 2080.6 | K16: =G16+J16 -> 38956.6 | L16: 0 | M16: =M15+K16-L16 -> 175659.9
A17: 14 | B17: 45975 | G17: =E17*F17 -> 0 | J17: =H17*I17 -> 0 | K17: =G17+J17 -> 0 | L17: 0 | M17: =M16+K17-L17 -> 175659.9
A18: 15 | B18: 45976 | G18: =E18*F18 -> 0 | J18: =H18*I18 -> 0 | K18: =G18+J18 -> 0 | L18: 136703 | M18: =M17+K18-L18 -> 38956.9
A19: 16 | B19: 45977 | G19: =E19*F19 -> 0 | J19: =H19*I19 -> 0 | K19: =G19+J19 -> 0 | L19: =K19 -> 0 | M19: =M18+K19-L19 -> 38956.9
A20: 17 | B20: 45978 | G20: =E20*F20 -> 0 | J20: =H20*I20 -> 0 | K20: =G20+J20 -> 0 | L20: =K20 -> 0 | M20: =M19+K20-L20 -> 38956.9
A21: 18 | B21: 45979 | E21: 470 | F21: 92.19 | G21: =E21*F21 -> 43329.3 | H21: 70 | I21: 104.03 | J21: =H21*I21 -> 7282.1 | K21: =G21+J21 -> 50611.4 | L21: 0 | M21: =M20+K21-L21 -> 89568.3
A22: 19 | B22: 45980 | G22: =E22*F22 -> 0 | J22: =H22*I22 -> 0 | K22: =G22+J22 -> 0 | L22: =K22 -> 0 | M22: =M21+K22-L22 -> 89568.3
A23: 20 | B23: 45981 | G23: =E23*F23 -> 0 | J23: =H23*I23 -> 0 | K23: =G23+J23 -> 0 | L23: 89568 | M23: =M22+K23-L23 -> 0.3
A24: 21 | B24: 45982 | E24: 400 | F24: 92.19 | G24: =E24*F24 -> 36876 | H24: 35 | I24: 104.03 | J24: =H24*I24 -> 3641.05 | K24: =G24+J24 -> 40517.05 | L24: 0 | M24: =M23+K24-L24 -> 40517.35
A25: 22 | B25: 45983 | G25: =E25*F25 -> 0 | J25: =H25*I25 -> 0 | K25: =G25+J25 -> 0 | L25: =K25 -> 0 | M25: =M24+K25-L25 -> 40517.35
A26: 23 | B26: 45984 | G26: =E26*F26 -> 0 | J26: =H26*I26 -> 0 | K26: =G26+J26 -> 0 | L26: =K26 -> 0 | M26: =M25+K26-L26 -> 40517.35
A27: 24 | B27: 45985 | G27: =E27*F27 -> 0 | J27: =H27*I27 -> 0 | K27: =G27+J27 -> 0 | L27: =K27 -> 0 | M27: =M26+K27-L27 -> 40517.35
A28: 25 | B28: 45986 | E28: 400 | F28: 92.19 | G28: =E28*F28 -> 36876 | H28: 35 | I28: 104.03 | J28: =H28*I28 -> 3641.05 | K28: =G28+J28 -> 40517.05 | L28: 0 | M28: =M27+K28-L28 -> 81034.4
A29: 26 | B29: 45987 | G29: =E29*F29 -> 0 | J29: =H29*I29 -> 0 | K29: =G29+J29 -> 0 | L29: =K29 -> 0 | M29: =M28+K29-L29 -> 81034.4
A30: 27 | B30: 45988 | E30: 470 | F30: 92.19 | G30: =E30*F30 -> 43329.3 | H30: 35 | I30: 104.03 | J30: =H30*I30 -> 3641.05 | K30: =G30+J30 -> 46970.35 | L30: 0 | M30: =M29+K30-L30 -> 128004.75
A31: 28 | B31: 45989 | G31: =E31*F31 -> 0 | J31: =H31*I31 -> 0 | K31: =G31+J31 -> 0 | L31: =K31 -> 0 | M31: =M30+K31-L31 -> 128004.75
A32: 29 | B32: 45990 | G32: =E32*F32 -> 0 | J32: =H32*I32 -> 0 | K32: =G32+J32 -> 0 | L32: =K32 -> 0 | M32: =M31+K32-L32 -> 128004.75
A33: 30 | B33: 45991 | G33: =E33*F33 -> 0 | J33: =H33*I33 -> 0 | K33: =G33+J33 -> 0 | L33: =K33 -> 0 | M33: =M32+K33-L33 -> 128004.75
A34: 31
E35: =SUM(E4:E34) -> 3510 | G35: =SUM(G4:G34) -> 323586.9 | H35: =SUM(H4:H34) -> 295 | J35: =SUM(J4:J34) -> 30688.85 | K35: =SUM(K4:K34) -> 354275.75 | L35: =SUM(L4:L34) -> 226271

Sheet  Chellakere-PKG-9
A1: Chellakere-PKG-09
A2: S.No | B2: Date | C2: GRN No | D2: Ind No/Bill No | E2: Diesel (Lts) | F2: Price | G2: Amount | H2: Petrol (Lts) | I2: Price | J2: Amount | K2: Total amount | L2: Amount paid | M2: As on Date | N2: Remarks
A3: Opening Balance | K3: 0 | L3: 0 | M3: =+K3 -> 0
A4: 1 | B4: 45962 | G4: =E4*F4 -> 0 | J4: =H4*I4 -> 0 | K4: =G4+J4 -> 0 | L4: =K4 -> 0 | M4: =M3+K4-L4 -> 0
A5: 2 | B5: 45963 | G5: =E5*F5 -> 0 | J5: =H5*I5 -> 0 | K5: =G5+J5 -> 0 | L5: =K5 -> 0 | M5: =M4+K5-L5 -> 0
A6: 3 | B6: 45964 | G6: =E6*F6 -> 0 | J6: =H6*I6 -> 0 | K6: =G6+J6 -> 0 | L6: =K6 -> 0 | M6: =M5+K6-L6 -> 0
A7: 4 | B7: 45965 | G7: =E7*F7 -> 0 | J7: =H7*I7 -> 0 | K7: =G7+J7 -> 0 | L7: =K7 -> 0 | M7: =M6+K7-L7 -> 0
A8: 5 | B8: 45966 | G8: =E8*F8 -> 0 | J8: =H8*I8 -> 0 | K8: =G8+J8 -> 0 | L8: =K8 -> 0 | M8: =M7+K8-L8 -> 0
A9: 6 | B9: 45967 | G9: =E9*F9 -> 0 | J9: =H9*I9 -> 0 | K9: =G9+J9 -> 0 | L9: =K9 -> 0 | M9: =M8+K9-L9 -> 0
A10: 7 | B10: 45968 | G10: =E10*F10 -> 0 | J10: =H10*I10 -> 0 | K10: =G10+J10 -> 0 | L10: =K10 -> 0 | M10: =M9+K10-L10 -> 0
A11: 8 | B11: 45969 | G11: =E11*F11 -> 0 | J11: =H11*I11 -> 0 | K11: =G11+J11 -> 0 | L11: =K11 -> 0 | M11: =M10+K11-L11 -> 0
A12: 9 | B12: 45970 | E12: 55 | F12: 92.19 | G12: =E12*F12 -> 5070.45 | H12: 5 | I12: 104.03 | J12: =H12*I12 -> 520.15 | K12: =G12+J12 -> 5590.6 | L12: =K12 -> 5590.6 | M12: =M11+K12-L12 -> 0 | N12: BPCL
A13: 10 | B13: 45971 | G13: =E13*F13 -> 0 | J13: =H13*I13 -> 0 | K13: =G13+J13 -> 0 | L13: =K13 -> 0 | M13: =M12+K13-L13 -> 0
A14: 11 | B14: 45972 | G14: =E14*F14 -> 0 | H14: 10 | I14: 104.03 | J14: =H14*I14 -> 1040.3 | K14: =G14+J14 -> 1040.3 | L14: =K14 -> 1040.3 | M14: =M13+K14-L14 -> 0 | N14: BPCL
A15: 12 | B15: 45973 | G15: =E15*F15 -> 0 | J15: =H15*I15 -> 0 | K15: =G15+J15 -> 0 | L15: =K15 -> 0 | M15: =M14+K15-L15 -> 0
A16: 13 | B16: 45974 | G16: =E16*F16 -> 0 | J16: =H16*I16 -> 0 | K16: =G16+J16 -> 0 | L16: =K16 -> 0 | M16: =M15+K16-L16 -> 0
A17: 14 | B17: 45975 | G17: =E17*F17 -> 0 | J17: =H17*I17 -> 0 | K17: =G17+J17 -> 0 | L17: =K17 -> 0 | M17: =M16+K17-L17 -> 0
A18: 15 | B18: 45976 | G18: =E18*F18 -> 0 | J18: =H18*I18 -> 0 | K18: =G18+J18 -> 0 | L18: =K18 -> 0 | M18: =M17+K18-L18 -> 0
A19: 16 | B19: 45977 | G19: =E19*F19 -> 0 | J19: =H19*I19 -> 0 | K19: =G19+J19 -> 0 | L19: =K19 -> 0 | M19: =M18+K19-L19 -> 0
A20: 17 | B20: 45978 | E20: 140 | F20: 92.19 | G20: =E20*F20 -> 12906.6 | J20: =H20*I20 -> 0 | K20: =G20+J20 -> 12906.6 | L20: =K20 -> 12906.6 | M20: =M19+K20-L20 -> 0 | N20: BPCL
A21: 18 | B21: 45979 | G21: =E21*F21 -> 0 | H21: 10 | I21: 104.03 | J21: =H21*I21 -> 1040.3 | K21: =G21+J21 -> 1040.3 | L21: =K21 -> 1040.3 | M21: =M20+K21-L21 -> 0
A22: 19 | B22: 45980 | E22: 40 | F22: 92.19 | G22: =E22*F22 -> 3687.6 | J22: =H22*I22 -> 0 | K22: =G22+J22 -> 3687.6 | L22: =K22 -> 3687.6 | M22: =M21+K22-L22 -> 0
A23: 20 | B23: 45981 | G23: =E23*F23 -> 0 | J23: =H23*I23 -> 0 | K23: =G23+J23 -> 0 | L23: =K23 -> 0 | M23: =M22+K23-L23 -> 0
A24: 21 | B24: 45982 | E24: 105 | F24: 92.19 | G24: =E24*F24 -> 9679.95 | J24: =H24*I24 -> 0 | K24: =G24+J24 -> 9679.95 | L24: =K24 -> 9679.95 | M24: =M23+K24-L24 -> 0
A25: 22 | B25: 45983 | G25: =E25*F25 -> 0 | J25: =H25*I25 -> 0 | K25: =G25+J25 -> 0 | L25: =K25 -> 0 | M25: =M24+K25-L25 -> 0
A26: 23 | B26: 45984 | G26: =E26*F26 -> 0 | J26: =H26*I26 -> 0 | K26: =G26+J26 -> 0 | L26: =K26 -> 0 | M26: =M25+K26-L26 -> 0
A27: 24 | B27: 45985 | E27: 39.99 | F27: 92.19 | G27: =E27*F27 -> 3686.6781 | H27: 6 | I27: 104.03 | J27: =H27*I27 -> 624.18 | K27: =G27+J27 -> 4310.8581 | L27: =K27 -> 4310.8581 | M27: =M26+K27-L27 -> 0
A28: 25 | B28: 45986 | G28: =E28*F28 -> 0 | J28: =H28*I28 -> 0 | K28: =G28+J28 -> 0 | L28: =K28 -> 0 | M28: 0
A29: 26 | B29: 45987 | E29: 110 | F29: 92.19 | G29: =E29*F29 -> 10140.9 | H29: 10 | I29: 104.03 | J29: =H29*I29 -> 1040.3 | K29: =G29+J29 -> 11181.2 | L29: =K29 -> 11181.2 | M29: 0
A30: 27 | B30: 45988 | E30: 35 | F30: 92.19 | G30: =E30*F30 -> 3226.65 | J30: =H30*I30 -> 0 | K30: =G30+J30 -> 3226.65 | L30: =K30 -> 3226.65 | M30: 0
A31: 28 | B31: 45989 | E31: 34.99 | F31: 92.19 | G31: =E31*F31 -> 3225.7281 | J31: =H31*I31 -> 0 | K31: =G31+J31 -> 3225.7281 | L31: =K31 -> 3225.7281 | M31: 0
A32: 29 | B32: 45990 | E32: 105 | F32: 92.19 | G32: =E32*F32 -> 9679.95 | J32: =H32*I32 -> 0 | K32: =G32+J32 -> 9679.95 | L32: =K32 -> 9679.95
A33: 30 | B33: 45991 | D33: M S NARAYAN SETTY & SONS BHARAT | E33: 40.01 | F33: 92.22 | G33: =E33*F33 -> 3689.7222 | J33: =H33*I33 -> 0 | K33: =G33+J33 -> 3689.7222 | L33: =K33 -> 3689.7222
A34: 31
E35: =SUM(E4:E34) -> 704.99 | G35: =SUM(G4:G34) -> 64994.228 | H35: =SUM(H4:H34) -> 41 | J35: =SUM(J4:J34) -> 4265.23 | K35: =SUM(K4:K34) -> 69259.458 | L35: =SUM(L4:L34) -> 69259.458

Sheet Molakamuru
A1: Molakamuru
A2: S.No | B2: Date | C2: GRN No | D2: Ind No/Bill No | E2: Diesel (Lts) | F2: Price | G2: Amount | H2: Petrol (Lts) | I2: Price | J2: Amount | K2: Total amount | L2: Amount paid | M2: As on Date | N2: Remarks
A3: Opening Balance | K3: 0 | L3: 0 | M3: =+K3 -> 0
A4: 1 | B4: 45962 | G4: =E4*F4 -> 0 | J4: =H4*I4 -> 0 | K4: =G4+J4 -> 0 | L4: =K4 -> 0 | M4: =M3+K4-L4 -> 0
A5: 2 | B5: 45963 | E5: 240 | F5: 92.22 | G5: =E5*F5 -> 22132.8 | H5: 20 | I5: 104.02 | J5: =H5*I5 -> 2080.4 | K5: =G5+J5 -> 24213.2 | L5: =K5 -> 24213.2 | M5: =M4+K5-L5 -> 0
A6: 3 | B6: 45964 | G6: =E6*F6 -> 0 | J6: =H6*I6 -> 0 | K6: =G6+J6 -> 0 | L6: =K6 -> 0 | M6: =M5+K6-L6 -> 0
A7: 4 | B7: 45965 | G7: =E7*F7 -> 0 | J7: =H7*I7 -> 0 | K7: =G7+J7 -> 0 | L7: =K7 -> 0 | M7: =M6+K7-L7 -> 0
A8: 5 | B8: 45966 | G8: =E8*F8 -> 0 | J8: =H8*I8 -> 0 | K8: =G8+J8 -> 0 | L8: =K8 -> 0 | M8: =M7+K8-L8 -> 0
A9: 6 | B9: 45967 | G9: =E9*F9 -> 0 | J9: =H9*I9 -> 0 | K9: =G9+J9 -> 0 | L9: =K9 -> 0 | M9: =M8+K9-L9 -> 0
A10: 7 | B10: 45968 | G10: =E10*F10 -> 0 | J10: =H10*I10 -> 0 | K10: =G10+J10 -> 0 | L10: =K10 -> 0 | M10: =M9+K10-L10 -> 0
A11: 8 | B11: 45969 | G11: =E11*F11 -> 0 | J11: =H11*I11 -> 0 | K11: =G11+J11 -> 0 | L11: =K11 -> 0 | M11: =M10+K11-L11 -> 0
A12: 9 | B12: 45970 | G12: =E12*F12 -> 0 | J12: =H12*I12 -> 0 | K12: =G12+J12 -> 0 | L12: =K12 -> 0 | M12: =M11+K12-L12 -> 0
A13: 10 | B13: 45971 | G13: =E13*F13 -> 0 | J13: =H13*I13 -> 0 | K13: =G13+J13 -> 0 | L13: =K13 -> 0 | M13: =M12+K13-L13 -> 0
A14: 11 | B14: 45972 | G14: =E14*F14 -> 0 | J14: =H14*I14 -> 0 | K14: =G14+J14 -> 0 | L14: =K14 -> 0 | M14: =M13+K14-L14 -> 0
A15: 12 | B15: 45973 | E15: 150 | F15: 92.17 | G15: =E15*F15 -> 13825.5 | H15: 10 | I15: 104.02 | J15: =H15*I15 -> 1040.2 | K15: =G15+J15 -> 14865.7 | L15: =K15 -> 14865.7 | M15: =M14+K15-L15 -> 0
A16: 13 | B16: 45974 | G16: =E16*F16 -> 0 | J16: =H16*I16 -> 0 | K16: =G16+J16 -> 0 | L16: =K16 -> 0 | M16: =M15+K16-L16 -> 0
A17: 14 | B17: 45975 | G17: =E17*F17 -> 0 | J17: =H17*I17 -> 0 | K17: =G17+J17 -> 0 | L17: =K17 -> 0 | M17: =M16+K17-L17 -> 0
A18: 15 | B18: 45976 | G18: =E18*F18 -> 0 | J18: =H18*I18 -> 0 | K18: =G18+J18 -> 0 | L18: =K18 -> 0 | M18: =M17+K18-L18 -> 0
A19: 16 | B19: 45977 | G19: =E19*F19 -> 0 | J19: =H19*I19 -> 0 | K19: =G19+J19 -> 0 | L19: =K19 -> 0 | M19: =M18+K19-L19 -> 0
A20: 17 | B20: 45978 | G20: =E20*F20 -> 0 | J20: =H20*I20 -> 0 | K20: =G20+J20 -> 0 | L20: =K20 -> 0 | M20: =M19+K20-L20 -> 0
A21: 18 | B21: 45979 | G21: =E21*F21 -> 0 | J21: =H21*I21 -> 0 | K21: =G21+J21 -> 0 | L21: =K21 -> 0 | M21: =M20+K21-L21 -> 0
A22: 19 | B22: 45980 | G22: =E22*F22 -> 0 | J22: =H22*I22 -> 0 | K22: =G22+J22 -> 0 | L22: =K22 -> 0 | M22: =M21+K22-L22 -> 0
A23: 20 | B23: 45981 | G23: =E23*F23 -> 0 | J23: =H23*I23 -> 0 | K23: =G23+J23 -> 0 | L23: =K23 -> 0 | M23: =M22+K23-L23 -> 0
A24: 21 | B24: 45982 | G24: =E24*F24 -> 0 | J24: =H24*I24 -> 0 | K24: =G24+J24 -> 0 | L24: =K24 -> 0 | M24: =M23+K24-L24 -> 0
A25: 22 | B25: 45983 | G25: =E25*F25 -> 0 | J25: =H25*I25 -> 0 | K25: =G25+J25 -> 0 | L25: =K25 -> 0 | M25: =M24+K25-L25 -> 0
A26: 23 | B26: 45984 | G26: =E26*F26 -> 0 | J26: =H26*I26 -> 0 | K26: =G26+J26 -> 0 | L26: =K26 -> 0 | M26: =M25+K26-L26 -> 0
A27: 24 | B27: 45985 | G27: =E27*F27 -> 0 | J27: =H27*I27 -> 0 | K27: =G27+J27 -> 0 | L27: =K27 -> 0 | M27: =M26+K27-L27 -> 0
A28: 25 | B28: 45986 | G28: =E28*F28 -> 0 | J28: =H28*I28 -> 0 | K28: =G28+J28 -> 0 | L28: =K28 -> 0 | M28: 0
A29: 26 | B29: 45987 | G29: =E29*F29 -> 0 | J29: =H29*I29 -> 0 | K29: =G29+J29 -> 0 | L29: =K29 -> 0 | M29: 0
A30: 27 | B30: 45988 | E30: 190 | F30: 92.17 | G30: =E30*F30 -> 17512.3 | H30: 20 | I30: 104.02 | J30: =H30*I30 -> 2080.4 | K30: =G30+J30 -> 19592.7 | L30: =K30 -> 19592.7 | M30: 0
A31: 28 | B31: 45989 | G31: =E31*F31 -> 0 | J31: =H31*I31 -> 0 | K31: =G31+J31 -> 0 | L31: =K31 -> 0 | M31: 0
A32: 29 | B32: 45990 | G32: =E32*F32 -> 0 | J32: =H32*I32 -> 0 | K32: =G32+J32 -> 0 | L32: =K32 -> 0
A33: 30 | B33: 45991 | G33: =E33*F33 -> 0 | J33: =H33*I33 -> 0 | K33: =G33+J33 -> 0 | L33: =K33 -> 0
A34: 31
E35: =SUM(E4:E34) -> 580 | G35: =SUM(G4:G34) -> 53470.6 | H35: =SUM(H4:H34) -> 50 | J35: =SUM(J4:J34) -> 5201 | K35: =SUM(K4:K34) -> 58671.6 | L35: =SUM(L4:L34) -> 58671.6

Sheet  Chennagiri
A1: Chennagiri
A2: S.No | B2: Date | C2: GRN No | D2: Ind No/Bill No | E2: Diesel (Lts) | F2: Price | G2: Amount | H2: Petrol (Lts) | I2: Price | J2: Amount | K2: Total amount | L2: Amount paid | M2: As on Date | N2: Remarks
A3: Opening Balance | K3: 0 | L3: 0 | M3: =+K3 -> 0
A4: 1 | B4: 45962 | G4: =E4*F4 -> 0 | J4: =H4*I4 -> 0 | K4: =G4+J4 -> 0 | L4: =K4 -> 0 | M4: =M3+K4-L4 -> 0
A5: 2 | B5: 45963 | G5: =E5*F5 -> 0 | J5: =H5*I5 -> 0 | K5: =G5+J5 -> 0 | L5: =K5 -> 0 | M5: =M4+K5-L5 -> 0
A6: 3 | B6: 45964 | G6: =E6*F6 -> 0 | J6: =H6*I6 -> 0 | K6: =G6+J6 -> 0 | L6: =K6 -> 0 | M6: =M5+K6-L6 -> 0
A7: 4 | B7: 45965 | G7: =E7*F7 -> 0 | J7: =H7*I7 -> 0 | K7: =G7+J7 -> 0 | L7: =K7 -> 0 | M7: =M6+K7-L7 -> 0
A8: 5 | B8: 45966 | G8: =E8*F8 -> 0 | J8: =H8*I8 -> 0 | K8: =G8+J8 -> 0 | L8: =K8 -> 0 | M8: =M7+K8-L8 -> 0
A9: 6 | B9: 45967 | G9: =E9*F9 -> 0 | J9: =H9*I9 -> 0 | K9: =G9+J9 -> 0 | L9: =K9 -> 0 | M9: =M8+K9-L9 -> 0
A10: 7 | B10: 45968 | G10: =E10*F10 -> 0 | J10: =H10*I10 -> 0 | K10: =G10+J10 -> 0 | L10: =K10 -> 0 | M10: =M9+K10-L10 -> 0
A11: 8 | B11: 45969 | G11: =E11*F11 -> 0 | J11: =H11*I11 -> 0 | K11: =G11+J11 -> 0 | L11: =K11 -> 0 | M11: =M10+K11-L11 -> 0
A12: 9 | B12: 45970 | G12: =E12*F12 -> 0 | J12: =H12*I12 -> 0 | K12: =G12+J12 -> 0 | L12: =K12 -> 0 | M12: =M11+K12-L12 -> 0
A13: 10 | B13: 45971 | G13: =E13*F13 -> 0 | J13: =H13*I13 -> 0 | K13: =G13+J13 -> 0 | L13: =K13 -> 0 | M13: =M12+K13-L13 -> 0
A14: 11 | B14: 45972 | G14: =E14*F14 -> 0 | J14: =H14*I14 -> 0 | K14: =G14+J14 -> 0 | L14: =K14 -> 0 | M14: =M13+K14-L14 -> 0
A15: 12 | B15: 45973 | G15: =E15*F15 -> 0 | J15: =H15*I15 -> 0 | K15: =G15+J15 -> 0 | L15: =K15 -> 0 | M15: =M14+K15-L15 -> 0
... A20: 17 | B20: 45978 | G20: =E20*F20 -> 0 | J20: =H20*I20 -> 0 | K20: =G20+J20 -> 0 | L20: =K20 -> 0 | M20: =M19+K20-L20 -> 0
A21: 18 | B21: 45979 | E21: 100 | F21: 92.02 | G21: =E21*F21 -> 9202 | J21: =H21*I21 -> 0 | K21: =G21+J21 -> 9202 | L21: =K21 -> 9202 | M21: =M20+K21-L21 -> 0
A22: 19 | B22: 45980 | G22: =E22*F22 -> 0 | J22: =H22*I22 -> 0 | K22: =G22+J22 -> 0 | L22: =K22 -> 0 | M22: =M21+K22-L22 -> 0
A23: 20 | B23: 45981 | G23: =E23*F23 -> 0 | J23: =H23*I23 -> 0 | K23: =G23+J23 -> 0 | L23: =K23 -> 0 | M23: =M22+K23-L23 -> 0
A24: 21 | B24: 45982 | G24: =E24*F24 -> 0 | J24: =H24*I24 -> 0 | K24: =G24+J24 -> 0 | L24: =K24 -> 0 | M24: =M23+K24-L24 -> 0
A25: 22 | B25: 45983 | G25: =E25*F25 -> 0 | J25: =H25*I25 -> 0 | K25: =G25+J25 -> 0 | L25: =K25 -> 0 | M25: =M24+K25-L25 -> 0
A26: 23 | B26: 45984 | G26: =E26*F26 -> 0 | J26: =H26*I26 -> 0 | K26: =G26+J26 -> 0 | L26: =K26 -> 0 | M26: =M25+K26-L26 -> 0
A27: 24 | B27: 45985 | G27: =E27*F27 -> 0 | J27: =H27*I27 -> 0 | K27: =G27+J27 -> 0 | L27: =K27 -> 0 | M27: =M26+K27-L27 -> 0
A28: 25 | B28: 45986 | G28: =E28*F28 -> 0 | J28: =H28*I28 -> 0 | K28: =G28+J28 -> 0 | L28: =K28 -> 0 | M28: 0
A29: 26 | B29: 45987 | G29: =E29*F29 -> 0 | J29: =H29*I29 -> 0 | K29: =G29+J29 -> 0 | L29: =K29 -> 0 | M29: 0
A30: 27 | B30: 45988 | G30: =E30*F30 -> 0 | J30: =H30*I30 -> 0 | K30: =G30+J30 -> 0 | L30: =K30 -> 0 | M30: 0
A31: 28 | B31: 45989 | G31: =E31*F31 -> 0 | J31: =H31*I31 -> 0 | K31: =G31+J31 -> 0 | L31: =K31 -> 0 | M31: 0
A32: 29 | B32: 45990 | G32: =E32*F32 -> 0 | J32: =H32*I32 -> 0 | K32: =G32+J32 -> 0 | L32: =K32 -> 0
A33: 30 | B33: 45991 | G33: =E33*F33 -> 0 | J33: =H33*I33 -> 0 | K33: =G33+J33 -> 0 | L33: =K33 -> 0
A34: 31
E35: =SUM(E4:E34) -> 100 | G35: =SUM(G4:G34) -> 9202 | H35: =SUM(H4:H34) -> 0 | J35: =SUM(J4:J34) -> 0 | K35: =SUM(K4:K34) -> 9202 | L35: =SUM(L4:L34) -> 9202

Sheet Khanapur
A1: V.V.Varde
A2: S.No | B2: Date | C2: GRN No | D2: Ind No/Bill No | E2: Diesel (Lts) | F2: Price | G2: Amount | H2: Petrol (Lts) | I2: Price | J2: Amount | K2: Total amount | L2: Date of payment | M2: Amount paid | N2: Remarks
D3: Opening Balance | K3: 50161.12 | M3: 50161.12
A4: 1 | B4: 45962 | E4: 40 | F4: 90.88 | G4: =F4*E4 -> 3635.2 | H4: 0 | I4: 102.77 | J4: =H4*I4 -> 0 | K4: =G4+J4 -> 3635.2 | L4: 0 | M4: =M3+K4-L4 -> 53796.32
A5: 2 | B5: 45963 | E5: 0 | F5: 0 | G5: =F5*E5 -> 0 | H5: 10 | I5: 102.77 | J5: =H5*I5 -> 1027.7 | K5: =G5+J5 -> 1027.7 | L5: 0 | M5: =M4+K5-L5 -> 54824.02 | S5: 90.88 | T5: 102.77
A6: 3 | B6: 45964 | E6: 0 | F6: 0 | G6: =F6*E6 -> 0 | H6: 0 | I6: 102.77 | J6: =H6*I6 -> 0 | K6: =G6+J6 -> 0 | L6: 0 | M6: =M5+K6-L6 -> 54824.02
A7: 4 | B7: 45965 | E7: 70 | F7: 90.88 | G7: =F7*E7 -> 6361.6 | H7: 0 | I7: 102.77 | J7: =H7*I7 -> 0 | K7: =G7+J7 -> 6361.6 | L7: 0 | M7: =M6+K7-L7 -> 61185.62
A8: 5 | B8: 45966 | E8: 0 | F8: 0 | G8: =F8*E8 -> 0 | H8: 0 | I8: 102.77 | J8: =H8*I8 -> 0 | K8: =G8+J8 -> 0 | L8: 0 | M8: =M7+K8-L8 -> 61185.62
A9: 6 | B9: 45967 | E9: 20 | F9: 90.88 | G9: =F9*E9 -> 1817.6 | H9: 10 | I9: 102.77 | J9: =H9*I9 -> 1027.7 | K9: =G9+J9 -> 2845.3 | L9: 49074.35 | M9: =M8+K9-L9 -> 14956.57
A10: 7 | B10: 45968 | E10: 0 | F10: 0 | G10: =F10*E10 -> 0 | H10: 0 | I10: 102.77 | J10: =H10*I10 -> 0 | K10: =G10+J10 -> 0 | L10: 0 | M10: =M9+K10-L10 -> 14956.57
A11: 8 | B11: 45969 | E11: 0 | F11: 0 | G11: =F11*E11 -> 0 | H11: 0 | I11: 102.77 | J11: =H11*I11 -> 0 | K11: =G11+J11 -> 0 | L11: 0 | M11: =M10+K11-L11 -> 14956.57
A12: 9 | B12: 45970 | E12: 0 | F12: 0 | G12: =F12*E12 -> 0 | H12: 0 | I12: 102.77 | J12: =H12*I12 -> 0 | K12: =G12+J12 -> 0 | L12: 0 | M12: =M11+K12-L12 -> 14956.57
A13: 10 | B13: 45971 | E13: 20 | F13: 90.88 | G13: =F13*E13 -> 1817.6 | H13: 5 | I13: 102.77 | J13: =H13*I13 -> 513.85 | K13: =G13+J13 -> 2331.45 | L13: 0 | M13: =M12+K13-L13 -> 17288.02
A14: 11 | B14: 45972 | E14: 0 | F14: 0 | G14: =F14*E14 -> 0 | H14: 0 | I14: 102.77 | J14: =H14*I14 -> 0 | K14: =G14+J14 -> 0 | L14: 0 | M14: =M13+K14-L14 -> 17288.02
A15: 12 | B15: 45973 | E15: 0 | F15: 0 | G15: =F15*E15 -> 0 | H15: 0 | I15: 102.77 | J15: =H15*I15 -> 0 | K15: =G15+J15 -> 0 | L15: 0 | M15: =M14+K15-L15 -> 17288.02
A16: 13 | B16: 45974 | E16: 30 | F16: 90.88 | G16: =F16*E16 -> 2726.4 | H16: 0 | I16: 102.77 | J16: =H16*I16 -> 0 | K16: =G16+J16 -> 2726.4 | L16: 0 | M16: =M15+K16-L16 -> 20014.42
A17: 14 | B17: 45975 | E17: 0 | F17: 0 | G17: =F17*E17 -> 0 | H17: 0 | I17: 102.77 | J17: =H17*I17 -> 0 | K17: =G17+J17 -> 0 | L17: 0 | M17: =M16+K17-L17 -> 20014.42
... A19: 16 | B19: 45977 | E19: 0 | F19: 0 | G19: =F19*E19 -> 0 | H19: 5 | I19: 102.77 | J19: =H19*I19 -> 513.85 | K19: =G19+J19 -> 513.85 | L19: 0 | M19: =M18+K19-L19 -> 22113.14
A20: 17 | B20: 45978 | E20: 30.91 | F20: 90.88 | G20: =F20*E20 -> 2809.1008 | H20: 0 | I20: 102.77 | J20: =H20*I20 -> 0 | K20: =G20+J20 -> 2809.1008 | L20: 0 | M20: =M19+K20-L20 -> 24922.241 | O20: 16.68
A21: 18 | B21: 45979 | E21: 100 | F21: 90.88 | G21: =F21*E21 -> 9088 | H21: 5 | I21: 102.77 | J21: =H21*I21 -> 513.85 | K21: =G21+J21 -> 9601.85 | L21: 0 | M21: =M20+K21-L21 -> 34524.091
A22: 19 | B22: 45980 | E22: 120 | F22: 90.88 | G22: =F22*E22 -> 10905.6 | H22: 0 | I22: 102.77 | J22: =H22*I22 -> 0 | K22: =G22+J22 -> 10905.6 | L22: 0 | M22: =M21+K22-L22 -> 45429.691
A23: 20 | B23: 45981 | E23: 0 | F23: 0 | G23: =F23*E23 -> 0 | H23: 0 | I23: 102.77 | J23: =H23*I23 -> 0 | K23: =G23+J23 -> 0 | L23: =+K23 -> 0 | M23: =M22+K23-L23 -> 45429.691 | N23: 0
A24: 21 | B24: 45982 | E24: 0 | F24: 0 | G24: =F24*E24 -> 0 | H24: 5 | I24: 102.77 | J24: =H24*I24 -> 513.85 | K24: =G24+J24 -> 513.85 | L24: 21193.23 | M24: =M23+K24-L24 -> 24750.311
A25: 22 | B25: 45983 | E25: 0 | F25: 0 | G25: =F25*E25 -> 0 | H25: 0 | I25: 102.77 | J25: =H25*I25 -> 0 | K25: =G25+J25 -> 0 | L25: =+K25 -> 0 | M25: =M24+K25-L25 -> 24750.311
A26: 23 | B26: 45984 | E26: 0 | F26: 0 | G26: =F26*E26 -> 0 | H26: 0 | I26: 102.77 | J26: =H26*I26 -> 0 | K26: =G26+J26 -> 0 | L26: 0 | M26: =M25+K26-L26 -> 24750.311
A27: 24 | B27: 45985 | E27: 0 | F27: 0 | G27: =F27*E27 -> 0 | H27: 0 | I27: 102.77 | J27: =H27*I27 -> 0 | K27: =G27+J27 -> 0 | L27: 0 | M27: =M26+K27-L27 -> 24750.311
A28: 25 | B28: 45986 | E28: 0 | F28: 0 | G28: =F28*E28 -> 0 | H28: 0 | I28: 102.77 | J28: =H28*I28 -> 0 | K28: =G28+J28 -> 0 | L28: 0 | M28: =M27+K28-L28 -> 24750.311
A29: 26 | B29: 45987 | E29: 0 | F29: 0 | G29: =F29*E29 -> 0 | H29: 0 | I29: 102.77 | J29: =H29*I29 -> 0 | K29: =G29+J29 -> 0 | L29: =+K29 -> 0 | M29: =M28+K29-L29 -> 24750.311
A30: 27 | B30: 45988 | E30: 30 | F30: 90.88 | G30: =F30*E30 -> 2726.4 | H30: 5 | I30: 102.77 | J30: =H30*I30 -> 513.85 | K30: =G30+J30 -> 3240.25 | L30: 0 | M30: =M29+K30-L30 -> 27990.561
A31: 28 | B31: 45989 | E31: 0 | F31: 0 | G31: =F31*E31 -> 0 | H31: 10 | I31: 102.77 | J31: =H31*I31 -> 1027.7 | K31: =G31+J31 -> 1027.7 | L31: 0 | M31: =M30+K31-L31 -> 29018.261
A32: 29 | B32: 45990 | E32: 0 | F32: 0 | G32: =F32*E32 -> 0 | H32: 0 | I32: 102.77 | J32: =H32*I32 -> 0 | K32: =G32+J32 -> 0 | L32: =+K32 -> 0 | M32: =M31+K32-L32 -> 29018.261
A33: 30 | B33: 45991 | E33: 0 | F33: 0 | G33: =F33*E33 -> 0 | H33: 0 | I33: 102.77 | J33: =H33*I33 -> 0 | K33: =G33+J33 -> 0 | L33: 0 | M33: =M32+K33-L33 -> 29018.261
A34: 31
E35: =SUM(E4:E34) -> 465.91 | G35: =SUM(G4:G34) -> 42341.901 | H35: =SUM(H4:H34) -> 66 | J35: =SUM(J4:J34) -> 6782.82 | K35: =SUM(K4:K34) -> 49124.721 | L35: =SUM(L4:L34) -> 70267.58 | M35: =SUM(M4:M34) -> 895100.13
E36: 1541.87
E37: 1661 | H37: 43.92
E38: =E37-E36 -> 119.13

Sheet Munavali-2
A1: Shri Daneshwari
A2: S.No | B2: Date | C2: GRN No | D2: Ind No/Bill No | E2: Diesel (Lts) | F2: Price | G2: Amount | H2: Petrol (Lts) | I2: Price | J2: Amount | K2: Total amount | L2: Amount paid | M2: As on date | N2: Remarks
D3: Opening Balance | K3: 659195.2 | M3: 659195.2 | O3: 26506.4
A4: 1 | B4: 45962 | G4: =E4*F4 -> 0 | J4: =H4*I4 -> 0 | K4: =G4+J4 -> 0 | L4: 0 | M4: =M3+K4-L4 -> 659195.2
A5: 2 | B5: 45963 | G5: =E5*F5 -> 0 | J5: =H5*I5 -> 0 | K5: =G5+J5 -> 0 | L5: 0 | M5: =M4+K5-L5 -> 659195.2
A6: 3 | B6: 45964 | E6: 600 | F6: 91.32 | G6: =E6*F6 -> 54792 | J6: =H6*I6 -> 0 | K6: =G6+J6 -> 54792 | L6: 500000 | M6: =M5+K6-L6 -> 213987.2
A7: 4 | B7: 45965 | G7: =E7*F7 -> 0 | H7: 6 | I7: 103.24 | J7: =H7*I7 -> 619.44 | K7: =G7+J7 -> 619.44 | L7: 0 | M7: =M6+K7-L7 -> 214606.64
A8: 5 | B8: 45966 | E8: 600 | F8: 91.32 | G8: =E8*F8 -> 54792 | H8: 10 | I8: 103.24 | J8: =H8*I8 -> 1032.4 | K8: =G8+J8 -> 55824.4 | L8: 0 | M8: =M7+K8-L8 -> 270431.04
A9: 6 | B9: 45967 | E9: 639.79 | F9: 91.32 | G9: =E9*F9 -> 58425.623 | H9: 6 | I9: 103.24 | J9: =H9*I9 -> 619.44 | K9: =G9+J9 -> 59045.063 | L9: 0 | M9: =M8+K9-L9 -> 329476.11
A10: 7 | B10: 45968 | G10: =E10*F10 -> 0 | J10: =H10*I10 -> 0 | K10: =G10+J10 -> 0 | L10: 0 | M10: =M9+K10-L10 -> 329476.11
A11: 8 | B11: 45969 | E11: 600 | F11: 91.32 | G11: =E11*F11 -> 54792 | H11: 6 | I11: 103.24 | J11: =H11*I11 -> 619.44 | K11: =G11+J11 -> 55411.44 | L11: 0 | M11: =M10+K11-L11 -> 384887.55
A12: 9 | B12: 45970 | G12: =E12*F12 -> 0 | J12: =H12*I12 -> 0 | K12: =G12+J12 -> 0 | L12: 0 | M12: =M11+K12-L12 -> 384887.55
A13: 10 | B13: 45971 | E13: 600 | F13: 91.32 | G13: =E13*F13 -> 54792 | H13: 5 | I13: 103.24 | J13: =H13*I13 -> 516.2 | K13: =G13+J13 -> 55308.2 | L13: 0 | M13: =M12+K13-L13 -> 440195.75
A14: 11 | B14: 45972 | D14: 671.67 | E14: 691.92 | F14: 91.32 | G14: =E14*F14 -> 63186.134 | H14: 18 | I14: 103.24 | J14: =H14*I14 -> 1858.32 | K14: =G14+J14 -> 65044.454 | L14: 0 | M14: =M13+K14-L14 -> 505240.2
A15: 12 | B15: 45973 | G15: =E15*F15 -> 0 | J15: =H15*I15 -> 0 | K15: =G15+J15 -> 0 | L15: 0 | M15: =M14+K15-L15 -> 505240.2
A16: 13 | B16: 45974 | D16: 0 | E16: 660 | F16: 91.32 | G16: =E16*F16 -> 60271.2 | H16: 16 | I16: 103.24 | J16: =H16*I16 -> 1651.84 | K16: =G16+J16 -> 61923.04 | L16: 0 | M16: =M15+K16-L16 -> 567163.24
A17: 14 | B17: 45975 | E17: 600 | F17: 91.32 | G17: =E17*F17 -> 54792 | H17: 5 | I17: 103.24 | J17: =H17*I17 -> 516.2 | K17: =G17+J17 -> 55308.2 | L17: 0 | M17: =M16+K17-L17 -> 622471.44
A18: 15 | B18: 45976 | E18: 734.56 | F18: 91.32 | G18: =E18*F18 -> 67080.019 | J18: =H18*I18 -> 0 | K18: =G18+J18 -> 67080.019 | L18: 300000 | M18: =M17+K18-L18 -> 389551.46
A19: 16 | B19: 45977 | G19: =E19*F19 -> 0 | J19: =H19*I19 -> 0 | K19: =G19+J19 -> 0 | L19: 0 | M19: =M18+K19-L19 -> 389551.46
A20: 17 | B20: 45978 | E20: 55 | F20: 91.32 | G20: =E20*F20 -> 5022.6 | H20: 11 | I20: 103.24 | J20: =H20*I20 -> 1135.64 | K20: =G20+J20 -> 6158.24 | L20: 0 | M20: =M19+K20-L20 -> 395709.7
A21: 18 | B21: 45979 | E21: 640 | F21: 91.32 | G21: =E21*F21 -> 58444.8 | J21: =H21*I21 -> 0 | K21: =G21+J21 -> 58444.8 | L21: 0 | M21: =M20+K21-L21 -> 454154.5
A22: 19 | B22: 45980 | E22: 714.01 | F22: 91.32 | G22: =E22*F22 -> 65203.393 | H22: 6 | I22: 103.24 | J22: =H22*I22 -> 619.44 | K22: =G22+J22 -> 65822.833 | L22: 0 | M22: =M21+K22-L22 -> 519977.33
A23: 20 | B23: 45981 | E23: 20 | F23: 91.32 | G23: =E23*F23 -> 1826.4 | H23: 5 | I23: 103.24 | J23: =H23*I23 -> 516.2 | K23: =G23+J23 -> 2342.6 | L23: 400000 | M23: =M22+K23-L23 -> 122319.93
A24: 21 | B24: 45982 | E24: 660 | F24: 91.32 | G24: =E24*F24 -> 60271.2 | H24: 5 | I24: 103.24 | J24: =H24*I24 -> 516.2 | K24: =G24+J24 -> 60787.4 | L24: 0 | M24: =M23+K24-L24 -> 183107.33
A25: 22 | B25: 45983 | E25: 653.79 | F25: 91.32 | G25: =E25*F25 -> 59704.103 | H25: 17 | I25: 103.24 | J25: =H25*I25 -> 1755.08 | K25: =G25+J25 -> 61459.183 | L25: 0 | M25: =M24+K25-L25 -> 244566.52
A26: 23 | B26: 45984 | E26: 40 | F26: 91.32 | G26: =E26*F26 -> 3652.8 | J26: =H26*I26 -> 0 | K26: =G26+J26 -> 3652.8 | L26: 0 | M26: =M25+K26-L26 -> 248219.32
A27: 24 | B27: 45985 | E27: 450 | F27: 91.32 | G27: =E27*F27 -> 41094 | J27: =H27*I27 -> 0 | K27: =G27+J27 -> 41094 | L27: 0 | M27: =M26+K27-L27 -> 289313.32
A28: 25 | B28: 45986 | E28: 689.43 | F28: 91.32 | G28: =E28*F28 -> 62958.748 | H28: 6 | I28: 103.24 | J28: =H28*I28 -> 619.44 | K28: =G28+J28 -> 63578.188 | L28: 0 | M28: =M27+K28-L28 -> 352891.5
A29: 26 | B29: 45987 | E29: 480 | F29: 91.32 | G29: =E29*F29 -> 43833.6 | H29: 5 | I29: 103.24 | J29: =H29*I29 -> 516.2 | K29: =G29+J29 -> 44349.8 | L29: 0 | M29: =M28+K29-L29 -> 397241.3
A30: 27 | B30: 45988 | E30: 450 | F30: 91.32 | G30: =E30*F30 -> 41094 | H30: 10 | I30: 103.24 | J30: =H30*I30 -> 1032.4 | K30: =G30+J30 -> 42126.4 | L30: 0 | M30: =M29+K30-L30 -> 439367.7
A31: 28 | B31: 45989 | E31: 525 | F31: 91.32 | G31: =E31*F31 -> 47943 | H31: 5 | I31: 103.24 | J31: =H31*I31 -> 516.2 | K31: =G31+J31 -> 48459.2 | L31: 0 | M31: =M30+K31-L31 -> 487826.9
A32: 29 | B32: 45990 | E32: 450 | F32: 91.32 | G32: =E32*F32 -> 41094 | H32: 5 | I32: 103.24 | J32: =H32*I32 -> 516.2 | K32: =G32+J32 -> 41610.2 | L32: 0 | M32: =M31+K32-L32 -> 529437.1
A33: 30 | B33: 45991 | E33: 260 | F33: 91.32 | G33: =E33*F33 -> 23743.2 | H33: 10 | I33: 103.24 | J33: =H33*I33 -> 1032.4 | K33: =G33+J33 -> 24775.6 | L33: 0 | M33: =M32+K33-L33 -> 554212.7
A34: 31 | G34: =E34*F34 -> 0 | J34: =H34*I34 -> 0 | K34: =G34+J34 -> 0 | L34: 0 | M34: =M33+K34-L34 -> 554212.7
A35: 32 | G35: =E35*F35 -> 0 | J35: =H35*I35 -> 0 | K35: =G35+J35 -> 0 | L35: 0 | M35: =M34+K35-L35 -> 554212.7
A36: 33 | G36: =E36*F36 -> 0 | J36: =H36*I36 -> 0 | K36: =G36+J36 -> 0 | L36: 0 | M36: =M35+K36-L36 -> 554212.7
E37: =SUM(E4:E36) -> 11813.5 | G37: =SUM(G4:G36) -> 1078808.8 | H37: =SUM(H4:H36) -> 157 | J37: =SUM(J4:J36) -> 16208.68 | K37: =SUM(K4:K36) -> 1095017.5 | L37: =SUM(L4:L36) -> 1200000

Sheet Ugar,Khagwad,Kudichi
A1: Shiri Bhrhmanath Petrolium
A2: S.No | B2: Date | C2: GRN No | D2: Ind No/Bill No | E2: Diesel (Lts) | F2: Price | G2: Amount | H2: Petrol (Lts) | I2: Price | J2: Amount | K2: Total amount | L2: Amount paid | M2: As on Date | N2: Remarks
A3: Opening Balance | K3: 235015.76 | M3: 235015.76 | O3: 235015.76 | P3: =O3-M3 -> 0.00039999984
A4: 1 | B4: 45962 | G4: =E4*F4 -> 0 | J4: =H4*I4 -> 0 | K4: =G4+J4 -> 0 | L4: 0 | M4: =M3+K4-L4 -> 235015.76 | Q4: 235410
A5: 2 | B5: 45963 | G5: =E5*F5 -> 0 | J5: =H5*I5 -> 0 | K5: =G5+J5 -> 0 | L5: 0 | M5: =M4+K5-L5 -> 235015.76
A6: 3 | B6: 45964 | E6: 70 | F6: 91.93 | G6: =E6*F6 -> 6435.1 | H6: 0 | I6: 0 | J6: =H6*I6 -> 0 | K6: =G6+J6 -> 6435.1 | L6: 0 | M6: =M5+K6-L6 -> 241450.86
A7: 4 | B7: 45965 | E7: 410.86 | F7: 91.93 | G7: =E7*F7 -> 37770.36 | J7: =H7*I7 -> 0 | K7: =G7+J7 -> 37770.36 | L7: 0 | M7: =M6+K7-L7 -> 279221.22
A8: 5 | B8: 45966 | E8: 58 | F8: 91.93 | G8: =E8*F8 -> 5331.94 | H8: 10 | I8: 103.89 | J8: =H8*I8 -> 1038.9 | K8: =G8+J8 -> 6370.84 | L8: 0 | M8: =M7+K8-L8 -> 285592.06
A9: 6 | B9: 45967 | E9: 250 | F9: 91.93 | G9: =E9*F9 -> 22982.5 | H9: 45 | I9: 111.13 | J9: =H9*I9 -> 5000.85 | K9: =G9+J9 -> 27983.35 | M9: =M8+K9-L9 -> 313575.41
A10: 7 | B10: 45968 | E10: 270 | F10: 91.93 | G10: =E10*F10 -> 24821.1 | J10: =H10*I10 -> 0 | K10: =G10+J10 -> 24821.1 | M10: =M9+K10-L10 -> 338396.51
A11: 8 | B11: 45969 | E11: 280 | F11: 91.93 | G11: =E11*F11 -> 25740.4 | J11: =H11*I11 -> 0 | K11: =G11+J11 -> 25740.4 | M11: =M10+K11-L11 -> 364136.91
A12: 9 | B12: 45970 | G12: =E12*F12 -> 0 | J12: =H12*I12 -> 0 | K12: =G12+J12 -> 0 | M12: =M11+K12-L12 -> 364136.91
A13: 10 | B13: 45971 | E13: 50 | F13: 91.93 | G13: =E13*F13 -> 4596.5 | J13: =H13*I13 -> 0 | K13: =G13+J13 -> 4596.5 | M13: =M12+K13-L13 -> 368733.41
A14: 11 | B14: 45972 | E14: 270 | F14: 91.93 | G14: =E14*F14 -> 24821.1 | H14: 35 | I14: 103.89 | J14: =H14*I14 -> 3636.15 | K14: =G14+J14 -> 28457.25 | M14: =M13+K14-L14 -> 397190.66
A15: 12 | B15: 45973 | E15: 100 | F15: 91.93 | G15: =E15*F15 -> 9193 | J15: =H15*I15 -> 0 | K15: =G15+J15 -> 9193 | M15: =M14+K15-L15 -> 406383.66
A16: 13 | B16: 45974 | G16: =E16*F16 -> 0 | J16: =H16*I16 -> 0 | K16: =G16+J16 -> 0 | M16: =M15+K16-L16 -> 406383.66
A17: 14 | B17: 45975 | E17: 215 | F17: 91.93 | G17: =E17*F17 -> 19764.95 | J17: =H17*I17 -> 0 | K17: =G17+J17 -> 19764.95 | M17: =M16+K17-L17 -> 426148.61
A18: 15 | B18: 45976 | E18: 260 | F18: 91.93 | G18: =E18*F18 -> 23901.8 | H18: 55 | I18: 103.89 | J18: =H18*I18 -> 5713.95 | K18: =G18+J18 -> 29615.75 | L18: 235210 | M18: =M17+K18-L18 -> 220554.36
A19: 16 | B19: 45977 | G19: =E19*F19 -> 0 | J19: =H19*I19 -> 0 | K19: =G19+J19 -> 0 | M19: =M18+K19-L19 -> 220554.36
A20: 17 | B20: 45978 | E20: 20 | F20: 91.93 | G20: =E20*F20 -> 1838.6 | J20: =H20*I20 -> 0 | K20: =G20+J20 -> 1838.6 | M20: =M19+K20-L20 -> 222392.96
A21: 18 | B21: 45979 | E21: 30 | F21: 91.93 | G21: =E21*F21 -> 2757.9 | J21: =H21*I21 -> 0 | K21: =G21+J21 -> 2757.9 | M21: =M20+K21-L21 -> 225150.86
A22: 19 | B22: 45980 | E22: 290 | F22: 91.93 | G22: =E22*F22 -> 26659.7 | H22: 35 | I22: 103.89 | J22: =H22*I22 -> 3636.15 | K22: =G22+J22 -> 30295.85 | M22: =M21+K22-L22 -> 255446.71
A23: 20 | B23: 45981 | E23: 270.12 | F23: 91.93 | G23: =E23*F23 -> 24832.132 | J23: =H23*I23 -> 0 | K23: =G23+J23 -> 24832.132 | M23: =M22+K23-L23 -> 280278.84
A24: 21 | B24: 45982 | G24: =E24*F24 -> 0 | J24: =H24*I24 -> 0 | K24: =G24+J24 -> 0 | L24: 0 | M24: =M23+K24-L24 -> 280278.84
A25: 22 | B25: 45983 | G25: =E25*F25 -> 0 | J25: =H25*I25 -> 0 | K25: =G25+J25 -> 0 | L25: 0 | M25: =M24+K25-L25 -> 280278.84
A26: 23 | B26: 45984 | G26: =E26*F26 -> 0 | J26: =H26*I26 -> 0 | K26: =G26+J26 -> 0 | L26: 0 | M26: =M25+K26-L26 -> 280278.84
A27: 24 | B27: 45985 | E27: 35 | F27: 91.93 | G27: =E27*F27 -> 3217.55 | H27: 10 | I27: 103.89 | J27: =H27*I27 -> 1038.9 | K27: =G27+J27 -> 4256.45 | L27: 0 | M27: =M26+K27-L27 -> 284535.29
A28: 25 | B28: 45986 | E28: 415 | F28: 91.93 | G28: =E28*F28 -> 38150.95 | H28: 35 | I28: 103.89 | J28: =H28*I28 -> 3636.15 | K28: =G28+J28 -> 41787.1 | L28: 0 | M28: =M27+K28-L28 -> 326322.39
A29: 26 | B29: 45987 | E29: 50 | F29: 91.93 | G29: =E29*F29 -> 4596.5 | J29: =H29*I29 -> 0 | K29: =G29+J29 -> 4596.5 | L29: 0 | M29: =M28+K29-L29 -> 330918.89
A30: 27 | B30: 45988 | E30: 0 | F30: 91.93 | G30: =E30*F30 -> 0 | H30: 0 | I30: 0 | J30: =H30*I30 -> 0 | K30: =G30+J30 -> 0 | L30: 0 | M30: =M29+K30-L30 -> 330918.89
A31: 28 | B31: 45989 | E31: 200 | F31: 91.93 | G31: =E31*F31 -> 18386 | H31: 30 | I31: 103.89 | J31: =H31*I31 -> 3116.7 | K31: =G31+J31 -> 21502.7 | L31: 0 | M31: =M30+K31-L31 -> 352421.59
A32: 29 | B32: 45990 | E32: 455 | F32: 91.93 | G32: =E32*F32 -> 41828.15 | J32: =H32*I32 -> 0 | K32: =G32+J32 -> 41828.15 | L32: 0 | M32: =M31+K32-L32 -> 394249.74
A33: 30 | B33: 45991 | G33: =E33*F33 -> 0 | J33: =H33*I33 -> 0 | K33: =G33+J33 -> 0 | L33: 0 | M33: =M32+K33-L33 -> 394249.74
A34: 31 | F34: 0 | G34: =E34*F34 -> 0 | J34: =H34*I34 -> 0 | K34: =G34+J34 -> 0 | L34: 0 | M34: =M33+K34-L34 -> 394249.74
E35: =SUM(E4:E34) -> 3998.98 | G35: =SUM(G4:G34) -> 367626.23 | H35: =SUM(H4:H34) -> 255 | J35: =SUM(J4:J34) -> 26817.75 | K35: =SUM(K4:K34) -> 394443.98 | L35: =SUM(L4:L34) -> 235210

Sheet Borgaon
A1: Aadisagar Petrolium
A2: S.No | B2: Date | C2: GRN No | D2: Ind no/Bill No | E2: Diesel (Lts) | F2: Price | G2: Amount | H2: Petrol (Lts) | I2: Price | J2: Amount | K2: Total amount | L2: Amount paid | M2: As on Date | N2: Remarks
A3: Opening Balance | K3: 61661.701 | M3: 61661.701
A4: 1 | B4: 45962 | G4: =E4*F4 -> 0 | H4: 0 | I4: 0 | J4: =H4*I4 -> 0 | K4: =G4+J4 -> 0 | L4: 0 | M4: =M3+K4-L4 -> 61661.701
A5: 2 | B5: 45963 | E5: 50 | F5: 91.77 | G5: =E5*F5 -> 4588.5 | J5: =H5*I5 -> 0 | K5: =G5+J5 -> 4588.5 | L5: 0 | M5: =M4+K5-L5 -> 66250.201
A6: 3 | B6: 45964 | G6: =E6*F6 -> 0 | J6: =H6*I6 -> 0 | K6: =G6+J6 -> 0 | L6: 0 | M6: =M5+K6-L6 -> 66250.201
A7: 4 | B7: 45965 | G7: =E7*F7 -> 0 | H7: 5 | I7: 103.7 | J7: =H7*I7 -> 518.5 | K7: =G7+J7 -> 518.5 | L7: 0 | M7: =M6+K7-L7 -> 66768.701
A8: 5 | B8: 45966 | G8: =E8*F8 -> 0 | J8: =H8*I8 -> 0 | K8: =G8+J8 -> 0 | L8: 0 | M8: =M7+K8-L8 -> 66768.701
A9: 6 | B9: 45967 | E9: 30 | F9: 91.77 | G9: =E9*F9 -> 2753.1 | H9: 5 | I9: 103.7 | J9: =H9*I9 -> 518.5 | K9: =G9+J9 -> 3271.6 | L9: 0 | M9: =M8+K9-L9 -> 70040.301
A10: 7 | B10: 45968 | G10: =E10*F10 -> 0 | H10: 0 | I10: 103.7 | J10: =H10*I10 -> 0 | K10: =G10+J10 -> 0 | L10: 0 | M10: =M9+K10-L10 -> 70040.301
A11: 8 | B11: 45969 | G11: =E11*F11 -> 0 | H11: 10 | I11: 103.7 | J11: =H11*I11 -> 1037 | K11: =G11+J11 -> 1037 | L11: 0 | M11: =M10+K11-L11 -> 71077.301
A12: 9 | B12: 45970 | G12: =E12*F12 -> 0 | J12: =H12*I12 -> 0 | K12: =G12+J12 -> 0 | L12: 0 | M12: =M11+K12-L12 -> 71077.301
A13: 10 | B13: 45971 | G13: =E13*F13 -> 0 | J13: =H13*I13 -> 0 | K13: =G13+J13 -> 0 | L13: 0 | M13: =M12+K13-L13 -> 71077.301
A14: 11 | B14: 45972 | G14: =E14*F14 -> 0 | J14: =H14*I14 -> 0 | K14: =G14+J14 -> 0 | L14: 0 | M14: =M13+K14-L14 -> 71077.301
A15: 12 | B15: 45973 | G15: =E15*F15 -> 0 | J15: =H15*I15 -> 0 | K15: =G15+J15 -> 0 | L15: 0 | M15: =M14+K15-L15 -> 71077.301
A16: 13 | B16: 45974 | G16: =E16*F16 -> 0 | J16: =H16*I16 -> 0 | K16: =G16+J16 -> 0 | L16: 0 | M16: =M15+K16-L16 -> 71077.301
A17: 14 | B17: 45975 | G17: =E17*F17 -> 0 | J17: =H17*I17 -> 0 | K17: =G17+J17 -> 0 | L17: 0 | M17: =M16+K17-L17 -> 71077.301
A18: 15 | B18: 45976 | G18: =E18*F18 -> 0 | J18: =H18*I18 -> 0 | K18: =G18+J18 -> 0 | L18: 60000 | M18: =M17+K18-L18 -> 11077.301
A19: 16 | B19: 45977 | G19: =E19*F19 -> 0 | J19: =H19*I19 -> 0 | K19: =G19+J19 -> 0 | L19: 0 | M19: =M18+K19-L19 -> 11077.301
A20: 17 | B20: 45978 | G20: =E20*F20 -> 0 | J20: =H20*I20 -> 0 | K20: =G20+J20 -> 0 | L20: 0 | M20: =M19+K20-L20 -> 11077.301
A21: 18 | B21: 45979 | E21: 5 | F21: 91.77 | G21: =E21*F21 -> 458.85 | H21: 0 | I21: 0 | J21: =H21*I21 -> 0 | K21: =G21+J21 -> 458.85 | L21: 0 | M21: =M20+K21-L21 -> 11536.151
A22: 19 | B22: 45980 | G22: =E22*F22 -> 0 | H22: 5 | I22: 103.7 | J22: =H22*I22 -> 518.5 | K22: =G22+J22 -> 518.5 | L22: 0 | M22: =M21+K22-L22 -> 12054.651
A23: 20 | B23: 45981 | E23: 5 | F23: 91.77 | G23: =E23*F23 -> 458.85 | H23: 5 | I23: 103.7 | J23: =H23*I23 -> 518.5 | K23: =G23+J23 -> 977.35 | L23: 0 | M23: =M22+K23-L23 -> 13032.001
A24: 21 | B24: 45982 | E24: 35 | F24: 91.77 | G24: =E24*F24 -> 3211.95 | J24: =H24*I24 -> 0 | K24: =G24+J24 -> 3211.95 | L24: 0 | M24: =M23+K24-L24 -> 16243.951
A25: 22 | B25: 45983 | G25: =E25*F25 -> 0 | J25: =H25*I25 -> 0 | K25: =G25+J25 -> 0 | L25: 0 | M25: =M24+K25-L25 -> 16243.951
A26: 23 | B26: 45984 | G26: =E26*F26 -> 0 | J26: =H26*I26 -> 0 | K26: =G26+J26 -> 0 | L26: 0 | M26: =M25+K26-L26 -> 16243.951 | Q26: d
A27: 24 | B27: 45985 | E27: 35 | F27: 91.77 | G27: =E27*F27 -> 3211.95 | H27: 5 | I27: 103.7 | J27: =H27*I27 -> 518.5 | K27: =G27+J27 -> 3730.45 | L27: 0 | M27: =M26+K27-L27 -> 19974.401 | Q27: 30 | R27: 50
A28: 25 | B28: 45986 | E28: 30 | F28: 91.77 | G28: =E28*F28 -> 2753.1 | H28: 5 | I28: 103.7 | J28: =H28*I28 -> 518.5 | K28: =G28+J28 -> 3271.6 | L28: 0 | M28: =M27+K28-L28 -> 23246.001 | Q28: 50 | R28: 4.51
A29: 26 | B29: 45987 | G29: =E29*F29 -> 0 | J29: =H29*I29 -> 0 | K29: =G29+J29 -> 0 | L29: 0 | M29: =M28+K29-L29 -> 23246.001
A30: 27 | B30: 45988 | E30: 65 | F30: 91.77 | G30: =E30*F30 -> 5965.05 | H30: 5 | I30: 103.7 | J30: =H30*I30 -> 518.5 | K30: =G30+J30 -> 6483.55 | L30: 0 | M30: =M29+K30-L30 -> 29729.551
A31: 28 | B31: 45989 | E31: 185 | F31: 91.77 | G31: =E31*F31 -> 16977.45 | J31: =H31*I31 -> 0 | K31: =G31+J31 -> 16977.45 | L31: 0 | M31: =M30+K31-L31 -> 46707.001
A32: 29 | B32: 45990 | G32: =E32*F32 -> 0 | J32: =H32*I32 -> 0 | K32: =G32+J32 -> 0 | L32: 0 | M32: =M31+K32-L32 -> 46707.001
A33: 30 | B33: 45991 | E33: 220 | F33: 91.77 | G33: =E33*F33 -> 20189.4 | H33: 5 | I33: 103.7 | J33: =H33*I33 -> 518.5 | K33: =G33+J33 -> 20707.9 | L33: 0 | M33: =M32+K33-L33 -> 67414.901
A34: 31 | E34: 0 | F34: 0 | G34: =E34*F34 -> 0 | H34: 0 | I34: 0 | J34: =H34*I34 -> 0 | K34: =G34+J34 -> 0 | L34: 0 | M34: =M33+K34-L34 -> 67414.901
E35: =SUM(E4:E34) -> 660 | G35: =SUM(G4:G34) -> 60568.2 | H35: =SUM(H4:H34) -> 50 | J35: =SUM(J4:J34) -> 5185 | K35: =SUM(K4:K34) -> 65753.2 | L35: =SUM(L4:L34) -> 60000

Sheet Kabbur
A1: Shri Jai Hanuman Petrolium
A2: S.No | B2: Date | C2: GRN No | D2: Ind no/Bill No | E2: Diesel (Lts) | F2: Price | G2: Amount | H2: Petrol (Lts) | I2: Price | J2: Amount | K2: Total amount | L2: Amount paid | M2: As on Date | N2: Remarks
A3: Opening Balance | K3: 0 | M3: =+K3 -> 0
A4: 1 | B4: 45962 | G4: =E4*F4 -> 0 | H4: 12.69 | I4: 103.53 | J4: =H4*I4 -> 1313.7957 | K4: =G4+J4 -> 1313.7957 | L4: =+K4 -> 1313.7957
A5: 2 | B5: 45963 | G5: =E5*F5 -> 0 | H5: 4.85 | I5: 103.53 | J5: =H5*I5 -> 502.1205 | K5: =G5+J5 -> 502.1205 | L5: =+K5 -> 502.1205
A6: 3 | B6: 45964 | E6: 30 | F6: 91.59 | G6: =E6*F6 -> 2747.7 | J6: =H6*I6 -> 0 | K6: =G6+J6 -> 2747.7 | L6: =+K6 -> 2747.7
A7: 4 | B7: 45965 | G7: =E7*F7 -> 0 | J7: =H7*I7 -> 0 | K7: =G7+J7 -> 0 | L7: =+K7 -> 0
A8: 5 | B8: 45966 | G8: =E8*F8 -> 0 | J8: =H8*I8 -> 0 | K8: =G8+J8 -> 0 | L8: =+K8 -> 0
A9: 6 | B9: 45967 | G9: =E9*F9 -> 0 | J9: =H9*I9 -> 0 | K9: =G9+J9 -> 0 | L9: =+K9 -> 0
A10: 7 | B10: 45968 | G10: =E10*F10 -> 0 | J10: =H10*I10 -> 0 | K10: =G10+J10 -> 0 | L10: =+K10 -> 0
A11: 8 | B11: 45969 | E11: 25 | F11: 91.59 | G11: =E11*F11 -> 2289.75 | J11: =H11*I11 -> 0 | K11: =G11+J11 -> 2289.75 | L11: =+K11 -> 2289.75
A12: 9 | B12: 45970 | E12: 25 | F12: 91.59 | G12: =E12*F12 -> 2289.75 | J12: =H12*I12 -> 0 | K12: =G12+J12 -> 2289.75 | L12: =+K12 -> 2289.75
A13: 10 | B13: 45971 | G13: =E13*F13 -> 0 | J13: =H13*I13 -> 0 | K13: =G13+J13 -> 0 | L13: =+K13 -> 0
A14: 11 | B14: 45972 | E14: 25 | F14: 91.59 | G14: =E14*F14 -> 2289.75 | J14: =H14*I14 -> 0 | K14: =G14+J14 -> 2289.75 | L14: =+K14 -> 2289.75
A15: 12 | B15: 45973 | G15: =E15*F15 -> 0 | J15: =H15*I15 -> 0 | K15: =G15+J15 -> 0 | L15: =+K15 -> 0
A16: 13 | B16: 45974 | E16: 20 | F16: 91.59 | G16: =E16*F16 -> 1831.8 | J16: =H16*I16 -> 0 | K16: =G16+J16 -> 1831.8 | L16: =+K16 -> 1831.8
A17: 14 | B17: 45975 | E17: 25 | F17: 91.59 | G17: =E17*F17 -> 2289.75 | J17: =H17*I17 -> 0 | K17: =G17+J17 -> 2289.75 | L17: =+K17 -> 2289.75
A18: 15 | B18: 45976 | E18: 20 | F18: 91.59 | G18: =E18*F18 -> 1831.8 | H18: 12 | I18: 103.53 | J18: =H18*I18 -> 1242.36 | K18: =G18+J18 -> 3074.16 | L18: =+K18 -> 3074.16
A19: 16 | B19: 45977 | E19: 30 | F19: 91.59 | G19: =E19*F19 -> 2747.7 | J19: =H19*I19 -> 0 | K19: =G19+J19 -> 2747.7 | L19: =+K19 -> 2747.7
A20: 17 | B20: 45978 | G20: =E20*F20 -> 0 | J20: =H20*I20 -> 0 | K20: =G20+J20 -> 0 | L20: =+K20 -> 0
A21: 18 | B21: 45979 | E21: 115 | F21: 91.59 | G21: =E21*F21 -> 10532.85 | J21: =H21*I21 -> 0 | K21: =G21+J21 -> 10532.85 | L21: =+K21 -> 10532.85
A22: 19 | B22: 45980 | E22: 20 | F22: 91.59 | G22: =E22*F22 -> 1831.8 | J22: =H22*I22 -> 0 | K22: =G22+J22 -> 1831.8 | L22: =+K22 -> 1831.8
A23: 20 | B23: 45981 | G23: =E23*F23 -> 0 | J23: =H23*I23 -> 0 | K23: =G23+J23 -> 0 | L23: =+K23 -> 0
A24: 21 | B24: 45982 | G24: =E24*F24 -> 0 | J24: =H24*I24 -> 0 | K24: =G24+J24 -> 0 | L24: =+K24 -> 0
A25: 22 | B25: 45983 | G25: =E25*F25 -> 0 | J25: =H25*I25 -> 0 | K25: =G25+J25 -> 0 | L25: =+K25 -> 0
A26: 23 | B26: 45984 | G26: =E26*F26 -> 0 | J26: =H26*I26 -> 0 | K26: =G26+J26 -> 0 | L26: =+K26 -> 0
A27: 24 | B27: 45985 | G27: =E27*F27 -> 0 | J27: =H27*I27 -> 0 | K27: =G27+J27 -> 0 | L27: =+K27 -> 0 | O27: 0
A28: 25 | B28: 45986 | G28: =E28*F28 -> 0 | J28: =H28*I28 -> 0 | K28: =G28+J28 -> 0 | L28: =+K28 -> 0
A29: 26 | B29: 45987 | G29: =E29*F29 -> 0 | J29: =H29*I29 -> 0 | K29: =G29+J29 -> 0 | L29: =+K29 -> 0
A30: 27 | B30: 45988 | G30: =E30*F30 -> 0 | J30: =H30*I30 -> 0 | K30: =G30+J30 -> 0 | L30: =+K30 -> 0
A31: 28 | B31: 45989 | G31: =E31*F31 -> 0 | H31: 12.32 | I31: 103.53 | J31: =H31*I31 -> 1275.4896 | K31: =G31+J31 -> 1275.4896 | L31: =+K31 -> 1275.4896
A32: 29 | B32: 45990 | G32: =E32*F32 -> 0 | J32: =H32*I32 -> 0 | K32: =G32+J32 -> 0 | L32: =+K32 -> 0
A33: 30 | B33: 45991 | G33: =E33*F33 -> 0 | J33: =H33*I33 -> 0 | K33: =G33+J33 -> 0 | L33: =+K33 -> 0
A34: 31 | G34: =E34*F34 -> 0 | J34: =H34*I34 -> 0 | K34: =G34+J34 -> 0
E35: =SUM(E4:E34) -> 335 | G35: =SUM(G4:G34) -> 30682.65 | H35: =SUM(H4:H34) -> 41.86 | J35: =SUM(J4:J34) -> 4333.7658 | K35: =SUM(K4:K34) -> 35016.416 | L35: =SUM(L4:L34) -> 35016.416

Sheet kumta
A1: Krishma fuel station
A2: S.No | B2: Date | C2: GRN No | D2: Ind No/Bill No | E2: Diesel (Lts) | F2: Price | G2: Amount | H2: Petrol (Lts) | I2: Price | J2: Amount | K2: Total amount | L2: Amount paid | M2: As on Date | N2: Remarks
A3: Opening Balance | K3: 0 | M3: =+K3 -> 0
A4: 1 | B4: 45962 | E4: 100 | F4: 91.92 | G4: =E4*F4 -> 9192 | H4: 0 | I4: 0 | J4: 0 | K4: =G4+J4 -> 9192 | L4: =+K4 -> 9192 | M4: =M3+K4-L4 -> 0 | N4: IOCL Card
A5: 2 | B5: 45963 | E5: 65.76 | F5: 91.92 | G5: =E5*F5 -> 6044.6592 | H5: 0 | I5: 0 | J5: =H5*I5 -> 0 | K5: =G5+J5 -> 6044.6592 | L5: =+K5 -> 6044.6592 | M5: =M4+K5-L5 -> 0
A6: 3 | B6: 45964 | E6: 30 | F6: 91.92 | G6: =E6*F6 -> 2757.6 | H6: 0 | I6: 0 | J6: =H6*I6 -> 0 | K6: =G6+J6 -> 2757.6 | L6: =+K6 -> 2757.6 | M6: =M5+K6-L6 -> 0
A7: 4 | B7: 45965 | E7: 50 | F7: 91.92 | G7: =E7*F7 -> 4596 | H7: 0 | I7: 0 | J7: =H7*I7 -> 0 | K7: =G7+J7 -> 4596 | L7: =+K7 -> 4596 | M7: =M6+K7-L7 -> 0
A8: 5 | B8: 45966 | E8: 100 | F8: 91.92 | G8: =E8*F8 -> 9192 | H8: 11.61 | I8: 103.96 | J8: =H8*I8 -> 1206.9756 | K8: =G8+J8 -> 10398.976 | L8: =+K8 -> 10398.976 | M8: =M7+K8-L8 -> 0
A9: 6 | B9: 45967 | E9: 0 | F9: 0 | G9: =E9*F9 -> 0 | H9: 7.32 | I9: 103.96 | J9: =H9*I9 -> 760.9872 | K9: =G9+J9 -> 760.9872 | L9: =+K9 -> 760.9872 | M9: =M8+K9-L9 -> 0 | R9: 91.92
A10: 7 | B10: 45968 | E10: 0 | F10: 0 | G10: =E10*F10 -> 0 | H10: 0 | I10: 0 | J10: =H10*I10 -> 0 | K10: =G10+J10 -> 0 | L10: =+K10 -> 0 | M10: =M9+K10-L10 -> 0
A11: 8 | B11: 45969 | E11: 50 | F11: 91.92 | G11: =E11*F11 -> 4596 | H11: 0 | I11: 0 | J11: =H11*I11 -> 0 | K11: =G11+J11 -> 4596 | L11: =+K11 -> 4596 | M11: =M10+K11-L11 -> 0 | R11: =6.5/675.74 -> 0.0096190843
A12: 9 | B12: 45970 | E12: 0 | F12: 0 | G12: =E12*F12 -> 0 | H12: 0 | I12: 0 | J12: =H12*I12 -> 0 | K12: =G12+J12 -> 0 | L12: =+K12 -> 0 | M12: =M11+K12-L12 -> 0
A13: 10 | B13: 45971 | E13: 0 | F13: 0 | G13: =E13*F13 -> 0 | H13: 0 | I13: 0 | J13: =H13*I13 -> 0 | K13: =G13+J13 -> 0 | L13: =+K13 -> 0 | M13: =M12+K13-L13 -> 0 | R13: =675.74/6.5 -> 103.96
A14: 11 | B14: 45972 | E14: 0 | F14: 0 | G14: =E14*F14 -> 0 | H14: 0 | I14: 0 | J14: =H14*I14 -> 0 | K14: =G14+J14 -> 0 | L14: =+K14 -> 0 | M14: =M13+K14-L14 -> 0
A15: 12 | B15: 45973 | E15: 0 | F15: 0 | G15: =E15*F15 -> 0 | H15: 0 | I15: 0 | J15: =H15*I15 -> 0 | K15: =G15+J15 -> 0 | L15: =+K15 -> 0 | M15: =M14+K15-L15 -> 0
A16: 13 | B16: 45974 | E16: 75 | F16: 91.92 | G16: =E16*F16 -> 6894 | H16: 0 | I16: 0 | J16: =H16*I16 -> 0 | K16: =G16+J16 -> 6894 | L16: =+K16 -> 6894 | M16: =M15+K16-L16 -> 0
A17: 14 | B17: 45975 | E17: 40 | F17: 91.92 | G17: =E17*F17 -> 3676.8 | H17: 5 | I17: 103.96 | J17: =H17*I17 -> 519.8 | K17: =G17+J17 -> 4196.6 | L17: =+K17 -> 4196.6 | M17: =M16+K17-L17 -> 0
A18: 15 | B18: 45976 | E18: 100 | F18: 91.92 | G18: =E18*F18 -> 9192 | H18: 0 | I18: 0 | J18: =H18*I18 -> 0 | K18: =G18+J18 -> 9192 | L18: =+K18 -> 9192 | M18: =M17+K18-L18 -> 0
A19: 16 | B19: 45977 | E19: 80 | F19: 91.92 | G19: =E19*F19 -> 7353.6 | H19: 3 | I19: 103.96 | J19: =H19*I19 -> 311.88 | K19: =G19+J19 -> 7665.48 | L19: =+K19 -> 7665.48 | M19: =M18+K19-L19 -> 0
A20: 17 | B20: 45978 | E20: 80 | F20: 91.92 | G20: =E20*F20 -> 7353.6 | H20: 0 | I20: 0 | J20: =H20*I20 -> 0 | K20: =G20+J20 -> 7353.6 | L20: =+K20 -> 7353.6 | M20: =M19+K20-L20 -> 0
A21: 18 | B21: 45979 | E21: 0 | F21: 0 | G21: =E21*F21 -> 0 | H21: 6 | I21: 103.96 | J21: =H21*I21 -> 623.76 | K21: =G21+J21 -> 623.76 | L21: =+K21 -> 623.76 | M21: =M20+K21-L21 -> 0
A22: 19 | B22: 45980 | E22: 0 | F22: 0 | G22: =E22*F22 -> 0 | H22: 0 | I22: 0 | J22: =H22*I22 -> 0 | K22: =G22+J22 -> 0 | L22: =+K22 -> 0 | M22: =M21+K22-L22 -> 0
A23: 20 | B23: 45981 | E23: 100 | F23: 91.92 | G23: =E23*F23 -> 9192 | H23: 6 | I23: 103.96 | J23: =H23*I23 -> 623.76 | K23: =G23+J23 -> 9815.76 | L23: =+K23 -> 9815.76 | M23: =M22+K23-L23 -> 0
A24: 21 | B24: 45982 | E24: 120 | F24: 91.92 | G24: =E24*F24 -> 11030.4 | H24: 0 | I24: 0 | J24: =H24*I24 -> 0 | K24: =G24+J24 -> 11030.4 | L24: =+K24 -> 11030.4 | M24: =M23+K24-L24 -> 0
A25: 22 | B25: 45983 | E25: 0 | F25: 0 | G25: =E25*F25 -> 0 | H25: 0 | I25: 0 | J25: =H25*I25 -> 0 | K25: =G25+J25 -> 0 | L25: =+K25 -> 0 | M25: =M24+K25-L25 -> 0
... A34: 31 | B34: 45992 | E34: 0 | F34: 0 | G34: =E34*F34 -> 0 | H34: 0 | I34: 0 | J34: =H34*I34 -> 0 | K34: =G34+J34 -> 0 | L34: =+K34 -> 0 | M34: =M33+K34-L34 -> 0
E35: =SUM(E4:E34) -> 1516.29 | G35: =SUM(G4:G34) -> 139377.38 | H35: =SUM(H4:H34) -> 56.5 | J35: =SUM(J4:J34) -> 5873.74 | K35: =SUM(K4:K34) -> 145251.12 | L35: =SUM(L4:L34) -> 145251.12

Sheet Jalgaon
A1: Sri Sai Petrol Pump
A2: S.No | B2: Date | C2: GRN No | D2: Ind No/Bill No | E2: Diesel (Lts) | F2: Price | G2: Amount | H2: Petrol (Lts) | I2: Price | J2: Amount | K2: Total amount | L2: Amount paid | M2: As on Date | N2: Remarks
A3: Opening Balance | K3: 705601.31 | M3: =+K3 -> 705601.31
A4: 1 | B4: 45962 | G4: =E4*F4 -> 0 | H4: 7 | I4: 105.19 | J4: =H4*I4 -> 736.33 | K4: =G4+J4 -> 736.33 | L4: 0 | M4: =M3+K4-L4 -> 706337.64
A5: 2 | B5: 45963 | E5: 580 | F5: 91.71 | G5: =E5*F5 -> 53191.8 | J5: =H5*I5 -> 0 | K5: =G5+J5 -> 53191.8 | L5: 0 | M5: =M4+K5-L5 -> 759529.44
A6: 3 | B6: 45964 | E6: 540 | F6: 91.71 | G6: =E6*F6 -> 49523.4 | H6: 5 | I6: 105.19 | J6: =H6*I6 -> 525.95 | K6: =G6+J6 -> 50049.35 | L6: 0 | M6: =M5+K6-L6 -> 809578.79
A7: 4 | B7: 45964 | H7: 8.65 | I7: 105.5 | J7: =H7*I7 -> 912.575 | K7: =G7+J7 -> 912.575 | L7: 912.58 | M7: =M6+K7-L7 -> 809578.78
A8: 5 | B8: 45965 | E8: 70 | F8: 91.71 | G8: =E8*F8 -> 6419.7 | H8: 5 | I8: 105.19 | J8: =H8*I8 -> 525.95 | K8: =G8+J8 -> 6945.65 | L8: 0 | M8: =M7+K8-L8 -> 816524.43
A9: 6 | B9: 45966 | E9: 579.81 | F9: 91.71 | G9: =E9*F9 -> 53174.375 | J9: =H9*I9 -> 0 | K9: =G9+J9 -> 53174.375 | L9: 0 | M9: =M8+K9-L9 -> 869698.81
A10: 7 | B10: 45967 | E10: 450 | F10: 91.71 | G10: =E10*F10 -> 41269.5 | H10: 21 | I10: 105.19 | J10: =H10*I10 -> 2208.99 | K10: =G10+J10 -> 43478.49 | L10: 0 | M10: =M9+K10-L10 -> 913177.3
A11: 8 | B11: 45968 | E11: 600 | F11: 91.71 | G11: =E11*F11 -> 55026 | J11: =H11*I11 -> 0 | K11: =G11+J11 -> 55026 | L11: 0 | M11: =M10+K11-L11 -> 968203.3
A12: 9 | B12: 45969 | E12: 860 | F12: 91.71 | G12: =E12*F12 -> 78870.6 | H12: 2 | I12: 105.19 | J12: =H12*I12 -> 210.38 | K12: =G12+J12 -> 79080.98 | L12: 0 | M12: =M11+K12-L12 -> 1047284.3
A13: 10 | B13: 45970 | E13: 505 | F13: 91.71 | G13: =E13*F13 -> 46313.55 | J13: =H13*I13 -> 0 | K13: =G13+J13 -> 46313.55 | L13: 0 | M13: =M12+K13-L13 -> 1093597.8
A14: 11 | B14: 45971 | E14: 520 | F14: 91.71 | G14: =E14*F14 -> 47689.2 | J14: 0 | K14: =G14+J14 -> 47689.2 | L14: 0 | M14: =M13+K14-L14 -> 1141287
A15: 12 | B15: 45971 | E15: 30.79 | F15: 97.41 | G15: =E15*F15 -> 2999.2539 | K15: =G15+J15 -> 2999.2539 | L15: 3000 | M15: =M14+K15-L15 -> 1141286.3
A16: 13 | B16: 45972 | E16: 70 | F16: 97.41 | G16: =E16*F16 -> 6818.7 | H16: 6 | I16: 105.19 | J16: =H16*I16 -> 631.14 | K16: =G16+J16 -> 7449.84 | L16: 0 | M16: =M15+K16-L16 -> 1148736.1
A17: 14 | B17: 45972 | E17: 30 | F17: 91.61 | G17: =E17*F17 -> 2748.3 | K17: =G17+J17 -> 2748.3 | M17: =M16+K17-L17 -> 1151484.4
A18: 15 | B18: 45973 | E18: 601.85 | F18: 91.71 | G18: =E18*F18 -> 55195.663 | J18: =H18*I18 -> 0 | K18: =G18+J18 -> 55195.663 | L18: 0 | M18: =M17+K18-L18 -> 1206680.1
A19: 16 | B19: 45974 | E19: 495 | F19: 91.71 | G19: =E19*F19 -> 45396.45 | H19: 6 | I19: 105.19 | J19: =H19*I19 -> 631.14 | K19: =G19+J19 -> 46027.59 | L19: 0 | M19: =M18+K19-L19 -> 1252707.7
A20: 17 | B20: 45975 | E20: 546.23 | F20: 91.71 | G20: =E20*F20 -> 50094.753 | J20: =H20*I20 -> 0 | K20: =G20+J20 -> 50094.753 | L20: 0 | M20: =M19+K20-L20 -> 1302802.4
A21: 18 | B21: 45975 | E21: 10.87 | F21: 92.03 | G21: =E21*F21 -> 1000.3661 | K21: =G21+J21 -> 1000.3661 | L21: 1000.26 | M21: =M20+K21-L21 -> 1302802.5
A22: 19 | B22: 45975 | E22: 70 | F22: 91.61 | G22: =E22*F22 -> 6412.7 | K22: =G22+J22 -> 6412.7 | M22: =M21+K22-L22 -> 1309215.2
A23: 20 | B23: 45976 | E23: 580 | F23: 91.71 | G23: =E23*F23 -> 53191.8 | J23: =H23*I23 -> 0 | K23: =G23+J23 -> 53191.8 | L23: 0 | M23: =M22+K23-L23 -> 1362407
A24: 21 | B24: 45977 | E24: 500 | F24: 91.71 | G24: =E24*F24 -> 45855 | J24: =H24*I24 -> 0 | K24: =G24+J24 -> 45855 | L24: 0 | M24: =M23+K24-L24 -> 1408262
A25: 22 | B25: 45977 | E25: 100 | F25: 91.61 | G25: =E25*F25 -> 9161 | K25: =G25+J25 -> 9161 | M25: =M24+K25-L25 -> 1417423
A26: 23 | B26: 45978 | E26: 115 | F26: 91.71 | G26: =E26*F26 -> 10546.65 | H26: 2 | I26: 105.19 | J26: =H26*I26 -> 210.38 | K26: =G26+J26 -> 10757.03 | L26: 0 | M26: =M25+K26-L26 -> 1428180.1
A27: 24 | B27: 45979 | E27: 675 | F27: 91.71 | G27: =E27*F27 -> 61904.25 | H27: 6 | I27: 105.19 | J27: =H27*I27 -> 631.14 | K27: =G27+J27 -> 62535.39 | L27: 0 | M27: =M26+K27-L27 -> 1490715.5
A28: 25 | B28: 45980 | E28: 138.56 | F28: 91.71 | G28: =E28*F28 -> 12707.338 | J28: =H28*I28 -> 0 | K28: =G28+J28 -> 12707.338 | L28: 0 | M28: =M27+K28-L28 -> 1503422.8
A29: 26 | B29: 45980 | E29: 500 | F29: 91.61 | G29: =E29*F29 -> 45805 | H29: 6 | I29: 105.19 | J29: =H29*I29 -> 631.14 | K29: =G29+J29 -> 46436.14 | L29: 0 | M29: =M28+K29-L29 -> 1549858.9
A30: 27 | B30: 45981 | E30: 600 | F30: 91.71 | G30: =E30*F30 -> 55026 | J30: =H30*I30 -> 0 | K30: =G30+J30 -> 55026 | L30: 0 | M30: =M29+K30-L30 -> 1604884.9
A31: 28 | B31: 45981 | E31: 70 | F31: 91.61 | G31: =E31*F31 -> 6412.7 | J31: =H31*I31 -> 0 | K31: =G31+J31 -> 6412.7 | L31: 1000000 | M31: =M30+K31-L31 -> 611297.63
A32: 29 | B32: 45982 | E32: 905 | F32: 91.71 | G32: =E32*F32 -> 82997.55 | J32: =H32*I32 -> 0 | K32: =G32+J32 -> 82997.55 | L32: 0 | M32: =M31+K32-L32 -> 694295.18
A33: 30 | B33: 45983 | E33: 1570 | F33: 91.71 | G33: =E33*F33 -> 143984.7 | H33: 3 | I33: 105.19 | J33: =H33*I33 -> 315.57 | K33: =G33+J33 -> 144300.27 | L33: 0 | M33: =M32+K33-L33 -> 838595.45
A34: 31 | B34: 45984 | G34: =E34*F34 -> 0 | H34: 6 | I34: 105.19 | J34: =H34*I34 -> 631.14 | K34: =G34+J34 -> 631.14 | L34: 0 | M34: =M33+K34-L34 -> 839226.59
A35: 32 | B35: 45985 | E35: 400 | F35: 91.71 | G35: =E35*F35 -> 36684 | H35: 6 | I35: 105.19 | J35: =H35*I35 -> 631.14 | K35: =G35+J35 -> 37315.14 | L35: 0 | M35: =M34+K35-L35 -> 876541.73
A36: 33 | B36: 45986 | E36: 400 | F36: 91.71 | G36: =E36*F36 -> 36684 | J36: =H36*I36 -> 0 | K36: =G36+J36 -> 36684 | L36: 0 | M36: =M35+K36-L36 -> 913225.73
A37: 34 | B37: 45988 | E37: 600 | F37: 91.71 | G37: =E37*F37 -> 55026 | H37: 12 | I37: 105.19 | J37: =H37*I37 -> 1262.28 | K37: =G37+J37 -> 56288.28 | L37: 0 | M37: =M36+K37-L37 -> 969514.01 | P37: 41
A38: 35 | B38: 45989 | E38: 1499.61 | F38: 91.71 | G38: =E38*F38 -> 137529.23 | H38: 30 | I38: 105.19 | J38: =H38*I38 -> 3155.7 | K38: =G38+J38 -> 140684.93 | L38: 0 | M38: =M37+K38-L38 -> 1110198.9 | P38: 40 | Q38: 5
A39: 36 | B39: 45990 | E39: 400 | F39: 91.71 | G39: =E39*F39 -> 36684 | H39: 15 | I39: 105.19 | J39: =H39*I39 -> 1577.85 | K39: =G39+J39 -> 38261.85 | L39: 0 | M39: =M38+K39-L39 -> 1148460.8
A40: 37 | G40: =E40*F40 -> 0 | J40: =H40*I40 -> 0 | K40: =G40+J40 -> 0 | L40: 0 | M40: =M39+K40-L40 -> 1148460.8
A41: 38 | G41: =E41*F41 -> 0 | J41: =H41*I41 -> 0 | K41: =G41+J41 -> 0 | L41: 0 | M41: =M40+K41-L41 -> 1148460.8
A42: 39 | G42: =E42*F42 -> 0 | J42: =H42*I42 -> 0 | K42: =G42+J42 -> 0 | L42: 0 | M42: =M41+K42-L42 -> 1148460.8
A43: 40 | G43: =E43*F43 -> 0 | J43: =H43*I43 -> 0 | K43: =G43+J43 -> 0 | L43: 0 | M43: =M42+K43-L43 -> 1148460.8
A44: 41 | G44: =E44*F44 -> 0 | J44: =H44*I44 -> 0 | K44: =G44+J44 -> 0 | L44: 0 | M44: =M43+K44-L44 -> 1148460.8
A45: 42 | G45: =E45*F45 -> 0 | J45: =H45*I45 -> 0 | K45: =G45+J45 -> 0 | L45: 0 | M45: =M44+K45-L45 -> 1148460.8
A46: 43 | G46: =E46*F46 -> 0 | J46: =H46*I46 -> 0 | K46: =G46+J46 -> 0 | L46: 0 | M46: =M45+K46-L46 -> 1148460.8
A47: 44 | G47: =E47*F47 -> 0 | J47: =H47*I47 -> 0 | K47: =G47+J47 -> 0 | L47: 0 | M47: =M46+K47-L47 -> 1148460.8
A48: 45 | G48: =E48*F48 -> 0 | J48: =H48*I48 -> 0 | K48: =G48+J48 -> 0 | L48: 0 | M48: =M47+K48-L48 -> 1148460.8
A49: 46 | G49: =E49*F49 -> 0 | J49: =H49*I49 -> 0 | K49: =G49+J49 -> 0 | L49: 0 | M49: =M48+K49-L49 -> 1148460.8
A50: 47 | G50: =E50*F50 -> 0 | J50: =H50*I50 -> 0 | K50: =G50+J50 -> 0 | L50: 0 | M50: =M49+K50-L50 -> 1148460.8
A51: 48 | G51: =E51*F51 -> 0 | J51: =H51*I51 -> 0 | K51: =G51+J51 -> 0 | L51: 0 | M51: =M50+K51-L51 -> 1148460.8
A52: 49 | G52: =E52*F52 -> 0 | J52: =H52*I52 -> 0 | K52: =G52+J52 -> 0 | L52: 0 | M52: =M51+K52-L52 -> 1148460.8
A53: 50 | G53: =E53*F53 -> 0 | J53: =H53*I53 -> 0 | K53: =G53+J53 -> 0 | L53: 0 | M53: =M52+K53-L53 -> 1148460.8 | O53: 1109792.3 | P53: =M53-O53 -> 38668.515
E54: =SUM(E4:E53) -> 15612.72 | G54: =SUM(G4:G53) -> 1432343.5 | H54: =SUM(H4:H53) -> 146.65 | J54: =SUM(J4:J53) -> 15428.795 | K54: =SUM(K4:K53) -> 1447772.3 | L54: =SUM(L4:L53) -> 1004912.8

Sheet MKBD
A1: Shree Sai Samarth Petroleum
A2: S.No | B2: Date | C2: GRN No | D2: Ind No/Bill No | E2: Diesel (Lts) | F2: Price | G2: Amount | H2: Petrol (Lts) | I2: Price | J2: Amount | K2: Total amount | L2: Amount paid | M2: As on Date | N2: Remarks
A3: Opening Balance | K3: 276716.65 | M3: =+K3 -> 276716.65 | O3: 1194597
A4: 1 | B4: 45962 | C4: 0 | E4: 0 | F4: 0 | G4: =E4*F4 -> 0 | H4: 0 | I4: 0 | J4: =H4*I4 -> 0 | K4: =G4+J4 -> 0 | M4: =M3+K4-L4 -> 276716.65
A5: 2 | B5: 45963 | C5: 0 | E5: 0 | F5: 0 | G5: =E5*F5 -> 0 | H5: 0 | I5: 0 | J5: =H5*I5 -> 0 | K5: =G5+J5 -> 0 | M5: =M4+K5-L5 -> 276716.65
A6: 3 | B6: 45964 | C6: 0 | E6: 0 | F6: 0 | G6: =E6*F6 -> 0 | H6: 0 | I6: 0 | J6: =H6*I6 -> 0 | K6: =G6+J6 -> 0 | M6: =M5+K6-L6 -> 276716.65
A7: 4 | B7: 45965 | C7: 0 | E7: 0 | F7: 0 | G7: 0 | H7: 0 | I7: 0 | J7: 0 | K7: 0 | M7: =M6+K7-L7 -> 276716.65
A8: 5 | B8: 45966 | C8: 0 | E8: 0 | F8: 0 | G8: =E8*F8 -> 0 | H8: 0 | I8: 0 | J8: =H8*I8 -> 0 | K8: =G8+J8 -> 0 | M8: =M7+K8-L8 -> 276716.65
A9: 6 | B9: 45967 | C9: 0 | E9: 0 | F9: 0 | G9: =E9*F9 -> 0 | H9: 0 | I9: 0 | J9: =H9*I9 -> 0 | K9: =G9+J9 -> 0 | M9: =M8+K9-L9 -> 276716.65
A10: 7 | B10: 45968 | C10: 0 | E10: 0 | F10: 0 | G10: =E10*F10 -> 0 | H10: 0 | I10: 0 | J10: =H10*I10 -> 0 | K10: =G10+J10 -> 0 | M10: =M9+K10-L10 -> 276716.65
A11: 8 | B11: 45969 | C11: 0 | E11: 0 | F11: 0 | G11: =E11*F11 -> 0 | H11: 0 | I11: 0 | J11: =H11*I11 -> 0 | K11: =G11+J11 -> 0 | M11: =M10+K11-L11 -> 276716.65
A12: 9 | B12: 45970 | C12: 0 | E12: 0 | F12: 0 | G12: =E12*F12 -> 0 | H12: 0 | I12: 0 | J12: =H12*I12 -> 0 | K12: =G12+J12 -> 0 | M12: =M11+K12-L12 -> 276716.65
A13: 10 | B13: 45971 | C13: 0 | E13: 600 | F13: 91.14 | G13: =E13*F13 -> 54684 | H13: 20 | I13: 104.6 | J13: =H13*I13 -> 2092 | K13: =G13+J13 -> 56776 | M13: =M12+K13-L13 -> 333492.65
A14: 11 | B14: 45972 | C14: 0 | G14: =E14*F14 -> 0 | J14: =H14*I14 -> 0 | K14: =G14+J14 -> 0 | M14: =M13+K14-L14 -> 333492.65
A15: 12 | B15: 45973 | C15: 0 | E15: 500 | F15: 91.14 | G15: =E15*F15 -> 45570 | H15: 20 | I15: 104.6 | J15: =H15*I15 -> 2092 | K15: =G15+J15 -> 47662 | M15: =M14+K15-L15 -> 381154.65
A16: 13 | B16: 45974 | C16: 0 | G16: =E16*F16 -> 0 | J16: =H16*I16 -> 0 | K16: =G16+J16 -> 0 | M16: =M15+K16-L16 -> 381154.65
A17: 14 | B17: 45975 | C17: 0 | G17: =E17*F17 -> 0 | J17: =H17*I17 -> 0 | K17: =G17+J17 -> 0 | M17: =M16+K17-L17 -> 381154.65
A18: 15 | B18: 45976 | C18: 0 | G18: =E18*F18 -> 0 | J18: =H18*I18 -> 0 | K18: =G18+J18 -> 0 | M18: =M17+K18-L18 -> 381154.65
A19: 16 | B19: 45977 | C19: 0 | G19: =E19*F19 -> 0 | J19: =H19*I19 -> 0 | K19: =G19+J19 -> 0 | M19: =M18+K19-L19 -> 381154.65
A20: 17 | B20: 45978 | C20: 0 | G20: =E20*F20 -> 0 | J20: =H20*I20 -> 0 | K20: =G20+J20 -> 0 | M20: =M19+K20-L20 -> 381154.65
A21: 18 | B21: 45979 | C21: 0 | G21: =E21*F21 -> 0 | J21: =H21*I21 -> 0 | K21: =G21+J21 -> 0 | M21: =M20+K21-L21 -> 381154.65
A22: 19 | B22: 45980 | C22: 0 | G22: =E22*F22 -> 0 | H22: 0 | I22: 0 | J22: =H22*I22 -> 0 | K22: =G22+J22 -> 0 | M22: =M21+K22-L22 -> 381154.65
A23: 20 | B23: 45981 | C23: 0 | G23: =E23*F23 -> 0 | H23: 0 | I23: 0 | J23: =H23*I23 -> 0 | K23: =G23+J23 -> 0 | M23: =M22+K23-L23 -> 381154.65
A24: 21 | B24: 45982 | C24: 0 | E24: 0 | F24: 0 | G24: =E24*F24 -> 0 | H24: 0 | I24: 0 | J24: =H24*I24 -> 0 | K24: =G24+J24 -> 0 | M24: =M23+K24-L24 -> 381154.65
A25: 22 | B25: 45983 | C25: 0 | E25: 0 | F25: 0 | G25: =E25*F25 -> 0 | H25: 0 | I25: 0 | J25: =H25*I25 -> 0 | K25: =G25+J25 -> 0 | M25: =M24+K25-L25 -> 381154.65
A26: 23 | B26: 45984 | C26: 0 | E26: 0 | F26: 0 | G26: =E26*F26 -> 0 | H26: 0 | I26: 0 | J26: =H26*I26 -> 0 | K26: =G26+J26 -> 0 | M26: =M25+K26-L26 -> 381154.65
A27: 24 | B27: 45985 | C27: 0 | E27: 0 | F27: 0 | G27: =E27*F27 -> 0 | H27: 0 | I27: 0 | J27: =H27*I27 -> 0 | K27: =G27+J27 -> 0 | M27: =M26+K27-L27 -> 381154.65
A28: 25 | B28: 45986 | C28: 0 | E28: 600 | F28: 91.14 | G28: =E28*F28 -> 54684 | H28: 20 | I28: 104.6 | J28: =H28*I28 -> 2092 | K28: =G28+J28 -> 56776 | M28: =M27+K28-L28 -> 437930.65
A29: 26 | B29: 45987 | C29: 0 | E29: 0 | F29: 0 | G29: =E29*F29 -> 0 | H29: 0 | I29: 0 | J29: =H29*I29 -> 0 | K29: =G29+J29 -> 0 | M29: =M28+K29-L29 -> 437930.65
A30: 27 | B30: 45988 | C30: 0 | E30: 0 | F30: 0 | G30: =E30*F30 -> 0 | H30: 0 | I30: 0 | J30: =H30*I30 -> 0 | K30: =G30+J30 -> 0 | M30: =M29+K30-L30 -> 437930.65
A31: 28 | B31: 45989 | C31: 0 | E31: 0 | F31: 0 | G31: =E31*F31 -> 0 | H31: 0 | I31: 0 | J31: =H31*I31 -> 0 | K31: =G31+J31 -> 0 | M31: =M30+K31-L31 -> 437930.65
A32: 29 | B32: 45990 | C32: 0 | E32: 0 | F32: 0 | G32: =E32*F32 -> 0 | H32: 0 | I32: 0 | J32: =H32*I32 -> 0 | K32: =G32+J32 -> 0 | M32: =M31+K32-L32 -> 437930.65
A33: 30 | B33: 45991 | C33: 0 | E33: 0 | F33: 0 | G33: =E33*F33 -> 0 | H33: 0 | I33: 0 | J33: =H33*I33 -> 0 | K33: =G33+J33 -> 0 | M33: =M32+K33-L33 -> 437930.65
A34: 31 | C34: 0 | E34: 0 | F34: 0 | G34: =E34*F34 -> 0 | H34: 0 | I34: 0 | J34: =H34*I34 -> 0 | K34: =G34+J34 -> 0 | M34: =M33+K34-L34 -> 437930.65
A35: 32 | E35: 0 | F35: 0 | G35: =E35*F35 -> 0 | H35: 0 | I35: 0 | J35: =H35*I35 -> 0 | K35: =G35+J35 -> 0 | M35: =M34+K35-L35 -> 437930.65 | P35: 1194597.7 | Q35: =P35-M35 -> 756667.06
E36: =SUM(E4:E35) -> 1700 | G36: =SUM(G4:G35) -> 154938 | H36: =SUM(H4:H35) -> 60 | J36: =SUM(J4:J35) -> 6276 | K36: =SUM(K4:K35) -> 161214 | L36: =SUM(L4:L35) -> 0

Sheet Haveri
A1: Shivalingeshwar Petroleum
A2: S.No | B2: Date | C2: GRN No | D2: Ind No/Bill No | E2: Diesel (Lts) | F2: Price | G2: Amount | H2: Petrol (Lts) | I2: Price | J2: Amount | K2: Total amount | L2: Amount paid | M2: As on Date | N2: Remarks
D3: Opening Balance | L3: 127726.19 | M3: 127726.19
A4: 1 | B4: 45962 | E4: 0 | F4: 0 | G4: 0 | H4: 7 | I4: 103.4 | J4: =H4*I4 -> 723.8 | K4: =G4+J4 -> 723.8 | L4: 0 | M4: =M3+K4-L4 -> 128449.99
A5: 2 | B5: 45963 | E5: 100 | F5: 91.47 | G5: =E5*F5 -> 9147 | H5: 0 | I5: 0 | J5: =H5*I5 -> 0 | K5: =G5+J5 -> 9147 | L5: 0 | M5: =M4+K5-L5 -> 137596.99
A6: 3 | B6: 45964 | E6: 173 | F6: 91.47 | G6: =E6*F6 -> 15824.31 | H6: 0 | I6: 0 | J6: =H6*I6 -> 0 | K6: =G6+J6 -> 15824.31 | L6: 0 | M6: =M5+K6-L6 -> 153421.3
A7: 4 | B7: 45965 | E7: 328.27 | F7: 91.47 | G7: =E7*F7 -> 30026.857 | H7: 6.71 | I7: 103.4 | J7: =H7*I7 -> 693.814 | K7: =G7+J7 -> 30720.671 | L7: 0 | M7: =M6+K7-L7 -> 184141.98
A8: 5 | B8: 45966 | E8: 205 | F8: 91.47 | G8: =E8*F8 -> 18751.35 | H8: 10 | I8: 103.4 | J8: =H8*I8 -> 1034 | K8: =G8+J8 -> 19785.35 | L8: 0 | M8: =M7+K8-L8 -> 203927.33
A9: 6 | B9: 45967 | E9: 40 | F9: 91.47 | G9: =E9*F9 -> 3658.8 | H9: 0 | I9: 0 | J9: =H9*I9 -> 0 | K9: =G9+J9 -> 3658.8 | L9: 0 | M9: =M8+K9-L9 -> 207586.13
A10: 7 | B10: 45968 | E10: 0 | F10: 0 | G10: =E10*F10 -> 0 | H10: 0 | I10: 0 | J10: =H10*I10 -> 0 | K10: =G10+J10 -> 0 | L10: 0 | M10: =M9+K10-L10 -> 207586.13
A11: 8 | B11: 45969 | E11: 138.9 | F11: 91.47 | G11: =E11*F11 -> 12705.183 | H11: 0 | I11: 0 | J11: =H11*I11 -> 0 | K11: =G11+J11 -> 12705.183 | L11: 0 | M11: =M10+K11-L11 -> 220291.31
A12: 9 | B12: 45970 | E12: 0 | F12: 0 | G12: =E12*F12 -> 0 | H12: 0 | I12: 0 | J12: =H12*I12 -> 0 | K12: =G12+J12 -> 0 | L12: 0 | M12: =M11+K12-L12 -> 220291.31 | O12: .
A13: 10 | B13: 45971 | E13: 275 | F13: 91.47 | G13: =E13*F13 -> 25154.25 | H13: 31.65 | I13: 103.4 | J13: =H13*I13 -> 3272.61 | K13: =G13+J13 -> 28426.86 | L13: 0 | M13: =M12+K13-L13 -> 248718.17
A14: 11 | B14: 45972 | E14: 60.12 | F14: 91.47 | G14: =E14*F14 -> 5499.1764 | H14: 0 | I14: 0 | J14: =H14*I14 -> 0 | K14: =G14+J14 -> 5499.1764 | L14: 5500 | M14: =M13+K14-L14 -> 248717.34
A15: 12 | B15: 45973 | E15: 0 | F15: 0 | G15: =E15*F15 -> 0 | H15: 0 | I15: 0 | J15: =H15*I15 -> 0 | K15: =G15+J15 -> 0 | L15: 0 | M15: =M14+K15-L15 -> 248717.34
A16: 13 | B16: 45974 | E16: 50 | F16: 91.49 | G16: =E16*F16 -> 4574.5 | H16: 5 | I16: 103.4 | J16: =H16*I16 -> 517 | K16: =G16+J16 -> 5091.5 | L16: 5091.5 | M16: =M15+K16-L16 -> 248717.34
B17: 45974 | E17: 30 | F17: 91.47 | G17: =E17*F17 -> 2744.1 | K17: =G17+J17 -> 2744.1 | L17: 2744.1 | M17: =M16+K17-L17 -> 248717.34
A18: 14 | B18: 45975 | E18: 218.65 | F18: 91.47 | G18: =E18*F18 -> 19999.915 | H18: 3.99 | I18: 103.4 | J18: =H18*I18 -> 412.566 | K18: =G18+J18 -> 20412.481 | L18: 20000 | M18: =M17+K18-L18 -> 249129.83
A19: 15 | B19: 45976 | E19: 34 | F19: 91.47 | G19: =E19*F19 -> 3109.98 | H19: 13.86 | I19: 103.4 | J19: =H19*I19 -> 1433.124 | K19: =G19+J19 -> 4543.104 | L19: 248000 | M19: =M18+K19-L19 -> 5672.9305
A20: 16 | B20: 45977 | E20: 50 | F20: 91.47 | G20: =E20*F20 -> 4573.5 | H20: 8 | I20: 103.4 | J20: =H20*I20 -> 827.2 | K20: =G20+J20 -> 5400.7 | L20: 4400 | M20: =M19+K20-L20 -> 6673.6305
A21: 17 | B21: 45978 | E21: 365.65 | F21: 91.47 | G21: =E21*F21 -> 33446.005 | H21: 13 | I21: 103.4 | J21: =H21*I21 -> 1344.2 | K21: =G21+J21 -> 34790.205 | L21: 0 | M21: =M20+K21-L21 -> 41463.836
A22: 18 | B22: 45979 | E22: 0 | F22: 0 | G22: =E22*F22 -> 0 | H22: 0 | I22: 0 | J22: =H22*I22 -> 0 | K22: =G22+J22 -> 0 | L22: 0 | M22: =M21+K22-L22 -> 41463.836
A23: 19 | B23: 45980 | E23: 70.12 | F23: 91.47 | G23: =E23*F23 -> 6413.8764 | H23: 0 | I23: 0 | J23: =H23*I23 -> 0 | K23: =G23+J23 -> 6413.8764 | L23: 0 | M23: =M22+K23-L23 -> 47877.712
A24: 20 | B24: 45981 | E24: 92.41 | F24: 91.47 | G24: =E24*F24 -> 8452.7427 | H24: 0 | I24: 0 | J24: =H24*I24 -> 0 | K24: =G24+J24 -> 8452.7427 | L24: 0 | M24: =M23+K24-L24 -> 56330.455
A25: 21 | B25: 45982 | E25: 177 | F25: 91.47 | G25: =E25*F25 -> 16190.19 | H25: 0 | I25: 0 | J25: =H25*I25 -> 0 | K25: =G25+J25 -> 16190.19 | L25: 40000 | M25: =M24+K25-L25 -> 32520.645
A26: 22 | B26: 45983 | E26: 458 | F26: 91.47 | G26: =E26*F26 -> 41893.26 | H26: 18.5 | I26: 103.4 | J26: =H26*I26 -> 1912.9 | K26: =G26+J26 -> 43806.16 | L26: 0 | M26: =M25+K26-L26 -> 76326.805
A27: 23 | B27: 45984 | E27: 0 | F27: 0 | G27: =E27*F27 -> 0 | H27: 0 | I27: 0 | J27: =H27*I27 -> 0 | K27: =G27+J27 -> 0 | L27: 0 | M27: =M26+K27-L27 -> 76326.805
A28: 24 | B28: 45985 | E28: 237.55 | F28: 91.47 | G28: =E28*F28 -> 21728.699 | H28: 0 | I28: 0 | J28: =H28*I28 -> 0 | K28: =G28+J28 -> 21728.699 | L28: 0 | M28: =M27+K28-L28 -> 98055.504
A29: 25 | B29: 45986 | E29: 333.63 | F29: 91.47 | G29: =E29*F29 -> 30517.136 | H29: 10 | I29: 103.4 | J29: =H29*I29 -> 1034 | K29: =G29+J29 -> 31551.136 | L29: 0 | M29: =M28+K29-L29 -> 129606.64
A30: 26 | B30: 45987 | E30: 270.81 | F30: 91.47 | G30: =E30*F30 -> 24770.991 | H30: 11.02 | I30: 103.4 | J30: =H30*I30 -> 1139.468 | K30: =G30+J30 -> 25910.459 | L30: 0 | M30: =M29+K30-L30 -> 155517.1
A31: 27 | B31: 45988 | E31: 345.96 | F31: 91.47 | G31: =E31*F31 -> 31644.961 | H31: 0 | I31: 0 | J31: =H31*I31 -> 0 | K31: =G31+J31 -> 31644.961 | L31: 0 | M31: =M30+K31-L31 -> 187162.06 | R31: 46.61
A32: 28 | B32: 45989 | E32: 415.59 | F32: 91.47 | G32: =E32*F32 -> 38014.017 | H32: 0 | I32: 0 | J32: =H32*I32 -> 0 | K32: =G32+J32 -> 38014.017 | L32: 0 | M32: =M31+K32-L32 -> 225176.08 | R32: 100
A33: 29 | B33: 45990 | E33: 0 | F33: 0 | G33: =E33*F33 -> 0 | H33: 0 | I33: 0 | J33: =H33*I33 -> 0 | K33: =G33+J33 -> 0 | L33: 0 | M33: =M32+K33-L33 -> 225176.08 | R33: 35
A34: 30 | B34: 45991 | E34: 0 | F34: 0 | G34: =E34*F34 -> 0 | H34: 0 | I34: 0 | J34: =H34*I34 -> 0 | K34: =G34+J34 -> 0 | L34: 0 | M34: =M33+K34-L34 -> 225176.08 | N34: BPCL OTP
A35: 31 | B35: 45992 | E35: 0 | F35: 0 | G35: =E35*F35 -> 0 | H35: 0 | I35: 0 | J35: =H35*I35 -> 0 | K35: =G35+J35 -> 0 | L35: 0 | M35: =M34+K35-L35 -> 225176.08
H36: 0 | I36: 0 | M36: =M35+K36-L36 -> 225176.08
E37: =SUM(E4:E35) -> 4469.66 | G37: =SUM(G4:G35) -> 408840.8 | H37: =SUM(H4:H35) -> 138.73 | J37: =SUM(J4:J35) -> 14344.682 | K37: =SUM(K4:K35) -> 423185.48 | L37: =SUM(L4:L35) -> 325735.6
I40: =K25+L25 -> 56190.19

Sheet Guttal
A1: Taware filling station
A2: S.No | B2: Date | C2: GRN No | D2: Ind No/Bill No | E2: Diesel (Lts) | F2: Price | G2: Amount | H2: Petrol (Lts) | I2: Price | J2: Amount | K2: Total amount | L2: Amount paid | M2: As on Date | N2: Remarks
D3: Opening Balance | K3: 36956.064 | L3: 0 | M3: =+K3 -> 36956.064
A4: 1 | B4: 45962 | G4: =E4*F4 -> 0 | H4: 0 | I4: 0 | J4: =H4*I4 -> 0 | K4: =G4+J4 -> 0 | L4: 0 | M4: =M3+K4-L4 -> 36956.064
A5: 2 | B5: 45963 | G5: =E5*F5 -> 0 | H5: 0 | I5: 0 | J5: =H5*I5 -> 0 | K5: =G5+J5 -> 0 | M5: =M4+K5-L5 -> 36956.064
A6: 3 | B6: 45964 | E6: 95 | F6: 91.8 | G6: =E6*F6 -> 8721 | H6: 10 | I6: 103.76 | J6: =H6*I6 -> 1037.6 | K6: =G6+J6 -> 9758.6 | M6: =M5+K6-L6 -> 46714.664
A7: 4 | B7: 45965 | E7: 50 | F7: 91.8 | G7: =E7*F7 -> 4590 | J7: =H7*I7 -> 0 | K7: =G7+J7 -> 4590 | M7: =M6+K7-L7 -> 51304.664
A8: 5 | B8: 45966 | E8: 100 | F8: 91.8 | G8: =E8*F8 -> 9180 | H8: 5 | I8: 103.76 | J8: =H8*I8 -> 518.8 | K8: =G8+J8 -> 9698.8 | M8: =M7+K8-L8 -> 61003.464
A9: 6 | B9: 45967 | E9: 60 | F9: 91.8 | G9: =E9*F9 -> 5508 | H9: 5 | I9: 103.76 | J9: =H9*I9 -> 518.8 | K9: =G9+J9 -> 6026.8 | L9: 25000 | M9: =M8+K9-L9 -> 42030.264
A10: 7 | B10: 45968 | E10: 285 | F10: 91.8 | G10: =E10*F10 -> 26163 | J10: =H10*I10 -> 0 | K10: =G10+J10 -> 26163 | M10: =M9+K10-L10 -> 68193.264
A11: 8 | B11: 45969 | E11: 150 | F11: 91.8 | G11: =E11*F11 -> 13770 | H11: 5 | I11: 103.76 | J11: =H11*I11 -> 518.8 | K11: =G11+J11 -> 14288.8 | M11: =M10+K11-L11 -> 82482.064
A12: 9 | B12: 45970 | G12: =E12*F12 -> 0 | H12: 10 | I12: 103.76 | J12: =H12*I12 -> 1037.6 | K12: =G12+J12 -> 1037.6 | M12: =M11+K12-L12 -> 83519.664 | O12: .
A13: 10 | B13: 45971 | G13: =E13*F13 -> 0 | J13: =H13*I13 -> 0 | K13: =G13+J13 -> 0 | M13: =M12+K13-L13 -> 83519.664
A14: 11 | B14: 45972 | G14: =E14*F14 -> 0 | H14: 5 | I14: 103.76 | J14: =H14*I14 -> 518.8 | K14: =G14+J14 -> 518.8 | M14: =M13+K14-L14 -> 84038.464
A15: 12 | B15: 45973 | G15: =E15*F15 -> 0 | J15: =H15*I15 -> 0 | K15: =G15+J15 -> 0 | M15: =M14+K15-L15 -> 84038.464
A16: 13 | B16: 45974 | E16: 50 | F16: 91.8 | G16: =E16*F16 -> 4590 | J16: =H16*I16 -> 0 | K16: =G16+J16 -> 4590 | M16: =M15+K16-L16 -> 88628.464
A17: 14 | B17: 45975 | E17: 50 | F17: 91.8 | G17: =E17*F17 -> 4590 | H17: 5 | I17: 103.76 | J17: =H17*I17 -> 518.8 | K17: =G17+J17 -> 5108.8 | M17: =M16+K17-L17 -> 93737.264
A18: 15 | B18: 45976 | E18: 50 | F18: 91.8 | G18: =E18*F18 -> 4590 | J18: =H18*I18 -> 0 | K18: =G18+J18 -> 4590 | L18: 40000 | M18: =M17+K18-L18 -> 58327.264
A19: 16 | B19: 45977 | G19: =E19*F19 -> 0 | J19: =H19*I19 -> 0 | K19: =G19+J19 -> 0 | M19: =M18+K19-L19 -> 58327.264
A20: 17 | B20: 45978 | E20: 50 | F20: 91.8 | G20: =E20*F20 -> 4590 | H20: 10 | I20: 103.76 | J20: =H20*I20 -> 1037.6 | K20: =G20+J20 -> 5627.6 | M20: =M19+K20-L20 -> 63954.864
A21: 18 | B21: 45979 | E21: 195 | F21: 91.8 | G21: =E21*F21 -> 17901 | H21: 5 | I21: 103.76 | J21: =H21*I21 -> 518.8 | K21: =G21+J21 -> 18419.8 | M21: =M20+K21-L21 -> 82374.664
A22: 19 | B22: 45980 | E22: 100 | F22: 91.8 | G22: =E22*F22 -> 9180 | H22: 10 | I22: 103.76 | J22: =H22*I22 -> 1037.6 | K22: =G22+J22 -> 10217.6 | L22: 0 | M22: =M21+K22-L22 -> 92592.264
A23: 20 | B23: 45981 | G23: =E23*F23 -> 0 | H23: 0 | I23: 0 | J23: =H23*I23 -> 0 | K23: =G23+J23 -> 0 | L23: 90000 | M23: =M22+K23-L23 -> 2592.264
A24: 21 | B24: 45982 | E24: 50 | F24: 91.8 | G24: =E24*F24 -> 4590 | H24: 5 | I24: 103.76 | J24: =H24*I24 -> 518.8 | K24: =G24+J24 -> 5108.8 | L24: 0 | M24: =M23+K24-L24 -> 7701.064
A25: 22 | B25: 45983 | E25: 70 | F25: 91.8 | G25: =E25*F25 -> 6426 | H25: 0 | I25: 0 | J25: =H25*I25 -> 0 | K25: =G25+J25 -> 6426 | L25: 0 | M25: =M24+K25-L25 -> 14127.064
A26: 23 | B26: 45984 | G26: =E26*F26 -> 0 | H26: 5 | I26: 103.76 | J26: =H26*I26 -> 518.8 | K26: =G26+J26 -> 518.8 | L26: 0 | M26: =M25+K26-L26 -> 14645.864
A27: 24 | B27: 45985 | E27: 48.44 | F27: 91.8 | G27: =E27*F27 -> 4446.792 | H27: 10 | I27: 103.76 | J27: =H27*I27 -> 1037.6 | K27: =G27+J27 -> 5484.392 | L27: 0 | M27: =M26+K27-L27 -> 20130.256
A28: 25 | B28: 45986 | E28: 20 | F28: 91.8 | G28: =E28*F28 -> 1836 | H28: 5 | I28: 103.76 | J28: =H28*I28 -> 518.8 | K28: =G28+J28 -> 2354.8 | L28: 0 | M28: =M27+K28-L28 -> 22485.056
A29: 26 | B29: 45987 | E29: 20 | F29: 91.8 | G29: =E29*F29 -> 1836 | H29: 5 | I29: 103.76 | J29: =H29*I29 -> 518.8 | K29: =G29+J29 -> 2354.8 | L29: 0 | M29: =M28+K29-L29 -> 24839.856 | Q29: 30
A30: 27 | B30: 45988 | G30: =E30*F30 -> 0 | H30: 4.19 | I30: 103.76 | J30: =H30*I30 -> 434.7544 | K30: =G30+J30 -> 434.7544 | L30: 0 | M30: =M29+K30-L30 -> 25274.61 | Q30: 20.02
A31: 28 | B31: 45989 | E31: 20 | F31: 91.8 | G31: =E31*F31 -> 1836 | H31: 10 | I31: 103.76 | J31: =H31*I31 -> 1037.6 | K31: =G31+J31 -> 2873.6 | L31: 0 | M31: =M30+K31-L31 -> 28148.21
A32: 29 | B32: 45990 | E32: 230 | F32: 91.8 | G32: =E32*F32 -> 21114 | H32: 5 | I32: 103.76 | J32: =H32*I32 -> 518.8 | K32: =G32+J32 -> 21632.8 | L32: 0 | M32: =M31+K32-L32 -> 49781.01
A33: 30 | B33: 45991 | E33: 95 | F33: 91.8 | G33: =E33*F33 -> 8721 | H33: 0 | I33: 0 | J33: =H33*I33 -> 0 | K33: =G33+J33 -> 8721 | L33: 0 | M33: =M32+K33-L33 -> 58502.01
A34: 31 | G34: =E34*F34 -> 0 | H34: 0 | I34: 0 | J34: =H34*I34 -> 0 | K34: =G34+J34 -> 0 | L34: 0
E35: =SUM(E4:E34) -> 1788.44 | G35: =SUM(G4:G34) -> 164178.79 | H35: =SUM(H4:H34) -> 119.19 | J35: =SUM(J4:J34) -> 12367.154 | K35: =SUM(K4:K34) -> 176545.95 | L35: =SUM(L4:L34) -> 155000
I38: =K24+L24 -> 5108.8

Sheet Rattihali
A1: Shree Siri Gowari petroliam
A2: S.No | B2: Date | C2: GRN No | D2: Ind No/Bill No | E2: Diesel (Lts) | F2: Price | G2: Amount | H2: Petrol (Lts) | I2: Price | J2: Amount | K2: Total amount | L2: Amount paid | M2: As on Date | N2: Remarks
D3: Opening Balance | K3: 190300.91 | M3: 190300.91
A4: 1 | B4: 45962 | E4: 30.22 | F4: 92.04 | G4: =E4*F4 -> 2781.4488 | H4: 0 | I4: 0 | J4: =H4*I4 -> 0 | K4: =G4+J4 -> 2781.4488 | L4: 0 | M4: =M3+K4-L4 -> 193082.36
A5: 2 | B5: 45963 | E5: 0 | F5: 0 | G5: =E5*F5 -> 0 | H5: 0 | I5: 0 | J5: =H5*I5 -> 0 | K5: =G5+J5 -> 0 | L5: 0 | M5: =M4+K5-L5 -> 193082.36
A6: 3 | B6: 45964 | E6: 0 | F6: 0 | G6: =E6*F6 -> 0 | H6: 0 | I6: 0 | J6: =H6*I6 -> 0 | K6: =G6+J6 -> 0 | L6: 0 | M6: =M5+K6-L6 -> 193082.36
A7: 4 | B7: 45965 | E7: 100 | F7: 92.04 | G7: =E7*F7 -> 9204 | H7: 0 | I7: 0 | J7: =H7*I7 -> 0 | K7: =G7+J7 -> 9204 | L7: 0 | M7: =M6+K7-L7 -> 202286.36
A8: 5 | B8: 45966 | E8: 33.48 | F8: 92.04 | G8: =E8*F8 -> 3081.4992 | H8: 12 | I8: 104.02 | J8: =H8*I8 -> 1248.24 | K8: =G8+J8 -> 4329.7392 | L8: 0 | M8: =M7+K8-L8 -> 206616.1
A9: 6 | B9: 45967 | E9: 100 | F9: 92.04 | G9: =E9*F9 -> 9204 | H9: 0 | I9: 0 | J9: =H9*I9 -> 0 | K9: =G9+J9 -> 9204 | L9: 0 | M9: =M8+K9-L9 -> 215820.1
A10: 7 | B10: 45968 | E10: 0 | F10: 0 | G10: =E10*F10 -> 0 | H10: 6 | I10: 104.02 | J10: =H10*I10 -> 624.12 | K10: =G10+J10 -> 624.12 | L10: 0 | M10: =M9+K10-L10 -> 216444.22
A11: 8 | B11: 45969 | E11: 0 | F11: 0 | G11: =E11*F11 -> 0 | H11: 0 | I11: 0 | J11: =H11*I11 -> 0 | K11: =G11+J11 -> 0 | L11: 0 | M11: =M10+K11-L11 -> 216444.22
A12: 9 | B12: 45970 | E12: 0 | F12: 0 | G12: =E12*F12 -> 0 | H12: 0 | I12: 0 | J12: =H12*I12 -> 0 | K12: =G12+J12 -> 0 | L12: 0 | M12: =M11+K12-L12 -> 216444.22 | O12: .
A13: 10 | B13: 45971 | E13: 150 | F13: 92.04 | G13: =E13*F13 -> 13806 | H13: 0 | I13: 0 | J13: =H13*I13 -> 0 | K13: =G13+J13 -> 13806 | L13: 0 | M13: =M12+K13-L13 -> 230250.22
A14: 11 | B14: 45972 | E14: 31.39 | F14: 92.04 | G14: =E14*F14 -> 2889.1356 | H14: 0 | I14: 0 | J14: =H14*I14 -> 0 | K14: =G14+J14 -> 2889.1356 | L14: 0 | M14: =M13+K14-L14 -> 233139.36
A15: 12 | B15: 45973 | E15: 40 | F15: 92.04 | G15: =E15*F15 -> 3681.6 | H15: 0 | I15: 0 | J15: =H15*I15 -> 0 | K15: =G15+J15 -> 3681.6 | L15: 0 | M15: =M14+K15-L15 -> 236820.96
A16: 13 | B16: 45974 | E16: 24.61 | F16: 92.04 | G16: =E16*F16 -> 2265.1044 | H16: 13.22 | I16: 104.02 | J16: =H16*I16 -> 1375.1444 | K16: =G16+J16 -> 3640.2488 | L16: 0 | M16: =M15+K16-L16 -> 240461.21
A17: 14 | B17: 45975 | E17: 0 | F17: 0 | G17: =E17*F17 -> 0 | H17: 0 | I17: 0 | J17: =H17*I17 -> 0 | K17: =G17+J17 -> 0 | L17: 0 | M17: =M16+K17-L17 -> 240461.21
A18: 15 | B18: 45976 | E18: 0 | F18: 0 | G18: =E18*F18 -> 0 | H18: 0 | I18: 0 | J18: =H18*I18 -> 0 | K18: =G18+J18 -> 0 | L18: 0 | M18: =M17+K18-L18 -> 240461.21
A19: 16 | B19: 45977 | E19: 0 | F19: 0 | G19: =E19*F19 -> 0 | H19: 0 | I19: 0 | J19: =H19*I19 -> 0 | K19: =G19+J19 -> 0 | L19: 0 | M19: =M18+K19-L19 -> 240461.21
A20: 17 | B20: 45978 | E20: 0 | F20: 0 | G20: =E20*F20 -> 0 | H20: 0 | I20: 0 | J20: =H20*I20 -> 0 | K20: =G20+J20 -> 0 | L20: 0 | M20: =M19+K20-L20 -> 240461.21
A21: 18 | B21: 45979 | E21: 0 | F21: 0 | G21: =E21*F21 -> 0 | H21: 0 | I21: 0 | J21: =H21*I21 -> 0 | K21: =G21+J21 -> 0 | L21: 0 | M21: =M20+K21-L21 -> 240461.21
A22: 19 | B22: 45980 | E22: 0 | F22: 0 | G22: =E22*F22 -> 0 | H22: 0 | I22: 0 | J22: =H22*I22 -> 0 | K22: =G22+J22 -> 0 | L22: 0 | M22: =M21+K22-L22 -> 240461.21
A23: 20 | B23: 45981 | E23: 0 | F23: 0 | G23: =E23*F23 -> 0 | H23: 0 | I23: 0 | J23: =H23*I23 -> 0 | K23: =G23+J23 -> 0 | L23: 200000 | M23: =M22+K23-L23 -> 40461.207
A24: 21 | B24: 45982 | E24: 274.83 | F24: 92.04 | G24: =E24*F24 -> 25295.353 | H24: 5 | I24: 104.02 | J24: =H24*I24 -> 520.1 | K24: =G24+J24 -> 25815.453 | L24: 0 | M24: =M23+K24-L24 -> 66276.66
... A32: 29 | B32: 45990 | E32: 0 | F32: 0 | G32: =E32*F32 -> 0 | H32: 0 | I32: 0 | J32: =H32*I32 -> 0 | K32: =G32+J32 -> 0 | L32: 0 | M32: =M31+K32-L32 -> 133550.93
A33: 30 | B33: 45991 | E33: 26.59 | F33: 92.04 | G33: =E33*F33 -> 2447.3436 | H33: 0 | I33: 0 | J33: =H33*I33 -> 0 | K33: =G33+J33 -> 2447.3436 | L33: 0 | M33: =M32+K33-L33 -> 135998.27 | Q33: 30
A34: 31 | E34: 0 | F34: 0 | G34: =E34*F34 -> 0 | H34: 0 | I34: 0 | J34: =H34*I34 -> 0 | K34: =G34+J34 -> 0 | L34: =+K34 -> 0 | M34: =M33+K34-L34 -> 135998.27
E35: =SUM(E4:E34) -> 1512.92 | G35: =SUM(G4:G34) -> 139249.16 | H35: =SUM(H4:H34) -> 61.99 | J35: =SUM(J4:J34) -> 6448.1998 | K35: =SUM(K4:K34) -> 145697.36 | L35: =SUM(L4:L34) -> 200000
I38: =K24+L24 -> 25815.453

Sheet Gajendragada
A1: Vanasri Petrol Pump
A2: S.No | B2: Date | C2: GRN No | D2: Ind no/Bill No | E2: Diesel (Lts) | F2: Price | G2: Amount | H2: Petrol (Lts) | I2: Price | J2: Amount | K2: Total amount | L2: Amount paid | M2: As on Date | N2: Remarks
A3: Opening Balance | K3: 98252.262 | M3: 98252.262
A4: 1 | B4: 45962 | E4: 0 | F4: 0 | G4: =E4*F4 -> 0 | H4: 0 | I4: 0 | J4: =H4*I4 -> 0 | K4: =G4+J4 -> 0 | M4: =M3+K4-L4 -> 98252.262
A5: 2 | B5: 45963 | E5: 0 | F5: 0 | G5: =E5*F5 -> 0 | H5: 0 | I5: 0 | J5: =H5*I5 -> 0 | K5: =G5+J5 -> 0 | M5: =M4+K5-L5 -> 98252.262
A6: 3 | B6: 45964 | E6: 0 | F6: 0 | G6: =E6*F6 -> 0 | H6: 0 | I6: 0 | J6: =H6*I6 -> 0 | K6: =G6+J6 -> 0 | M6: =M5+K6-L6 -> 98252.262
A7: 4 | B7: 45965 | E7: 0 | F7: 0 | G7: =E7*F7 -> 0 | H7: 0 | I7: 0 | J7: =H7*I7 -> 0 | K7: =G7+J7 -> 0 | M7: =M6+K7-L7 -> 98252.262
A8: 5 | B8: 45966 | E8: 0 | F8: 0 | G8: =E8*F8 -> 0 | H8: 0 | I8: 0 | J8: =H8*I8 -> 0 | K8: =G8+J8 -> 0 | M8: =M7+K8-L8 -> 98252.262 | O8: 8497892194 | P8: raja bhakshi
A9: 6 | B9: 45967 | E9: 0 | F9: 0 | G9: =E9*F9 -> 0 | H9: 0 | I9: 0 | J9: =H9*I9 -> 0 | K9: =G9+J9 -> 0 | M9: =M8+K9-L9 -> 98252.262
A10: 7 | B10: 45968 | E10: 0 | F10: 0 | G10: =E10*F10 -> 0 | H10: 0 | I10: 0 | J10: =H10*I10 -> 0 | K10: =G10+J10 -> 0 | M10: =M9+K10-L10 -> 98252.262
A11: 8 | B11: 45969 | E11: 0 | F11: 0 | G11: =E11*F11 -> 0 | H11: 0 | I11: 0 | J11: =H11*I11 -> 0 | K11: =G11+J11 -> 0 | M11: =M10+K11-L11 -> 98252.262
A12: 9 | B12: 45970 | E12: 0 | F12: 0 | G12: =E12*F12 -> 0 | H12: 0 | I12: 0 | J12: =H12*I12 -> 0 | K12: =G12+J12 -> 0 | M12: =M11+K12-L12 -> 98252.262
A13: 10 | B13: 45971 | E13: 0 | F13: 0 | G13: =E13*F13 -> 0 | H13: 0 | I13: 0 | J13: =H13*I13 -> 0 | K13: =G13+J13 -> 0 | M13: =M12+K13-L13 -> 98252.262
A14: 11 | B14: 45972 | E14: 0 | F14: 0 | G14: =E14*F14 -> 0 | H14: 0 | I14: 0 | J14: =H14*I14 -> 0 | K14: =G14+J14 -> 0 | M14: =M13+K14-L14 -> 98252.262
A15: 12 | B15: 45973 | E15: 0 | F15: 0 | G15: =E15*F15 -> 0 | H15: 5 | I15: 103.8 | J15: =H15*I15 -> 519 | K15: =G15+J15 -> 519 | M15: =M14+K15-L15 -> 98771.262
A16: 13 | B16: 45974 | E16: 0 | F16: 0 | G16: =E16*F16 -> 0 | H16: 0 | I16: 0 | J16: =H16*I16 -> 0 | K16: =G16+J16 -> 0 | M16: =M15+K16-L16 -> 98771.262
A17: 14 | B17: 45975 | E17: 0 | F17: 0 | G17: =E17*F17 -> 0 | H17: 0 | I17: 0 | J17: =H17*I17 -> 0 | K17: =G17+J17 -> 0 | M17: =M16+K17-L17 -> 98771.262
A18: 15 | B18: 45976 | E18: 0 | F18: 0 | G18: =E18*F18 -> 0 | H18: 0 | I18: 0 | J18: =H18*I18 -> 0 | K18: =G18+J18 -> 0 | M18: =M17+K18-L18 -> 98771.262
A19: 16 | B19: 45977 | E19: 0 | F19: 0 | G19: =E19*F19 -> 0 | H19: 0 | I19: 0 | J19: =H19*I19 -> 0 | K19: =G19+J19 -> 0 | M19: =M18+K19-L19 -> 98771.262
A20: 17 | B20: 45978 | E20: 0 | F20: 0 | G20: =E20*F20 -> 0 | H20: 0 | I20: 0 | J20: =H20*I20 -> 0 | K20: =G20+J20 -> 0 | M20: =M19+K20-L20 -> 98771.262
... A22: 19 | B22: 45980 | E22: 0 | F22: 0 | G22: =E22*F22 -> 0 | H22: 0 | I22: 0 | J22: =H22*I22 -> 0 | K22: =G22+J22 -> 0 | M22: =M21+K22-L22 -> 98771.262
A23: 20 | B23: 45981 | E23: 0 | F23: 0 | G23: =E23*F23 -> 0 | H23: 0 | I23: 0 | J23: =H23*I23 -> 0 | K23: =G23+J23 -> 0 | L23: 98000 | M23: =M22+K23-L23 -> 771.2615
A24: 21 | B24: 45982 | E24: 0 | F24: 0 | G24: =E24*F24 -> 0 | H24: 0 | I24: 0 | J24: =H24*I24 -> 0 | K24: =G24+J24 -> 0 | M24: =M23+K24-L24 -> 771.2615
A25: 22 | B25: 45983 | E25: 0 | F25: 0 | G25: =E25*F25 -> 0 | H25: 5 | I25: 103.8 | J25: =H25*I25 -> 519 | K25: =G25+J25 -> 519 | M25: =M24+K25-L25 -> 1290.2615
A26: 23 | B26: 45984 | E26: 0 | F26: 0 | G26: =E26*F26 -> 0 | H26: 0 | I26: 0 | J26: =H26*I26 -> 0 | K26: =G26+J26 -> 0 | M26: =M25+K26-L26 -> 1290.2615
A27: 24 | B27: 45985 | E27: 0 | F27: 0 | G27: =E27*F27 -> 0 | H27: 0 | I27: 0 | J27: =H27*I27 -> 0 | K27: =G27+J27 -> 0 | M27: =M26+K27-L27 -> 1290.2615 | R27: 66742
A28: 25 | B28: 45986 | E28: 0 | F28: 0 | G28: =E28*F28 -> 0 | H28: 0 | I28: 0 | J28: =H28*I28 -> 0 | K28: =G28+J28 -> 0 | M28: =M27+K28-L28 -> 1290.2615
A29: 26 | B29: 45987 | E29: 0 | F29: 0 | G29: =E29*F29 -> 0 | H29: 0 | I29: 0 | J29: =H29*I29 -> 0 | K29: =G29+J29 -> 0 | M29: =M28+K29-L29 -> 1290.2615
A30: 27 | B30: 45988 | E30: 0 | F30: 0 | G30: =E30*F30 -> 0 | H30: 0 | I30: 103.8 | J30: =H30*I30 -> 0 | K30: =G30+J30 -> 0 | M30: =M29+K30-L30 -> 1290.2615
A31: 28 | B31: 45989 | E31: 0 | F31: 0 | G31: =E31*F31 -> 0 | H31: 0 | I31: 0 | J31: =H31*I31 -> 0 | K31: =G31+J31 -> 0 | M31: =M30+K31-L31 -> 1290.2615
A32: 29 | B32: 45990 | E32: 0 | F32: 0 | G32: =E32*F32 -> 0 | H32: 0 | I32: 0 | J32: =H32*I32 -> 0 | K32: =G32+J32 -> 0 | M32: =M31+K32-L32 -> 1290.2615
A33: 30 | B33: 45991 | E33: 0 | F33: 0 | G33: =E33*F33 -> 0 | H33: 0 | I33: 0 | J33: =H33*I33 -> 0 | K33: =G33+J33 -> 0 | M33: =M32+K33-L33 -> 1290.2615
A34: 31 | E34: 0 | F34: 0 | G34: =E34*F34 -> 0 | H34: 0 | I34: 0 | J34: =H34*I34 -> 0 | K34: =G34+J34 -> 0 | M34: =M33+K34-L34 -> 1290.2615
E35: =SUM(E4:E34) -> 0 | G35: =SUM(G4:G34) -> 0 | H35: =SUM(H4:H34) -> 10 | J35: =SUM(J4:J34) -> 1038 | K35: =SUM(K4:K34) -> 1038 | L35: =SUM(L4:L34) -> 98000

Sheet Gokak Dharwad PKG 3
A1: AJ Petrolinks
A2: S.No | B2: Date | C2: GRN No | D2: Ind No/Bill No | E2: Diesel (Lts) | F2: Price | G2: Amount | H2: Petrol (Lts) | I2: Price | J2: Amount | K2: Total amount | L2: Amount paid | M2: As on Date | N2: Remarks
D3: Opening Balance | K3: 1316713.4 | M3: 1316713.4 | N3: 0 | O3: 0 | P3: 0
A4: 1 | B4: 45962 | E4: 36.61 | F4: 91.48 | G4: =E4*F4 -> 3349.0828 | J4: =H4*I4 -> 0 | K4: =G4+J4 -> 3349.0828 | M4: =M3+K4-L4 -> 1320062.5
A5: 2 | B5: 45963 | E5: 79.82 | F5: 91.48 | G5: =E5*F5 -> 7301.9336 | J5: =H5*I5 -> 0 | K5: =G5+J5 -> 7301.9336 | M5: =M4+K5-L5 -> 1327364.5
A6: 3 | B6: 45964 | E6: 667.11 | F6: 91.48 | G6: =E6*F6 -> 61027.223 | H6: 22 | I6: 103.41 | J6: =H6*I6 -> 2275.02 | K6: =G6+J6 -> 63302.243 | M6: =M5+K6-L6 -> 1390666.7
A7: 4 | B7: 45965 | E7: 248.68 | F7: 91.48 | G7: =E7*F7 -> 22749.246 | J7: =H7*I7 -> 0 | K7: =G7+J7 -> 22749.246 | M7: =M6+K7-L7 -> 1413416
A8: 5 | B8: 45966 | E8: 423.45 | F8: 91.48 | G8: =E8*F8 -> 38737.206 | H8: 6 | I8: 103.41 | J8: =H8*I8 -> 620.46 | K8: =G8+J8 -> 39357.666 | M8: =M7+K8-L8 -> 1452773.6
A9: 6 | B9: 45967 | E9: 795.15 | F9: 91.48 | G9: =E9*F9 -> 72740.322 | H9: 6 | I9: 103.41 | J9: =H9*I9 -> 620.46 | K9: =G9+J9 -> 73360.782 | M9: =M8+K9-L9 -> 1526134.4
A10: 7 | B10: 45968 | E10: 578.11 | F10: 91.48 | G10: =E10*F10 -> 52885.503 | H10: 31 | I10: 103.41 | J10: =H10*I10 -> 3205.71 | K10: =G10+J10 -> 56091.213 | M10: =M9+K10-L10 -> 1582225.6
A11: 8 | B11: 45969 | E11: 102.61 | F11: 91.48 | G11: =E11*F11 -> 9386.7628 | J11: =H11*I11 -> 0 | K11: =G11+J11 -> 9386.7628 | M11: =M10+K11-L11 -> 1591612.4
A12: 9 | B12: 45970 | E12: 66.41 | F12: 91.48 | G12: =E12*F12 -> 6075.1868 | H12: 6 | I12: 103.41 | J12: =H12*I12 -> 620.46 | K12: =G12+J12 -> 6695.6468 | M12: =M11+K12-L12 -> 1598308
A13: 10 | B13: 45971 | E13: 645 | F13: 91.48 | G13: =E13*F13 -> 59004.6 | H13: 17 | I13: 103.41 | J13: =H13*I13 -> 1757.97 | K13: =G13+J13 -> 60762.57 | M13: =M12+K13-L13 -> 1659070.6
A14: 11 | B14: 45972 | E14: 84.6 | F14: 91.48 | G14: =E14*F14 -> 7739.208 | H14: 0 | I14: 103.41 | J14: =H14*I14 -> 0 | K14: =G14+J14 -> 7739.208 | M14: =M13+K14-L14 -> 1666809.8
A15: 12 | B15: 45973 | E15: 426.84 | F15: 91.48 | G15: =E15*F15 -> 39047.323 | H15: 12 | I15: 103.41 | J15: =H15*I15 -> 1240.92 | K15: =G15+J15 -> 40288.243 | M15: =M14+K15-L15 -> 1707098
A16: 13 | B16: 45974 | G16: =E16*F16 -> 0 | J16: =H16*I16 -> 0 | K16: =G16+J16 -> 0 | M16: =M15+K16-L16 -> 1707098
A17: 14 | B17: 45975 | G17: =E17*F17 -> 0 | J17: =H17*I17 -> 0 | K17: =G17+J17 -> 0 | M17: =M16+K17-L17 -> 1707098
A18: 15 | B18: 45976 | G18: =E18*F18 -> 0 | J18: =H18*I18 -> 0 | K18: =G18+J18 -> 0 | L18: 1300000 | M18: =M17+K18-L18 -> 407098.04
A19: 16 | B19: 45977 | E19: 726.85 | F19: 91.48 | G19: =E19*F19 -> 66492.238 | H19: 17 | I19: 103.41 | J19: =H19*I19 -> 1757.97 | K19: =G19+J19 -> 68250.208 | M19: =M18+K19-L19 -> 475348.25 | P19: =M19-O19 -> 475348.25
A20: 17 | B20: 45978 | E20: 1050.71 | F20: 91.48 | G20: =E20*F20 -> 96118.951 | H20: 17 | I20: 103.41 | J20: =H20*I20 -> 1757.97 | K20: =G20+J20 -> 97876.921 | M20: =M19+K20-L20 -> 573225.17
A21: 18 | B21: 45979 | E21: 157 | F21: 91.48 | G21: =E21*F21 -> 14362.36 | J21: =H21*I21 -> 0 | K21: =G21+J21 -> 14362.36 | M21: =M20+K21-L21 -> 587587.53
A22: 19 | B22: 45980 | E22: 724.9 | F22: 91.48 | G22: =E22*F22 -> 66313.852 | H22: 21 | I22: 103.41 | J22: =H22*I22 -> 2171.61 | K22: =G22+J22 -> 68485.462 | M22: =M21+K22-L22 -> 656073
A23: 20 | B23: 45981 | G23: =E23*F23 -> 0 | H23: 23 | I23: 103.41 | J23: =H23*I23 -> 2378.43 | K23: =G23+J23 -> 2378.43 | M23: =M22+K23-L23 -> 658451.43
A24: 21 | B24: 45982 | E24: 481.66 | F24: 91.48 | G24: =E24*F24 -> 44062.257 | H24: 20 | I24: 103.41 | J24: =H24*I24 -> 2068.2 | K24: =G24+J24 -> 46130.457 | L24: 400000 | M24: =M23+K24-L24 -> 304581.88
A25: 22 | B25: 45983 | E25: 604.17 | F25: 91.48 | G25: =E25*F25 -> 55269.472 | H25: 28 | I25: 103.41 | J25: =H25*I25 -> 2895.48 | K25: =G25+J25 -> 58164.952 | M25: =M24+K25-L25 -> 362746.83
A26: 23 | B26: 45984 | E26: 591.64 | F26: 91.48 | G26: =E26*F26 -> 54123.227 | H26: 17 | I26: 103.41 | J26: =H26*I26 -> 1757.97 | K26: =G26+J26 -> 55881.197 | M26: =M25+K26-L26 -> 418628.03
A27: 24 | B27: 45985 | E27: 717.46 | F27: 91.48 | G27: =E27*F27 -> 65633.241 | J27: =H27*I27 -> 0 | K27: =G27+J27 -> 65633.241 | M27: =M26+K27-L27 -> 484261.27
A28: 25 | B28: 45986 | E28: 180.65 | F28: 91.48 | G28: =E28*F28 -> 16525.862 | H28: 16 | I28: 103.41 | J28: =H28*I28 -> 1654.56 | K28: =G28+J28 -> 18180.422 | M28: =M27+K28-L28 -> 502441.69
A29: 26 | B29: 45987 | E29: 279 | F29: 91.48 | G29: =E29*F29 -> 25522.92 | H29: 16 | I29: 103.41 | J29: =H29*I29 -> 1654.56 | K29: =G29+J29 -> 27177.48 | M29: =M28+K29-L29 -> 529619.17
A30: 27 | B30: 45988 | E30: 707.44 | F30: 91.48 | G30: =E30*F30 -> 64716.611 | H30: 5 | I30: 103.41 | J30: =H30*I30 -> 517.05 | K30: =G30+J30 -> 65233.661 | M30: =M29+K30-L30 -> 594852.83
A31: 28 | B31: 45989 | E31: 227.24 | F31: 91.48 | G31: =E31*F31 -> 20787.915 | H31: 11 | I31: 103.41 | J31: =H31*I31 -> 1137.51 | K31: =G31+J31 -> 21925.425 | M31: =M30+K31-L31 -> 616778.26
A32: 29 | B32: 45990 | G32: =E32*F32 -> 0 | H32: 5 | I32: 103.41 | J32: =H32*I32 -> 517.05 | K32: =G32+J32 -> 517.05 | M32: =M31+K32-L32 -> 617295.31
A33: 30 | B33: 45991 | E33: 20.89 | F33: 91.48 | G33: =E33*F33 -> 1911.0172 | J33: =H33*I33 -> 0 | K33: =G33+J33 -> 1911.0172 | M33: =M32+K33-L33 -> 619206.33
A34: 31 | B34: 45992 | G34: =E34*F34 -> 0 | J34: =H34*I34 -> 0 | K34: =G34+J34 -> 0 | M34: =M33+K34-L34 -> 619206.33
A35: 32 | G35: =E35*F35 -> 0 | J35: =H35*I35 -> 0 | K35: =G35+J35 -> 0 | M35: =M34+K35-L35 -> 619206.33
A36: 33 | G36: =E36*F36 -> 0 | J36: =H36*I36 -> 0 | K36: =G36+J36 -> 0 | M36: =M35+K36-L36 -> 619206.33
A37: 34 | E37: 0 | F37: 0 | G37: =E37*F37 -> 0 | J37: =H37*I37 -> 0 | K37: =G37+J37 -> 0 | M37: =M36+K37-L37 -> 619206.33
A38: 35 | E38: 0 | F38: 0 | G38: =E38*F38 -> 0 | J38: =H38*I38 -> 0 | K38: =G38+J38 -> 0 | M38: =M37+K38-L38 -> 619206.33
E39: 0 | F39: 0 | G39: =E39*F39 -> 0 | J39: =H39*I39 -> 0 | K39: =G39+J39 -> 0 | M39: =M38+K39-L39 -> 619206.33
E40: =SUM(E4:E37) -> 10624 | G40: =SUM(G4:G37) -> 971883.52 | H40: =SUM(H4:H37) -> 296 | J40: =SUM(J4:J37) -> 30609.36 | K40: =SUM(K4:K37) -> 1002492.9 | L40: =SUM(L4:L37) -> 1700000

Sheet Ankalgi
A1: Shiva ganga
A2: S.No | B2: Date | C2: GRN No | D2: Ind no/Bill No | E2: Diesel (Lts) | F2: Price | G2: Amount | H2: Petrol (Lts) | I2: Price | J2: Amount | K2: Total amount | L2: Amount paid | M2: As on Date | N2: Remarks
A3: Opening Balance | M3: 41443.572
A4: 1 | B4: 45962 | C4: 0 | I4: 0 | J4: =H4*I4 -> 0 | K4: =G4+J4 -> 0 | L4: 0 | M4: =M3+K4-L4 -> 41443.572
A5: 2 | B5: 45963 | C5: 0 | E5: 443.74 | F5: 91.31 | G5: =E5*F5 -> 40517.899 | I5: 0 | J5: =H5*I5 -> 0 | K5: =G5+J5 -> 40517.899 | L5: 0 | M5: =M4+K5-L5 -> 81961.471
A6: 3 | B6: 45964 | C6: 0 | E6: 50 | F6: 91.31 | G6: =E6*F6 -> 4565.5 | H6: 12 | I6: 103.23 | J6: =H6*I6 -> 1238.76 | K6: =G6+J6 -> 5804.26 | L6: 0 | M6: =M5+K6-L6 -> 87765.731
A7: 4 | B7: 45965 | C7: 0 | G7: =E7*F7 -> 0 | I7: 0 | J7: =H7*I7 -> 0 | K7: =G7+J7 -> 0 | L7: 0 | M7: =M6+K7-L7 -> 87765.731
A8: 5 | B8: 45966 | C8: 0 | E8: 445.65 | F8: 91.31 | G8: =E8*F8 -> 40692.302 | H8: 6 | I8: 103.23 | J8: =H8*I8 -> 619.38 | K8: =G8+J8 -> 41311.681 | L8: 0 | M8: =M7+K8-L8 -> 129077.41
A9: 6 | B9: 45967 | C9: 0 | E9: 200 | F9: 91.31 | G9: =E9*F9 -> 18262 | H9: 11 | I9: 103.23 | J9: =H9*I9 -> 1135.53 | K9: =G9+J9 -> 19397.53 | L9: 0 | M9: =M8+K9-L9 -> 148474.94
A10: 7 | B10: 45968 | C10: 0 | E10: 600 | F10: 91.31 | G10: =E10*F10 -> 54786 | I10: 0 | J10: =H10*I10 -> 0 | K10: =G10+J10 -> 54786 | L10: 0 | M10: =M9+K10-L10 -> 203260.94
A11: 8 | B11: 45969 | C11: 0 | G11: =E11*F11 -> 0 | I11: 0 | J11: =H11*I11 -> 0 | K11: =G11+J11 -> 0 | L11: 0 | M11: =M10+K11-L11 -> 203260.94
A12: 9 | B12: 45970 | C12: 0 | E12: 190 | F12: 91.31 | G12: =E12*F12 -> 17348.9 | H12: 6 | I12: 103.23 | J12: =H12*I12 -> 619.38 | K12: =G12+J12 -> 17968.28 | L12: 0 | M12: =M11+K12-L12 -> 221229.22
A13: 10 | B13: 45971 | C13: 0 | E13: 86.47 | F13: 91.31 | G13: =E13*F13 -> 7895.5757 | H13: 10 | I13: 103.23 | J13: =H13*I13 -> 1032.3 | K13: =G13+J13 -> 8927.8757 | L13: 0 | M13: =M12+K13-L13 -> 230157.1
A14: 11 | B14: 45972 | C14: 0 | E14: 242.33 | F14: 91.31 | G14: =E14*F14 -> 22127.152 | I14: 0 | J14: =H14*I14 -> 0 | K14: =G14+J14 -> 22127.152 | L14: 0 | M14: =M13+K14-L14 -> 252284.25
A15: 12 | B15: 45973 | C15: 0 | G15: =E15*F15 -> 0 | H15: 5 | I15: 103.23 | J15: =H15*I15 -> 516.15 | K15: =G15+J15 -> 516.15 | L15: 0 | M15: =M14+K15-L15 -> 252800.4
A16: 13 | B16: 45974 | C16: 0 | E16: 240.53 | F16: 91.31 | G16: =E16*F16 -> 21962.794 | I16: 0 | J16: =H16*I16 -> 0 | K16: =G16+J16 -> 21962.794 | L16: 0 | M16: =M15+K16-L16 -> 274763.19
A17: 14 | B17: 45975 | C17: 0 | E17: 150 | F17: 91.31 | G17: =E17*F17 -> 13696.5 | H17: 5 | I17: 103.23 | J17: =H17*I17 -> 516.15 | K17: =G17+J17 -> 14212.65 | L17: 0 | M17: =M16+K17-L17 -> 288975.84
A18: 15 | B18: 45976 | C18: 0 | G18: =E18*F18 -> 0 | I18: 0 | J18: =H18*I18 -> 0 | K18: =G18+J18 -> 0 | L18: 0 | M18: =M17+K18-L18 -> 288975.84
A19: 16 | B19: 45977 | C19: 0 | G19: =E19*F19 -> 0 | I19: 0 | J19: =H19*I19 -> 0 | K19: =G19+J19 -> 0 | L19: 0 | M19: =M18+K19-L19 -> 288975.84
A20: 17 | B20: 45978 | C20: 0 | G20: =E20*F20 -> 0 | I20: 0 | J20: =H20*I20 -> 0 | K20: =G20+J20 -> 0 | L20: 0 | M20: =M19+K20-L20 -> 288975.84
A21: 18 | B21: 45979 | C21: 0 | G21: =E21*F21 -> 0 | I21: 0 | J21: =H21*I21 -> 0 | K21: =G21+J21 -> 0 | L21: 0 | M21: =M20+K21-L21 -> 288975.84
A22: 19 | B22: 45980 | C22: 0 | G22: =E22*F22 -> 0 | I22: 0 | J22: =H22*I22 -> 0 | K22: =G22+J22 -> 0 | L22: 0 | M22: =M21+K22-L22 -> 288975.84
A23: 20 | B23: 45981 | C23: 0 | G23: =E23*F23 -> 0 | I23: 0 | J23: =H23*I23 -> 0 | K23: =G23+J23 -> 0 | L23: 200000 | M23: =M22+K23-L23 -> 88975.845
A24: 21 | B24: 45982 | C24: 0 | G24: =E24*F24 -> 0 | I24: 0 | J24: =H24*I24 -> 0 | K24: =G24+J24 -> 0 | L24: 0 | M24: =M23+K24-L24 -> 88975.845
A25: 22 | B25: 45983 | C25: 0 | E25: 40 | F25: 91.31 | G25: =E25*F25 -> 3652.4 | H25: 6 | I25: 0 | J25: =H25*I25 -> 0 | K25: =G25+J25 -> 3652.4 | L25: 0 | M25: =M24+K25-L25 -> 92628.245
A26: 23 | B26: 45984 | C26: 0 | G26: =E26*F26 -> 0 | I26: 0 | J26: =H26*I26 -> 0 | K26: =G26+J26 -> 0 | L26: 0 | M26: =M25+K26-L26 -> 92628.245
A27: 24 | B27: 45985 | C27: 0 | G27: =E27*F27 -> 0 | I27: 0 | J27: =H27*I27 -> 0 | K27: =G27+J27 -> 0 | L27: 0 | M27: =M26+K27-L27 -> 92628.245
A28: 25 | B28: 45986 | C28: 0 | E28: 33.4 | F28: 91.31 | G28: =E28*F28 -> 3049.754 | I28: 0 | J28: =H28*I28 -> 0 | K28: =G28+J28 -> 3049.754 | L28: 0 | M28: =M27+K28-L28 -> 95677.999
A29: 26 | B29: 45987 | C29: 0 | E29: 40.38 | F29: 91.31 | G29: =E29*F29 -> 3687.0978 | H29: 11 | I29: 103.23 | J29: =H29*I29 -> 1135.53 | K29: =G29+J29 -> 4822.6278 | L29: 0 | M29: =M28+K29-L29 -> 100500.63
A30: 27 | B30: 45988 | C30: 0 | G30: =E30*F30 -> 0 | H30: 10 | I30: 103.23 | J30: =H30*I30 -> 1032.3 | K30: =G30+J30 -> 1032.3 | L30: 0 | M30: =M29+K30-L30 -> 101532.93
A31: 28 | B31: 45989 | C31: 0 | E31: 84.46 | F31: 91.31 | G31: =E31*F31 -> 7712.0426 | H31: 6 | I31: 103.23 | J31: =H31*I31 -> 619.38 | K31: =G31+J31 -> 8331.4226 | L31: 0 | M31: =M30+K31-L31 -> 109864.35
A32: 29 | B32: 45990 | C32: 0 | I32: 0 | J32: =H32*I32 -> 0 | K32: =G32+J32 -> 0 | L32: 0 | M32: =M31+K32-L32 -> 109864.35
A33: 30 | B33: 45991 | C33: 0 | I33: 0 | J33: =H33*I33 -> 0 | K33: =G33+J33 -> 0 | L33: 0 | M33: =M32+K33-L33 -> 109864.35
A34: 31 | C34: 0 | I34: 0 | J34: =H34*I34 -> 0 | K34: =G34+J34 -> 0 | L34: 0 | M34: =M33+K34-L34 -> 109864.35
E35: =SUM(E4:E34) -> 2846.96 | G35: =SUM(G4:G34) -> 259955.92 | H35: =SUM(H4:H34) -> 88 | J35: =SUM(J4:J34) -> 8464.86 | K35: =SUM(K4:K34) -> 268420.78 | L35: =SUM(L4:L34) -> 200000

Sheet  Shankeshwar
A1: S R PATIL
A2: S.No | B2: Date | C2: GRN No | D2: Ind no/Bill No | E2: Diesel (Lts) | F2: Price | G2: Amount | H2: Petrol (Lts) | I2: Price | J2: Amount | K2: Total amount | L2: Amount paid | M2: As on Date | N2: Remarks
A3: Opening Balance | M3: 0
A4: 1 | B4: 45962 | C4: 0 | E4: 0 | F4: 0 | G4: =E4*F4 -> 0 | H4: 0 | I4: 0 | J4: =H4*I4 -> 0 | K4: =G4+J4 -> 0 | L4: =+K4 -> 0 | M4: =M3+K4-L4 -> 0
A5: 2 | B5: 45963 | C5: 0 | E5: 40 | F5: 91.3 | G5: =E5*F5 -> 3652 | H5: 0 | I5: 0 | J5: =H5*I5 -> 0 | K5: =G5+J5 -> 3652 | L5: =+K5 -> 3652 | M5: =M4+K5-L5 -> 0
A6: 3 | B6: 45964 | C6: 0 | E6: 0 | F6: 0 | G6: =E6*F6 -> 0 | H6: 0 | I6: 0 | J6: =H6*I6 -> 0 | K6: =G6+J6 -> 0 | L6: =+K6 -> 0 | M6: =M5+K6-L6 -> 0
A7: 4 | B7: 45965 | C7: 0 | E7: 0 | F7: 0 | G7: =E7*F7 -> 0 | H7: 0 | I7: 0 | J7: =H7*I7 -> 0 | K7: =G7+J7 -> 0 | L7: =+K7 -> 0 | M7: =M6+K7-L7 -> 0
A8: 5 | B8: 45966 | C8: 0 | E8: 0 | F8: 0 | G8: =E8*F8 -> 0 | H8: 5 | I8: 103.22 | J8: =H8*I8 -> 516.1 | K8: =G8+J8 -> 516.1 | L8: =+K8 -> 516.1 | M8: =M7+K8-L8 -> 0
A9: 6 | B9: 45967 | C9: 0 | E9: 0 | F9: 0 | G9: =E9*F9 -> 0 | H9: 0 | I9: 0 | J9: =H9*I9 -> 0 | K9: =G9+J9 -> 0 | L9: =+K9 -> 0 | M9: =M8+K9-L9 -> 0
A10: 7 | B10: 45968 | C10: 0 | E10: 40 | F10: 91.3 | G10: =E10*F10 -> 3652 | H10: 0 | I10: 0 | J10: =H10*I10 -> 0 | K10: =G10+J10 -> 3652 | L10: =+K10 -> 3652 | M10: =M9+K10-L10 -> 0
A11: 8 | B11: 45969 | C11: 0 | E11: 0 | F11: 0 | G11: =E11*F11 -> 0 | H11: 6 | I11: 103.22 | J11: =H11*I11 -> 619.32 | K11: =G11+J11 -> 619.32 | L11: =+K11 -> 619.32 | M11: =M10+K11-L11 -> 0
A12: 9 | B12: 45970 | C12: 0 | E12: 0 | F12: 0 | G12: =E12*F12 -> 0 | H12: 0 | I12: 0 | J12: =H12*I12 -> 0 | K12: =G12+J12 -> 0 | L12: =+K12 -> 0 | M12: =M11+K12-L12 -> 0
A13: 10 | B13: 45971 | C13: 0 | E13: 0 | F13: 0 | G13: =E13*F13 -> 0 | H13: 0 | I13: 0 | J13: =H13*I13 -> 0 | K13: =G13+J13 -> 0 | L13: =+K13 -> 0 | M13: =M12+K13-L13 -> 0
A14: 11 | B14: 45972 | C14: 0 | E14: 0 | F14: 0 | G14: =E14*F14 -> 0 | H14: 0 | I14: 0 | J14: =H14*I14 -> 0 | K14: =G14+J14 -> 0 | L14: =+K14 -> 0 | M14: =M13+K14-L14 -> 0
A15: 12 | B15: 45973 | C15: 0 | E15: 0 | F15: 0 | G15: =E15*F15 -> 0 | H15: 6 | I15: 103.22 | J15: =H15*I15 -> 619.32 | K15: =G15+J15 -> 619.32 | L15: =+K15 -> 619.32 | M15: =M14+K15-L15 -> 0
... A33: 30 | B33: 45991 | C33: 0 | E33: 0 | F33: 0 | G33: =E33*F33 -> 0 | H33: 0 | I33: 0 | J33: =H33*I33 -> 0 | K33: =G33+J33 -> 0 | L33: =+K33 -> 0 | M33: =M32+K33-L33 -> 0
A34: 31 | C34: 0 | E34: 0 | F34: 0 | G34: =E34*F34 -> 0 | H34: 0 | I34: 0 | J34: =H34*I34 -> 0 | K34: =G34+J34 -> 0 | L34: =+K34 -> 0 | M34: =M33+K34-L34 -> 0
E35: =SUM(E4:E34) -> 165 | G35: =SUM(G4:G34) -> 15064.5 | H35: =SUM(H4:H34) -> 53 | J35: =SUM(J4:J34) -> 5470.66 | K35: =SUM(K4:K34) -> 20535.16 | L35: =SUM(L4:L34) -> 20535.16

Sheet  Talikote
A1: Talikote
A2: S.No | B2: Date | C2: GRN No | D2: Ind no/Bill No | E2: Diesel (Lts) | F2: Price | G2: Amount | H2: Petrol (Lts) | I2: Price | J2: Amount | K2: Total amount | L2: Amount paid | M2: As on Date | N2: Remarks
A3: Opening Balance | N3: 43124.265
A4: 1 | B4: 01.11.2025 | E4: 80.97 | F4: 91.5 | G4: =E4*F4 -> 7408.755 | H4: 15 | I4: 103.44 | J4: =H4*I4 -> 1551.6 | K4: =G4+J4 -> 8960.355 | L4: 15000 | M4: =N3+K4-L4 -> 37084.62 | N4: IOCL Card
A5: 2 | B5: 2.11.2025 | E5: 82.96 | F5: 91.5 | G5: =E5*F5 -> 7590.84 | H5: 7 | I5: 103.44 | J5: =H5*I5 -> 724.08 | K5: =G5+J5 -> 8314.92 | L5: 0 | M5: =M4+K5-L5 -> 45399.54 | N5: IOCL Card
A6: 3 | B6: 3.11.2025 | E6: 30 | F6: 91.5 | G6: =E6*F6 -> 2745 | J6: =H6*I6 -> 0 | K6: =G6+J6 -> 2745 | L6: 0 | M6: =M5+K6-L6 -> 48144.54 | N6: IOCL Card
A7: 4 | B7: 4.11.2025 | E7: 37.42 | F7: 91.5 | G7: =E7*F7 -> 3423.93 | H7: 12.08 | I7: 103.44 | J7: =H7*I7 -> 1249.5552 | K7: =G7+J7 -> 4673.4852 | L7: 30000 | M7: =M6+K7-L7 -> 22818.025 | N7: IOCL Card
A8: 5 | B8: 5.11.2025 | E8: 40.09 | F8: 91.5 | G8: =E8*F8 -> 3668.235 | J8: =H8*I8 -> 0 | K8: =G8+J8 -> 3668.235 | L8: 0 | M8: =M7+K8-L8 -> 26486.26 | N8: IOCL Card
A9: 6 | B9: 6.11.2025 | E9: 75.47 | F9: 91.5 | G9: =E9*F9 -> 6905.505 | J9: =H9*I9 -> 0 | K9: =G9+J9 -> 6905.505 | L9: 0 | M9: =M8+K9-L9 -> 33391.765 | N9: IOCL Card
A10: 7 | B10: 7.11.2025 | G10: =E10*F10 -> 0 | H10: 4.83 | I10: 103.44 | J10: =H10*I10 -> 499.6152 | K10: =G10+J10 -> 499.6152 | L10: 0 | M10: =M9+K10-L10 -> 33891.38 | N10: IOCL Card
A11: 8 | B11: 8.11.2025 | E11: 45.46 | F11: 91.5 | G11: =E11*F11 -> 4159.59 | J11: =H11*I11 -> 0 | K11: =G11+J11 -> 4159.59 | L11: 0 | M11: =M10+K11-L11 -> 38050.97 | N11: IOCL Card
A12: 9 | B12: 8.11.2025 | E12: 20 | F12: 91.5 | G12: =E12*F12 -> 1830 | J12: =H12*I12 -> 0 | K12: =G12+J12 -> 1830 | L12: 0 | M12: =M11+K12-L12 -> 39880.97 | N12: IOCL Card
A13: 10 | B13: 10.11.2025 | E13: 38.62 | F13: 91.5 | G13: =E13*F13 -> 3533.73 | J13: =H13*I13 -> 0 | K13: =G13+J13 -> 3533.73 | L13: 0 | M13: =M12+K13-L13 -> 43414.7 | N13: IOCL Card
A14: 11 | B14: 12.11.2025 | G14: =E14*F14 -> 0 | J14: =H14*I14 -> 0 | K14: =G14+J14 -> 0 | L14: 20000 | M14: =M13+K14-L14 -> 23414.7 | N14: IOCL Card
A15: 12 | B15: 13.11.2025 | E15: 72.95 | F15: 91.5 | G15: =E15*F15 -> 6674.925 | H15: 5 | I15: 103.44 | J15: =H15*I15 -> 517.2 | K15: =G15+J15 -> 7192.125 | L15: 0 | M15: =M14+K15-L15 -> 30606.825 | N15: IOCL Card
A16: 13 | B16: 14.11.2025 | E16: 30 | F16: 91.5 | G16: =E16*F16 -> 2745 | H16: 9.83 | I16: 103.44 | J16: =H16*I16 -> 1016.8152 | K16: =G16+J16 -> 3761.8152 | L16: 0 | M16: =M15+K16-L16 -> 34368.64 | N16: IOCL Card
A17: 14 | B17: 15.11.2025 | E17: 30 | F17: 91.5 | G17: =E17*F17 -> 2745 | H17: =10+5.8 -> 15.8 | I17: 103.44 | J17: =H17*I17 -> 1634.352 | K17: =G17+J17 -> 4379.352 | L17: 0 | M17: =M16+K17-L17 -> 38747.992 | N17: IOCL Card
A18: 15 | B18: 16.11.2025 | E18: 20 | F18: 91.5 | G18: =E18*F18 -> 1830 | H18: 4.83 | I18: 103.44 | J18: =H18*I18 -> 499.6152 | K18: =G18+J18 -> 2329.6152 | L18: 0 | M18: =M17+K18-L18 -> 41077.608 | N18: IOCL Card
A19: 16 | B19: 17.11.2025 | E19: 69.45 | F19: 91.5 | G19: =E19*F19 -> 6354.675 | J19: =H19*I19 -> 0 | K19: =G19+J19 -> 6354.675 | L19: 0 | M19: =M18+K19-L19 -> 47432.283 | N19: IOCL Card
A20: 17 | B20: 18.11.2025 | E20: 21.95 | F20: 91.13 | G20: =E20*F20 -> 2000.3035 | H20: 6.77 | I20: 103.44 | J20: =H20*I20 -> 700.2888 | K20: =G20+J20 -> 2700.5923 | L20: 2000 | M20: =M19+K20-L20 -> 48132.875 | N20: IOCL Card
A21: 18 | B21: 19.11.2025 | E21: 20 | F21: 91.5 | G21: =E21*F21 -> 1830 | J21: =H21*I21 -> 0 | K21: =G21+J21 -> 1830 | L21: 0 | M21: =M20+K21-L21 -> 49962.875 | N21: IOCL Card
A22: 19 | B22: 20.11.2025 | G22: =E22*F22 -> 0 | J22: =H22*I22 -> 0 | K22: =G22+J22 -> 0 | L22: 30000 | M22: =M21+K22-L22 -> 19962.875 | N22: IOCL Card
A23: 20 | B23: 21.11.2025 | E23: 34.87 | F23: 91.5 | G23: =E23*F23 -> 3190.605 | H23: 4.44 | I23: 103.44 | J23: =H23*I23 -> 459.2736 | K23: =G23+J23 -> 3649.8786 | L23: 0 | M23: =M22+K23-L23 -> 23612.753 | N23: IOCL Card
A24: 21 | B24: 22.11.2025 | G24: =E24*F24 -> 0 | H24: 4.83 | I24: 103.44 | J24: =H24*I24 -> 499.6152 | K24: =G24+J24 -> 499.6152 | L24: 0 | M24: =M23+K24-L24 -> 24112.369 | N24: IOCL Card
A25: 22 | B25: 24.11.2025 | E25: 0 | F25: 91.5 | G25: =E25*F25 -> 0 | H25: 0 | I25: 103.44 | J25: =H25*I25 -> 0 | K25: =G25+J25 -> 0 | L25: 0 | M25: =M24+K25-L25 -> 24112.369 | N25: IOCL Card
A26: 23 | B26: 25.11.2025 | E26: 60 | F26: 91.5 | G26: =E26*F26 -> 5490 | H26: 4.83 | I26: 103.44 | J26: =H26*I26 -> 499.6152 | K26: =G26+J26 -> 5989.6152 | L26: 0 | M26: =M25+K26-L26 -> 30101.984 | N26: IOCL Card
A27: 24 | B27: 26.11.2025 | E27: 62.96 | F27: 91.5 | G27: =E27*F27 -> 5760.84 | H27: 15.6 | I27: 103.44 | J27: =H27*I27 -> 1613.664 | K27: =G27+J27 -> 7374.504 | L27: 0 | M27: =M26+K27-L27 -> 37476.488 | N27: IOCL Card
A28: 25 | B28: 27.11.2025 | E28: 64.17 | F28: 91.5 | G28: =E28*F28 -> 5871.555 | J28: =H28*I28 -> 0 | K28: =G28+J28 -> 5871.555 | L28: 0 | M28: =M27+K28-L28 -> 43348.043 | N28: IOCL Card
A29: 26 | B29: 28.11.2025 | E29: 60 | F29: 91.5 | G29: =E29*F29 -> 5490 | J29: =H29*I29 -> 0 | K29: =G29+J29 -> 5490 | L29: 0 | M29: =M28+K29-L29 -> 48838.043 | N29: IOCL Card
A30: 27 | B30: 29.11.2025 | E30: 56.74 | F30: 91.5 | G30: =E30*F30 -> 5191.71 | H30: 15.9 | I30: 103.44 | J30: =H30*I30 -> 1644.696 | K30: =G30+J30 -> 6836.406 | L30: 0 | M30: =M29+K30-L30 -> 55674.449 | N30: IOCL Card
A31: 28 | G31: =E31*F31 -> 0 | J31: =H31*I31 -> 0 | K31: =G31+J31 -> 0 | L31: 0 | M31: =M30+K31-L31 -> 55674.449 | N31: IOCL Card
A32: 29 | G32: =E32*F32 -> 0 | J32: =H32*I32 -> 0 | K32: =G32+J32 -> 0 | L32: 0 | M32: =M31+K32-L32 -> 55674.449 | N32: IOCL Card
A33: 30 | G33: =E33*F33 -> 0 | J33: =H33*I33 -> 0 | K33: =G33+J33 -> 0 | L33: 0 | M33: =M32+K33-L33 -> 55674.449 | N33: IOCL Card
A34: 31 | G34: =E34*F34 -> 0 | J34: =H34*I34 -> 0 | K34: =G34+J34 -> 0 | L34: 0 | M34: =M33+K34-L34 -> 55674.449 | N34: IOCL Card
A35: 32 | G35: =E35*F35 -> 0 | J35: =H35*I35 -> 0 | K35: =G35+J35 -> 0 | L35: 0 | M35: =M34+K35-L35 -> 55674.449 | N35: IOCL Card
A36: 33 | G36: =E36*F36 -> 0 | H36: 0 | I36: 0 | J36: =H36*I36 -> 0 | K36: =G36+J36 -> 0 | L36: 0 | M36: =M35+K36-L36 -> 55674.449 | N36: IOCL Card
A37: 34 | E37: 0 | F37: 0 | G37: =E37*F37 -> 0 | H37: 0 | I37: 0 | J37: =H37*I37 -> 0 | K37: =G37+J37 -> 0 | L37: 0 | M37: =M36+K37-L37 -> 55674.449 | N37: IOCL Card
A38: 35 | E38: 0 | F38: 0 | G38: =E38*F38 -> 0 | H38: 0 | I38: 0 | J38: =H38*I38 -> 0 | K38: =G38+J38 -> 0 | L38: 0 | M38: =M37+K38-L38 -> 55674.449 | N38: IOCL Card
A39: 36 | E39: 0 | F39: 0 | G39: =E39*F39 -> 0 | H39: 0 | I39: 0 | J39: =H39*I39 -> 0 | K39: =G39+J39 -> 0 | L39: 0 | M39: =M38+K39-L39 -> 55674.449 | N39: IOCL Card
A40: 37 | E40: 0 | F40: 0 | G40: =E40*F40 -> 0 | H40: 0 | I40: 0 | J40: =H40*I40 -> 0 | K40: =G40+J40 -> 0 | L40: 0 | M40: =M39+K40-L40 -> 55674.449 | N40: IOCL Card
A41: 38 | E41: 0 | F41: 0 | G41: =E41*F41 -> 0 | H41: 0 | I41: 0 | J41: =H41*I41 -> 0 | K41: =G41+J41 -> 0 | L41: 0 | M41: =M40+K41-L41 -> 55674.449 | N41: IOCL Card
A42: 39 | E42: 0 | F42: 0 | G42: =E42*F42 -> 0 | H42: 0 | I42: 0 | J42: =H42*I42 -> 0 | K42: =G42+J42 -> 0 | L42: 0 | M42: =M41+K42-L42 -> 55674.449 | N42: IOCL Card
A43: 40 | E43: 0 | F43: 0 | G43: =E43*F43 -> 0 | H43: 0 | I43: 0 | J43: =H43*I43 -> 0 | K43: =G43+J43 -> 0 | L43: 0 | M43: =M42+K43-L43 -> 55674.449 | N43: IOCL Card
A44: 41 | E44: 0 | F44: 0 | G44: =E44*F44 -> 0 | H44: 0 | I44: 0 | J44: =H44*I44 -> 0 | K44: =G44+J44 -> 0 | L44: 0 | M44: =M43+K44-L44 -> 55674.449 | N44: IOCL Card
A45: 42 | E45: 0 | F45: 0 | G45: =E45*F45 -> 0 | H45: 0 | I45: 0 | J45: =H45*I45 -> 0 | K45: =G45+J45 -> 0 | L45: =+K45 -> 0 | M45: =M44+K45-L45 -> 55674.449 | N45: IOCL Card
E46: =SUM(E4:E45) -> 1054.08 | G46: =SUM(G4:G45) -> 96440.199 | H46: =SUM(H4:H45) -> 126.74 | J46: =SUM(J4:J45) -> 13109.986 | K46: =SUM(K4:K45) -> 109550.18 | L46: =SUM(L4:L45) -> 97000

Sheet Chadchan
A1: Khavekar Petrolium
A2: S.No | B2: Date | C2: GRN No | D2: Ind no/Bill No | E2: Diesel (Lts) | F2: Price | G2: Amount | H2: Petrol (Lts) | I2: Price | J2: Amount | K2: Total amount | L2: Amount paid | M2: As on Date | N2: Remarks
B3: Opening Balance | K3: 143396.87 | M3: =+K3 -> 143396.87 | O3: 86559.567
A4: 1 | B4: 45962 | E4: 49.92 | F4: 91.23 | G4: =E4*F4 -> 4554.2016 | H4: 22.42 | I4: 103.16 | J4: =H4*I4 -> 2312.8472 | K4: =G4+J4 -> 6867.0488 | M4: =M3+K4-L4 -> 150263.92
A5: 2 | B5: 45963 | G5: =E5*F5 -> 0 | H5: 5.8 | I5: 103.16 | J5: =H5*I5 -> 598.328 | K5: =G5+J5 -> 598.328 | M5: =M4+K5-L5 -> 150862.25
A6: 3 | B6: 45964 | E6: 75.9 | F6: 91.23 | G6: =E6*F6 -> 6924.357 | H6: 10 | I6: 103.16 | J6: =H6*I6 -> 1031.6 | K6: =G6+J6 -> 7955.957 | M6: =M5+K6-L6 -> 158818.21
A7: 4 | B7: 45965 | G7: =E7*F7 -> 0 | J7: =H7*I7 -> 0 | K7: =G7+J7 -> 0 | M7: =M6+K7-L7 -> 158818.21
A8: 5 | B8: 45966 | E8: 146.53 | F8: 91.23 | G8: =E8*F8 -> 13367.932 | H8: 24.63 | I8: 103.16 | J8: =H8*I8 -> 2540.8308 | K8: =G8+J8 -> 15908.763 | M8: =M7+K8-L8 -> 174726.97
A9: 6 | B9: 45967 | E9: 185.81 | F9: 91.23 | G9: =E9*F9 -> 16951.446 | J9: =H9*I9 -> 0 | K9: =G9+J9 -> 16951.446 | M9: =M8+K9-L9 -> 191678.42
A10: 7 | B10: 45968 | E10: 46.28 | F10: 91.23 | G10: =E10*F10 -> 4222.1244 | J10: =H10*I10 -> 0 | K10: =G10+J10 -> 4222.1244 | M10: =M9+K10-L10 -> 195900.54
A11: 8 | B11: 45969 | E11: 48.35 | F11: 91.23 | G11: =E11*F11 -> 4410.9705 | J11: =H11*I11 -> 0 | K11: =G11+J11 -> 4410.9705 | M11: =M10+K11-L11 -> 200311.51
A12: 9 | B12: 45970 | E12: 39.78 | F12: 91.23 | G12: =E12*F12 -> 3629.1294 | H12: 15 | I12: 103.16 | J12: =H12*I12 -> 1547.4 | K12: =G12+J12 -> 5176.5294 | M12: =M11+K12-L12 -> 205488.04
A13: 10 | B13: 45971 | G13: =E13*F13 -> 0 | H13: 5 | I13: 103.16 | J13: =H13*I13 -> 515.8 | K13: =G13+J13 -> 515.8 | M13: =M12+K13-L13 -> 206003.84
A14: 11 | B14: 45972 | E14: 30 | F14: 91.23 | G14: =E14*F14 -> 2736.9 | H14: 12.28 | I14: 103.16 | J14: =H14*I14 -> 1266.8048 | K14: =G14+J14 -> 4003.7048 | M14: =M13+K14-L14 -> 210007.55
A15: 12 | B15: 45973 | E15: 55.21 | F15: 91.23 | G15: =E15*F15 -> 5036.8083 | J15: =H15*I15 -> 0 | K15: =G15+J15 -> 5036.8083 | M15: =M14+K15-L15 -> 215044.35
A16: 13 | B16: 45974 | E16: 50 | F16: 91.23 | G16: =E16*F16 -> 4561.5 | H16: 5 | I16: 103.16 | J16: =H16*I16 -> 515.8 | K16: =G16+J16 -> 5077.3 | M16: =M15+K16-L16 -> 220121.65
A17: 14 | B17: 45975 | E17: 27.82 | F17: 91.23 | G17: =E17*F17 -> 2538.0186 | H17: 6.79 | I17: 103.16 | J17: =H17*I17 -> 700.4564 | K17: =G17+J17 -> 3238.475 | M17: =M16+K17-L17 -> 223360.13
