Workbook

Sheet Sep-25 
A1: S.no | B1: Site Name | C1: Bunk Name | D1: Diesel(Liters) | E1: Diesel Amount | F1: Petrol(Liters) | G1: Petrol Amount | H1: Total Amount | I1: Opening Blance | J1: Amount Paid | K1: Closing Balances
A2: 1 | B2: Khammam-1 | C2: Divya laxmi ganapathi | D2: =+'Khammam-1'!E38 -> 79074.87 | E2: =+'Khammam-1'!G38 -> 7565836.6 | F2: =+'Khammam-1'!H38 -> 450 | G2: =+'Khammam-1'!J38 -> 48356.8 | H2: =E2+G2 -> 7614193.4 | I2: =+'Khammam-1'!K3 -> 11063503 | J2: =+'Khammam-1'!L38 -> 7500000 | K2: =H2+I2-J2 -> 11177697
A3: 2 | B3: Khammam-2 | C3: Jayasai union bunk | D3: =+'Khammam-2'!E35 -> 95538.08 | E3: =+'Khammam-2'!G35 -> 9142994.3 | F3: =+'Khammam-2'!H35 -> 475 | G3: =+'Khammam-2'!J35 -> 51053 | H3: =E3+G3 -> 9194047.3 | I3: =+'Khammam-2'!K3 -> 11749284 | J3: =+'Khammam-2'!L35 -> 7500000 | K3: =H3+I3-J3 -> 13443331
A4: 3 | B4: Jadcherla-1 | C4: Sai Baba Fuel Station | D4: =+'Jedcherla -1'!E37 -> 34171.99 | E4: =+'Jedcherla -1'!G37 -> 3294863.3 | F4: =+'Jedcherla -1'!H37 -> 592.72 | G4: =+'Jedcherla -1'!J37 -> 64150.086 | H4: =E4+G4 -> 3359013.4 | I4: =+'Jedcherla -1'!M3 -> 3836229.1 | J4: =+'Jedcherla -1'!L37 -> 4555327.9 | K4: =H4+I4-J4 -> 2639914.6
A5: 4 | B5: Jadcherla-2 | C5: ADHOC FILLING STATION STATION | D5: =+'Jedcharla-2'!E35 -> 23700 | E5: =+'Jedcharla-2'!G35 -> 2285391 | F5: 0 | G5: 0 | H5: =E5+G5 -> 2285391 | I5: =+'Jedcharla-2'!K3 -> 0 | J5: =+'Jedcharla-2'!L35 -> 2046458 | K5: =H5+I5-J5 -> 238933
A6: 6 | B6: Dindi | C6: Akarapu Balakistamma Fillling | D6: =+Dindi!E35 -> 118.69 | E6: =+Dindi!G35 -> 11458.416 | F6: =+Dindi!H35 -> 0 | G6: =+Dindi!J35 -> 0 | H6: =E6+G6 -> 11458.416 | J6: =+Dindi!L35 -> 11458.416 | K6: =H6+I6-J6 -> 0
A7: 7 | B7: Devarkhadra-1 | C7: Kurumurthy Swami F/S | D7: =+Devarakhadra!E35 -> 16286.75 | E7: =+Devarakhadra!G35 -> 1581443.4 | F7: =+Devarakhadra!H35 -> 145 | G7: =+Devarakhadra!J35 -> 15780.35 | H7: =E7+G7 -> 1597223.8 | I7: =+Devarakhadra!M3 -> 562989.59 | J7: =+Devarakhadra!L35 -> 2039000 | K7: =H7+I7-J7 -> 121213.37
A8: 8 | B8: Devarkhadra-2 | C8: M/S. Sri Rama Filling Station | D8: =+'Devarakhadra-2'!E35 -> 1200 | E8: =+'Devarakhadra-2'!G35 -> 116520 | F8: =+'Devarakhadra-2'!H35 -> 0 | G8: =+'Devarakhadra-2'!I35 -> 0 | H8: =E8+G8 -> 116520 | I8: =+'Devarakhadra-2'!M3 -> 134013.54 | J8: =+'Devarakhadra-2'!L35 -> 118260 | K8: =H8+I8-J8 -> 132273.54
A9: 9 | B9: Amalapuram | C9: Sathya Filling Station | D9: =+Amalapuram!E36 -> 148.48 | E9: =+Amalapuram!G36 -> 14017.24 | F9: =+Amalapuram!H36 -> 186.05 | G9: =+Amalapuram!J36 -> 20075.552 | H9: =E9+G9 -> 34092.792 | I9: =+Amalapuram!M3 -> 0 | J9: =+Amalapuram!L36 -> 34092.795 | K9: =H9+I9-J9 -> -0.0026
A10: 10 | B10: YG Gudda-1 | C10: Pallavi Petrolium | D10: =+'YG Gudda '!E36 -> 3000 | E10: =+'YG Gudda '!G36 -> 273900 | F10: =+'YG Gudda '!H36 -> 210 | G10: =+'YG Gudda '!J36 -> 21681.45 | H10: =E10+G10 -> 295581.45 | I10: ='YG Gudda '!K3 -> 284233.21 | J10: =+'YG Gudda '!L36 -> 470000 | K10: =H10+I10-J10 -> 109814.66 | L10: 102795 | M10: =K10-L10 -> 7019.6645
A11: 11 | B11: YG Gudda-2 | C11: Pankaja HP Fuel Center | D11: =+'YG Gudda-2'!E35 -> 8600 | E11: =+'YG Gudda-2'!G35 -> 785438 | F11: =+'YG Gudda-2'!H35 -> 490 | G11: =+'YG Gudda-2'!J35 -> 50602.3 | H11: =E11+G11 -> 836040.3 | I11: =+'YG Gudda-2'!M3 -> 230070.7 | J11: =+'YG Gudda-2'!L35 -> 760000 | K11: =H11+I11-J11 -> 306111
A12: 12 | B12: Hosadurga-1 | C12: Merchant Petroliums | D12: =+Hosadurga!E35 -> 1500 | E12: =+Hosadurga!G35 -> 137700 | F12: =+Hosadurga!H35 -> 70 | G12: =+Hosadurga!J35 -> 7279.3 | H12: =E12+G12 -> 144979.3 | I12: =+Hosadurga!K3 -> 7279.3 | J12: =+Hosadurga!L35 -> 150000 | K12: =H12+I12-J12 -> 2258.6
A13: 13 | B13: Hosadurga-2 | C13: Shree Veeraprathap Fuel | D13: =+'Hosadurga -2'!E35 -> 3776.7 | E13: =+'Hosadurga -2'!G35 -> 345756.89 | F13: =+'Hosadurga -2'!H35 -> 305 | G13: =+'Hosadurga -2'!J35 -> 31637.65 | H13: =+'Hosadurga -2'!K35 -> 377394.54 | I13: =+'Hosadurga -2'!K3 -> 439314.55 | J13: =+'Hosadurga -2'!L35 -> 539000 | K13: =H13+I13-J13 -> 277709.09
A14: 14 | B14: Malebennuru(KUWSDB) | C14: Sri Ramanjuneya Service Station | D14: =+'Malebenur(KUWSDB)'!E36 -> 8303.58 | E14: =+'Malebenur(KUWSDB)'!G36 -> 765757.66 | F14: =+'Malebenur(KUWSDB)'!H36 -> 234.99 | G14: =+'Malebenur(KUWSDB)'!J36 -> 24425.52 | H14: =E14+G14 -> 790183.18 | I14: =+'Malebenur(KUWSDB)'!K3 -> 191809.52 | J14: =+'Malebenur(KUWSDB)'!L36 -> 979357.87 | K14: =H14+I14-J14 -> 2634.8284
A15: 15 | B15: kadur | C15: Vishal Service Station | D15: =+Kadur!E35 -> 0 | E15: =+Kadur!G35 -> 0 | F15: =+Kadur!H35 -> 110 | G15: =+Kadur!J35 -> 11469.7 | H15: =E15+G15 -> 11469.7 | I15: =+Kadur!K3 -> 417039.13 | J15: =+Kadur!L35 -> 417000 | K15: =H15+I15-J15 -> 11508.831
A16: 16 | B16: Hiriyur(VJNL) | C16: Sri Balaji Agencies | D16: =+'Hiriyur(VJNL)'!E35 -> 2200 | E16: =+'Hiriyur(VJNL)'!G35 -> 202972 | F16: =+'Hiriyur(VJNL)'!H35 -> 280 | G16: =+'Hiriyur(VJNL)'!J35 -> 29159.2 | H16: =E16+G16 -> 232131.2 | I16: =+'Hiriyur(VJNL)'!K3 -> 191992.3 | J16: =+'Hiriyur(VJNL)'!L35 -> 349282.1 | K16: =H16+I16-J16 -> 74841.4
A17: 17 | B17: Chellakere(KUWSDB) | C17: Sri Vishnu Baba Petroleum | D17: =+'Chellakere (KUWSDB)'!E35 -> 4332.28 | E17: =+'Chellakere (KUWSDB)'!G35 -> 399641.44 | F17: =+'Chellakere (KUWSDB)'!H35 -> 260 | G17: =+'Chellakere (KUWSDB)'!J35 -> 24991.2 | H17: =E17+G17 -> 424632.64 | I17: 0 | J17: =+'Chellakere (KUWSDB)'!L35 -> 424632.64 | K17: =H17+I17-J17 -> 0
A18: 18 | B18: Molakalmuru | C18: Sri Lakshmi Venkateshwara Filling Station | D18: =+Molakamuru!E35 -> 2650 | E18: =+Molakamuru!G35 -> 244489 | F18: =+Molakamuru!H35 -> 50 | G18: =+Molakamuru!J35 -> 5206.5 | H18: =E18+G18 -> 249695.5 | I18: =+Molakamuru!K3 -> 0 | J18: =+Molakamuru!L35 -> 249695.5 | K18: =H18+I18-J18 -> 0
A19: 19 | B19: Khanapur(PKG-3) | C19: J K Makavi | D19: =+Khanapur!E35 -> 1822.61 | E19: =+Khanapur!G35 -> 161544.8 | F19: =+Khanapur!H35 -> 58.86 | G19: =+Khanapur!J35 -> 6049.0422 | H19: =E19+G19 -> 167593.84 | I19: 0 | J19: =+Khanapur!L35 -> 157423.09 | K19: =H19+I19-J19 -> 10170.75
A20: 20 | B20: Munavalli(PKG-3)-2 | C20: Shri Daneshwari | D20: =+'Munavali-2'!E37 -> 9465.14 | E20: =+'Munavali-2'!G37 -> 864311.88 | F20: =+'Munavali-2'!H37 -> 184.72 | G20: =+'Munavali-2'!J37 -> 19070.134 | H20: =E20+G20 -> 883382.01 | I20: =+'Munavali-2'!M3 -> 480082.77 | J20: =+'Munavali-2'!L37 -> 1158613.8 | K20: =H20+I20-J20 -> 204851.03
A21: 21 | B21: Borgaon(PKG-3) | C21: Aadisagar Petrolium | D21: =+Borgaon!E35 -> 393.5 | E21: =+Borgaon!G35 -> 36111.495 | F21: =+Borgaon!H35 -> 90.91 | G21: =+Borgaon!J35 -> 9510.5043 | H21: =E21+G21 -> 45621.999 | I21: =+Borgaon!K3 -> 38975.608 | J21: =+Borgaon!L35 -> 43000 | K21: =H21+I21-J21 -> 41597.607
A22: 22 | B22: Ugar,Kudichi(PKG-3) | C22: Shiri Bhrhmanath Petrolium | D22: =+'Ugar,Khagwad,Kudichi'!E35 -> 3544.61 | E22: =+'Ugar,Khagwad,Kudichi'!G35 -> 325856 | F22: =+'Ugar,Khagwad,Kudichi'!H35 -> 300 | G22: =+'Ugar,Khagwad,Kudichi'!J35 -> 31167 | H22: =E22+G22 -> 357023 | I22: =+'Ugar,Khagwad,Kudichi'!M3 -> 276896.24 | J22: =+'Ugar,Khagwad,Kudichi'!L35 -> 403000 | K22: =H22+I22-J22 -> 230919.24
A23: 23 | B23: Kabbur(PKG-3) | C23: Shri Jai Hanuman Petrolium | D23: =+Kabbur!E35 -> 425 | E23: =+Kabbur!G35 -> 38925.75 | F23: =+Kabbur!H35 -> 26.25 | G23: =+Kabbur!J35 -> 2717.6625 | H23: =E23+G23 -> 41643.412 | I23: 0 | J23: =+Kabbur!L35 -> 41643.413 | K23: =H23+I23-J23 -> 0
A24: 24 | B24: Kumta (PKG-1) | C24: Krishma fuel station | D24: =+kumta!E35 -> 708.42 | E24: =+kumta!G35 -> 65117.966 | F24: =+kumta!H35 -> 48.37 | G24: =+kumta!J35 -> 5028.5452 | H24: =E24+G24 -> 70146.512 | I24: 0 | J24: =+kumta!L35 -> 70146.511 | K24: =H24+I24-J24 -> 0.0004
A25: 25 | B25: Jalgaon | C25: Sri Sai Petrol Pump | D25: =+Jalgaon!E45 -> 10846.58 | E25: =+Jalgaon!G45 -> 994753.76 | F25: =+Jalgaon!H45 -> 34.18 | G25: =+Jalgaon!J45 -> 3069.4442 | H25: =E25+G25 -> 997823.2 | I25: =+Jalgaon!K3 -> 215765.12 | J25: =+Jalgaon!L45 -> 704000 | K25: =H25+I25-J25 -> 509588.32
A26: 26 | B26: MKBD | C26: Shree Sai Samarth Petroleum | D26: =+MKBD!E36 -> 3180 | E26: =+MKBD!G36 -> 290191.6 | F26: =+MKBD!H36 -> 60 | G26: =+MKBD!J36 -> 6276 | H26: =E26+G26 -> 296467.6 | I26: =+MKBD!K3 -> 1341625.6 | J26: =+MKBD!L36 -> 1529612.6 | K26: =H26+I26-J26 -> 108480.65
A27: 27 | B27: Haveri | C27: Shivalingeshwar Petroleum | D27: =+Haveri!E35 -> 3853.1 | E27: =+Haveri!G35 -> 352349.45 | F27: =+Haveri!H35 -> 108.91 | G27: =+Haveri!J35 -> 11261.294 | H27: =E27+G27 -> 363610.75 | I27: =+Haveri!M3 -> 166543.86 | J27: =+Haveri!L35 -> 429766 | K27: =H27+I27-J27 -> 100388.61
A28: 28 | B28: Guttal | C28: Taware filling station | D28: =+Guttal!E35 -> 1975.51 | E28: =+Guttal!G35 -> 181351.82 | F28: =+Guttal!H35 -> 132 | G28: =+Guttal!J35 -> 13696.32 | H28: =E28+G28 -> 195048.14 | I28: 0 | J28: =+Guttal!L35 -> 195048.14 | K28: =H28+I28-J28 -> -0.0019999999
A29: 29 | B29: Rattihali | C29: Shree Siri Gowari petroliam | D29: =+Rattihali!E35 -> 2721.88 | E29: =+Rattihali!G35 -> 250521.84 | F29: =+Rattihali!H35 -> 73.94 | G29: =+Rattihali!J35 -> 7691.2388 | H29: =E29+G29 -> 258213.07 | I29: =+Rattihali!M3 -> 266689.16 | J29: =+Rattihali!L35 -> 351026 | K29: =H29+I29-J29 -> 173876.23
A30: 30 | B30: Gajendragada | C30: Vanasri Petrol Pump | D30: =+Gajendragada!E35 -> 1750 | E30: =+Gajendragada!G35 -> 160702.5 | F30: =+Gajendragada!H35 -> 135 | G30: =+Gajendragada!J35 -> 14013 | H30: =E30+G30 -> 174715.5 | I30: =+Gajendragada!K3 -> 60128.512 | J30: =+Gajendragada!L35 -> 101172 | K30: =H30+I30-J30 -> 133672.01
A31: 32 | B31: Gokak(PKG-3) | C31: AJ Petrolinks | D31: =+'Gokak Dharwad PKG 3'!E40 -> 9359.68 | E31: =+'Gokak Dharwad PKG 3'!G40 -> 856223.53 | F31: =+'Gokak Dharwad PKG 3'!H40 -> 362 | G31: =+'Gokak Dharwad PKG 3'!J40 -> 37434.42 | H31: =E31+G31 -> 893657.95 | I31: =+'Gokak Dharwad PKG 3'!K3 -> 743234.15 | J31: =+'Gokak Dharwad PKG 3'!L40 -> 600000 | K31: =H31+I31-J31 -> 1036892.1
A32: 33 | B32: Ankaligi | C32: Shiv ganga | D32: =+Ankalgi!E35 -> 1622.61 | E32: =+Ankalgi!G35 -> 148160.52 | F32: =+Ankalgi!H35 -> 147 | G32: =+Ankalgi!J35 -> 15174.81 | H32: =E32+G32 -> 163335.33 | I32: =+Ankalgi!M3 -> 228405.77 | J32: =+Ankalgi!L35 -> 285745 | K32: =H32+I32-J32 -> 105996.1
A33: 34 | B33: ShankeshWAR | C33: SR Patil | D33: =+' Shankeshwar'!E35 -> 0 | E33: =+' Shankeshwar'!G35 -> 0 | F33: =+' Shankeshwar'!H35 -> 29 | G33: =+' Shankeshwar'!J35 -> 2993.38 | H33: =E33+G33 -> 2993.38 | J33: =+' Shankeshwar'!L35 -> 2993.38 | K33: =H33+I33-J33 -> 0
A34: 35 | B34: Talikote(PKG-1) | C34: Raykar Oil Agencies | D34: =+' Talikote'!E46 -> 1199.74 | E34: =+' Talikote'!G46 -> 109776.21 | F34: =+' Talikote'!H46 -> 103.21 | G34: =+' Talikote'!J46 -> 10673.848 | H34: =E34+G34 -> 120450.06 | I34: =+' Talikote'!N3 -> 40815.884 | J34: =+' Talikote'!L46 -> 140652 | K34: =H34+I34-J34 -> 20613.942
A35: 36 | B35: Chadchan(PKG-1) | C35: Khavekar Petrolium | D35: =+Chadchan!E35 -> 1396.21 | E35: =+Chadchan!G35 -> 127376.24 | F35: =+Chadchan!H35 -> 120.94 | G35: =+Chadchan!J35 -> 12476.17 | H35: =E35+G35 -> 139852.41 | I35: =+Chadchan!K3 -> 188963.52 | J35: =+Chadchan!L35 -> 235933.5 | K35: =H35+I35-J35 -> 92882.428
A36: 37 | B36: Sindagi | C36: G.P.PORWAL | D36: =+Sindagi!E44 -> 0 | E36: =+Sindagi!G44 -> 0 | F36: =+Sindagi!H44 -> 0 | G36: =+Sindagi!J44 -> 0 | H36: =E36+G36 -> 0 | I36: =+Sindagi!M3 -> 31876.861 | J36: =+Sindagi!L44 -> 31876.861 | K36: =H36+I36-J36 -> 0
A37: 38 | B37: Muddebihal(PKG-1) | C37: Bhosle Service Station | D37: =+Muddebihal!E47 -> 2309.1 | E37: =+Muddebihal!G47 -> 211167.19 | F37: =+Muddebihal!H47 -> 55.61 | G37: =+Muddebihal!J47 -> 5748.6332 | H37: =E37+G37 -> 216915.83 | I37: =+Muddebihal!M3 -> 45514.196 | J37: =+Muddebihal!L47 -> 232027 | K37: =H37+I37-J37 -> 30403.024
A38: 39 | B38: Almela(PKG-1) | C38: Shiddeshwar Petroleums | D38: =+Alemela!E43 -> 1365 | E38: =+Alemela!G43 -> 124634.45 | F38: =+Alemela!H43 -> 100.68 | G38: =+Alemela!J43 -> 10396.217 | H38: =E38+G38 -> 135030.67 | I38: =+Alemela!M3 -> 37173.474 | J38: =+Alemela!L43 -> 167807.32 | K38: =H38+I38-J38 -> 4396.8207
A39: 40 | B39: Nalatwad(PKG-1) | C39: Shri Pawad Basaweshwar Petroleums | D39: =+Nalatwad!E43 -> 468.66 | E39: =+Nalatwad!G43 -> 42959.584 | F39: =+Nalatwad!H43 -> 64.16 | G39: =+Nalatwad!J43 -> 6645.0512 | H39: =E39+G39 -> 49604.635 | I39: =+Nalatwad!M3 -> 119940 | J39: =+Nalatwad!L43 -> 150000 | K39: =H39+I39-J39 -> 19544.637
A40: 41 | B40: Srirangapatna | C40: Sri Chakra Fuel Station | D40: =+Srirangapatna!E35 -> 0 | E40: =+Srirangapatna!G35 -> 0 | F40: =+Srirangapatna!H35 -> 71.28 | G40: =+Srirangapatna!J35 -> 7303.3488 | H40: =E40+G40 -> 7303.3488 | I40: 0 | J40: =+Srirangapatna!L35 -> 7303.3488 | K40: =H40+I40-J40 -> 0
A41: Total | D41: =SUM(D2:D40) -> 343008.77 | E41: =SUM(E2:E40) -> 32510216 | F41: =SUM(F2:F40) -> 6165.78 | G41: =SUM(G2:G40) -> 644264.67 | H41: =SUM(H2:H40) -> 33154480 | I41: =SUM(I2:I40) -> 33390389 | J41: =SUM(J2:J40) -> 35182355 | K41: =H41+I41-J41 -> 31362514 | L41: 31331039 | M41: =L41-K41 -> -31474.826
K42: 3133038
A46: S.no | B46: Site Name | C46: Bunk Name | D46: Diesel(Liters) | E46: Diesel Amount | F46: Petrol(Liters) | G46: Petrol Amount | H46: Total Amount | I46: Opening Blance | J46: Amount Paid | K46: Closing Balances
A47: 15 | B47: {=VLOOKUP(A47,A1:K40,{2,3,4,5,6,7,8,9,10,11},FALSE)} -> kadur | C47: Vishal Service Station | D47: 0 | E47: 0 | F47: 110 | G47: 11469.7 | H47: 11469.7 | I47: 417039.13 | J47: 417000 | K47: 11508.831
B49: Site Name | C49: Bunk Name | D49: Diesel(Liters) | E49: Diesel Amount | F49: Petrol(Liters) | G49: Petrol Amount | H49: Total Amount | I49: Opening Blance | J49: Amount Paid | K49: Closing Balances
B50: Chadchan(PKG-1) | C50: {=VLOOKUP(B50,B1:K40,{2,3,4,5,6,7,8,9,10},FALSE)} -> Khavekar Petrolium | D50: 1396.21 | E50: 127376.24 | F50: 120.94 | G50: 12476.17 | H50: 139852.41 | I50: 188963.52 | J50: 235933.5 | K50: 92882.428

Sheet Khammam-1
A1: Divya laxmi ganapathi
A2: S.No | B2: Date | C2: GRN No | D2: Ind No/Bill No | E2: Diesel (Lts) | F2: Price | G2: Amount | H2: Petrol (Lts) | I2: Price | J2: Amount | K2: Total amount | L2: Amount paid | M2: As 0n Date | N2: Remarks
A3: Opening Balance | K3: 11063503 | M3: =+K3 -> 11063503 | O3: 14609972
A4: 1 | B4: 45901 | E4: 0 | F4: 0 | G4: =E4*F4 -> 0 | H4: 0 | I4: 0 | J4: =H4*I4 -> 0 | K4: =G4+J4 -> 0 | L4: 0 | M4: =M3+K4-L4 -> 11063503
A5: 2 | B5: 45902 | E5: 0 | F5: 0 | G5: =E5*F5 -> 0 | H5: 0 | I5: 0 | J5: =H5*I5 -> 0 | K5: =G5+J5 -> 0 | M5: =M4+K5-L5 -> 11063503
A6: 3 | B6: 45903 | E6: 2800 | F6: 95.68 | G6: =E6*F6 -> 267904 | H6: 0 | I6: 0 | J6: =H6*I6 -> 0 | K6: =G6+J6 -> 267904 | M6: =M5+K6-L6 -> 11331407
A7: 4 | B7: 45904 | E7: 8093.72 | F7: 95.68 | G7: =E7*F7 -> 774407.13 | H7: 40 | I7: 107.46 | J7: =H7*I7 -> 4298.4 | K7: =G7+J7 -> 778705.53 | M7: =M6+K7-L7 -> 12110113
A8: 5 | B8: 45905 | E8: 5695.37 | F8: 95.68 | G8: =E8*F8 -> 544933 | H8: 40 | I8: 107.46 | J8: =H8*I8 -> 4298.4 | K8: =G8+J8 -> 549231.4 | M8: =M7+K8-L8 -> 12659344
A9: 6 | B9: 45906 | E9: 2000 | F9: 95.68 | G9: =E9*F9 -> 191360 | H9: 0 | I9: 0 | J9: =H9*I9 -> 0 | K9: =G9+J9 -> 191360 | M9: =M8+K9-L9 -> 12850704
A10: 7 | B10: 45907 | E10: =2700+2208.37 -> 4908.37 | F10: 95.68 | G10: =E10*F10 -> 469632.84 | H10: 0 | I10: 0 | J10: =H10*I10 -> 0 | K10: =G10+J10 -> 469632.84 | M10: =M9+K10-L10 -> 13320337
A11: 8 | B11: 45908 | E11: 3799.19 | F11: 95.68 | G11: =E11*F11 -> 363506.5 | H11: 40 | I11: 107.46 | J11: =H11*I11 -> 4298.4 | K11: =G11+J11 -> 367804.9 | L11: 7500000 | M11: =M10+K11-L11 -> 6188142
A12: 9 | B12: 45909 | E12: 0 | F12: 0 | G12: =E12*F12 -> 0 | H12: 0 | I12: 0 | J12: =H12*I12 -> 0 | K12: =G12+J12 -> 0 | M12: =M11+K12-L12 -> 6188142
A13: 10 | B13: 45910 | E13: 8416.25 | F13: 95.68 | G13: =E13*F13 -> 805266.8 | H13: 60 | I13: 107.46 | J13: =H13*I13 -> 6447.6 | K13: =G13+J13 -> 811714.4 | M13: =M12+K13-L13 -> 6999856.4 | O13: 6999851.3 | P13: =M13-O13 -> 5.0597
A14: 11 | B14: 45911 | E14: 0 | F14: 0 | G14: =E14*F14 -> 0 | H14: 0 | I14: 0 | J14: =H14*I14 -> 0 | K14: =G14+J14 -> 0 | M14: =M13+K14-L14 -> 6999856.4
A15: 12 | B15: 45912 | E15: 3879.39 | F15: 95.68 | G15: =E15*F15 -> 371180.04 | H15: 0 | I15: 0 | J15: =H15*I15 -> 0 | K15: =G15+J15 -> 371180.04 | M15: =M14+K15-L15 -> 7371036.4
A16: 13 | B16: 45913 | E16: 5382.58 | F16: 95.68 | G16: =E16*F16 -> 515005.25 | H16: 0 | I16: 0 | J16: =H16*I16 -> 0 | K16: =G16+J16 -> 515005.25 | M16: =M15+K16-L16 -> 7886041.6
A17: 14 | B17: 45914 | E17: 0 | F17: 0 | G17: =E17*F17 -> 0 | H17: 0 | I17: 0 | J17: =H17*I17 -> 0 | K17: =G17+J17 -> 0 | M17: =M16+K17-L17 -> 7886041.6
A18: 15 | B18: 45915 | E18: 0 | F18: 0 | G18: =E18*F18 -> 0 | H18: 0 | I18: 0 | J18: =H18*I18 -> 0 | K18: =G18+J18 -> 0 | M18: =M17+K18-L18 -> 7886041.6
A19: 16 | B19: 45916 | E19: 5500 | F19: 95.68 | G19: =E19*F19 -> 526240 | H19: 40 | I19: 107.46 | J19: =H19*I19 -> 4298.4 | K19: =G19+J19 -> 530538.4 | M19: =M18+K19-L19 -> 8416580
A20: 17 | B20: 45917 | E20: 2700 | F20: 95.67 | G20: =E20*F20 -> 258309 | H20: 20 | I20: 107.45 | J20: =H20*I20 -> 2149 | K20: =G20+J20 -> 260458 | M20: =M19+K20-L20 -> 8677038
A21: 18 | B21: 45918 | E21: 5500 | F21: 95.68 | G21: =E21*F21 -> 526240 | H21: 55 | I21: 107.46 | J21: =H21*I21 -> 5910.3 | K21: =G21+J21 -> 532150.3 | M21: =M20+K21-L21 -> 9209188.3
A22: 19 | B22: 45919 | E22: 0 | F22: 0 | G22: =E22*F22 -> 0 | H22: 0 | I22: 0 | J22: =H22*I22 -> 0 | K22: =G22+J22 -> 0 | M22: =M21+K22-L22 -> 9209188.3
A23: 20 | B23: 45920 | E23: 5500 | F23: 95.68 | G23: =E23*F23 -> 526240 | H23: 40 | I23: 107.46 | J23: =H23*I23 -> 4298.4 | K23: =G23+J23 -> 530538.4 | M23: =M22+K23-L23 -> 9739726.7
A24: 21 | B24: 45921 | E24: 0 | F24: 0 | G24: =E24*F24 -> 0 | H24: 0 | I24: 0 | J24: =H24*I24 -> 0 | K24: =G24+J24 -> 0 | M24: =M23+K24-L24 -> 9739726.7
A25: 22 | B25: 45922 | E25: 2000 | F25: 95.67 | G25: =E25*F25 -> 191340 | H25: 0 | I25: 0 | J25: =H25*I25 -> 0 | K25: =G25+J25 -> 191340 | M25: =M24+K25-L25 -> 9931066.7
... A31: 28 | B31: 45928 | E31: 2800 | F31: 95.68 | G31: =E31*F31 -> 267904 | H31: 55 | I31: 107.46 | J31: =H31*I31 -> 5910.3 | K31: =G31+J31 -> 273814.3 | M31: =M30+K31-L31 -> 10917211
A32: 29 | B32: 45929 | E32: 2700 | F32: 95.68 | G32: =E32*F32 -> 258336 | H32: 20 | I32: 107.46 | J32: =H32*I32 -> 2149.2 | K32: =G32+J32 -> 260485.2 | M32: =M31+K32-L32 -> 11177697 | O32: 11177692 | P32: =M32-O32 -> 5.0597
A33: 30 | B33: 45930 | E33: 0 | F33: 0 | G33: =E33*F33 -> 0 | H33: 0 | I33: 0 | J33: =H33*I33 -> 0 | K33: =G33+J33 -> 0 | M33: =M32+K33-L33 -> 11177697
A34: 31 | E34: 0 | F34: 0 | G34: =E34*F34 -> 0 | H34: 0 | I34: 0 | J34: =H34*I34 -> 0 | K34: =G34+J34 -> 0 | M34: =M33+K34-L34 -> 11177697
A35: 32 | E35: 0 | F35: 0 | G35: =E35*F35 -> 0 | H35: 0 | I35: 0 | J35: =H35*I35 -> 0 | K35: =G35+J35 -> 0 | M35: =M34+K35-L35 -> 11177697
A36: 33 | E36: 0 | F36: 0 | G36: =E36*F36 -> 0 | H36: 0 | I36: 0 | J36: =H36*I36 -> 0 | K36: =G36+J36 -> 0
A37: 34 | E37: 0 | F37: 0 | G37: =E37*F37 -> 0 | H37: 0 | I37: 0 | J37: =H37*I37 -> 0 | K37: =G37+J37 -> 0
E38: =SUM(E3:E37) -> 79074.87 | G38: =SUM(G3:G37) -> 7565836.6 | H38: =SUM(H3:H37) -> 450 | J38: =SUM(J3:J37) -> 48356.8 | K38: =SUM(K4:K37) -> 7614193.4 | L38: =SUM(L3:L37) -> 7500000

Sheet Khammam-2
A1: Jayasai union bunk
A2: S.No | B2: Date | C2: GRN No | D2: Ind No/Bill No | E2: Diesel (Lts) | F2: Price | G2: Amount | H2: Petrol (Lts) | I2: Price | J2: Amount | K2: Total amount | L2: Amount paid | M2: As 0n Date | N2: Remarks | O2: 11748805 | P2: =K3-O2 -> 478.5796
A3: Opening Balance | K3: 11749284 | M3: 11749284 | O3: 12663588
A4: 1 | B4: 45901 | E4: 5457.77 | F4: 95.7 | G4: =E4*F4 -> 522308.59 | H4: 40 | I4: 107.48 | J4: =H4*I4 -> 4299.2 | K4: =G4+J4 -> 526607.79 | M4: =M3+K4-L4 -> 12275891
A5: 2 | B5: 45902 | E5: =2700+2310.74 -> 5010.74 | F5: 95.7 | G5: =E5*F5 -> 479527.82 | H5: 0 | I5: 0 | J5: =H5*I5 -> 0 | K5: =G5+J5 -> 479527.82 | M5: =M4+K5-L5 -> 12755419
A6: 3 | B6: 45903 | E6: 4200 | F6: 95.7 | G6: =E6*F6 -> 401940 | H6: 40 | I6: 107.48 | J6: =H6*I6 -> 4299.2 | K6: =G6+J6 -> 406239.2 | M6: =M5+K6-L6 -> 13161658
A7: 4 | B7: 45904 | E7: 0 | F7: 0 | G7: =E7*F7 -> 0 | H7: 0 | I7: 0 | J7: =H7*I7 -> 0 | K7: =G7+J7 -> 0 | M7: =M6+K7-L7 -> 13161658
A8: 5 | B8: 45905 | E8: 0 | F8: 0 | G8: =E8*F8 -> 0 | H8: 0 | I8: 0 | J8: =H8*I8 -> 0 | K8: =G8+J8 -> 0 | M8: =M7+K8-L8 -> 13161658
A9: 6 | B9: 45906 | E9: =2700+2800 -> 5500 | F9: 95.7 | G9: =E9*F9 -> 526350 | H9: 40 | I9: 107.48 | J9: =H9*I9 -> 4299.2 | K9: =G9+J9 -> 530649.2 | M9: =M8+K9-L9 -> 13692308
A10: 7 | B10: 45907 | E10: 1500 | F10: 95.7 | G10: =E10*F10 -> 143550 | H10: 0 | I10: 0 | J10: =H10*I10 -> 0 | K10: =G10+J10 -> 143550 | M10: =M9+K10-L10 -> 13835858
A11: 8 | B11: 45908 | E11: 4200 | F11: 95.7 | G11: =E11*F11 -> 401940 | H11: 0 | I11: 0 | J11: =H11*I11 -> 0 | K11: =G11+J11 -> 401940 | L11: 7500000 | M11: =M10+K11-L11 -> 6737797.6
A12: 9 | B12: 45909 | E12: 5400 | F12: 95.7 | G12: =E12*F12 -> 516780 | H12: 0 | I12: 0 | J12: =H12*I12 -> 0 | K12: =G12+J12 -> 516780 | M12: =M11+K12-L12 -> 7254577.6
A13: 10 | B13: 45910 | E13: 0 | F13: 0 | G13: =E13*F13 -> 0 | H13: 0 | I13: 0 | J13: =H13*I13 -> 0 | K13: =G13+J13 -> 0 | M13: =M12+K13-L13 -> 7254577.6
A14: 11 | B14: 45911 | E14: 2700 | F14: 95.7 | G14: =E14*F14 -> 258390 | H14: 55 | I14: 107.48 | J14: =H14*I14 -> 5911.4 | K14: =G14+J14 -> 264301.4 | M14: =M13+K14-L14 -> 7518879
A15: 12 | B15: 45912 | E15: 5400 | F15: 95.7 | G15: =E15*F15 -> 516780 | H15: 60 | I15: 107.48 | J15: =H15*I15 -> 6448.8 | K15: =G15+J15 -> 523228.8 | M15: =M14+K15-L15 -> 8042107.8
A16: 13 | B16: 45913 | E16: 2700 | F16: 95.7 | G16: =E16*F16 -> 258390 | H16: 40 | I16: 107.48 | J16: =H16*I16 -> 4299.2 | K16: =G16+J16 -> 262689.2 | M16: =M15+K16-L16 -> 8304797
A17: 14 | B17: 45914 | E17: 2274.85 | F17: 95.7 | G17: =E17*F17 -> 217703.14 | H17: 0 | I17: 0 | J17: =H17*I17 -> 0 | K17: =G17+J17 -> 217703.14 | M17: =M16+K17-L17 -> 8522500.1
A18: 15 | B18: 45915 | E18: 5990 | F18: 95.7 | G18: =E18*F18 -> 573243 | H18: 0 | I18: 0 | J18: =H18*I18 -> 0 | K18: =G18+J18 -> 573243 | M18: =M17+K18-L18 -> 9095743.1
A19: 16 | B19: 45916 | E19: 2755.94 | F19: 95.7 | G19: =E19*F19 -> 263743.46 | H19: 0 | I19: 0 | J19: =H19*I19 -> 0 | K19: =G19+J19 -> 263743.46 | M19: =M18+K19-L19 -> 9359486.6
A20: 17 | B20: 45917 | E20: 1038.28 | F20: 95.7 | G20: =E20*F20 -> 99363.396 | H20: 0 | I20: 0 | J20: =H20*I20 -> 0 | K20: =G20+J20 -> 99363.396 | M20: =M19+K20-L20 -> 9458850
A21: 18 | B21: 45918 | E21: 5115.36 | F21: 95.7 | G21: =E21*F21 -> 489539.95 | H21: 0 | I21: 0 | J21: =H21*I21 -> 0 | K21: =G21+J21 -> 489539.95 | M21: =M20+K21-L21 -> 9948389.9
A22: 19 | B22: 45919 | E22: 6907.62 | F22: 95.7 | G22: =E22*F22 -> 661059.23 | H22: 20 | I22: 107.48 | J22: =H22*I22 -> 2149.6 | K22: =G22+J22 -> 663208.83 | M22: =M21+K22-L22 -> 10611599
A23: 20 | B23: 45920 | E23: 0 | F23: 0 | G23: =E23*F23 -> 0 | H23: 0 | I23: 0 | J23: =H23*I23 -> 0 | K23: =G23+J23 -> 0 | M23: =M22+K23-L23 -> 10611599
... A34: 31 | B34: 45931 | E34: 0 | F34: 0 | G34: =E34*F34 -> 0 | H34: 0 | I34: 0 | J34: =H34*I34 -> 0 | K34: =G34+J34 -> 0 | M34: =M33+K34-L34 -> 13443331
E35: =SUM(E4:E34) -> 95538.08 | G35: =SUM(G4:G34) -> 9142994.3 | H35: =SUM(H4:H34) -> 475 | J35: =SUM(J4:J34) -> 51053 | K35: =SUM(K4:K34) -> 9194047.3 | L35: =SUM(L4:L34) -> 7500000

Sheet Jedcherla -1
A1: Sai Baba Fuel Station
A2: S.No | B2: Date | C2: GRN No | D2: Ind No/Bill No | E2: Diesel (Lts) | F2: Price | G2: Amount | H2: Petrol (Lts) | I2: Price | J2: Amount | K2: Total amount | L2: Amount paid | M2: As on date | N2: Remarks
A3: Opening Balance | M3: 3836229.1 | O3: 1388015.3
A4: 1 | B4: 45901 | E4: 1000 | F4: 96.42 | G4: =E4*F4 -> 96420 | H4: 5 | I4: 108.23 | J4: =H4*I4 -> 541.15 | K4: =G4+J4 -> 96961.15 | L4: 600000 | M4: =M3+K4-L4 -> 3333190.2 | O4: 1526163 | P4: =M4-O4 -> 1807027.2 | R4: 10
A5: 2 | B5: 45902 | E5: 1000 | F5: 96.42 | G5: =E5*F5 -> 96420 | H5: 15 | I5: 108.23 | J5: =H5*I5 -> 1623.45 | K5: =G5+J5 -> 98043.45 | L5: 0 | M5: =M4+K5-L5 -> 3431233.7 | Q5: 44.36 | R5: 20
A6: 3 | B6: 45903 | E6: 41.58 | F6: 96.42 | G6: =E6*F6 -> 4009.1436 | H6: 25 | I6: 108.23 | J6: =H6*I6 -> 2705.75 | K6: =G6+J6 -> 6714.8936 | L6: 0 | M6: =M5+K6-L6 -> 3437948.5 | R6: 58.27
A7: 4 | B7: 45904 | D7: 80.88 | E7: 0 | F7: 96.42 | G7: =E7*F7 -> 0 | H7: 5 | I7: 108.23 | J7: =H7*I7 -> 541.15 | K7: =G7+J7 -> 541.15 | L7: 0 | M7: =M6+K7-L7 -> 3438489.7
A8: 5 | B8: 45905 | E8: 0 | F8: 0 | G8: =E8*F8 -> 0 | H8: 48.26 | I8: 108.23 | J8: =H8*I8 -> 5223.1798 | K8: =G8+J8 -> 5223.1798 | L8: 0 | M8: =M7+K8-L8 -> 3443712.9
A9: 6 | B9: 45906 | E9: 0 | F9: 0 | G9: =E9*F9 -> 0 | H9: 47.46 | I9: 108.23 | J9: =H9*I9 -> 5136.5958 | K9: =G9+J9 -> 5136.5958 | L9: 0 | M9: =M8+K9-L9 -> 3448849.5 | R9: 52.46
A10: 7 | B10: 45907 | E10: 0 | F10: 0 | G10: =E10*F10 -> 0 | H10: 20 | I10: 108.23 | J10: =H10*I10 -> 2164.6 | K10: =G10+J10 -> 2164.6 | L10: 0 | M10: =M9+K10-L10 -> 3451014.1 | R10: 25
A11: 8 | B11: 45908 | E11: 46.36 | F11: 96.42 | G11: =E11*F11 -> 4470.0312 | H11: 25 | I11: 108.23 | J11: =H11*I11 -> 2705.75 | K11: =G11+J11 -> 7175.7812 | L11: 3450000 | M11: =M10+K11-L11 -> 8189.8567 | O11: 2862 | Q11: 46.36
L12: 5327.86 | M12: 2862
A13: 9 | B13: 45909 | E13: 2400 | F13: 96.42 | G13: =E13*F13 -> 231408 | H13: 20 | I13: 108.23 | J13: =H13*I13 -> 2164.6 | K13: =G13+J13 -> 233572.6 | L13: 0 | M13: =M12+K13-L13 -> 236434.6
A14: 10 | B14: 45910 | E14: 2500 | F14: 96.42 | G14: =E14*F14 -> 241050 | H14: 15 | I14: 108.23 | J14: =H14*I14 -> 1623.45 | K14: =G14+J14 -> 242673.45 | L14: 0 | M14: =M13+K14-L14 -> 479108.05 | V14: =8189.86-2862 -> 5327.86
A15: 11 | B15: 45911 | E15: 2400 | F15: 96.42 | G15: =E15*F15 -> 231408 | H15: 15 | I15: 108.23 | J15: =H15*I15 -> 1623.45 | K15: =G15+J15 -> 233031.45 | L15: 0 | M15: =M14+K15-L15 -> 712139.5
A16: 12 | B16: 45912 | E16: 0 | F16: 0 | G16: =E16*F16 -> 0 | H16: 35 | I16: 108.23 | J16: =H16*I16 -> 3788.05 | K16: =G16+J16 -> 3788.05 | L16: 0 | M16: =M15+K16-L16 -> 715927.55 | R16: 40
A17: 13 | B17: 45913 | E17: 0 | F17: 0 | G17: =E17*F17 -> 0 | H17: 10 | I17: 108.23 | J17: =H17*I17 -> 1082.3 | K17: =G17+J17 -> 1082.3 | L17: 0 | M17: =M16+K17-L17 -> 717009.85 | R17: 5
A18: 14 | B18: 45914 | E18: 2000 | F18: 96.42 | G18: =E18*F18 -> 192840 | H18: 10 | I18: 108.23 | J18: =H18*I18 -> 1082.3 | K18: =G18+J18 -> 193922.3 | L18: 0 | M18: =M17+K18-L18 -> 910932.15 | R18: 15
A19: 15 | B19: 45915 | E19: 0 | F19: 0 | G19: =E19*F19 -> 0 | H19: 20 | I19: 108.23 | J19: =H19*I19 -> 2164.6 | K19: =G19+J19 -> 2164.6 | L19: 0 | M19: =M18+K19-L19 -> 913096.75 | R19: 10
A20: 16 | B20: 45916 | D20: 94.59 | E20: 2527.05 | F20: 96.42 | G20: =E20*F20 -> 243658.16 | H20: 5 | I20: 108.23 | J20: =H20*I20 -> 541.15 | K20: =G20+J20 -> 244199.31 | L20: 0 | M20: =M19+K20-L20 -> 1157296.1 | Q20: 2527.05 | R20: 5
A21: 17 | B21: 45917 | D21: 32.46 | E21: 0 | F21: 0 | G21: =E21*F21 -> 0 | H21: 5 | I21: 108.23 | J21: =H21*I21 -> 541.15 | K21: =G21+J21 -> 541.15 | L21: 0 | M21: =M20+K21-L21 -> 1157837.2 | R21: 25
A22: 18 | B22: 45918 | E22: 2030 | F22: 96.42 | G22: =E22*F22 -> 195732.6 | H22: 35 | I22: 108.23 | J22: =H22*I22 -> 3788.05 | K22: =G22+J22 -> 199520.65 | L22: 0 | M22: =M21+K22-L22 -> 1357357.9 | R22: 24
A23: 19 | B23: 45919 | E23: 2000 | F23: 96.42 | G23: =E23*F23 -> 192840 | H23: 24 | I23: 108.23 | J23: =H23*I23 -> 2597.52 | K23: =G23+J23 -> 195437.52 | L23: 0 | M23: =M22+K23-L23 -> 1552795.4 | R23: 15
A24: 20 | B24: 45920 | E24: 2400 | F24: 96.42 | G24: =E24*F24 -> 231408 | H24: 20 | I24: 108.23 | J24: =H24*I24 -> 2164.6 | K24: =G24+J24 -> 233572.6 | L24: 0 | M24: =M23+K24-L24 -> 1786368 | R24: 20
A25: 21 | B25: 45921 | E25: 2400 | F25: 96.42 | G25: =E25*F25 -> 231408 | H25: 5 | I25: 108.23 | J25: =H25*I25 -> 541.15 | K25: =G25+J25 -> 231949.15 | L25: 0 | M25: =M24+K25-L25 -> 2018317.1 | Q25: 2440 | R25: 25
A26: 22 | B26: 45922 | D26: 40 | E26: 1840 | F26: 96.42 | G26: =E26*F26 -> 177412.8 | H26: 19 | I26: 108.23 | J26: =H26*I26 -> 2056.37 | K26: =G26+J26 -> 179469.17 | L26: 0 | M26: =M25+K26-L26 -> 2197786.3 | Q26: 1800 | R26: 10
A27: 23 | B27: 45923 | E27: 1400 | F27: 96.42 | G27: =E27*F27 -> 134988 | H27: 10 | I27: 108.23 | J27: =H27*I27 -> 1082.3 | K27: =G27+J27 -> 136070.3 | L27: 0 | M27: =M26+K27-L27 -> 2333856.6 | P27: 2440 | R27: 5
A28: 24 | B28: 45924 | E28: 0 | F28: 0 | G28: =E28*F28 -> 0 | H28: 24 | I28: 108.23 | J28: =H28*I28 -> 2597.52 | K28: =G28+J28 -> 2597.52 | L28: 0 | M28: =M27+K28-L28 -> 2336454.1 | R28: 29
A29: 25 | B29: 45925 | E29: 3400 | F29: 96.42 | G29: =E29*F29 -> 327828 | H29: 20 | I29: 108.23 | J29: =H29*I29 -> 2164.6 | K29: =G29+J29 -> 329992.6 | L29: 0 | M29: =M28+K29-L29 -> 2666446.7 | R29: 20
A30: 26 | B30: 45926 | E30: 0 | F30: 0 | G30: =E30*F30 -> 0 | H30: 10 | I30: 108.23 | J30: =H30*I30 -> 1082.3 | K30: =G30+J30 -> 1082.3 | L30: 0 | M30: =M29+K30-L30 -> 2667529 | Q30: 0
A31: 27 | B31: 45927 | E31: 45 | F31: 96.42 | G31: =E31*F31 -> 4338.9 | H31: 40 | I31: 108.23 | J31: =H31*I31 -> 4329.2 | K31: =G31+J31 -> 8668.1 | L31: 500000 | M31: =M30+K31-L31 -> 2176197.1 | Q31: 75 | R31: 5
A32: 28 | B32: 45928 | E32: 0 | F32: 0 | G32: =E32*F32 -> 0 | H32: 5 | I32: 108.23 | J32: =H32*I32 -> 541.15 | K32: =G32+J32 -> 541.15 | L32: 0 | M32: =M31+K32-L32 -> 2176738.3 | R32: 10
A33: 29 | B33: 45929 | E33: 3700 | F33: 96.42 | G33: =E33*F33 -> 356754 | H33: 15 | I33: 108.23 | J33: =H33*I33 -> 1623.45 | K33: =G33+J33 -> 358377.45 | L33: 0 | M33: =M32+K33-L33 -> 2535115.7 | Q33: 3742 | R33: 15
A34: 30 | B34: 45930 | D34: 42 | E34: 1042 | F34: 96.42 | G34: =E34*F34 -> 100469.64 | H34: 40 | I34: 108.23 | J34: =H34*I34 -> 4329.2 | K34: =G34+J34 -> 104798.84 | L34: 0 | M34: =M33+K34-L34 -> 2639914.6
A35: 31 | B35: 45931 | E35: 0 | F35: 0 | G35: =E35*F35 -> 0 | H35: 0 | I35: 0 | J35: =H35*I35 -> 0 | K35: =G35+J35 -> 0 | L35: 0 | M35: =M34+K35-L35 -> 2639914.6
E36: 0 | F36: 0 | G36: =E36*F36 -> 0 | H36: 0 | I36: 0 | J36: =H36*I36 -> 0 | K36: =G36+J36 -> 0 | M36: =M35+K36-L36 -> 2639914.6
E37: =SUM(E4:E35) -> 34171.99 | G37: =SUM(G4:G35) -> 3294863.3 | H37: =SUM(H4:H35) -> 592.72 | J37: =SUM(J4:J35) -> 64150.086 | K37: =SUM(K4:K35) -> 3359013.4 | L37: =SUM(L4:L35) -> 4555327.9
Q38: 04.9.2025
E39: 545.46 | H39: 365.04 | Q39: 5850
H40: 273 | K40: 3115380 | Q40: 19.09.2025
H41: =SUM(H39:H40) -> 638.04 | K41: =500000-K40 -> -2615380 | Q41: 4848
H42: 593.72 | K42: 2885890 | L42: 2615380 | M42: =K42-L42 -> 270510
H43: =H41-H42 -> 44.32 | K43: =K42-265380 -> 2620510
M44: =2645242-5327 -> 2639915

Sheet Jedcharla-2
A1: ADHOC FILLING STATION STATION
A2: S.No | B2: Date | C2: GRN No | D2: Ind No/Bill No | E2: Diesel (Lts) | F2: Price | G2: Amount | H2: Petrol (Lts) | I2: Price | J2: Amount | K2: Total amount | L2: Amount paid | M2: As on Date | N2: Remarks
A3: Opening Balance | K3: 0 | M3: =+K3 -> 0 | O3: 1400599.6
A4: 1 | B4: 45901 | E4: 2500 | F4: 96.43 | G4: =E4*F4 -> 241075 | J4: =H4*I4 -> 0 | K4: =G4+J4 -> 241075 | M4: =M3+K4-L4 -> 241075
A5: 2 | B5: 45902 | E5: 0 | F5: 0 | G5: =E5*F5 -> 0 | J5: =H5*I5 -> 0 | K5: =G5+J5 -> 0 | L5: 0 | M5: =M4+K5-L5 -> 241075
A6: 3 | B6: 45903 | E6: 2500 | F6: 96.43 | G6: =E6*F6 -> 241075 | J6: =H6*I6 -> 0 | K6: =G6+J6 -> 241075 | M6: =M5+K6-L6 -> 482150 | R6: 541.08
A7: 4 | B7: 45904 | E7: 2500 | F7: 96.43 | G7: =E7*F7 -> 241075 | J7: =H7*I7 -> 0 | K7: =G7+J7 -> 241075 | M7: =M6+K7-L7 -> 723225
A8: 5 | B8: 45905 | E8: 2500 | F8: 96.43 | G8: =E8*F8 -> 241075 | J8: =H8*I8 -> 0 | K8: =G8+J8 -> 241075 | M8: =M7+K8-L8 -> 964300
A9: 6 | B9: 45906 | E9: 2500 | F9: 96.43 | G9: =E9*F9 -> 241075 | J9: =H9*I9 -> 0 | K9: =G9+J9 -> 241075 | M9: =M8+K9-L9 -> 1205375
A10: 7 | B10: 45907 | E10: 2500 | F10: 96.43 | G10: =E10*F10 -> 241075 | J10: =H10*I10 -> 0 | K10: =G10+J10 -> 241075 | M10: =M9+K10-L10 -> 1446450
A11: 8 | B11: 45908 | E11: 2500 | F11: 96.43 | G11: =E11*F11 -> 241075 | J11: =H11*I11 -> 0 | K11: =G11+J11 -> 241075 | L11: 1446458 | M11: =M10+K11-L11 -> 241067
A12: 9 | B12: 45909 | E12: 0 | F12: 0 | G12: =E12*F12 -> 0 | J12: =H12*I12 -> 0 | K12: =G12+J12 -> 0 | M12: =M11+K12-L12 -> 241067
A13: 10 | B13: 45910 | E13: 1500 | F13: 96.43 | G13: =E13*F13 -> 144645 | J13: =H13*I13 -> 0 | K13: =G13+J13 -> 144645 | M13: =M12+K13-L13 -> 385712
A14: 11 | B14: 45911 | E14: 0 | F14: 0 | G14: =E14*F14 -> 0 | J14: =H14*I14 -> 0 | K14: =G14+J14 -> 0 | M14: =M13+K14-L14 -> 385712
A15: 12 | B15: 45912 | E15: 1000 | F15: 96.43 | G15: =E15*F15 -> 96430 | J15: =H15*I15 -> 0 | K15: =G15+J15 -> 96430 | M15: =M14+K15-L15 -> 482142
A16: 13 | B16: 45913 | E16: 0 | F16: 0 | G16: =E16*F16 -> 0 | J16: =H16*I16 -> 0 | K16: =G16+J16 -> 0 | M16: =M15+K16-L16 -> 482142
A17: 14 | B17: 45914 | E17: 0 | F17: 0 | G17: =E17*F17 -> 0 | J17: =H17*I17 -> 0 | K17: =G17+J17 -> 0 | M17: =M16+K17-L17 -> 482142
A18: 15 | B18: 45915 | E18: 0 | F18: 0 | G18: =E18*F18 -> 0 | J18: =H18*I18 -> 0 | K18: =G18+J18 -> 0 | M18: =M17+K18-L18 -> 482142
A19: 16 | B19: 45916 | E19: 0 | F19: 0 | G19: =E19*F19 -> 0 | J19: =H19*I19 -> 0 | K19: =G19+J19 -> 0 | M19: =M18+K19-L19 -> 482142
A20: 17 | B20: 45917 | E20: 0 | F20: 0 | G20: =E20*F20 -> 0 | J20: =H20*I20 -> 0 | K20: =G20+J20 -> 0 | M20: =M19+K20-L20 -> 482142
A21: 18 | B21: 45918 | E21: 0 | F21: 0 | G21: =E21*F21 -> 0 | J21: =H21*I21 -> 0 | K21: =G21+J21 -> 0 | M21: =M20+K21-L21 -> 482142
A22: 19 | B22: 45919 | E22: 2200 | F22: 96.43 | G22: =E22*F22 -> 212146 | J22: =H22*I22 -> 0 | K22: =G22+J22 -> 212146 | M22: =M21+K22-L22 -> 694288
A23: 20 | B23: 45920 | E23: 0 | F23: 0 | G23: =E23*F23 -> 0 | J23: =H23*I23 -> 0 | K23: =G23+J23 -> 0 | M23: =M22+K23-L23 -> 694288
... A29: 26 | B29: 45926 | E29: 0 | F29: 0 | G29: =E29*F29 -> 0 | J29: =H29*I29 -> 0 | K29: =G29+J29 -> 0 | M29: =M28+K29-L29 -> 838933
A30: 27 | B30: 45927 | E30: 0 | F30: 0 | G30: =E30*F30 -> 0 | J30: =H30*I30 -> 0 | K30: =G30+J30 -> 0 | L30: 600000 | M30: =M29+K30-L30 -> 238933
A31: 28 | B31: 45928 | E31: 0 | F31: 0 | G31: =E31*F31 -> 0 | J31: =H31*I31 -> 0 | K31: =G31+J31 -> 0 | M31: =M30+K31-L31 -> 238933
A32: 29 | B32: 45929 | E32: 0 | F32: 0 | G32: =E32*F32 -> 0 | J32: =H32*I32 -> 0 | K32: =G32+J32 -> 0 | M32: =M31+K32-L32 -> 238933
A33: 30 | B33: 45930 | E33: 0 | F33: 0 | G33: =E33*F33 -> 0 | J33: =H33*I33 -> 0 | K33: =G33+J33 -> 0 | M33: =M32+K33-L33 -> 238933
A34: 31 | E34: 0 | F34: 0 | G34: =E34*F34 -> 0 | J34: =H34*I34 -> 0 | K34: =G34+J34 -> 0 | M34: =M33+K34-L34 -> 238933 | O34: 1688453.6 | P34: 1900671 | Q34: =P34-O34 -> 212217.42
E35: =SUM(E4:E34) -> 23700 | G35: =SUM(G4:G34) -> 2285391 | H35: =SUM(H4:H34) -> 0 | J35: =SUM(J4:J34) -> 0 | K35: =SUM(K4:K34) -> 2285391 | L35: =SUM(L4:L34) -> 2046458

Sheet Devarakhadra
A1: Kurumurthy Swami F/S
A2: S.No | B2: Date | C2: GRN No | D2: Ind no/Bill No | E2: Diesel (Lts) | F2: Price | G2: Amount | H2: Petrol (Lts) | I2: Price | J2: Amount | K2: Total amount | L2: Amount paid | M2: As on Date | N2: Remarks
A3: Opening Balance | M3: 562989.59 | O3: 580925.58
A4: 1 | B4: 45901 | E4: 890 | F4: 97.1 | G4: =E4*F4 -> 86419 | H4: 5 | I4: 108.83 | J4: =H4*I4 -> 544.15 | K4: =G4+J4 -> 86963.15 | L4: 300000 | M4: =+M3+K4-L4 -> 349952.74
A5: 2 | B5: 45902 | E5: 768 | F5: 97.1 | G5: =E5*F5 -> 74572.8 | H5: 0 | I5: 0 | J5: =H5*I5 -> 0 | K5: =G5+J5 -> 74572.8 | L5: 0 | M5: =+M4+K5-L5 -> 424525.54
A6: 3 | B6: 45903 | E6: 655.38 | F6: 97.1 | G6: =E6*F6 -> 63637.398 | H6: 5 | I6: 108.83 | J6: =H6*I6 -> 544.15 | K6: =G6+J6 -> 64181.548 | L6: 0 | M6: =+M5+K6-L6 -> 488707.09
A7: 4 | B7: 45904 | E7: 887.52 | F7: 97.1 | G7: =E7*F7 -> 86178.192 | H7: 5 | I7: 108.83 | J7: =H7*I7 -> 544.15 | K7: =G7+J7 -> 86722.342 | L7: 0 | M7: =+M6+K7-L7 -> 575429.43
A8: 5 | B8: 45905 | E8: 1093 | F8: 97.1 | G8: =E8*F8 -> 106130.3 | H8: 0 | I8: 108.83 | J8: =H8*I8 -> 0 | K8: =G8+J8 -> 106130.3 | L8: 0 | M8: =+M7+K8-L8 -> 681559.73
A9: 6 | B9: 45906 | E9: 580 | F9: 97.1 | G9: =E9*F9 -> 56318 | H9: 1 | I9: 108.83 | J9: =H9*I9 -> 108.83 | K9: =G9+J9 -> 56426.83 | L9: 0 | M9: =+M8+K9-L9 -> 737986.56
A10: 7 | B10: 45907 | E10: 0 | F10: 0 | G10: =E10*F10 -> 0 | H10: 12 | I10: 108.83 | J10: =H10*I10 -> 1305.96 | K10: =G10+J10 -> 1305.96 | L10: 0 | M10: =+M9+K10-L10 -> 739292.52
A11: 8 | B11: 45908 | E11: 100 | F11: 97.1 | G11: =E11*F11 -> 9710 | H11: 9 | I11: 108.83 | J11: =H11*I11 -> 979.47 | K11: =G11+J11 -> 10689.47 | L11: 739000 | M11: =+M10+K11-L11 -> 10981.991
A12: 9 | B12: 45909 | E12: 0 | F12: 0 | G12: =E12*F12 -> 0 | H12: 0 | I12: 0 | J12: =H12*I12 -> 0 | K12: =G12+J12 -> 0 | L12: 0 | M12: =+M11+K12-L12 -> 10981.991
A13: 10 | B13: 45910 | E13: 653.24 | F13: 97.1 | G13: =E13*F13 -> 63429.604 | H13: 6 | I13: 108.83 | J13: =H13*I13 -> 652.98 | K13: =G13+J13 -> 64082.584 | L13: 0 | M13: =+M12+K13-L13 -> 75064.575
A14: 11 | B14: 45911 | E14: 36 | F14: 97.1 | G14: =E14*F14 -> 3495.6 | H14: 5 | I14: 108.83 | J14: =H14*I14 -> 544.15 | K14: =G14+J14 -> 4039.75 | L14: 0 | M14: =+M13+K14-L14 -> 79104.325
A15: 12 | B15: 45912 | E15: 255 | F15: 97.1 | G15: =E15*F15 -> 24760.5 | H15: 15 | I15: 108.83 | J15: =H15*I15 -> 1632.45 | K15: =G15+J15 -> 26392.95 | L15: 0 | M15: =+M14+K15-L15 -> 105497.27
... A18: 15 | B18: 45915 | E18: 1187 | F18: 97.1 | G18: =E18*F18 -> 115257.7 | H18: 7 | I18: 108.83 | J18: =H18*I18 -> 761.81 | K18: =G18+J18 -> 116019.51 | L18: 0 | M18: =+M17+K18-L18 -> 255505.82
A19: 16 | B19: 45916 | E19: 886.27 | F19: 97.1 | G19: =E19*F19 -> 86056.817 | H19: 0 | I19: 0 | J19: =H19*I19 -> 0 | K19: =G19+J19 -> 86056.817 | L19: 0 | M19: =+M18+K19-L19 -> 341562.64 | N19: Fuel bills
A20: 17 | B20: 45917 | E20: 140 | F20: 97.1 | G20: =E20*F20 -> 13594 | H20: 12 | I20: 108.83 | J20: =H20*I20 -> 1305.96 | K20: =G20+J20 -> 14899.96 | L20: 0 | M20: =+M19+K20-L20 -> 356462.6
A21: 18 | B21: 45918 | E21: 1035.9 | F21: 97.1 | G21: =E21*F21 -> 100585.89 | H21: 0 | I21: 0 | J21: =H21*I21 -> 0 | K21: =G21+J21 -> 100585.89 | L21: 200000 | M21: =+M20+K21-L21 -> 257048.49
A22: 19 | B22: 45919 | E22: 675 | F22: 97.1 | G22: =E22*F22 -> 65542.5 | H22: 9 | I22: 108.83 | J22: =H22*I22 -> 979.47 | K22: =G22+J22 -> 66521.97 | L22: 0 | M22: =+M21+K22-L22 -> 323570.46
A23: 20 | B23: 45920 | E23: 1177.88 | F23: 97.1 | G23: =E23*F23 -> 114372.15 | H23: 5 | I23: 108.83 | J23: =H23*I23 -> 544.15 | K23: =G23+J23 -> 114916.3 | L23: 0 | M23: =+M22+K23-L23 -> 438486.76
A24: 21 | B24: 45921 | E24: 410 | F24: 97.1 | G24: =E24*F24 -> 39811 | H24: 5 | I24: 108.83 | J24: =H24*I24 -> 544.15 | K24: =G24+J24 -> 40355.15 | L24: 0 | M24: =+M23+K24-L24 -> 478841.91
A25: 22 | B25: 45922 | E25: 730 | F25: 97.1 | G25: =E25*F25 -> 70883 | H25: 7 | I25: 108.83 | J25: =H25*I25 -> 761.81 | K25: =G25+J25 -> 71644.81 | L25: 0 | M25: =+M24+K25-L25 -> 550486.72
A26: 23 | B26: 45923 | E26: 707.3 | F26: 97.1 | G26: =E26*F26 -> 68678.83 | H26: 5 | I26: 108.83 | J26: =H26*I26 -> 544.15 | K26: =G26+J26 -> 69222.98 | L26: 0 | M26: =+M25+K26-L26 -> 619709.7
A27: 24 | B27: 45924 | E27: 1057.6 | F27: 97.1 | G27: =E27*F27 -> 102692.96 | H27: 10 | I27: 108.83 | J27: =H27*I27 -> 1088.3 | K27: =G27+J27 -> 103781.26 | L27: 0 | M27: =+M26+K27-L27 -> 723490.96
A28: 25 | B28: 45925 | E28: 1377 | F28: 97.1 | G28: =E28*F28 -> 133706.7 | H28: 10 | I28: 108.83 | J28: =H28*I28 -> 1088.3 | K28: =G28+J28 -> 134795 | L28: 0 | M28: =+M27+K28-L28 -> 858285.96
A29: 26 | B29: 45926 | E29: 0 | F29: 97.1 | G29: =E29*F29 -> 0 | H29: 0 | I29: 108.83 | J29: =H29*I29 -> 0 | K29: =G29+J29 -> 0 | L29: 800000 | M29: =+M28+K29-L29 -> 58285.96
A30: 27 | B30: 45927 | E30: 20 | F30: 97.1 | G30: =E30*F30 -> 1942 | H30: 10 | I30: 108.83 | J30: =H30*I30 -> 1088.3 | K30: =G30+J30 -> 3030.3 | L30: 0 | M30: =+M29+K30-L30 -> 61316.26
A31: 28 | B31: 45928 | E31: 105 | F31: 97.1 | G31: =E31*F31 -> 10195.5 | H31: 0 | I31: 0 | J31: =H31*I31 -> 0 | K31: =G31+J31 -> 10195.5 | L31: 0 | M31: =+M30+K31-L31 -> 71511.76
... A34: 31 | B34: 45931 | E34: 0 | F34: 0 | G34: =E34*F34 -> 0 | H34: 0 | I34: 0 | J34: =H34*I34 -> 0 | K34: =G34+J34 -> 0 | L34: 0 | M34: =+M33+K34-L34 -> 121213.37
E35: =SUM(E4:E34) -> 16286.75 | G35: =SUM(G4:G34) -> 1581443.4 | H35: =SUM(H4:H34) -> 145 | J35: =SUM(J4:J34) -> 15780.35 | K35: =SUM(K4:K34) -> 1597223.8 | L35: =SUM(L4:L34) -> 2039000

Sheet Devarakhadra-2
A1: Sri rama F/S
A2: S.No | B2: Date | C2: GRN No | D2: Ind no/Bill No | E2: Diesel (Lts) | F2: Price | G2: Amount | H2: Petrol (Lts) | I2: Price | J2: Amount | K2: Total amount | L2: Amount paid | M2: As on Date | N2: Remarks
A3: Opening Balance | M3: 134013.54
A4: 1 | B4: 45901 | E4: 0 | F4: 0 | G4: =E4*F4 -> 0 | H4: 0 | I4: 0 | J4: =H4*I4 -> 0 | K4: =G4+J4 -> 0 | L4: 0 | M4: =+M3+K4-L4 -> 134013.54
A5: 2 | B5: 45902 | E5: 0 | F5: 0 | G5: =E5*F5 -> 0 | H5: 0 | I5: 0 | J5: =H5*I5 -> 0 | K5: =G5+J5 -> 0 | L5: 0 | M5: =+M4+K5-L5 -> 134013.54
A6: 3 | B6: 45903 | E6: 0 | F6: 0 | G6: =E6*F6 -> 0 | H6: 0 | I6: 0 | J6: =H6*I6 -> 0 | K6: =G6+J6 -> 0 | L6: 0 | M6: =+M5+K6-L6 -> 134013.54
A7: 4 | B7: 45904 | E7: 0 | F7: 0 | G7: =E7*F7 -> 0 | H7: 0 | I7: 0 | J7: =H7*I7 -> 0 | K7: =G7+J7 -> 0 | L7: 0 | M7: =+M6+K7-L7 -> 134013.54
A8: 5 | B8: 45905 | E8: 0 | F8: 0 | G8: =E8*F8 -> 0 | H8: 0 | I8: 0 | J8: =H8*I8 -> 0 | K8: =G8+J8 -> 0 | L8: 0 | M8: =+M7+K8-L8 -> 134013.54
A9: 6 | B9: 45906 | E9: 600 | F9: 97.1 | G9: =E9*F9 -> 58260 | H9: 0 | I9: 0 | J9: =H9*I9 -> 0 | K9: =G9+J9 -> 58260 | L9: 0 | M9: =+M8+K9-L9 -> 192273.54
A10: 7 | B10: 45907 | E10: 0 | F10: 0 | G10: =E10*F10 -> 0 | H10: 0 | I10: 0 | J10: =H10*I10 -> 0 | K10: =G10+J10 -> 0 | L10: 0 | M10: =+M9+K10-L10 -> 192273.54
A11: 8 | B11: 45908 | E11: 600 | F11: 97.1 | G11: =E11*F11 -> 58260 | H11: 0 | I11: 0 | J11: =H11*I11 -> 0 | K11: =G11+J11 -> 58260 | L11: 60000 | M11: =+M10+K11-L11 -> 190533.54
A12: 9 | B12: 45909 | E12: 0 | F12: 0 | G12: =E12*F12 -> 0 | H12: 0 | I12: 0 | J12: =H12*I12 -> 0 | K12: =G12+J12 -> 0 | L12: 0 | M12: =+M11+K12-L12 -> 190533.54
A13: 10 | B13: 45910 | E13: 0 | F13: 0 | G13: =E13*F13 -> 0 | H13: 0 | I13: 0 | J13: =H13*I13 -> 0 | K13: =G13+J13 -> 0 | L13: 0 | M13: =+M12+K13-L13 -> 190533.54
A14: 11 | B14: 45911 | E14: 0 | F14: 0 | G14: =E14*F14 -> 0 | H14: 0 | I14: 0 | J14: =H14*I14 -> 0 | K14: =G14+J14 -> 0 | L14: 58260 | M14: =+M13+K14-L14 -> 132273.54
A15: 12 | B15: 45912 | E15: 0 | F15: 0 | G15: =E15*F15 -> 0 | H15: 0 | I15: 0 | J15: =H15*I15 -> 0 | K15: =G15+J15 -> 0 | L15: 0 | M15: =+M14+K15-L15 -> 132273.54
... A33: 30 | B33: 45930 | E33: 0 | F33: 0 | G33: =E33*F33 -> 0 | H33: 0 | I33: 0 | J33: =H33*I33 -> 0 | K33: =G33+J33 -> 0 | L33: 0 | M33: =+M32+K33-L33 -> 132273.54
A34: 31 | E34: 0 | F34: 0 | G34: =E34*F34 -> 0 | H34: 0 | I34: 0 | J34: =H34*I34 -> 0 | K34: =G34+J34 -> 0 | L34: 0 | M34: =+M33+K34-L34 -> 132273.54
E35: =SUM(E4:E34) -> 1200 | G35: =SUM(G4:G34) -> 116520 | H35: =SUM(H4:H34) -> 0 | J35: =SUM(J4:J34) -> 0 | K35: =SUM(K4:K34) -> 116520 | L35: =SUM(L4:L34) -> 118260
F38: /

Sheet Dindi
A1: Akarapu Balakistamma Fillling
A2: S.No | B2: Date | C2: GRN No | D2: Ind no/Bill No | E2: Diesel (Lts) | F2: Price | G2: Amount | H2: Petrol (Lts) | I2: Price | J2: Amount | K2: Total amount | L2: Amount paid | M2: As on Date | N2: Remarks
A3: Opening Balance | M3: 0
A4: 1 | B4: 45901 | E4: 0 | F4: 0 | G4: =E4*F4 -> 0 | H4: 0 | I4: 0 | J4: =H4*I4 -> 0 | K4: =G4+J4 -> 0 | L4: =+K4 -> 0 | M4: 0
A5: 2 | B5: 45902 | E5: 34.3 | F5: 96.83 | G5: =E5*F5 -> 3321.269 | H5: 0 | I5: 0 | J5: =H5*I5 -> 0 | K5: =G5+J5 -> 3321.269 | L5: =+K5 -> 3321.269 | M5: 0
A6: 3 | B6: 45903 | E6: 0 | F6: 0 | G6: =E6*F6 -> 0 | H6: 0 | I6: 0 | J6: =H6*I6 -> 0 | K6: =G6+J6 -> 0 | L6: =+K6 -> 0 | M6: 0
A7: 4 | B7: 45904 | E7: 0 | F7: 0 | G7: =E7*F7 -> 0 | H7: 0 | I7: 0 | J7: =H7*I7 -> 0 | K7: =G7+J7 -> 0 | L7: =+K7 -> 0 | M7: 0
A8: 5 | B8: 45905 | E8: 0 | F8: 0 | G8: =E8*F8 -> 0 | H8: 0 | I8: 0 | J8: =H8*I8 -> 0 | K8: =G8+J8 -> 0 | L8: =+K8 -> 0 | M8: 0
A9: 6 | B9: 45906 | E9: 0 | F9: 0 | G9: =E9*F9 -> 0 | H9: 0 | I9: 0 | J9: =H9*I9 -> 0 | K9: =G9+J9 -> 0 | L9: =+K9 -> 0 | M9: 0
A10: 7 | B10: 45907 | E10: 0 | F10: 0 | G10: =E10*F10 -> 0 | H10: 0 | I10: 0 | J10: =H10*I10 -> 0 | K10: =G10+J10 -> 0 | L10: =+K10 -> 0 | M10: 0
A11: 8 | B11: 45908 | E11: 45.18 | F11: 96.07 | G11: =E11*F11 -> 4340.4426 | H11: 0 | I11: 0 | J11: =H11*I11 -> 0 | K11: =G11+J11 -> 4340.4426 | L11: =+K11 -> 4340.4426 | M11: 0
A12: 9 | B12: 45909 | E12: 0 | F12: 0 | G12: =E12*F12 -> 0 | H12: 0 | I12: 0 | J12: =H12*I12 -> 0 | K12: =G12+J12 -> 0 | L12: =+K12 -> 0 | M12: 0
A13: 10 | B13: 45910 | E13: 0 | F13: 0 | G13: =E13*F13 -> 0 | H13: 0 | I13: 0 | J13: =H13*I13 -> 0 | K13: =G13+J13 -> 0 | L13: =+K13 -> 0 | M13: 0
A14: 11 | B14: 45911 | E14: 0 | F14: 0 | G14: =E14*F14 -> 0 | H14: 0 | I14: 0 | J14: =H14*I14 -> 0 | K14: =G14+J14 -> 0 | L14: =+K14 -> 0 | M14: 0
A15: 12 | B15: 45912 | E15: 0 | F15: 0 | G15: =E15*F15 -> 0 | H15: 0 | I15: 0 | J15: =H15*I15 -> 0 | K15: =G15+J15 -> 0 | L15: =+K15 -> 0 | M15: 0
... A33: 30 | B33: 45930 | E33: 0 | F33: 0 | G33: =E33*F33 -> 0 | H33: 0 | I33: 0 | J33: =H33*I33 -> 0 | K33: =G33+J33 -> 0 | L33: =+K33 -> 0 | M33: 0
A34: 31 | E34: 0 | F34: 0 | G34: =E34*F34 -> 0 | H34: 0 | I34: 0 | J34: =H34*I34 -> 0 | K34: =G34+J34 -> 0 | L34: =+K34 -> 0 | M34: 0
E35: =SUM(E4:E34) -> 118.69 | G35: =SUM(G4:G34) -> 11458.416 | H35: =SUM(H4:H34) -> 0 | J35: =SUM(J4:J34) -> 0 | K35: =SUM(K4:K34) -> 11458.416 | L35: =SUM(L4:L34) -> 11458.416

Sheet Amalapuram
A1: Sathya Filling Station
A2: S.No | B2: Date | C2: GRN No | D2: Ind no/Bill No | E2: Diesel (Lts) | F2: Price | G2: Amount | H2: Petrol (Lts) | I2: Price | J2: Amount | K2: Total amount | L2: Amount paid | M2: As on Date | N2: Remarks
A3: Opening Balance | M3: 0
A4: 1 | B4: 45901 | E4: 0 | F4: 0 | G4: =E4*F4 -> 0 | H4: 25 | I4: 109.01 | J4: =H4*I4 -> 2725.25 | K4: =G4+J4 -> 2725.25 | L4: 2725.25 | M4: =+M3+K4-L4 -> 0
A5: 2 | B5: 45902 | E5: 0 | F5: 0 | G5: =E5*F5 -> 0 | H5: 0 | I5: 0 | J5: =H5*I5 -> 0 | K5: =G5+J5 -> 0 | L5: 0 | M5: =+M4+K5-L5 -> 0
A6: 3 | B6: 45903 | E6: 0 | F6: 0 | G6: =E6*F6 -> 0 | H6: 0 | I6: 0 | J6: =H6*I6 -> 0 | K6: =G6+J6 -> 0 | L6: 0 | M6: =+M5+K6-L6 -> 0
A7: 4 | B7: 45904 | E7: 0 | F7: 0 | G7: =E7*F7 -> 0 | H7: 0 | I7: 0 | J7: =H7*I7 -> 0 | K7: =G7+J7 -> 0 | L7: 0 | M7: =+M6+K7-L7 -> 0
A8: 5 | B8: 45905 | E8: 0 | F8: 0 | G8: =E8*F8 -> 0 | H8: 0 | I8: 0 | J8: =H8*I8 -> 0 | K8: =G8+J8 -> 0 | L8: 0 | M8: =+M7+K8-L8 -> 0
A9: 6 | B9: 45906 | E9: 0 | F9: 0 | G9: =E9*F9 -> 0 | H9: 6 | I9: 109.94 | J9: =H9*I9 -> 659.64 | K9: =G9+J9 -> 659.64 | L9: 659.64 | M9: =+M8+K9-L9 -> 0
A10: 7 | B10: 45907 | E10: 0 | F10: 0 | G10: =E10*F10 -> 0 | H10: 0 | I10: 0 | J10: =H10*I10 -> 0 | K10: =G10+J10 -> 0 | L10: 0 | M10: =+M9+K10-L10 -> 0
A11: 8 | B11: 45908 | E11: 0 | F11: 0 | G11: =E11*F11 -> 0 | H11: 10 | I11: 109.94 | J11: =H11*I11 -> 1099.4 | K11: =G11+J11 -> 1099.4 | L11: 1099.4 | M11: =+M10+K11-L11 -> 0
A12: 9 | B12: 45909 | E12: 0 | F12: 0 | G12: =E12*F12 -> 0 | H12: 4.55 | I12: 109.94 | J12: =H12*I12 -> 500.227 | K12: =G12+J12 -> 500.227 | L12: 500.23 | M12: =+M11+K12-L12 -> -0.003
A13: 10 | B13: 45910 | E13: 0 | F13: 0 | G13: =E13*F13 -> 0 | H13: 0 | I13: 0 | J13: =H13*I13 -> 0 | K13: =G13+J13 -> 0 | L13: 0 | M13: =+M12+K13-L13 -> -0.003
A14: 11 | B14: 45911 | E14: 36 | F14: 97.91 | G14: =E14*F14 -> 3524.76 | H14: 5 | I14: 109.94 | J14: =H14*I14 -> 549.7 | K14: =G14+J14 -> 4074.46 | L14: 4074.46 | M14: =+M13+K14-L14 -> -0.003
A15: 12 | B15: 45912 | E15: 0 | F15: 0 | G15: =E15*F15 -> 0 | H15: 25 | I15: 109.94 | J15: =H15*I15 -> 2748.5 | K15: =G15+J15 -> 2748.5 | L15: 2748.5 | M15: =+M14+K15-L15 -> -0.003
... A31: 28 | B31: 45928 | E31: 0 | F31: 0 | G31: =E31*F31 -> 0 | H31: 0 | I31: 0 | J31: =H31*I31 -> 0 | K31: =G31+J31 -> 0 | L31: 0 | M31: =+M30+K31-L31 -> -0.0026
A32: 29 | B32: 45929 | E32: 10.25 | F32: 97.56 | G32: =E32*F32 -> 999.99 | H32: 0 | I32: 0 | J32: =H32*I32 -> 0 | K32: =G32+J32 -> 999.99 | L32: =H32+K32 -> 999.99 | M32: =+M31+K32-L32 -> -0.0026
B33: 45929 | E33: 40.26 | F33: 86.75 | G33: =E33*F33 -> 3492.555 | H33: 25 | I33: 96.92 | J33: =H33*I33 -> 2423 | K33: =G33+J33 -> 5915.555 | L33: =K33 -> 5915.555 | M33: =+M32+K33-L33 -> -0.0026
A34: 30 | B34: 45930 | E34: 0 | F34: 0 | G34: =E34*F34 -> 0 | H34: 0 | I34: 0 | J34: =H34*I34 -> 0 | K34: =G34+J34 -> 0 | L34: 0 | M34: =+M33+K34-L34 -> -0.0026
A35: 31 | E35: 0 | F35: 0 | G35: =E35*F35 -> 0 | H35: 0 | I35: 0 | J35: =H35*I35 -> 0 | K35: =G35+J35 -> 0 | L35: 0 | M35: =+M34+K35-L35 -> -0.0026
E36: =SUM(E4:E35) -> 148.48 | G36: =SUM(G4:G35) -> 14017.24 | H36: =SUM(H4:H35) -> 186.05 | J36: =SUM(J4:J35) -> 20075.552 | K36: =SUM(K4:K35) -> 34092.792 | L36: =SUM(L4:L35) -> 34092.795

Sheet Kadur
A1: Vishal Service Station
A2: S.No | B2: Date | C2: GRN No | D2: Ind No/Bill No | E2: Diesel (Lts) | F2: Price | G2: Amount | H2: Petrol (Lts) | I2: Price | J2: Amount | K2: Total amount | L2: Amount paid | M2: As on Date | N2: Remarks
A3: Opening Balance | K3: 417039.13 | M3: 417039.13 | O3: 207239.43
A4: 1 | B4: 45901 | F4: 0 | G4: =E4*F4 -> 0 | H4: 0 | I4: 0 | J4: =H4*I4 -> 0 | K4: =G4+J4 -> 0 | M4: =M3+K4-L4 -> 417039.13
A5: 2 | B5: 45902 | F5: 0 | G5: =E5*F5 -> 0 | H5: 0 | I5: 0 | J5: =H5*I5 -> 0 | K5: =G5+J5 -> 0 | M5: =M4+K5-L5 -> 417039.13
A6: 3 | B6: 45903 | F6: 0 | G6: =E6*F6 -> 0 | H6: 0 | I6: 0 | J6: =H6*I6 -> 0 | K6: =G6+J6 -> 0 | M6: =M5+K6-L6 -> 417039.13
A7: 4 | B7: 45904 | F7: 0 | G7: =E7*F7 -> 0 | H7: 0 | I7: 0 | J7: =H7*I7 -> 0 | K7: =G7+J7 -> 0 | M7: =M6+K7-L7 -> 417039.13
A8: 5 | B8: 45905 | F8: 0 | G8: =E8*F8 -> 0 | H8: 0 | I8: 0 | J8: =H8*I8 -> 0 | K8: =G8+J8 -> 0 | M8: =M7+K8-L8 -> 417039.13
A9: 6 | B9: 45906 | F9: 0 | G9: =E9*F9 -> 0 | H9: 0 | I9: 0 | J9: =H9*I9 -> 0 | K9: =G9+J9 -> 0 | M9: =M8+K9-L9 -> 417039.13
A10: 7 | B10: 45907 | F10: 0 | G10: =E10*F10 -> 0 | H10: 0 | I10: 0 | J10: =H10*I10 -> 0 | K10: =G10+J10 -> 0 | M10: =M9+K10-L10 -> 417039.13
A11: 8 | B11: 45908 | F11: 0 | G11: =E11*F11 -> 0 | H11: 0 | I11: 0 | J11: =H11*I11 -> 0 | K11: =G11+J11 -> 0 | L11: 417000 | M11: =M10+K11-L11 -> 39.131
A12: 9 | B12: 45909 | F12: 0 | G12: =E12*F12 -> 0 | H12: 0 | I12: 0 | J12: =H12*I12 -> 0 | K12: =G12+J12 -> 0 | M12: =M11+K12-L12 -> 39.131
A13: 10 | B13: 45910 | F13: 0 | G13: =E13*F13 -> 0 | H13: 0 | I13: 0 | J13: =H13*I13 -> 0 | K13: =G13+J13 -> 0 | M13: =M12+K13-L13 -> 39.131
A14: 11 | B14: 45911 | F14: 0 | G14: =E14*F14 -> 0 | H14: 0 | I14: 0 | J14: =H14*I14 -> 0 | K14: =G14+J14 -> 0 | M14: =M13+K14-L14 -> 39.131
A15: 12 | B15: 45912 | F15: 0 | G15: =E15*F15 -> 0 | H15: 0 | I15: 0 | J15: =H15*I15 -> 0 | K15: =G15+J15 -> 0 | M15: =M14+K15-L15 -> 39.131
A16: 13 | B16: 45913 | F16: 0 | G16: =E16*F16 -> 0 | H16: 0 | I16: 0 | J16: =H16*I16 -> 0 | K16: =G16+J16 -> 0 | M16: =M15+K16-L16 -> 39.131
A17: 14 | B17: 45914 | F17: 0 | G17: =E17*F17 -> 0 | H17: 0 | I17: 0 | J17: =H17*I17 -> 0 | K17: =G17+J17 -> 0 | M17: =M16+K17-L17 -> 39.131
A18: 15 | B18: 45915 | F18: 0 | G18: =E18*F18 -> 0 | H18: 0 | I18: 0 | J18: =H18*I18 -> 0 | K18: =G18+J18 -> 0 | M18: =M17+K18-L18 -> 39.131
A19: 16 | B19: 45916 | F19: 0 | G19: =E19*F19 -> 0 | H19: 0 | I19: 0 | J19: =H19*I19 -> 0 | K19: =G19+J19 -> 0 | M19: =M18+K19-L19 -> 39.131
A20: 17 | B20: 45917 | F20: 0 | G20: =E20*F20 -> 0 | H20: 0 | I20: 0 | J20: =H20*I20 -> 0 | K20: =G20+J20 -> 0 | M20: =M19+K20-L20 -> 39.131
A21: 18 | B21: 45918 | F21: 0 | G21: =E21*F21 -> 0 | H21: 0 | I21: 0 | J21: =H21*I21 -> 0 | K21: =G21+J21 -> 0 | M21: =M20+K21-L21 -> 39.131
A22: 19 | B22: 45919 | F22: 0 | G22: =E22*F22 -> 0 | H22: 0 | I22: 0 | J22: =H22*I22 -> 0 | K22: =G22+J22 -> 0 | M22: =M21+K22-L22 -> 39.131
A23: 20 | B23: 45920 | F23: 0 | G23: =E23*F23 -> 0 | H23: 0 | I23: 0 | J23: =H23*I23 -> 0 | K23: =G23+J23 -> 0 | M23: =M22+K23-L23 -> 39.131
... A33: 30 | B33: 45930 | F33: 0 | G33: =E33*F33 -> 0 | H33: 0 | I33: 0 | J33: =H33*I33 -> 0 | K33: =G33+J33 -> 0 | M33: =M32+K33-L33 -> 11508.831
A34: 31 | F34: 0 | G34: =E34*F34 -> 0 | J34: =H34*I34 -> 0 | K34: =G34+J34 -> 0
E35: =SUM(E4:E34) -> 0 | G35: =SUM(G4:G34) -> 0 | H35: =SUM(H4:H34) -> 110 | J35: =SUM(J4:J34) -> 11469.7 | K35: =SUM(K4:K34) -> 11469.7 | L35: =SUM(L4:L31) -> 417000

Sheet YG Gudda 
A1: Pallavi Petrolium
A2: S.No | B2: Date | C2: GRN No | D2: Ind No/Bill No | E2: Diesel (Lts) | F2: Price | G2: Amount | H2: Petrol (Lts) | I2: Price | J2: Amount | K2: Total amount | L2: Amount paid | M2: As on Date | N2: Remarks
A3: Opening Balance | K3: 284233.21 | M3: =+K3 -> 284233.21
A4: 1 | B4: 45901 | E4: 1000 | F4: 91.3 | G4: =E4*F4 -> 91300 | H4: 105 | I4: 103.24 | J4: =H4*I4 -> 10840.2 | K4: =G4+J4 -> 102140.2 | L4: 150000 | M4: =M3+K4-L4 -> 236373.41
A5: 2 | B5: 45902 | E5: 0 | F5: 0 | G5: =E5*F5 -> 0 | H5: 0 | I5: 0 | J5: =H5*I5 -> 0 | K5: =G5+J5 -> 0 | M5: =M4+K5-L5 -> 236373.41
A6: 3 | B6: 45903 | E6: 0 | F6: 0 | G6: =E6*F6 -> 0 | H6: 0 | I6: 0 | J6: =H6*I6 -> 0 | K6: =G6+J6 -> 0 | M6: =M5+K6-L6 -> 236373.41
A7: 4 | B7: 45904 | E7: 0 | F7: 0 | G7: =E7*F7 -> 0 | H7: 0 | I7: 0 | J7: =H7*I7 -> 0 | K7: =G7+J7 -> 0 | M7: =M6+K7-L7 -> 236373.41
A8: 5 | B8: 45905 | E8: 0 | F8: 0 | G8: =E8*F8 -> 0 | H8: 0 | I8: 0 | J8: =H8*I8 -> 0 | K8: =G8+J8 -> 0 | M8: =M7+K8-L8 -> 236373.41
A9: 6 | B9: 45906 | E9: 0 | F9: 0 | G9: =E9*F9 -> 0 | H9: 0 | I9: 0 | J9: =H9*I9 -> 0 | K9: =G9+J9 -> 0 | M9: =M8+K9-L9 -> 236373.41
A10: 7 | B10: 45907 | E10: 0 | F10: 0 | G10: =E10*F10 -> 0 | H10: 0 | I10: 0 | J10: =H10*I10 -> 0 | K10: =G10+J10 -> 0 | M10: =M9+K10-L10 -> 236373.41
A11: 8 | B11: 45908 | E11: 0 | F11: 0 | G11: =E11*F11 -> 0 | H11: 0 | I11: 0 | J11: =H11*I11 -> 0 | K11: =G11+J11 -> 0 | L11: 200000 | M11: =M10+K11-L11 -> 36373.415
A12: 9 | B12: 45909 | E12: 0 | F12: 0 | G12: =E12*F12 -> 0 | H12: 0 | I12: 0 | J12: =H12*I12 -> 0 | K12: =G12+J12 -> 0 | M12: =M11+K12-L12 -> 36373.415
A13: 10 | B13: 45910 | E13: 0 | F13: 0 | G13: =E13*F13 -> 0 | H13: 0 | I13: 0 | J13: =H13*I13 -> 0 | K13: =G13+J13 -> 0 | M13: =M12+K13-L13 -> 36373.415
A14: 11 | B14: 45911 | E14: 0 | F14: 0 | G14: =E14*F14 -> 0 | H14: 0 | I14: 0 | J14: =H14*I14 -> 0 | K14: =G14+J14 -> 0 | M14: =M13+K14-L14 -> 36373.415
A15: 12 | B15: 45912 | E15: 0 | F15: 0 | G15: =E15*F15 -> 0 | H15: 0 | I15: 0 | J15: =H15*I15 -> 0 | K15: =G15+J15 -> 0 | M15: =M14+K15-L15 -> 36373.415
A16: 13 | B16: 45913 | E16: 0 | F16: 0 | G16: =E16*F16 -> 0 | H16: 0 | I16: 0 | J16: =H16*I16 -> 0 | K16: =G16+J16 -> 0 | M16: =M15+K16-L16 -> 36373.415
A17: 14 | B17: 45914 | E17: 0 | F17: 0 | G17: =E17*F17 -> 0 | H17: 0 | I17: 0 | J17: =H17*I17 -> 0 | K17: =G17+J17 -> 0 | M17: =M16+K17-L17 -> 36373.415
A18: 15 | B18: 45915 | E18: 0 | F18: 0 | G18: =E18*F18 -> 0 | H18: 0 | I18: 0 | J18: =H18*I18 -> 0 | K18: =G18+J18 -> 0 | M18: =M17+K18-L18 -> 36373.415
A19: 16 | B19: 45916 | E19: 2000 | F19: 91.3 | G19: =E19*F19 -> 182600 | H19: 105 | I19: 103.25 | J19: =H19*I19 -> 10841.25 | K19: =G19+J19 -> 193441.25 | M19: =M18+K19-L19 -> 229814.66
A20: 17 | B20: 45917 | E20: 0 | F20: 0 | G20: =E20*F20 -> 0 | H20: 0 | I20: 0 | J20: =H20*I20 -> 0 | K20: =G20+J20 -> 0 | M20: =M19+K20-L20 -> 229814.66
A21: 18 | B21: 45918 | E21: 0 | F21: 0 | G21: =E21*F21 -> 0 | H21: 0 | I21: 0 | J21: =H21*I21 -> 0 | K21: =G21+J21 -> 0 | M21: =M20+K21-L21 -> 229814.66
A22: 19 | B22: 45919 | E22: 0 | F22: 0 | G22: =E22*F22 -> 0 | H22: 0 | I22: 0 | J22: =H22*I22 -> 0 | K22: =G22+J22 -> 0 | M22: =M21+K22-L22 -> 229814.66
A23: 20 | B23: 45920 | E23: 0 | F23: 0 | G23: =E23*F23 -> 0 | H23: 0 | I23: 0 | J23: =H23*I23 -> 0 | K23: =G23+J23 -> 0 | M23: =M22+K23-L23 -> 229814.66
... A29: 26 | B29: 45926 | E29: 0 | F29: 0 | G29: =E29*F29 -> 0 | H29: 0 | I29: 0 | J29: =H29*I29 -> 0 | K29: =G29+J29 -> 0 | M29: =M28+K29-L29 -> 229814.66
A30: 27 | B30: 45927 | E30: 0 | F30: 0 | G30: =E30*F30 -> 0 | H30: 0 | I30: 0 | J30: =H30*I30 -> 0 | K30: =G30+J30 -> 0 | L30: 120000 | M30: =M29+K30-L30 -> 109814.66
A31: 28 | B31: 45928 | E31: 0 | F31: 0 | G31: =E31*F31 -> 0 | H31: 0 | I31: 0 | J31: =H31*I31 -> 0 | K31: =G31+J31 -> 0 | M31: =M30+K31-L31 -> 109814.66
A32: 29 | B32: 45929 | E32: 0 | F32: 0 | G32: =E32*F32 -> 0 | H32: 0 | I32: 0 | J32: =H32*I32 -> 0 | K32: =G32+J32 -> 0 | M32: =M31+K32-L32 -> 109814.66
A33: 30 | B33: 45930 | E33: 0 | F33: 0 | G33: =E33*F33 -> 0 | H33: 0 | I33: 0 | J33: =H33*I33 -> 0 | K33: =G33+J33 -> 0 | M33: =M32+K33-L33 -> 109814.66
A34: 31 | B34: 45931 | E34: 0 | F34: 0 | G34: =E34*F34 -> 0 | H34: 0 | I34: 0 | J34: =H34*I34 -> 0 | K34: =G34+J34 -> 0 | M34: =M33+K34-L34 -> 109814.66
A35: 32 | E35: 0 | F35: 0 | G35: =E35*F35 -> 0 | H35: 0 | I35: 0 | J35: =H35*I35 -> 0 | K35: =G35+J35 -> 0 | M35: =M34+K35-L35 -> 109814.66
E36: =SUM(E4:E35) -> 3000 | G36: =SUM(G4:G35) -> 273900 | H36: =SUM(H4:H35) -> 210 | J36: =SUM(J4:J35) -> 21681.45 | K36: =SUM(K4:K35) -> 295581.45 | L36: =SUM(L4:L35) -> 470000

Sheet YG Gudda-2
A1: Pankaja HP Fuel Center
A2: S.No | B2: Date | C2: GRN No | D2: Ind No/Bill No | E2: Diesel (Lts) | F2: Price | G2: Amount | H2: Petrol (Lts) | I2: Price | J2: Amount | K2: Total amount | L2: Amount paid | M2: As on Date | N2: Remarks
A3: Opening Balance | K3: 230070.7 | M3: =+K3 -> 230070.7 | O3: 99992.615
A4: 1 | B4: 45901 | E4: 0 | F4: 0 | G4: =E4*F4 -> 0 | H4: 0 | I4: 0 | J4: =H4*I4 -> 0 | K4: =G4+J4 -> 0 | L4: 230000 | M4: =M3+K4-L4 -> 70.7
A5: 2 | B5: 45902 | E5: 0 | F5: 0 | G5: =E5*F5 -> 0 | H5: 0 | I5: 0 | J5: =H5*I5 -> 0 | K5: =G5+J5 -> 0 | M5: =M4+K5-L5 -> 70.7
A6: 3 | B6: 45903 | E6: 2400 | F6: 91.33 | G6: =E6*F6 -> 219192 | H6: 0 | I6: 0 | J6: =H6*I6 -> 0 | K6: =G6+J6 -> 219192 | M6: =M5+K6-L6 -> 219262.7
A7: 4 | B7: 45904 | E7: 0 | F7: 0 | G7: =E7*F7 -> 0 | H7: 0 | I7: 0 | J7: =H7*I7 -> 0 | K7: =G7+J7 -> 0 | M7: =M6+K7-L7 -> 219262.7
A8: 5 | B8: 45905 | E8: 0 | F8: 0 | G8: =E8*F8 -> 0 | H8: 0 | I8: 0 | J8: =H8*I8 -> 0 | K8: =G8+J8 -> 0 | M8: =M7+K8-L8 -> 219262.7
A9: 6 | B9: 45906 | E9: 0 | F9: 0 | G9: =E9*F9 -> 0 | H9: 0 | I9: 0 | J9: =H9*I9 -> 0 | K9: =G9+J9 -> 0 | M9: =M8+K9-L9 -> 219262.7
A10: 7 | B10: 45907 | E10: 0 | F10: 0 | G10: =E10*F10 -> 0 | H10: 105 | I10: 103.27 | J10: =H10*I10 -> 10843.35 | K10: =G10+J10 -> 10843.35 | M10: =M9+K10-L10 -> 230106.05
A11: 8 | B11: 45908 | E11: 0 | F11: 0 | G11: =E11*F11 -> 0 | H11: 0 | I11: 0 | J11: =H11*I11 -> 0 | K11: =G11+J11 -> 0 | L11: 230000 | M11: =M10+K11-L11 -> 106.05
A12: 9 | B12: 45909 | E12: 1200 | F12: 91.33 | G12: =E12*F12 -> 109596 | H12: 70 | I12: 103.27 | J12: =H12*I12 -> 7228.9 | K12: =G12+J12 -> 116824.9 | M12: =M11+K12-L12 -> 116930.95
A13: 10 | B13: 45910 | E13: 0 | F13: 0 | G13: =E13*F13 -> 0 | H13: 0 | I13: 0 | J13: =H13*I13 -> 0 | K13: =G13+J13 -> 0 | M13: =M12+K13-L13 -> 116930.95
A14: 11 | B14: 45911 | E14: 0 | F14: 0 | G14: =E14*F14 -> 0 | H14: 0 | I14: 0 | J14: =H14*I14 -> 0 | K14: =G14+J14 -> 0 | M14: =M13+K14-L14 -> 116930.95
A15: 12 | B15: 45912 | E15: 1500 | F15: 91.33 | G15: =E15*F15 -> 136995 | H15: 70 | I15: 103.27 | J15: =H15*I15 -> 7228.9 | K15: =G15+J15 -> 144223.9 | M15: =M14+K15-L15 -> 261154.85
A16: 13 | B16: 45913 | E16: 0 | F16: 0 | G16: =E16*F16 -> 0 | H16: 0 | I16: 0 | J16: =H16*I16 -> 0 | K16: =G16+J16 -> 0 | M16: =M15+K16-L16 -> 261154.85
A17: 14 | B17: 45914 | E17: 0 | F17: 0 | G17: =E17*F17 -> 0 | H17: 0 | I17: 0 | J17: =H17*I17 -> 0 | K17: =G17+J17 -> 0 | M17: =M16+K17-L17 -> 261154.85
A18: 15 | B18: 45915 | E18: 0 | F18: 0 | G18: =E18*F18 -> 0 | H18: 0 | I18: 0 | J18: =H18*I18 -> 0 | K18: =G18+J18 -> 0 | M18: =M17+K18-L18 -> 261154.85
A19: 16 | B19: 45916 | E19: 0 | F19: 0 | G19: =E19*F19 -> 0 | H19: 0 | I19: 0 | J19: =H19*I19 -> 0 | K19: =G19+J19 -> 0 | M19: =M18+K19-L19 -> 261154.85
A20: 17 | B20: 45917 | E20: 0 | F20: 0 | G20: =E20*F20 -> 0 | H20: 0 | I20: 0 | J20: =H20*I20 -> 0 | K20: =G20+J20 -> 0 | M20: =M19+K20-L20 -> 261154.85
A21: 18 | B21: 45918 | E21: 0 | F21: 0 | G21: =E21*F21 -> 0 | H21: 0 | I21: 0 | J21: =H21*I21 -> 0 | K21: =G21+J21 -> 0 | M21: =M20+K21-L21 -> 261154.85
A22: 19 | B22: 45919 | E22: 0 | F22: 0 | G22: =E22*F22 -> 0 | H22: 0 | I22: 0 | J22: =H22*I22 -> 0 | K22: =G22+J22 -> 0 | M22: =M21+K22-L22 -> 261154.85
A23: 20 | B23: 45920 | E23: 0 | F23: 0 | G23: =E23*F23 -> 0 | H23: 0 | I23: 0 | J23: =H23*I23 -> 0 | K23: =G23+J23 -> 0 | M23: =M22+K23-L23 -> 261154.85
... A29: 26 | B29: 45926 | E29: 0 | F29: 0 | G29: =E29*F29 -> 0 | H29: 0 | I29: 0 | J29: =H29*I29 -> 0 | K29: =G29+J29 -> 0 | M29: =M28+K29-L29 -> 461887.1
A30: 27 | B30: 45927 | E30: 0 | F30: 0 | G30: =E30*F30 -> 0 | H30: 0 | I30: 0 | J30: =H30*I30 -> 0 | K30: =G30+J30 -> 0 | L30: 300000 | M30: =M29+K30-L30 -> 161887.1
A31: 28 | B31: 45928 | E31: 0 | F31: 0 | G31: =E31*F31 -> 0 | H31: 0 | I31: 0 | J31: =H31*I31 -> 0 | K31: =G31+J31 -> 0 | M31: =M30+K31-L31 -> 161887.1
A32: 29 | B32: 45929 | E32: 1500 | F32: 91.33 | G32: =E32*F32 -> 136995 | H32: 70 | I32: 103.27 | J32: =H32*I32 -> 7228.9 | K32: =G32+J32 -> 144223.9 | M32: =M31+K32-L32 -> 306111
A33: 30 | B33: 45930 | E33: 0 | F33: 0 | G33: =E33*F33 -> 0 | H33: 0 | I33: 0 | J33: =H33*I33 -> 0 | K33: =G33+J33 -> 0 | M33: =M32+K33-L33 -> 306111
A34: 32 | E34: 0 | F34: 0 | G34: =E34*F34 -> 0 | H34: 0 | I34: 0 | J34: =H34*I34 -> 0 | K34: =G34+J34 -> 0
E35: =SUM(E4:E34) -> 8600 | G35: =SUM(G4:G34) -> 785438 | H35: =SUM(H4:H34) -> 490 | J35: =SUM(J4:J34) -> 50602.3 | K35: =SUM(K4:K34) -> 836040.3 | L35: =SUM(L4:L34) -> 760000

Sheet Hosadurga
A1: Merchant Petroliums
A2: S.No | B2: Date | C2: GRN No | D2: Ind No/Bill No | E2: Diesel (Lts) | F2: Price | G2: Amount | H2: Petrol (Lts) | I2: Price | J2: Amount | K2: Total amount | L2: Amount paid | M2: As on Date | N2: Remarks
A3: Opening Balance | K3: 7279.3 | M3: =+K3 -> 7279.3
A4: 1 | B4: 45901 | G4: =E4*F4 -> 0 | H4: 0 | J4: =H4*I4 -> 0 | K4: =G4+J4 -> 0 | L4: 0 | M4: =M3+K4-L4 -> 7279.3
A5: 2 | B5: 45902 | G5: =E5*F5 -> 0 | H5: 0 | I5: 0 | J5: =H5*I5 -> 0 | K5: =G5+J5 -> 0 | L5: 0 | M5: =M4+K5-L5 -> 7279.3
A6: 3 | B6: 45903 | G6: =E6*F6 -> 0 | H6: 0 | I6: 0 | J6: =H6*I6 -> 0 | K6: =G6+J6 -> 0 | L6: 0 | M6: =M5+K6-L6 -> 7279.3
A7: 4 | B7: 45904 | G7: =E7*F7 -> 0 | H7: 0 | I7: 0 | J7: =H7*I7 -> 0 | K7: =G7+J7 -> 0 | L7: 0 | M7: =M6+K7-L7 -> 7279.3
A8: 5 | B8: 45905 | G8: =E8*F8 -> 0 | H8: 0 | I8: 0 | J8: =H8*I8 -> 0 | K8: =G8+J8 -> 0 | L8: 0 | M8: =M7+K8-L8 -> 7279.3
A9: 6 | B9: 45906 | G9: =E9*F9 -> 0 | H9: 0 | I9: 0 | J9: =H9*I9 -> 0 | K9: =G9+J9 -> 0 | L9: 0 | M9: =M8+K9-L9 -> 7279.3
A10: 7 | B10: 45907 | E10: 1500 | F10: 91.8 | G10: =E10*F10 -> 137700 | H10: 70 | I10: 103.99 | J10: =H10*I10 -> 7279.3 | K10: =G10+J10 -> 144979.3 | L10: 0 | M10: =M9+K10-L10 -> 152258.6
A11: 8 | B11: 45908 | G11: =E11*F11 -> 0 | H11: 0 | I11: 0 | J11: =H11*I11 -> 0 | K11: =G11+J11 -> 0 | L11: 0 | M11: =M10+K11-L11 -> 152258.6
A12: 9 | B12: 45909 | G12: =E12*F12 -> 0 | H12: 0 | I12: 0 | J12: =H12*I12 -> 0 | K12: =G12+J12 -> 0 | L12: 0 | M12: =M11+K12-L12 -> 152258.6
A13: 10 | B13: 45910 | G13: =E13*F13 -> 0 | H13: 0 | I13: 0 | J13: =H13*I13 -> 0 | K13: =G13+J13 -> 0 | L13: 0 | M13: =M12+K13-L13 -> 152258.6
A14: 11 | B14: 45911 | G14: =E14*F14 -> 0 | H14: 0 | I14: 0 | J14: =H14*I14 -> 0 | K14: =G14+J14 -> 0 | L14: 0 | M14: =M13+K14-L14 -> 152258.6
A15: 12 | B15: 45912 | G15: =E15*F15 -> 0 | H15: 0 | I15: 0 | J15: =H15*I15 -> 0 | K15: =G15+J15 -> 0 | L15: 0 | M15: =M14+K15-L15 -> 152258.6
A16: 13 | B16: 45913 | G16: =E16*F16 -> 0 | H16: 0 | I16: 0 | J16: =H16*I16 -> 0 | K16: =G16+J16 -> 0 | L16: 0 | M16: =M15+K16-L16 -> 152258.6 | X16: =100*104 -> 10400
A17: 14 | B17: 45914 | G17: =E17*F17 -> 0 | H17: 0 | I17: 0 | J17: =H17*I17 -> 0 | K17: =G17+J17 -> 0 | L17: 0 | M17: =M16+K17-L17 -> 152258.6
A18: 15 | B18: 45915 | G18: =E18*F18 -> 0 | H18: 0 | I18: 0 | J18: =H18*I18 -> 0 | K18: =G18+J18 -> 0 | L18: 0 | M18: =M17+K18-L18 -> 152258.6
A19: 16 | B19: 45916 | G19: =E19*F19 -> 0 | H19: 0 | I19: 0 | J19: =H19*I19 -> 0 | K19: =G19+J19 -> 0 | L19: 0 | M19: =M18+K19-L19 -> 152258.6
A20: 17 | B20: 45917 | G20: =E20*F20 -> 0 | H20: 0 | I20: 0 | J20: =H20*I20 -> 0 | K20: =G20+J20 -> 0 | L20: 0 | M20: =M19+K20-L20 -> 152258.6
A21: 18 | B21: 45918 | G21: =E21*F21 -> 0 | H21: 0 | I21: 0 | J21: =H21*I21 -> 0 | K21: =G21+J21 -> 0 | L21: 100000 | M21: =M20+K21-L21 -> 52258.6
A22: 19 | B22: 45919 | G22: =E22*F22 -> 0 | H22: 0 | I22: 0 | J22: =H22*I22 -> 0 | K22: =G22+J22 -> 0 | L22: 0 | M22: =M21+K22-L22 -> 52258.6
A23: 20 | B23: 45920 | G23: =E23*F23 -> 0 | H23: 0 | I23: 0 | J23: =H23*I23 -> 0 | K23: =G23+J23 -> 0 | L23: 0 | M23: =M22+K23-L23 -> 52258.6
A24: 21 | B24: 45921 | G24: =E24*F24 -> 0 | H24: 0 | I24: 0 | J24: =H24*I24 -> 0 | K24: =G24+J24 -> 0 | L24: 0 | M24: =M23+K24-L24 -> 52258.6
A25: 22 | B25: 45922 | G25: =E25*F25 -> 0 | H25: 0 | I25: 0 | J25: =H25*I25 -> 0 | K25: =G25+J25 -> 0 | L25: 0 | M25: =M24+K25-L25 -> 52258.6
A26: 23 | B26: 45923 | G26: =E26*F26 -> 0 | H26: 0 | I26: 0 | J26: =H26*I26 -> 0 | K26: =G26+J26 -> 0 | L26: 0 | M26: =M25+K26-L26 -> 52258.6
A27: 24 | B27: 45924 | G27: =E27*F27 -> 0 | H27: 0 | I27: 0 | J27: =H27*I27 -> 0 | K27: =G27+J27 -> 0 | L27: 0 | M27: =M26+K27-L27 -> 52258.6
A28: 25 | B28: 45925 | G28: =E28*F28 -> 0 | H28: 0 | I28: 0 | J28: =H28*I28 -> 0 | K28: =G28+J28 -> 0 | L28: 0 | M28: =M27+K28-L28 -> 52258.6
... A33: 30 | B33: 45930 | G33: =E33*F33 -> 0 | H33: 0 | I33: 0 | J33: =H33*I33 -> 0 | K33: =G33+J33 -> 0 | L33: 0 | M33: =M32+K33-L33 -> 2258.6
A34: 31 | G34: =E34*F34 -> 0 | H34: 0 | I34: 0 | J34: =H34*I34 -> 0 | K34: =G34+J34 -> 0 | L34: 0 | M34: =M33+K34-L34 -> 2258.6
E35: =SUM(E4:E34) -> 1500 | G35: =SUM(G4:G34) -> 137700 | H35: =SUM(H4:H34) -> 70 | J35: =SUM(J4:J34) -> 7279.3 | K35: =SUM(K4:K34) -> 144979.3 | L35: =SUM(L4:L34) -> 150000

Sheet Hosadurga -2
A1: Shree Veeraprathap Fuel
A2: S.No | B2: Date | C2: GRN No | D2: Ind No/Bill No | E2: Diesel (Lts) | F2: Price | G2: Amount | H2: Petrol (Lts) | I2: Price | J2: Amount | K2: Total amount | L2: Amount paid | M2: As on Date | N2: Remarks
A3: Opening Balance | K3: 439314.55 | M3: =+K3 -> 439314.55 | O3: 618231.25
A4: 1 | B4: 45901 | C4: 0 | E4: 0 | F4: 0 | G4: =E4*F4 -> 0 | H4: 100 | I4: 103.73 | J4: =H4*I4 -> 10373 | K4: =G4+J4 -> 10373 | L4: 0 | M4: =M3+K4-L4 -> 449687.55
A5: 2 | B5: 45902 | C5: 0 | E5: 0 | F5: 0 | G5: =E5*F5 -> 0 | H5: 0 | I5: 0 | J5: =H5*I5 -> 0 | K5: =G5+J5 -> 0 | L5: 0 | M5: =M4+K5-L5 -> 449687.55
A6: 3 | B6: 45903 | C6: 0 | E6: 0 | F6: 0 | G6: =E6*F6 -> 0 | H6: 0 | I6: 0 | J6: =H6*I6 -> 0 | K6: =G6+J6 -> 0 | L6: 0 | M6: =M5+K6-L6 -> 449687.55
A7: 4 | B7: 45904 | C7: 0 | E7: 0 | F7: 0 | G7: =E7*F7 -> 0 | H7: 0 | I7: 0 | J7: =H7*I7 -> 0 | K7: =G7+J7 -> 0 | L7: 0 | M7: =M6+K7-L7 -> 449687.55
A8: 5 | B8: 45905 | C8: 0 | E8: 0 | F8: 0 | G8: =E8*F8 -> 0 | H8: 0 | I8: 0 | J8: =H8*I8 -> 0 | K8: =G8+J8 -> 0 | L8: 0 | M8: =M7+K8-L8 -> 449687.55
A9: 6 | B9: 45906 | C9: 0 | E9: 0 | F9: 0 | G9: =E9*F9 -> 0 | H9: 0 | I9: 0 | J9: =H9*I9 -> 0 | K9: =G9+J9 -> 0 | L9: 0 | M9: =M8+K9-L9 -> 449687.55
A10: 7 | B10: 45907 | C10: 0 | E10: 0 | F10: 0 | G10: =E10*F10 -> 0 | H10: 0 | I10: 0 | J10: =H10*I10 -> 0 | K10: =G10+J10 -> 0 | L10: 0 | M10: =M9+K10-L10 -> 449687.55
A11: 8 | B11: 45908 | C11: 0 | E11: 0 | F11: 0 | G11: =E11*F11 -> 0 | H11: 0 | I11: 0 | J11: =H11*I11 -> 0 | K11: =G11+J11 -> 0 | L11: 0 | M11: =M10+K11-L11 -> 449687.55
A12: 9 | B12: 45909 | C12: 0 | E12: 0 | F12: 0 | G12: =E12*F12 -> 0 | H12: 0 | I12: 0 | J12: =H12*I12 -> 0 | K12: =G12+J12 -> 0 | L12: 0 | M12: =M11+K12-L12 -> 449687.55
A13: 10 | B13: 45910 | C13: 0 | E13: 0 | F13: 0 | G13: =E13*F13 -> 0 | H13: 0 | I13: 0 | J13: =H13*I13 -> 0 | K13: =G13+J13 -> 0 | L13: 439000 | M13: =M12+K13-L13 -> 10687.552
A14: 11 | B14: 45911 | C14: 0 | E14: 0 | F14: 0 | G14: =E14*F14 -> 0 | H14: 0 | I14: 0 | J14: =H14*I14 -> 0 | K14: =G14+J14 -> 0 | L14: 0 | M14: =M13+K14-L14 -> 10687.552
A15: 12 | B15: 45912 | C15: 0 | E15: 0 | F15: 0 | G15: =E15*F15 -> 0 | H15: 0 | I15: 0 | J15: =H15*I15 -> 0 | K15: =G15+J15 -> 0 | L15: 0 | M15: =M14+K15-L15 -> 10687.552
... A31: 28 | B31: 45928 | C31: 0 | E31: 0 | F31: 0 | G31: =E31*F31 -> 0 | H31: 0 | I31: 0 | J31: =H31*I31 -> 0 | K31: =G31+J31 -> 0 | L31: 0 | M31: =M30+K31-L31 -> 277709.09
A32: 29 | B32: 45929 | C32: 0 | E32: 0 | F32: 0 | G32: =E32*F32 -> 0 | H32: 0 | I32: 0 | J32: =H32*I32 -> 0 | K32: =G32+J32 -> 0 | L32: 0
A33: 30 | B33: 45930 | C33: 0 | E33: 0 | F33: 0 | G33: =E33*F33 -> 0 | H33: 0 | I33: 0 | J33: =H33*I33 -> 0 | K33: =G33+J33 -> 0 | L33: 0
A34: 31
E35: =SUM(E4:E34) -> 3776.7 | G35: =SUM(G4:G34) -> 345756.89 | H35: =SUM(H4:H34) -> 305 | J35: =SUM(J4:J34) -> 31637.65 | K35: =SUM(K4:K34) -> 377394.54 | L35: =SUM(L4:L34) -> 539000

Sheet Hiriyur(VJNL)
A1: Sri Balaji Agencies
A2: S.No | B2: Date | C2: GRN No | D2: Ind No/Bill No | E2: Diesel (Lts) | F2: Price | G2: Amount | H2: Petrol (Lts) | I2: Price | J2: Amount | K2: Total amount | L2: Amount paid | M2: As on Date | N2: Remarks
A3: Opening Balance | K3: 191992.3 | M3: =+K3 -> 191992.3 | O3: 26749.8
A4: 1 | B4: 45901 | E4: 0 | G4: =E4*F4 -> 0 | H4: 70 | I4: 104.14 | J4: =H4*I4 -> 7289.8 | K4: =G4+J4 -> 7289.8 | M4: =M3+K4-L4 -> 199282.1
A5: 2 | B5: 45902 | E5: 0 | G5: =E5*F5 -> 0 | H5: 0 | I5: 0 | J5: =H5*I5 -> 0 | K5: =G5+J5 -> 0 | M5: =M4+K5-L5 -> 199282.1
A6: 3 | B6: 45903 | E6: 0 | G6: =E6*F6 -> 0 | H6: 0 | I6: 0 | J6: =H6*I6 -> 0 | K6: =G6+J6 -> 0 | M6: =M5+K6-L6 -> 199282.1
A7: 4 | B7: 45904 | E7: 0 | G7: =E7*F7 -> 0 | H7: 0 | I7: 0 | J7: =H7*I7 -> 0 | K7: =G7+J7 -> 0 | M7: =M6+K7-L7 -> 199282.1
A8: 5 | B8: 45905 | E8: 0 | G8: =E8*F8 -> 0 | H8: 0 | I8: 0 | J8: =H8*I8 -> 0 | K8: =G8+J8 -> 0 | M8: =M7+K8-L8 -> 199282.1
A9: 6 | B9: 45906 | E9: 0 | G9: =E9*F9 -> 0 | H9: 0 | I9: 0 | J9: =H9*I9 -> 0 | K9: =G9+J9 -> 0 | M9: =M8+K9-L9 -> 199282.1
A10: 7 | B10: 45907 | E10: 0 | G10: =E10*F10 -> 0 | H10: 0 | I10: 0 | J10: =H10*I10 -> 0 | K10: =G10+J10 -> 0 | M10: =M9+K10-L10 -> 199282.1
A11: 8 | B11: 45908 | E11: 0 | G11: =E11*F11 -> 0 | H11: 0 | I11: 0 | J11: =H11*I11 -> 0 | K11: =G11+J11 -> 0 | L11: 199282.1 | M11: =M10+K11-L11 -> 0
A12: 9 | B12: 45909 | E12: 0 | G12: =E12*F12 -> 0 | H12: 70 | I12: 104.14 | J12: =H12*I12 -> 7289.8 | K12: =G12+J12 -> 7289.8 | M12: =M11+K12-L12 -> 7289.8
A13: 10 | B13: 45910 | E13: 0 | G13: =E13*F13 -> 0 | H13: 0 | I13: 0 | J13: =H13*I13 -> 0 | K13: =G13+J13 -> 0 | M13: =M12+K13-L13 -> 7289.8
A14: 11 | B14: 45911 | E14: 0 | G14: =E14*F14 -> 0 | H14: 0 | I14: 0 | J14: =H14*I14 -> 0 | K14: =G14+J14 -> 0 | M14: =M13+K14-L14 -> 7289.8
A15: 12 | B15: 45912 | E15: 0 | G15: =E15*F15 -> 0 | H15: 0 | I15: 0 | J15: =H15*I15 -> 0 | K15: =G15+J15 -> 0 | M15: =M14+K15-L15 -> 7289.8
A16: 13 | B16: 45913 | E16: 0 | G16: =E16*F16 -> 0 | H16: 0 | I16: 0 | J16: =H16*I16 -> 0 | K16: =G16+J16 -> 0 | M16: =M15+K16-L16 -> 7289.8
A17: 14 | B17: 45914 | E17: 0 | G17: =E17*F17 -> 0 | H17: 0 | I17: 0 | J17: =H17*I17 -> 0 | K17: =G17+J17 -> 0 | M17: =M16+K17-L17 -> 7289.8
A18: 15 | B18: 45915 | E18: 0 | G18: =E18*F18 -> 0 | H18: 0 | I18: 0 | J18: =H18*I18 -> 0 | K18: =G18+J18 -> 0 | M18: =M17+K18-L18 -> 7289.8
A19: 16 | B19: 45916 | E19: 2200 | F19: 92.26 | G19: =E19*F19 -> 202972 | H19: 70 | I19: 104.14 | J19: =H19*I19 -> 7289.8 | K19: =G19+J19 -> 210261.8 | M19: =M18+K19-L19 -> 217551.6
A20: 17 | B20: 45917 | E20: 0 | G20: =E20*F20 -> 0 | H20: 0 | I20: 0 | J20: =H20*I20 -> 0 | K20: =G20+J20 -> 0 | M20: =M19+K20-L20 -> 217551.6
A21: 18 | B21: 45918 | E21: 0 | G21: =E21*F21 -> 0 | H21: 0 | I21: 0 | J21: =H21*I21 -> 0 | K21: =G21+J21 -> 0 | M21: =M20+K21-L21 -> 217551.6
A22: 19 | B22: 45919 | E22: 0 | G22: =E22*F22 -> 0 | H22: 0 | I22: 0 | J22: =H22*I22 -> 0 | K22: =G22+J22 -> 0 | M22: =M21+K22-L22 -> 217551.6
A23: 20 | B23: 45920 | E23: 0 | G23: =E23*F23 -> 0 | H23: 0 | I23: 0 | J23: =H23*I23 -> 0 | K23: =G23+J23 -> 0 | M23: =M22+K23-L23 -> 217551.6
A24: 21 | B24: 45921 | E24: 0 | G24: =E24*F24 -> 0 | H24: 0 | I24: 0 | J24: =H24*I24 -> 0 | K24: =G24+J24 -> 0 | M24: =M23+K24-L24 -> 217551.6
A25: 22 | B25: 45922 | E25: 0 | G25: =E25*F25 -> 0 | H25: 0 | I25: 0 | J25: =H25*I25 -> 0 | K25: =G25+J25 -> 0 | M25: =M24+K25-L25 -> 217551.6
A26: 23 | B26: 45923 | E26: 0 | G26: =E26*F26 -> 0 | H26: 0 | I26: 0 | J26: =H26*I26 -> 0 | K26: =G26+J26 -> 0 | M26: =M25+K26-L26 -> 217551.6
A27: 24 | B27: 45924 | E27: 0 | G27: =E27*F27 -> 0 | H27: 0 | I27: 0 | J27: =H27*I27 -> 0 | K27: =G27+J27 -> 0 | M27: =M26+K27-L27 -> 217551.6
A28: 25 | B28: 45925 | E28: 0 | G28: =E28*F28 -> 0 | H28: 70 | I28: 104.14 | J28: =H28*I28 -> 7289.8 | K28: =G28+J28 -> 7289.8 | M28: =M27+K28-L28 -> 224841.4
A29: 26 | B29: 45926 | E29: 0 | G29: =E29*F29 -> 0 | H29: 0 | I29: 0 | J29: =H29*I29 -> 0 | K29: =G29+J29 -> 0 | M29: =M28+K29-L29 -> 224841.4
A30: 27 | B30: 45927 | E30: 0 | G30: =E30*F30 -> 0 | H30: 0 | I30: 0 | J30: =H30*I30 -> 0 | K30: =G30+J30 -> 0 | L30: 150000 | M30: =M29+K30-L30 -> 74841.4
A31: 28 | B31: 45928 | E31: 0 | G31: =E31*F31 -> 0 | H31: 0 | I31: 0 | J31: =H31*I31 -> 0 | K31: =G31+J31 -> 0 | M31: =M30+K31-L31 -> 74841.4
A32: 29 | B32: 45929 | E32: 0 | G32: =E32*F32 -> 0 | H32: 0 | I32: 0 | J32: =H32*I32 -> 0 | K32: =G32+J32 -> 0 | M32: =M31+K32-L32 -> 74841.4
A33: 30 | B33: 45930 | E33: 0 | G33: =E33*F33 -> 0 | H33: 0 | I33: 0 | J33: =H33*I33 -> 0 | K33: =G33+J33 -> 0 | M33: =M32+K33-L33 -> 74841.4
A34: 31 | B34: 45931 | E34: 0 | G34: =E34*F34 -> 0 | H34: 0 | I34: 0 | J34: =H34*I34 -> 0 | K34: =G34+J34 -> 0 | M34: =M33+K34-L34 -> 74841.4
E35: =SUM(E4:E34) -> 2200 | G35: =SUM(G4:G34) -> 202972 | H35: =SUM(H4:H34) -> 280 | J35: =SUM(J4:J34) -> 29159.2 | K35: =SUM(K4:K34) -> 232131.2 | L35: =SUM(L4:L34) -> 349282.1

Sheet Chellakere (KUWSDB)
A1: Sri Vishnu Baba Petroleum
A2: S.No | B2: Date | C2: GRN No | D2: Ind No/Bill No | E2: Diesel (Lts) | F2: Price | G2: Amount | H2: Petrol (Lts) | I2: Price | J2: Amount | K2: Total amount | L2: Amount paid | M2: As on Date | N2: Remarks
A3: Opening Balance | K3: 0 | L3: 0 | M3: =+K3 -> 0
A4: 1 | B4: 45901 | E4: 231 | F4: 92.25 | G4: =E4*F4 -> 21309.75 | H4: 35 | I4: 104.13 | J4: =H4*I4 -> 3644.55 | K4: =G4+J4 -> 24954.3 | L4: =K4 -> 24954.3 | M4: =M3+K4-L4 -> 0
A5: 2 | B5: 45902 | E5: 108 | F5: 92.25 | G5: =E5*F5 -> 9963 | H5: 0 | I5: 0 | J5: =H5*I5 -> 0 | K5: =G5+J5 -> 9963 | L5: =K5 -> 9963 | M5: =M4+K5-L5 -> 0
A6: 3 | B6: 45903 | E6: 302 | F6: 92.25 | G6: =E6*F6 -> 27859.5 | H6: 20 | I6: 104.13 | J6: =H6*I6 -> 2082.6 | K6: =G6+J6 -> 29942.1 | L6: =K6 -> 29942.1 | M6: =M5+K6-L6 -> 0
A7: 4 | B7: 45904 | E7: 108.42 | F7: 92.23 | G7: =E7*F7 -> 9999.5766 | H7: 0 | I7: 0 | J7: =H7*I7 -> 0 | K7: =G7+J7 -> 9999.5766 | L7: =K7 -> 9999.5766 | M7: =M6+K7-L7 -> 0
A8: 5 | B8: 45905 | E8: 271.06 | F8: 92.23 | G8: =E8*F8 -> 24999.864 | H8: 0 | I8: 0 | J8: =H8*I8 -> 0 | K8: =G8+J8 -> 24999.864 | L8: =K8 -> 24999.864 | M8: =M7+K8-L8 -> 0
A9: 6 | B9: 45906 | E9: 216.8 | F9: 92.25 | G9: =E9*F9 -> 19999.8 | H9: 0 | I9: 0 | J9: =H9*I9 -> 0 | K9: =G9+J9 -> 19999.8 | L9: =K9 -> 19999.8 | M9: =M8+K9-L9 -> 0
A10: 7 | B10: 45907 | E10: 0 | F10: 0 | G10: =E10*F10 -> 0 | H10: 0 | I10: 0 | J10: =H10*I10 -> 0 | K10: =G10+J10 -> 0 | L10: =K10 -> 0 | M10: =M9+K10-L10 -> 0
A11: 8 | B11: 45908 | E11: 0 | F11: 0 | G11: =E11*F11 -> 0 | H11: 0 | I11: 0 | J11: =H11*I11 -> 0 | K11: =G11+J11 -> 0 | L11: =K11 -> 0 | M11: =M10+K11-L11 -> 0
A12: 9 | B12: 45909 | E12: 230 | F12: 92.25 | G12: =E12*F12 -> 21217.5 | H12: 35 | I12: 104.13 | J12: =H12*I12 -> 3644.55 | K12: =G12+J12 -> 24862.05 | L12: 24862.05 | M12: =M11+K12-L12 -> 0
A13: 10 | B13: 45910 | E13: 0 | F13: 0 | G13: =E13*F13 -> 0 | H13: 0 | I13: 0 | J13: =H13*I13 -> 0 | K13: =G13+J13 -> 0 | L13: =K13 -> 0 | M13: =M12+K13-L13 -> 0
A14: 11 | B14: 45911 | E14: 200 | F14: 92.25 | G14: =E14*F14 -> 18450 | H14: 0 | I14: 0 | J14: =H14*I14 -> 0 | K14: =G14+J14 -> 18450 | L14: 18450 | M14: =M13+K14-L14 -> 0
A15: 12 | B15: 45912 | E15: 300 | F15: 92.25 | G15: =E15*F15 -> 27675 | H15: 20 | I15: 0 | J15: =H15*I15 -> 0 | K15: =G15+J15 -> 27675 | L15: =K15 -> 27675 | M15: =M14+K15-L15 -> 0
A16: 13 | B16: 45913 | E16: 0 | F16: 0 | G16: =E16*F16 -> 0 | H16: 0 | I16: 0 | J16: =H16*I16 -> 0 | K16: =G16+J16 -> 0 | L16: =K16 -> 0 | M16: =M15+K16-L16 -> 0
A17: 14 | B17: 45914 | E17: 0 | F17: 0 | G17: =E17*F17 -> 0 | H17: 0 | I17: 0 | J17: =H17*I17 -> 0 | K17: =G17+J17 -> 0 | L17: =K17 -> 0 | M17: =M16+K17-L17 -> 0
A18: 15 | B18: 45915 | E18: 240 | F18: 92.25 | G18: =E18*F18 -> 22140 | H18: 25 | I18: 104.13 | J18: =H18*I18 -> 2603.25 | K18: =G18+J18 -> 24743.25 | L18: =K18 -> 24743.25 | M18: =M17+K18-L18 -> 0
A19: 16 | B19: 45916 | E19: 305 | F19: 92.25 | G19: =E19*F19 -> 28136.25 | H19: 15 | I19: 104.13 | J19: =H19*I19 -> 1561.95 | K19: =G19+J19 -> 29698.2 | L19: =K19 -> 29698.2 | M19: =M18+K19-L19 -> 0
A20: 17 | B20: 45917 | E20: 0 | F20: 0 | G20: =E20*F20 -> 0 | H20: 0 | I20: 0 | J20: =H20*I20 -> 0 | K20: =G20+J20 -> 0 | L20: =K20 -> 0 | M20: =M19+K20-L20 -> 0
A21: 18 | B21: 45918 | E21: 0 | F21: 0 | G21: =E21*F21 -> 0 | H21: 0 | I21: 0 | J21: =H21*I21 -> 0 | K21: =G21+J21 -> 0 | L21: =K21 -> 0 | M21: =M20+K21-L21 -> 0
A22: 19 | B22: 45919 | E22: 290 | F22: 92.25 | G22: =E22*F22 -> 26752.5 | H22: 30 | I22: 104.13 | J22: =H22*I22 -> 3123.9 | K22: =G22+J22 -> 29876.4 | L22: =K22 -> 29876.4 | M22: =M21+K22-L22 -> 0
A23: 20 | B23: 45920 | E23: 200 | F23: 92.25 | G23: =E23*F23 -> 18450 | H23: 0 | I23: 0 | J23: =H23*I23 -> 0 | K23: =G23+J23 -> 18450 | L23: =K23 -> 18450 | M23: =M22+K23-L23 -> 0
A24: 21 | B24: 45921 | E24: 0 | F24: 0 | G24: =E24*F24 -> 0 | H24: 0 | I24: 0 | J24: =H24*I24 -> 0 | K24: =G24+J24 -> 0 | L24: =K24 -> 0 | M24: =M23+K24-L24 -> 0
A25: 22 | B25: 45922 | E25: 0 | F25: 0 | G25: =E25*F25 -> 0 | H25: 0 | I25: 0 | J25: =H25*I25 -> 0 | K25: =G25+J25 -> 0 | L25: =K25 -> 0 | M25: =M24+K25-L25 -> 0
A26: 23 | B26: 45923 | E26: 0 | F26: 0 | G26: =E26*F26 -> 0 | H26: 0 | I26: 0 | J26: =H26*I26 -> 0 | K26: =G26+J26 -> 0 | L26: =K26 -> 0 | M26: =M25+K26-L26 -> 0
A27: 24 | B27: 45924 | E27: 290 | F27: 92.25 | G27: =E27*F27 -> 26752.5 | H27: 30 | I27: 104.13 | J27: =H27*I27 -> 3123.9 | K27: =G27+J27 -> 29876.4 | L27: =K27 -> 29876.4 | M27: =M26+K27-L27 -> 0
A28: 25 | B28: 45925 | E28: 270 | F28: 92.25 | G28: =E28*F28 -> 24907.5 | H28: 0 | I28: 0 | J28: =H28*I28 -> 0 | K28: =G28+J28 -> 24907.5 | L28: =K28 -> 24907.5 | M28: 0
A29: 26 | B29: 45926 | E29: 180 | F29: 92.25 | G29: =E29*F29 -> 16605 | H29: 30 | I29: 104.13 | J29: =H29*I29 -> 3123.9 | K29: =G29+J29 -> 19728.9 | L29: =K29 -> 19728.9 | M29: 0
A30: 27 | B30: 45927 | E30: 400 | F30: 92.25 | G30: =E30*F30 -> 36900 | H30: 0 | I30: 0 | J30: =H30*I30 -> 0 | K30: =G30+J30 -> 36900 | L30: =K30 -> 36900 | M30: 0
A31: 28 | B31: 45928 | E31: 0 | F31: 0 | G31: =E31*F31 -> 0 | H31: 0 | I31: 0 | J31: =H31*I31 -> 0 | K31: =G31+J31 -> 0 | L31: =K31 -> 0 | M31: 0
A32: 29 | B32: 45929 | E32: 0 | F32: 0 | G32: =E32*F32 -> 0 | H32: 0 | I32: 0 | J32: =H32*I32 -> 0 | K32: =G32+J32 -> 0 | L32: =K32 -> 0
A33: 30 | B33: 45930 | E33: 190 | F33: 92.23 | G33: =E33*F33 -> 17523.7 | H33: 20 | I33: 104.13 | J33: =H33*I33 -> 2082.6 | K33: =G33+J33 -> 19606.3 | L33: =K33 -> 19606.3
A34: 31
E35: =SUM(E4:E34) -> 4332.28 | G35: =SUM(G4:G34) -> 399641.44 | H35: =SUM(H4:H34) -> 260 | J35: =SUM(J4:J34) -> 24991.2 | K35: =SUM(K4:K34) -> 424632.64 | L35: =SUM(L4:L34) -> 424632.64

Sheet Molakamuru
A1: Molakamuru
A2: S.No | B2: Date | C2: GRN No | D2: Ind No/Bill No | E2: Diesel (Lts) | F2: Price | G2: Amount | H2: Petrol (Lts) | I2: Price | J2: Amount | K2: Total amount | L2: Amount paid | M2: As on Date | N2: Remarks
A3: Opening Balance | K3: 0 | L3: 0 | M3: =+K3 -> 0
A4: 1 | B4: 45901 | E4: 0 | F4: 0 | G4: =E4*F4 -> 0 | H4: 0 | I4: 0 | J4: =H4*I4 -> 0 | K4: =G4+J4 -> 0 | L4: =K4 -> 0 | M4: =M3+K4-L4 -> 0
A5: 2 | B5: 45902 | E5: 200 | F5: 92.26 | G5: =E5*F5 -> 18452 | H5: 0 | I5: 0 | J5: =H5*I5 -> 0 | K5: =G5+J5 -> 18452 | L5: =K5 -> 18452 | M5: =M4+K5-L5 -> 0
A6: 3 | B6: 45903 | E6: 0 | F6: 0 | G6: =E6*F6 -> 0 | H6: 0 | I6: 0 | J6: =H6*I6 -> 0 | K6: =G6+J6 -> 0 | L6: =K6 -> 0 | M6: =M5+K6-L6 -> 0
A7: 4 | B7: 45904 | E7: 200 | F7: 92.26 | G7: =E7*F7 -> 18452 | H7: 10 | I7: 104.13 | J7: =H7*I7 -> 1041.3 | K7: =G7+J7 -> 19493.3 | L7: =K7 -> 19493.3 | M7: =M6+K7-L7 -> 0
A8: 5 | B8: 45905 | E8: 0 | F8: 0 | G8: =E8*F8 -> 0 | H8: 0 | I8: 0 | J8: =H8*I8 -> 0 | K8: =G8+J8 -> 0 | L8: =K8 -> 0 | M8: =M7+K8-L8 -> 0
A9: 6 | B9: 45906 | E9: 200 | F9: 92.26 | G9: =E9*F9 -> 18452 | H9: 0 | I9: 0 | J9: =H9*I9 -> 0 | K9: =G9+J9 -> 18452 | L9: =K9 -> 18452 | M9: =M8+K9-L9 -> 0
A10: 7 | B10: 45907 | E10: 0 | F10: 0 | G10: =E10*F10 -> 0 | H10: 0 | I10: 0 | J10: =H10*I10 -> 0 | K10: =G10+J10 -> 0 | L10: =K10 -> 0 | M10: =M9+K10-L10 -> 0
A11: 8 | B11: 45908 | E11: 0 | F11: 0 | G11: =E11*F11 -> 0 | H11: 0 | I11: 0 | J11: =H11*I11 -> 0 | K11: =G11+J11 -> 0 | L11: =K11 -> 0 | M11: =M10+K11-L11 -> 0
A12: 9 | B12: 45909 | E12: 0 | F12: 0 | G12: =E12*F12 -> 0 | H12: 0 | I12: 0 | J12: =H12*I12 -> 0 | K12: =G12+J12 -> 0 | L12: =K12 -> 0 | M12: =M11+K12-L12 -> 0
A13: 10 | B13: 45910 | E13: 0 | F13: 0 | G13: =E13*F13 -> 0 | H13: 0 | I13: 0 | J13: =H13*I13 -> 0 | K13: =G13+J13 -> 0 | L13: =K13 -> 0 | M13: =M12+K13-L13 -> 0
A14: 11 | B14: 45911 | E14: 220 | F14: 92.26 | G14: =E14*F14 -> 20297.2 | H14: 10 | I14: 104.13 | J14: =H14*I14 -> 1041.3 | K14: =G14+J14 -> 21338.5 | L14: =K14 -> 21338.5 | M14: =M13+K14-L14 -> 0
A15: 12 | B15: 45912 | E15: 0 | F15: 0 | G15: =E15*F15 -> 0 | H15: 0 | I15: 0 | J15: =H15*I15 -> 0 | K15: =G15+J15 -> 0 | L15: =K15 -> 0 | M15: =M14+K15-L15 -> 0
... A27: 24 | B27: 45924 | E27: 0 | F27: 0 | G27: =E27*F27 -> 0 | H27: 0 | I27: 0 | J27: =H27*I27 -> 0 | K27: =G27+J27 -> 0 | L27: =K27 -> 0 | M27: =M26+K27-L27 -> 0
A28: 25 | B28: 45925 | E28: 215 | F28: 92.26 | G28: =E28*F28 -> 19835.9 | H28: 0 | I28: 0 | J28: =H28*I28 -> 0 | K28: =G28+J28 -> 19835.9 | L28: =K28 -> 19835.9 | M28: 0
A29: 26 | B29: 45926 | E29: 0 | F29: 0 | G29: =E29*F29 -> 0 | H29: 0 | I29: 0 | J29: =H29*I29 -> 0 | K29: =G29+J29 -> 0 | L29: =K29 -> 0 | M29: 0
A30: 27 | B30: 45927 | E30: 0 | F30: 0 | G30: =E30*F30 -> 0 | H30: 0 | I30: 0 | J30: =H30*I30 -> 0 | K30: =G30+J30 -> 0 | L30: =K30 -> 0 | M30: 0
A31: 28 | B31: 45928 | E31: 0 | F31: 0 | G31: =E31*F31 -> 0 | H31: 0 | I31: 0 | J31: =H31*I31 -> 0 | K31: =G31+J31 -> 0 | L31: =K31 -> 0 | M31: 0
A32: 29 | B32: 45929 | E32: 0 | F32: 0 | G32: =E32*F32 -> 0 | H32: 0 | I32: 0 | J32: =H32*I32 -> 0 | K32: =G32+J32 -> 0 | L32: =K32 -> 0
A33: 30 | B33: 45930 | E33: 245 | F33: 92.26 | G33: =E33*F33 -> 22603.7 | H33: 20 | I33: 104.13 | J33: =H33*I33 -> 2082.6 | K33: =G33+J33 -> 24686.3 | L33: =K33 -> 24686.3
A34: 31
E35: =SUM(E4:E34) -> 2650 | G35: =SUM(G4:G34) -> 244489 | H35: =SUM(H4:H34) -> 50 | J35: =SUM(J4:J34) -> 5206.5 | K35: =SUM(K4:K34) -> 249695.5 | L35: =SUM(L4:L34) -> 249695.5

Sheet Haveri
A1: Shivalingeshwar Petroleum
A2: S.No | B2: Date | C2: GRN No | D2: Ind No/Bill No | E2: Diesel (Lts) | F2: Price | G2: Amount | H2: Petrol (Lts) | I2: Price | J2: Amount | K2: Total amount | L2: Amount paid | M2: As on Date | N2: Remarks
D3: Opening Balance | L3: 166543.86 | M3: 166543.86 | N3: 35526.318
A4: 1 | B4: 45901 | E4: 162.07 | F4: 91.47 | G4: =E4*F4 -> 14824.543 | H4: 7.76 | I4: 103.4 | J4: =H4*I4 -> 802.384 | K4: =G4+J4 -> 15626.927 | L4: 150000 | M4: =M3+K4-L4 -> 32170.783
A5: 2 | B5: 45902 | E5: 240 | F5: 91.47 | G5: =E5*F5 -> 21952.8 | H5: 0 | I5: 0 | J5: =H5*I5 -> 0 | K5: =G5+J5 -> 21952.8 | L5: 0 | M5: =M4+K5-L5 -> 54123.583
A6: 3 | B6: 45903 | E6: 92 | F6: 91.47 | G6: =E6*F6 -> 8415.24 | H6: 8.18 | I6: 103.4 | J6: =H6*I6 -> 845.812 | K6: =G6+J6 -> 9261.052 | L6: 0 | M6: =M5+K6-L6 -> 63384.635
A7: 4 | B7: 45904 | E7: 87 | F7: 91.47 | G7: =E7*F7 -> 7957.89 | H7: 0 | I7: 0 | J7: =H7*I7 -> 0 | K7: =G7+J7 -> 7957.89 | L7: 0 | M7: =M6+K7-L7 -> 71342.525
A8: 5 | B8: 45905 | E8: 40 | F8: 91.47 | G8: =E8*F8 -> 3658.8 | H8: 17 | I8: 103.4 | J8: =H8*I8 -> 1757.8 | K8: =G8+J8 -> 5416.6 | L8: 0 | M8: =M7+K8-L8 -> 76759.125
A9: 6 | B9: 45906 | E9: 220 | F9: 91.47 | G9: =E9*F9 -> 20123.4 | H9: 0 | I9: 0 | J9: =H9*I9 -> 0 | K9: =G9+J9 -> 20123.4 | L9: 0 | M9: =M8+K9-L9 -> 96882.525
A10: 7 | B10: 45907 | E10: 0 | F10: 0 | G10: =E10*F10 -> 0 | H10: 0 | I10: 0 | J10: =H10*I10 -> 0 | K10: =G10+J10 -> 0 | L10: 0 | M10: =M9+K10-L10 -> 96882.525
A11: 8 | B11: 45908 | E11: 45 | F11: 91.47 | G11: =E11*F11 -> 4116.15 | H11: 6 | I11: 103.4 | J11: =H11*I11 -> 620.4 | K11: =G11+J11 -> 4736.55 | L11: 90559 | M11: =M10+K11-L11 -> 11060.075
A12: 9 | B12: 45909 | E12: 99.5 | F12: 91.47 | G12: =E12*F12 -> 9101.265 | H12: 0 | I12: 0 | J12: =H12*I12 -> 0 | K12: =G12+J12 -> 9101.265 | L12: 0 | M12: =M11+K12-L12 -> 20161.34
A13: 10 | B13: 45910 | E13: 152.01 | F13: 91.47 | G13: =E13*F13 -> 13904.355 | H13: 12.51 | I13: 103.4 | J13: =H13*I13 -> 1293.534 | K13: =G13+J13 -> 15197.889 | L13: 0 | M13: =M12+K13-L13 -> 35359.229
A14: 11 | B14: 45911 | E14: 392.3 | F14: 91.47 | G14: =E14*F14 -> 35883.681 | H14: 5 | I14: 103.4 | J14: =H14*I14 -> 517 | K14: =G14+J14 -> 36400.681 | L14: 0 | M14: =M13+K14-L14 -> 71759.91
A15: 12 | B15: 45912 | E15: 255.44 | F15: 91.47 | G15: =E15*F15 -> 23365.097 | H15: 6.77 | I15: 103.4 | J15: =H15*I15 -> 700.018 | K15: =G15+J15 -> 24065.115 | L15: 9207 | M15: =M14+K15-L15 -> 86618.025
... A33: 30 | B33: 45930 | E33: 30 | F33: 91.47 | G33: =E33*F33 -> 2744.1 | H33: 7.29 | I33: 103.4 | J33: =H33*I33 -> 753.786 | K33: =G33+J33 -> 3497.886 | L33: 0 | M33: =M32+K33-L33 -> 100388.61
A34: 31 | E34: 0 | F34: 0 | G34: =E34*F34 -> 0 | H34: 0 | I34: 0 | J34: =H34*I34 -> 0 | K34: =G34+J34 -> 0 | L34: 0 | M34: =M33+K34-L34 -> 100388.61
E35: =SUM(E4:E34) -> 3853.1 | G35: =SUM(G4:G34) -> 352349.45 | H35: =SUM(H4:H34) -> 108.91 | J35: =SUM(J4:J34) -> 11261.294 | K35: =SUM(K4:K34) -> 363610.75 | L35: =SUM(L4:L34) -> 429766
I38: =K24+L24 -> 10703.819

Sheet Guttal
A1: Taware filling station
A2: S.No | B2: Date | C2: GRN No | D2: Ind No/Bill No | E2: Diesel (Lts) | F2: Price | G2: Amount | H2: Petrol (Lts) | I2: Price | J2: Amount | K2: Total amount | L2: Amount paid | M2: As on Date | N2: Remarks
D3: Opening Balance | K3: 0 | L3: 0 | M3: =+K3 -> 0
A4: 1 | B4: 45901 | E4: 15 | F4: 91.8 | G4: =E4*F4 -> 1377 | H4: 11 | I4: 103.76 | J4: =H4*I4 -> 1141.36 | K4: =G4+J4 -> 2518.36 | L4: 2518.36 | M4: =M3+K4-L4 -> 0
A5: 2 | B5: 45902 | E5: 185 | F5: 91.8 | G5: =E5*F5 -> 16983 | H5: 5 | I5: 103.76 | J5: =H5*I5 -> 518.8 | K5: =G5+J5 -> 17501.8 | L5: 17501.8 | M5: =M4+K5-L5 -> 0
A6: 3 | B6: 45903 | E6: 50 | F6: 91.8 | G6: =E6*F6 -> 4590 | H6: 0 | I6: 0 | J6: =H6*I6 -> 0 | K6: =G6+J6 -> 4590 | L6: 4590 | M6: =M5+K6-L6 -> 0
A7: 4 | B7: 45904 | E7: 100 | F7: 91.8 | G7: =E7*F7 -> 9180 | H7: 11 | I7: 103.76 | J7: =H7*I7 -> 1141.36 | K7: =G7+J7 -> 10321.36 | L7: 10321.36 | M7: =M6+K7-L7 -> 0
A8: 5 | B8: 45905 | E8: 170 | F8: 91.8 | G8: =E8*F8 -> 15606 | H8: 0 | I8: 103.76 | J8: =H8*I8 -> 0 | K8: =G8+J8 -> 15606 | L8: 15606 | M8: =M7+K8-L8 -> 0
A9: 6 | B9: 45906 | E9: 0 | F9: 0 | G9: =E9*F9 -> 0 | H9: 15 | I9: 103.76 | J9: =H9*I9 -> 1556.4 | K9: =G9+J9 -> 1556.4 | L9: 1556.4 | M9: =M8+K9-L9 -> 0
A10: 7 | B10: 45907 | E10: 0 | F10: 0 | G10: =E10*F10 -> 0 | H10: 0 | I10: 0 | J10: =H10*I10 -> 0 | K10: =G10+J10 -> 0 | L10: 0 | M10: =M9+K10-L10 -> 0
A11: 8 | B11: 45908 | E11: 130 | F11: 91.8 | G11: =E11*F11 -> 11934 | H11: 0 | I11: 0 | J11: =H11*I11 -> 0 | K11: =G11+J11 -> 11934 | L11: 11934 | M11: =M10+K11-L11 -> 0
A12: 9 | B12: 45909 | E12: 130 | F12: 91.8 | G12: =E12*F12 -> 11934 | H12: 0 | I12: 0 | J12: =H12*I12 -> 0 | K12: =G12+J12 -> 11934 | L12: 11934 | M12: =M11+K12-L12 -> 0
A13: 10 | B13: 45910 | E13: 240 | F13: 91.8 | G13: =E13*F13 -> 22032 | H13: 5 | I13: 103.76 | J13: =H13*I13 -> 518.8 | K13: =G13+J13 -> 22550.8 | L13: 22550.8 | M13: =M12+K13-L13 -> 0
A14: 11 | B14: 45911 | E14: 30 | F14: 91.8 | G14: =E14*F14 -> 2754 | H14: 5 | I14: 103.76 | J14: =H14*I14 -> 518.8 | K14: =G14+J14 -> 3272.8 | L14: 3272.8 | M14: =M13+K14-L14 -> 0
A15: 12 | B15: 45912 | E15: 50 | F15: 91.8 | G15: =E15*F15 -> 4590 | H15: 0 | I15: 0 | J15: =H15*I15 -> 0 | K15: =G15+J15 -> 4590 | L15: 4590 | M15: =M14+K15-L15 -> 0
... A33: 30 | B33: 45930 | E33: 10 | F33: 91.8 | G33: =E33*F33 -> 918 | H33: 5 | I33: 103.76 | J33: =H33*I33 -> 518.8 | K33: =G33+J33 -> 1436.8 | L33: 1436.8 | M33: =M32+K33-L33 -> -0.002
A34: 31 | E34: 0 | F34: 0 | G34: =E34*F34 -> 0 | H34: 0 | I34: 0 | J34: =H34*I34 -> 0 | K34: =G34+J34 -> 0 | L34: 0
E35: =SUM(E4:E34) -> 1975.51 | G35: =SUM(G4:G34) -> 181351.82 | H35: =SUM(H4:H34) -> 132 | J35: =SUM(J4:J34) -> 13696.32 | K35: =SUM(K4:K34) -> 195048.14 | L35: =SUM(L4:L34) -> 195048.14
I38: =K24+L24 -> 1037.6

Sheet Rattihali
A1: Shree Siri Gowari petroliam
A2: S.No | B2: Date | C2: GRN No | D2: Ind No/Bill No | E2: Diesel (Lts) | F2: Price | G2: Amount | H2: Petrol (Lts) | I2: Price | J2: Amount | K2: Total amount | L2: Amount paid | M2: As on Date | N2: Remarks
D3: Opening Balance | K3: 266689.16 | M3: 266689.16
A4: 1 | B4: 45901 | E4: 35 | F4: 92.04 | G4: =E4*F4 -> 3221.4 | H4: 0 | I4: 0 | J4: =H4*I4 -> 0 | K4: =G4+J4 -> 3221.4 | L4: 150000 | M4: =M3+K4-L4 -> 119910.56
A5: 2 | B5: 45902 | E5: 55 | F5: 92.04 | G5: =E5*F5 -> 5062.2 | H5: 0 | I5: 0 | J5: =H5*I5 -> 0 | K5: =G5+J5 -> 5062.2 | L5: 0 | M5: =M4+K5-L5 -> 124972.76
A6: 3 | B6: 45903 | E6: 0 | F6: 0 | G6: =E6*F6 -> 0 | H6: 0 | I6: 0 | J6: =H6*I6 -> 0 | K6: =G6+J6 -> 0 | L6: 0 | M6: =M5+K6-L6 -> 124972.76
A7: 4 | B7: 45904 | E7: 65 | F7: 92.04 | G7: =E7*F7 -> 5982.6 | H7: 0 | I7: 0 | J7: =H7*I7 -> 0 | K7: =G7+J7 -> 5982.6 | L7: 0 | M7: =M6+K7-L7 -> 130955.36
A8: 5 | B8: 45905 | E8: 290 | F8: 92.04 | G8: =E8*F8 -> 26691.6 | H8: 10 | I8: 104.02 | J8: =H8*I8 -> 1040.2 | K8: =G8+J8 -> 27731.8 | L8: 0 | M8: =M7+K8-L8 -> 158687.16
A9: 6 | B9: 45906 | E9: 460 | F9: 92.04 | G9: =E9*F9 -> 42338.4 | H9: 0 | I9: 0 | J9: =H9*I9 -> 0 | K9: =G9+J9 -> 42338.4 | L9: 0 | M9: =M8+K9-L9 -> 201025.56
A10: 7 | B10: 45907 | E10: 0 | F10: 0 | G10: =E10*F10 -> 0 | H10: 0 | I10: 0 | J10: =H10*I10 -> 0 | K10: =G10+J10 -> 0 | L10: 0 | M10: =M9+K10-L10 -> 201025.56
A11: 8 | B11: 45908 | E11: 144.5 | F11: 92.04 | G11: =E11*F11 -> 13299.78 | H11: 17 | I11: 104.02 | J11: =H11*I11 -> 1768.34 | K11: =G11+J11 -> 15068.12 | L11: 201026 | M11: =M10+K11-L11 -> 15067.68
A12: 9 | B12: 45909 | E12: 0 | F12: 92.04 | G12: =E12*F12 -> 0 | H12: 0 | I12: 0 | J12: =H12*I12 -> 0 | K12: =G12+J12 -> 0 | L12: 0 | M12: =M11+K12-L12 -> 15067.68
A13: 10 | B13: 45910 | E13: 0 | F13: 0 | G13: =E13*F13 -> 0 | H13: 0 | I13: 0 | J13: =H13*I13 -> 0 | K13: =G13+J13 -> 0 | L13: 0 | M13: =M12+K13-L13 -> 15067.68
A14: 11 | B14: 45911 | E14: 90 | F14: 92.04 | G14: =E14*F14 -> 8283.6 | H14: 0 | I14: 0 | J14: =H14*I14 -> 0 | K14: =G14+J14 -> 8283.6 | L14: 0 | M14: =M13+K14-L14 -> 23351.28
A15: 12 | B15: 45912 | E15: 200 | F15: 92.04 | G15: =E15*F15 -> 18408 | H15: 0 | I15: 0 | J15: =H15*I15 -> 0 | K15: =G15+J15 -> 18408 | L15: 0 | M15: =M14+K15-L15 -> 41759.28
... A32: 29 | B32: 45929 | E32: 140 | F32: 92.04 | G32: =E32*F32 -> 12885.6 | H32: 10 | I32: 104.02 | J32: =H32*I32 -> 1040.2 | K32: =G32+J32 -> 13925.8 | L32: 0 | M32: =M31+K32-L32 -> 173876.23
A33: 30 | B33: 45930 | E33: 0 | F33: 0 | G33: =E33*F33 -> 0 | H33: 0 | I33: 0 | J33: =H33*I33 -> 0 | K33: =G33+J33 -> 0 | L33: =+K33 -> 0 | M33: =M32+K33-L33 -> 173876.23
A34: 31 | E34: 0 | F34: 0 | G34: =E34*F34 -> 0 | H34: 0 | I34: 0 | J34: =H34*I34 -> 0 | K34: =G34+J34 -> 0 | L34: =+K34 -> 0 | M34: =M33+K34-L34 -> 173876.23
E35: =SUM(E4:E34) -> 2721.88 | G35: =SUM(G4:G34) -> 250521.84 | H35: =SUM(H4:H34) -> 73.94 | J35: =SUM(J4:J34) -> 7691.2388 | K35: =SUM(K4:K34) -> 258213.07 | L35: =SUM(L4:L34) -> 351026
I38: =K24+L24 -> 3718.416

Sheet Gajendragada
A1: Vanasri Petrol Pump
A2: S.No | B2: Date | C2: GRN No | D2: Ind no/Bill No | E2: Diesel (Lts) | F2: Price | G2: Amount | H2: Petrol (Lts) | I2: Price | J2: Amount | K2: Total amount | L2: Amount paid | M2: As on Date | N2: Remarks
A3: Opening Balance | K3: 60128.512 | M3: 60128.512
A4: 1 | B4: 45901 | E4: 0 | F4: 0 | G4: =E4*F4 -> 0 | H4: 5 | I4: 103.8 | J4: =H4*I4 -> 519 | K4: =G4+J4 -> 519 | M4: =M3+K4-L4 -> 60647.512
A5: 2 | B5: 45902 | E5: 50 | F5: 91.83 | G5: =E5*F5 -> 4591.5 | H5: 5 | I5: 103.8 | J5: =H5*I5 -> 519 | K5: =G5+J5 -> 5110.5 | M5: =M4+K5-L5 -> 65758.012
A6: 3 | B6: 45903 | E6: 50 | F6: 91.83 | G6: =E6*F6 -> 4591.5 | H6: 0 | I6: 0 | J6: =H6*I6 -> 0 | K6: =G6+J6 -> 4591.5 | M6: =M5+K6-L6 -> 70349.512
A7: 4 | B7: 45904 | E7: 0 | F7: 0 | G7: =E7*F7 -> 0 | H7: 5 | I7: 103.8 | J7: =H7*I7 -> 519 | K7: =G7+J7 -> 519 | M7: =M6+K7-L7 -> 70868.512
A8: 5 | B8: 45905 | E8: 280 | F8: 91.83 | G8: =E8*F8 -> 25712.4 | H8: 0 | I8: 103.8 | J8: =H8*I8 -> 0 | K8: =G8+J8 -> 25712.4 | M8: =M7+K8-L8 -> 96580.912 | O8: 8497892194 | P8: raja bhakshi
A9: 6 | B9: 45906 | E9: 50 | F9: 91.83 | G9: =E9*F9 -> 4591.5 | H9: 5 | I9: 103.8 | J9: =H9*I9 -> 519 | K9: =G9+J9 -> 5110.5 | M9: =M8+K9-L9 -> 101691.41
A10: 7 | B10: 45907 | E10: 0 | F10: 0 | G10: =E10*F10 -> 0 | H10: 0 | I10: 103.8 | J10: =H10*I10 -> 0 | K10: =G10+J10 -> 0 | M10: =M9+K10-L10 -> 101691.41
A11: 8 | B11: 45908 | E11: 50 | F11: 91.83 | G11: =E11*F11 -> 4591.5 | H11: 15 | I11: 103.8 | J11: =H11*I11 -> 1557 | K11: =G11+J11 -> 6148.5 | L11: 101172 | M11: =M10+K11-L11 -> 6667.9115
A12: 9 | B12: 45909 | E12: 150 | F12: 91.83 | G12: =E12*F12 -> 13774.5 | H12: 10 | I12: 103.8 | J12: =H12*I12 -> 1038 | K12: =G12+J12 -> 14812.5 | M12: =M11+K12-L12 -> 21480.412
A13: 10 | B13: 45910 | E13: 100 | F13: 91.83 | G13: =E13*F13 -> 9183 | H13: 0 | I13: 0 | J13: =H13*I13 -> 0 | K13: =G13+J13 -> 9183 | M13: =M12+K13-L13 -> 30663.412
A14: 11 | B14: 45911 | E14: 0 | F14: 0 | G14: =E14*F14 -> 0 | H14: 0 | I14: 0 | J14: =H14*I14 -> 0 | K14: =G14+J14 -> 0 | M14: =M13+K14-L14 -> 30663.412
A15: 12 | B15: 45912 | E15: 105 | F15: 91.83 | G15: =E15*F15 -> 9642.15 | H15: 15 | I15: 103.8 | J15: =H15*I15 -> 1557 | K15: =G15+J15 -> 11199.15 | M15: =M14+K15-L15 -> 41862.562
A16: 13 | B16: 45913 | E16: 50 | F16: 91.83 | G16: =E16*F16 -> 4591.5 | H16: 0 | I16: 0 | J16: =H16*I16 -> 0 | K16: =G16+J16 -> 4591.5 | M16: =M15+K16-L16 -> 46454.062
A17: 14 | B17: 45914 | E17: 0 | F17: 0 | G17: =E17*F17 -> 0 | H17: 0 | I17: 0 | J17: =H17*I17 -> 0 | K17: =G17+J17 -> 0 | M17: =M16+K17-L17 -> 46454.062
A18: 15 | B18: 45915 | E18: 200 | F18: 91.83 | G18: =E18*F18 -> 18366 | H18: 10 | I18: 103.8 | J18: =H18*I18 -> 1038 | K18: =G18+J18 -> 19404 | M18: =M17+K18-L18 -> 65858.062
A19: 16 | B19: 45916 | E19: 10 | F19: 91.83 | G19: =E19*F19 -> 918.3 | H19: 10 | I19: 103.8 | J19: =H19*I19 -> 1038 | K19: =G19+J19 -> 1956.3 | M19: =M18+K19-L19 -> 67814.362
A20: 17 | B20: 45917 | E20: 20 | F20: 91.83 | G20: =E20*F20 -> 1836.6 | H20: 10 | I20: 103.8 | J20: =H20*I20 -> 1038 | K20: =G20+J20 -> 2874.6 | M20: =M19+K20-L20 -> 70688.962
A21: 18 | B21: 45918 | E21: 110 | F21: 91.83 | G21: =E21*F21 -> 10101.3 | H21: 0 | I21: 0 | J21: =H21*I21 -> 0 | K21: =G21+J21 -> 10101.3 | M21: =M20+K21-L21 -> 80790.262
A22: 19 | B22: 45919 | E22: 15 | F22: 91.83 | G22: =E22*F22 -> 1377.45 | H22: 10 | I22: 103.8 | J22: =H22*I22 -> 1038 | K22: =G22+J22 -> 2415.45 | M22: =M21+K22-L22 -> 83205.712
A23: 20 | B23: 45920 | E23: 100 | F23: 91.83 | G23: =E23*F23 -> 9183 | H23: 5 | I23: 103.8 | J23: =H23*I23 -> 519 | K23: =G23+J23 -> 9702 | M23: =M22+K23-L23 -> 92907.712
... A26: 23 | B26: 45923 | E26: 0 | F26: 0 | G26: =E26*F26 -> 0 | H26: 5 | I26: 103.8 | J26: =H26*I26 -> 519 | K26: =G26+J26 -> 519 | M26: =M25+K26-L26 -> 104166.71
A27: 24 | B27: 45924 | E27: 50 | F27: 91.83 | G27: =E27*F27 -> 4591.5 | H27: 0 | I27: 0 | J27: =H27*I27 -> 0 | K27: =G27+J27 -> 4591.5 | M27: =M26+K27-L27 -> 108758.21 | R27: 66742
A28: 25 | B28: 45925 | E28: 0 | F28: 0 | G28: =E28*F28 -> 0 | H28: 10 | I28: 103.8 | J28: =H28*I28 -> 1038 | K28: =G28+J28 -> 1038 | M28: =M27+K28-L28 -> 109796.21
A29: 26 | B29: 45926 | E29: 0 | F29: 0 | G29: =E29*F29 -> 0 | H29: 0 | I29: 0 | J29: =H29*I29 -> 0 | K29: =G29+J29 -> 0 | M29: =M28+K29-L29 -> 109796.21
A30: 27 | B30: 45927 | E30: 30 | F30: 91.83 | G30: =E30*F30 -> 2754.9 | H30: 0 | I30: 0 | J30: =H30*I30 -> 0 | K30: =G30+J30 -> 2754.9 | M30: =M29+K30-L30 -> 112551.11
A31: 28 | B31: 45928 | E31: 150 | F31: 91.83 | G31: =E31*F31 -> 13774.5 | H31: 0 | I31: 0 | J31: =H31*I31 -> 0 | K31: =G31+J31 -> 13774.5 | M31: =M30+K31-L31 -> 126325.61
A32: 29 | B32: 45929 | E32: 50 | F32: 91.83 | G32: =E32*F32 -> 4591.5 | H32: 0 | I32: 0 | J32: =H32*I32 -> 0 | K32: =G32+J32 -> 4591.5 | M32: =M31+K32-L32 -> 130917.11
A33: 30 | B33: 45930 | E33: 30 | F33: 91.83 | G33: =E33*F33 -> 2754.9 | H33: 0 | I33: 0 | J33: =H33*I33 -> 0 | K33: =G33+J33 -> 2754.9 | M33: =M32+K33-L33 -> 133672.01
A34: 31 | E34: 0 | F34: 0 | G34: =E34*F34 -> 0 | H34: 0 | I34: 0 | J34: =H34*I34 -> 0 | K34: =G34+J34 -> 0 | M34: =M33+K34-L34 -> 133672.01
E35: =SUM(E4:E34) -> 1750 | G35: =SUM(G4:G34) -> 160702.5 | H35: =SUM(H4:H34) -> 135 | J35: =SUM(J4:J34) -> 14013 | K35: =SUM(K4:K34) -> 174715.5 | L35: =SUM(L4:L34) -> 101172

Sheet  Talikote
A1: Talikote
A2: S.No | B2: Date | C2: GRN No | D2: Ind no/Bill No | E2: Diesel (Lts) | F2: Price | G2: Amount | H2: Petrol (Lts) | I2: Price | J2: Amount | K2: Total amount | L2: Amount paid | M2: As on Date | N2: Remarks
A3: Opening Balance | N3: 40815.884
A4: 1 | B4: 1.09.2025 | E4: 65.5 | F4: 91.5 | G4: =E4*F4 -> 5993.25 | H4: 0 | I4: 0 | J4: =H4*I4 -> 0 | K4: =G4+J4 -> 5993.25 | L4: 0 | M4: =+N3+K4-L4 -> 46809.134 | N4: IOCL Card
A5: 2 | B5: 2.09.2025 | E5: 82.78 | F5: 91.5 | G5: =E5*F5 -> 7574.37 | H5: 14.4 | I5: 103.4 | J5: =H5*I5 -> 1488.96 | K5: =G5+J5 -> 9063.33 | L5: 30000 | M5: =M4+K5-L5 -> 25872.464 | N5: IOCL Card
A6: 3 | B6: 3.09.2025 | E6: 0 | F6: 0 | G6: =E6*F6 -> 0 | H6: 11.28 | I6: 103.4 | J6: =H6*I6 -> 1166.352 | K6: =G6+J6 -> 1166.352 | L6: 0 | M6: =M5+K6-L6 -> 27038.816 | N6: IOCL Card | P6: =N3+K4 -> 46809.134
B7: 4.09.2025 | E7: 83 | F7: 91.5 | G7: =E7*F7 -> 7594.5 | H7: 0 | I7: 0 | J7: =H7*I7 -> 0 | K7: =G7+J7 -> 7594.5 | L7: 0 | M7: =M6+K7-L7 -> 34633.316 | N7: IOCL Card
A8: 4 | B8: 5.09.2025 | E8: 79.05 | F8: 91.5 | G8: =E8*F8 -> 7233.075 | H8: 0 | I8: 0 | J8: =H8*I8 -> 0 | K8: =G8+J8 -> 7233.075 | L8: 0 | M8: =M7+K8-L8 -> 41866.391 | N8: IOCL Card
A9: 5 | B9: 6.09.2025 | E9: 50 | F9: 91.5 | G9: =E9*F9 -> 4575 | H9: 3 | I9: 103.4 | J9: =H9*I9 -> 310.2 | K9: =G9+J9 -> 4885.2 | L9: 40000 | M9: =M8+K9-L9 -> 6751.591 | N9: IOCL Card
A10: 6 | B10: 8.09.2025 | E10: 56.15 | F10: 91.5 | G10: =E10*F10 -> 5137.725 | H10: 18.17 | I10: 103.4 | J10: =H10*I10 -> 1878.778 | K10: =G10+J10 -> 7016.503 | L10: 0 | M10: =M9+K10-L10 -> 13768.094 | N10: IOCL Card
A11: 7 | B11: 9.09.2025 | E11: 36 | F11: 91.5 | G11: =E11*F11 -> 3294 | H11: 3 | I11: 103.4 | J11: =H11*I11 -> 310.2 | K11: =G11+J11 -> 3604.2 | L11: 0 | M11: =M10+K11-L11 -> 17372.294 | N11: IOCL Card
A12: 8 | B12: 10.09.2025 | E12: 89.56 | F12: 91.5 | G12: =E12*F12 -> 8194.74 | H12: 5 | I12: 103.4 | J12: =H12*I12 -> 517 | K12: =G12+J12 -> 8711.74 | L12: 0 | M12: =M11+K12-L12 -> 26084.034 | N12: IOCL Card
A13: 9 | B13: 11.09.2025 | E13: 0 | F13: 0 | G13: =E13*F13 -> 0 | H13: 0 | I13: 0 | J13: =H13*I13 -> 0 | K13: =G13+J13 -> 0 | L13: 6652 | M13: =M12+K13-L13 -> 19432.034 | N13: IOCL Card
A14: 10 | B14: 12.09.2025 | E14: 25.88 | F14: 91.5 | G14: =E14*F14 -> 2368.02 | H14: 0 | I14: 0 | J14: =H14*I14 -> 0 | K14: =G14+J14 -> 2368.02 | L14: 0 | M14: =M13+K14-L14 -> 21800.054 | N14: IOCL Card
A15: 11 | B15: 13.09.2025 | E15: 38.47 | F15: 91.5 | G15: =E15*F15 -> 3520.005 | H15: 5 | I15: 103.44 | J15: =H15*I15 -> 517.2 | K15: =G15+J15 -> 4037.205 | L15: 0 | M15: =M14+K15-L15 -> 25837.259 | N15: IOCL Card
A16: 12 | B16: 14.09.2025 | E16: 74 | F16: 91.5 | G16: =E16*F16 -> 6771 | H16: 0 | I16: 0 | J16: =H16*I16 -> 0 | K16: =G16+J16 -> 6771 | L16: 0 | M16: =M15+K16-L16 -> 32608.259 | N16: IOCL Card
A17: 13 | B17: 15.09.2025 | E17: 78.57 | F17: 91.5 | G17: =E17*F17 -> 7189.155 | H17: 9.66 | I17: 103.44 | J17: =H17*I17 -> 999.2304 | K17: =G17+J17 -> 8188.3854 | L17: 0 | M17: =M16+K17-L17 -> 40796.644 | N17: IOCL Card
A18: 14 | B18: 16.09.2025 | E18: 10 | F18: 91.5 | G18: =E18*F18 -> 915 | H18: 0 | I18: 0 | J18: =H18*I18 -> 0 | K18: =G18+J18 -> 915 | L18: 0 | M18: =M17+K18-L18 -> 41711.644 | N18: IOCL Card
A19: 15 | B19: 17.09.2025 | E19: 0 | F19: 0 | G19: =E19*F19 -> 0 | H19: 0 | I19: 0 | J19: =H19*I19 -> 0 | K19: =G19+J19 -> 0 | L19: 20000 | M19: =M18+K19-L19 -> 21711.644 | N19: IOCL Card
... A29: 26 | B29: 28.09.2025 | E29: 72.64 | F29: 91.5 | G29: =E29*F29 -> 6646.56 | H29: 0 | I29: 0 | J29: =H29*I29 -> 0 | K29: =G29+J29 -> 6646.56 | L29: 0 | M29: =M28+K29-L29 -> 13640.727 | N29: IOCL Card
A30: 27 | B30: 29.09.2025 | E30: =33.95+42.26 -> 76.21 | F30: 91.5 | G30: =E30*F30 -> 6973.215 | H30: 0 | I30: 0 | J30: =H30*I30 -> 0 | K30: =G30+J30 -> 6973.215 | L30: 0 | M30: =M29+K30-L30 -> 20613.942 | N30: IOCL Card
A31: 28 | E31: 0 | F31: 0 | G31: =E31*F31 -> 0 | H31: 0 | I31: 0 | J31: =H31*I31 -> 0 | K31: =G31+J31 -> 0 | L31: 0 | M31: =M30+K31-L31 -> 20613.942 | N31: IOCL Card
A32: 29 | E32: 0 | F32: 0 | G32: =E32*F32 -> 0 | H32: 0 | I32: 0 | J32: =H32*I32 -> 0 | K32: =G32+J32 -> 0 | L32: 0 | M32: =M31+K32-L32 -> 20613.942 | N32: IOCL Card
A33: 30 | E33: 0 | F33: 0 | G33: =E33*F33 -> 0 | H33: 0 | I33: 0 | J33: =H33*I33 -> 0 | K33: =G33+J33 -> 0 | L33: 0 | M33: =M32+K33-L33 -> 20613.942 | N33: IOCL Card
A34: 31 | E34: 0 | F34: 0 | G34: =E34*F34 -> 0 | H34: 0 | I34: 0 | J34: =H34*I34 -> 0 | K34: =G34+J34 -> 0 | L34: 0 | M34: =M33+K34-L34 -> 20613.942 | N34: IOCL Card
A35: 32 | E35: 0 | F35: 0 | G35: =E35*F35 -> 0 | H35: 0 | I35: 0 | J35: =H35*I35 -> 0 | K35: =G35+J35 -> 0 | L35: 0 | M35: =M34+K35-L35 -> 20613.942 | N35: IOCL Card
A36: 33 | E36: 0 | F36: 0 | G36: =E36*F36 -> 0 | H36: 0 | I36: 0 | J36: =H36*I36 -> 0 | K36: =G36+J36 -> 0 | L36: 0 | M36: =M35+K36-L36 -> 20613.942 | N36: IOCL Card
A37: 34 | E37: 0 | F37: 0 | G37: =E37*F37 -> 0 | H37: 0 | I37: 0 | J37: =H37*I37 -> 0 | K37: =G37+J37 -> 0 | L37: 0 | M37: =M36+K37-L37 -> 20613.942 | N37: IOCL Card
A38: 35 | E38: 0 | F38: 0 | G38: =E38*F38 -> 0 | H38: 0 | I38: 0 | J38: =H38*I38 -> 0 | K38: =G38+J38 -> 0 | L38: 0 | M38: =M37+K38-L38 -> 20613.942 | N38: IOCL Card
A39: 36 | E39: 0 | F39: 0 | G39: =E39*F39 -> 0 | H39: 0 | I39: 0 | J39: =H39*I39 -> 0 | K39: =G39+J39 -> 0 | L39: 0 | M39: =M38+K39-L39 -> 20613.942 | N39: IOCL Card
A40: 37 | E40: 0 | F40: 0 | G40: =E40*F40 -> 0 | H40: 0 | I40: 0 | J40: =H40*I40 -> 0 | K40: =G40+J40 -> 0 | L40: 0 | M40: =M39+K40-L40 -> 20613.942 | N40: IOCL Card
A41: 38 | E41: 0 | F41: 0 | G41: =E41*F41 -> 0 | H41: 0 | I41: 0 | J41: =H41*I41 -> 0 | K41: =G41+J41 -> 0 | L41: 0 | M41: =M40+K41-L41 -> 20613.942 | N41: IOCL Card
A42: 39 | E42: 0 | F42: 0 | G42: =E42*F42 -> 0 | H42: 0 | I42: 0 | J42: =H42*I42 -> 0 | K42: =G42+J42 -> 0 | L42: 0 | M42: =M41+K42-L42 -> 20613.942 | N42: IOCL Card
... A44: 41 | E44: 0 | F44: 0 | G44: =E44*F44 -> 0 | H44: 0 | I44: 0 | J44: =H44*I44 -> 0 | K44: =G44+J44 -> 0 | L44: 0 | M44: =M43+K44-L44 -> 20613.942 | N44: IOCL Card
A45: 42 | E45: 0 | F45: 0 | G45: =E45*F45 -> 0 | H45: 0 | I45: 0 | J45: =H45*I45 -> 0 | K45: =G45+J45 -> 0 | L45: =+K45 -> 0 | M45: =M44+K45-L45 -> 20613.942 | N45: IOCL Card
E46: =SUM(E4:E45) -> 1199.74 | G46: =SUM(G4:G45) -> 109776.21 | H46: =SUM(H4:H45) -> 103.21 | J46: =SUM(J4:J45) -> 10673.848 | K46: =SUM(K4:K45) -> 120450.06 | L46: =SUM(L4:L45) -> 140652

Sheet Chadchan
A1: Khavekar Petrolium
A2: S.No | B2: Date | C2: GRN No | D2: Ind no/Bill No | E2: Diesel (Lts) | F2: Price | G2: Amount | H2: Petrol (Lts) | I2: Price | J2: Amount | K2: Total amount | L2: Amount paid | M2: As on Date | N2: Remarks
B3: Opening Balance | K3: 188963.52 | M3: =+K3 -> 188963.52 | O3: 86559.567
A4: 1 | B4: 45901 | E4: 270 | F4: 91.23 | G4: =E4*F4 -> 24632.1 | H4: 0 | I4: 0 | J4: =H4*I4 -> 0 | K4: =G4+J4 -> 24632.1 | M4: =M3+K4-L4 -> 213595.62
A5: 2 | B5: 45902 | E5: 39.15 | F5: 91.23 | G5: =E5*F5 -> 3571.6545 | H5: 14.29 | I5: 103.16 | J5: =H5*I5 -> 1474.1564 | K5: =G5+J5 -> 5045.8109 | M5: =M4+K5-L5 -> 218641.43
A6: 3 | B6: 45903 | E6: 0 | F6: 0 | G6: =E6*F6 -> 0 | H6: 0 | I6: 0 | J6: =H6*I6 -> 0 | K6: =G6+J6 -> 0 | M6: =M5+K6-L6 -> 218641.43
A7: 4 | B7: 45904 | E7: 0 | F7: 0 | G7: =E7*F7 -> 0 | H7: 0 | I7: 0 | J7: =H7*I7 -> 0 | K7: =G7+J7 -> 0 | M7: =M6+K7-L7 -> 218641.43
A8: 5 | B8: 45905 | E8: 0 | F8: 0 | G8: =E8*F8 -> 0 | H8: 0 | I8: 0 | J8: =H8*I8 -> 0 | K8: =G8+J8 -> 0 | M8: =M7+K8-L8 -> 218641.43
A9: 6 | B9: 45906 | E9: 0 | F9: 0 | G9: =E9*F9 -> 0 | H9: 0 | I9: 0 | J9: =H9*I9 -> 0 | K9: =G9+J9 -> 0 | M9: =M8+K9-L9 -> 218641.43
A10: 7 | B10: 45907 | E10: 178.23 | F10: 91.23 | G10: =E10*F10 -> 16259.923 | H10: 10 | I10: 103.16 | J10: =H10*I10 -> 1031.6 | K10: =G10+J10 -> 17291.523 | M10: =M9+K10-L10 -> 235932.95
A11: 8 | B11: 45908 | E11: 0 | F11: 0 | G11: =E11*F11 -> 0 | H11: 0 | I11: 0 | J11: =H11*I11 -> 0 | K11: =G11+J11 -> 0 | L11: 235933.5 | M11: =M10+K11-L11 -> -0.5467
A12: 9 | B12: 45909 | E12: 0 | F12: 0 | G12: =E12*F12 -> 0 | H12: 0 | I12: 0 | J12: =H12*I12 -> 0 | K12: =G12+J12 -> 0 | M12: =M11+K12-L12 -> -0.5467
A13: 10 | B13: 45910 | E13: 41.69 | F13: 91.23 | G13: =E13*F13 -> 3803.3787 | H13: 0 | I13: 0 | J13: =H13*I13 -> 0 | K13: =G13+J13 -> 3803.3787 | M13: =M12+K13-L13 -> 3802.832
A14: 11 | B14: 45911 | E14: 0 | F14: 0 | G14: =E14*F14 -> 0 | H14: 8 | I14: 103.16 | J14: =H14*I14 -> 825.28 | K14: =G14+J14 -> 825.28 | M14: =M13+K14-L14 -> 4628.112
A15: 12 | B15: 45912 | E15: 0 | F15: 0 | G15: =E15*F15 -> 0 | H15: 53.94 | I15: 103.16 | J15: =H15*I15 -> 5564.4504 | K15: =G15+J15 -> 5564.4504 | M15: =M14+K15-L15 -> 10192.562
A16: 13 | B16: 45913 | E16: 0 | F16: 0 | G16: =E16*F16 -> 0 | H16: 0 | I16: 0 | J16: =H16*I16 -> 0 | K16: =G16+J16 -> 0 | M16: =M15+K16-L16 -> 10192.562
A17: 14 | B17: 45914 | E17: 27.24 | F17: 91.23 | G17: =E17*F17 -> 2485.1052 | H17: 2 | I17: 103.16 | J17: =H17*I17 -> 206.32 | K17: =G17+J17 -> 2691.4252 | M17: =M16+K17-L17 -> 12883.988
A18: 15 | B18: 45915 | E18: 0 | F18: 0 | G18: =E18*F18 -> 0 | H18: 0 | I18: 0 | J18: =H18*I18 -> 0 | K18: =G18+J18 -> 0 | M18: =M17+K18-L18 -> 12883.988
A19: 16 | B19: 45916 | E19: 43.05 | F19: 91.23 | G19: =E19*F19 -> 3927.4515 | H19: 0 | I19: 0 | J19: =H19*I19 -> 0 | K19: =G19+J19 -> 3927.4515 | M19: =M18+K19-L19 -> 16811.439
A20: 17 | B20: 45917 | E20: 154.21 | F20: 91.23 | G20: =E20*F20 -> 14068.578 | H20: 5 | I20: 103.16 | J20: =H20*I20 -> 515.8 | K20: =G20+J20 -> 14584.378 | M20: =M19+K20-L20 -> 31395.817
A21: 18 | B21: 45918 | E21: 35 | F21: 91.23 | G21: =E21*F21 -> 3193.05 | H21: 0 | I21: 0 | J21: =H21*I21 -> 0 | K21: =G21+J21 -> 3193.05 | M21: =M20+K21-L21 -> 34588.867
A22: 19 | B22: 45919 | E22: 39.43 | F22: 91.23 | G22: =E22*F22 -> 3597.1989 | H22: 8 | I22: 103.16 | J22: =H22*I22 -> 825.28 | K22: =G22+J22 -> 4422.4789 | M22: =M21+K22-L22 -> 39011.346
A23: 20 | B23: 45920 | E23: 0 | F23: 0 | G23: =E23*F23 -> 0 | H23: 0 | I23: 0 | J23: =H23*I23 -> 0 | K23: =G23+J23 -> 0 | M23: =M22+K23-L23 -> 39011.346
... A25: 22 | B25: 45922 | E25: 44.29 | F25: 91.23 | G25: =E25*F25 -> 4040.5767 | H25: 1.96 | I25: 103.16 | J25: =H25*I25 -> 202.1936 | K25: =G25+J25 -> 4242.7703 | M25: =M24+K25-L25 -> 43254.117
A26: 23 | B26: 45923 | E26: 166.11 | F26: 91.23 | G26: =E26*F26 -> 15154.215 | H26: 5 | I26: 103.16 | J26: =H26*I26 -> 515.8 | K26: =G26+J26 -> 15670.015 | M26: =M25+K26-L26 -> 58924.132 | O26: 51702
A27: 24 | B27: 45924 | E27: 39.04 | F27: 91.23 | G27: =E27*F27 -> 3561.6192 | H27: 0 | I27: 0 | J27: =H27*I27 -> 0 | K27: =G27+J27 -> 3561.6192 | M27: =M26+K27-L27 -> 62485.751
A28: 25 | B28: 45925 | E28: 0 | F28: 0 | G28: =E28*F28 -> 0 | H28: 0 | I28: 0 | J28: =H28*I28 -> 0 | K28: =G28+J28 -> 0 | M28: =M27+K28-L28 -> 62485.751
A29: 26 | B29: 45926 | E29: 139.61 | F29: 91.23 | G29: =E29*F29 -> 12736.62 | H29: 5 | I29: 103.16 | J29: =H29*I29 -> 515.8 | K29: =G29+J29 -> 13252.42 | M29: =M28+K29-L29 -> 75738.171
A30: 27 | B30: 45927 | E30: 0 | F30: 0 | G30: =E30*F30 -> 0 | H30: 0 | I30: 0 | J30: =H30*I30 -> 0 | K30: =G30+J30 -> 0 | M30: =M29+K30-L30 -> 75738.171
A31: 28 | B31: 45928 | E31: 144.16 | F31: 91.23 | G31: =E31*F31 -> 13151.717 | H31: 0 | I31: 0 | J31: =H31*I31 -> 0 | K31: =G31+J31 -> 13151.717 | M31: =M30+K31-L31 -> 88889.888
A32: 29 | B32: 45929 | E32: 35 | F32: 91.23 | G32: =E32*F32 -> 3193.05 | H32: 7.75 | I32: 103.16 | J32: =H32*I32 -> 799.49 | K32: =G32+J32 -> 3992.54 | M32: =M31+K32-L32 -> 92882.428
A33: 30 | B33: 45930 | E33: 0 | F33: 0 | G33: =E33*F33 -> 0 | H33: 0 | I33: 0 | J33: =H33*I33 -> 0 | K33: =G33+J33 -> 0 | M33: =M32+K33-L33 -> 92882.428
A34: 31 | B34: 45931 | E34: 0 | F34: 0 | G34: =E34*F34 -> 0 | H34: 0 | I34: 0 | J34: =H34*I34 -> 0 | K34: =G34+J34 -> 0 | M34: =M33+K34-L34 -> 92882.428
E35: =SUM(E4:E34) -> 1396.21 | G35: =SUM(G4:G34) -> 127376.24 | H35: =SUM(H4:H34) -> 120.94 | J35: =SUM(J4:J34) -> 12476.17 | K35: =SUM(K4:K34) -> 139852.41 | L35: =SUM(L4:L31) -> 235933.5

Sheet Sindagi
A1: G.P.PORWAL
A2: S.No | B2: Date | C2: GRN No | D2: Ind no/Bill No | E2: Diesel (Lts) | F2: Price | G2: Amount | H2: Petrol (Lts) | I2: Price | J2: Amount | K2: Total amount | L2: Amount paid | M2: As on Date | N2: Remarks
A3: Opening Balance | M3: 31876.861
A4: 1 | E4: 0 | F4: 0 | G4: =E4*F4 -> 0 | H4: 0 | I4: 0 | J4: =H4*I4 -> 0 | K4: =G4+J4 -> 0 | L4: 0 | M4: =M3+K4-L4 -> 31876.861 | O4: 908.2041
A5: 2 | E5: 0 | F5: 0 | G5: =E5*F5 -> 0 | H5: 0 | I5: 0 | J5: =H5*I5 -> 0 | K5: =G5+J5 -> 0 | L5: 0 | M5: =M4+K5-L5 -> 31876.861
A6: 3 | E6: 0 | F6: 0 | G6: =E6*F6 -> 0 | H6: 0 | I6: 0 | J6: =H6*I6 -> 0 | K6: =G6+J6 -> 0 | L6: 0 | M6: =M5+K6-L6 -> 31876.861
A7: 4 | E7: 0 | F7: 0 | G7: =E7*F7 -> 0 | H7: 0 | I7: 0 | J7: =H7*I7 -> 0 | K7: =G7+J7 -> 0 | L7: 0 | M7: =M6+K7-L7 -> 31876.861
A8: 5 | E8: 0 | F8: 0 | G8: =E8*F8 -> 0 | H8: 0 | I8: 0 | J8: =H8*I8 -> 0 | K8: =G8+J8 -> 0 | L8: 0 | M8: =M7+K8-L8 -> 31876.861
A9: 6 | E9: 0 | F9: 0 | G9: =E9*F9 -> 0 | H9: 0 | I9: 0 | J9: =H9*I9 -> 0 | K9: =G9+J9 -> 0 | L9: 0 | M9: =M8+K9-L9 -> 31876.861
A10: 7 | E10: 0 | F10: 0 | G10: =E10*F10 -> 0 | H10: 0 | I10: 0 | J10: =H10*I10 -> 0 | K10: =G10+J10 -> 0 | L10: 0 | M10: =M9+K10-L10 -> 31876.861
A11: 8 | E11: 0 | F11: 0 | G11: =E11*F11 -> 0 | H11: 0 | I11: 0 | J11: =H11*I11 -> 0 | K11: =G11+J11 -> 0 | L11: 0 | M11: =M10+K11-L11 -> 31876.861 | P11: =P10+N11-O11 -> 0
A12: 9 | E12: 0 | F12: 0 | G12: =E12*F12 -> 0 | H12: 0 | I12: 0 | J12: =H12*I12 -> 0 | K12: =G12+J12 -> 0 | L12: 0 | M12: =M11+K12-L12 -> 31876.861
A13: 10 | E13: 0 | F13: 0 | G13: =E13*F13 -> 0 | H13: 0 | I13: 0 | J13: =H13*I13 -> 0 | K13: =G13+J13 -> 0 | L13: 31876.861 | M13: =M12+K13-L13 -> 0
A14: 11 | E14: 0 | F14: 0 | G14: =E14*F14 -> 0 | H14: 0 | I14: 0 | J14: =H14*I14 -> 0 | K14: =G14+J14 -> 0 | L14: 0 | M14: =M13+K14-L14 -> 0
A15: 12 | E15: 0 | F15: 0 | G15: =E15*F15 -> 0 | H15: 0 | I15: 0 | J15: =H15*I15 -> 0 | K15: =G15+J15 -> 0 | L15: 0 | M15: =M14+K15-L15 -> 0
A16: 13 | E16: 0 | F16: 0 | G16: =E16*F16 -> 0 | H16: 0 | I16: 0 | J16: =H16*I16 -> 0 | K16: =G16+J16 -> 0 | L16: 0 | M16: =M15+K16-L16 -> 0
A17: 14 | E17: 0 | F17: 0 | G17: =E17*F17 -> 0 | H17: 0 | I17: 0 | J17: =H17*I17 -> 0 | K17: =G17+J17 -> 0 | L17: 0 | M17: =M16+K17-L17 -> 0
A18: 15 | E18: 0 | F18: 0 | G18: =E18*F18 -> 0 | H18: 0 | I18: 0 | J18: =H18*I18 -> 0 | K18: =G18+J18 -> 0 | L18: 0 | M18: =M17+K18-L18 -> 0
A19: 16 | E19: 0 | F19: 0 | G19: =E19*F19 -> 0 | H19: 0 | I19: 0 | J19: =H19*I19 -> 0 | K19: =G19+J19 -> 0 | L19: 0 | M19: =M18+K19-L19 -> 0
A20: 17 | E20: 0 | F20: 0 | G20: =E20*F20 -> 0 | H20: 0 | I20: 0 | J20: =H20*I20 -> 0 | K20: =G20+J20 -> 0 | L20: 0 | M20: =M19+K20-L20 -> 0
A21: 18 | E21: 0 | F21: 0 | G21: =E21*F21 -> 0 | H21: 0 | I21: 0 | J21: =H21*I21 -> 0 | K21: =G21+J21 -> 0 | L21: 0 | M21: =M20+K21-L21 -> 0
A22: 19 | E22: 0 | F22: 0 | G22: =E22*F22 -> 0 | H22: 0 | I22: 0 | J22: =H22*I22 -> 0 | K22: =G22+J22 -> 0 | L22: 0 | M22: =M21+K22-L22 -> 0
A23: 20 | E23: 0 | F23: 0 | G23: =E23*F23 -> 0 | H23: 0 | I23: 0 | J23: =H23*I23 -> 0 | K23: =G23+J23 -> 0 | L23: 0 | M23: =M22+K23-L23 -> 0
... A43: 42 | E43: 0 | F43: 0 | G43: =E43*F43 -> 0 | H43: 0 | I43: 0 | J43: =H43*I43 -> 0 | K43: =G43+J43 -> 0 | L43: 0 | M43: =M42+K43-L43 -> 0
E44: =SUM(E4:E43) -> 0 | G44: =SUM(G4:G43) -> 0 | H44: =SUM(H4:H43) -> 0 | J44: =SUM(J4:J43) -> 0 | K44: =SUM(K4:K43) -> 0 | L44: =SUM(L4:L43) -> 31876.861 | M44: =SUM(M4:M43) -> 286891.75

Sheet Alemela
A1: Shiddeshwar Petroleums
A2: S.No | B2: Date | C2: GRN No | D2: Ind no/Bill No | E2: Diesel (Lts) | F2: Price | G2: Amount | H2: Petrol (Lts) | I2: Price | J2: Amount | K2: Total amount | L2: Amount paid | M2: As on Date | N2: Remarks
A3: Opening Balance | M3: 37173.474
A4: 1 | E4: 0 | F4: 0 | G4: 0 | H4: 0 | I4: 0 | J4: =H4*I4 -> 0 | K4: =G4+J4 -> 0 | L4: 0 | M4: =M3+K4-L4 -> 37173.474 | N4: IOCL Card
A5: 2 | E5: 0 | F5: 0 | G5: 0 | H5: 0 | I5: 0 | J5: =H5*I5 -> 0 | K5: =G5+J5 -> 0 | L5: 0 | M5: =M4+K5-L5 -> 37173.474 | N5: IOCL Card
A6: 3 | B6: 3.09.2025 | E6: 0 | F6: 0 | G6: 0 | H6: 23 | I6: 103.26 | J6: =H6*I6 -> 2374.98 | K6: =G6+J6 -> 2374.98 | L6: 0 | M6: =M5+K6-L6 -> 39548.454 | N6: IOCL Card
A7: 4 | B7: 4.09.2025 | E7: 0 | F7: 0 | G7: 0 | H7: 6 | I7: 103.26 | J7: =H7*I7 -> 619.56 | K7: =G7+J7 -> 619.56 | L7: 0 | M7: =M6+K7-L7 -> 40168.014 | N7: IOCL Card
A8: 5 | B8: 5.09.2025 | E8: 130 | F8: 91.33 | G8: =E8*F8 -> 11872.9 | H8: 0 | I8: 103.26 | J8: =H8*I8 -> 0 | K8: =G8+J8 -> 11872.9 | L8: 0 | M8: =M7+K8-L8 -> 52040.914 | N8: IOCL Card
A9: 6 | B9: 6.09.2025 | E9: 30 | F9: 91.33 | G9: =E9*F9 -> 2739.9 | H9: 5 | I9: 103.26 | J9: =H9*I9 -> 516.3 | K9: =G9+J9 -> 3256.2 | L9: 0 | M9: =M8+K9-L9 -> 55297.114 | N9: IOCL Card
A10: 7 | B10: 7.09.2025 | E10: 0 | F10: 0 | G10: =E10*F10 -> 0 | H10: 0 | I10: 0 | J10: =H10*I10 -> 0 | K10: =G10+J10 -> 0 | L10: 0 | M10: =M9+K10-L10 -> 55297.114 | N10: IOCL Card
A11: 8 | B11: 8.09.2025 | E11: 200 | F11: 91.33 | G11: =E11*F11 -> 18266 | H11: 0 | I11: 0 | J11: =H11*I11 -> 0 | K11: =G11+J11 -> 18266 | L11: 40000 | M11: =M10+K11-L11 -> 33563.114 | N11: IOCL Card
A12: 9 | B12: 9.09.2025 | E12: 0 | F12: 0 | G12: =E12*F12 -> 0 | H12: 4.84 | I12: 103.26 | J12: =H12*I12 -> 499.7784 | K12: =G12+J12 -> 499.7784 | L12: 0 | M12: =M11+K12-L12 -> 34062.892 | N12: IOCL Card
A13: 10 | B13: 11.09.2025 | E13: 230 | F13: 91.33 | G13: =E13*F13 -> 21005.9 | H13: 0 | I13: 0 | J13: =H13*I13 -> 0 | K13: =G13+J13 -> 21005.9 | L13: 15000 | M13: =M12+K13-L13 -> 40068.792 | N13: IOCL Card
A14: 11 | B14: 12.09.2025 | E14: 150 | F14: 91.33 | G14: =E14*F14 -> 13699.5 | H14: 4.84 | I14: 103.26 | J14: =H14*I14 -> 499.7784 | K14: =G14+J14 -> 14199.278 | L14: 0 | M14: =M13+K14-L14 -> 54268.071 | N14: IOCL Card
A15: 12 | B15: 13.09.2025 | E15: 0 | F15: 0 | G15: =E15*F15 -> 0 | H15: 3 | I15: 103.26 | J15: =H15*I15 -> 309.78 | K15: =G15+J15 -> 309.78 | L15: 0 | M15: =M14+K15-L15 -> 54577.851 | N15: IOCL Card
A16: 13 | B16: 15.09.2025 | E16: 42 | F16: 91.33 | G16: =E16*F16 -> 3835.86 | H16: 6 | I16: 103.26 | J16: =H16*I16 -> 619.56 | K16: =G16+J16 -> 4455.42 | L16: 0 | M16: =M15+K16-L16 -> 59033.271 | N16: IOCL Card
A17: 14 | B17: 17.09.2025 | E17: 30 | F17: 91.33 | G17: =E17*F17 -> 2739.9 | H17: 5 | I17: 103.26 | J17: =H17*I17 -> 516.3 | K17: =G17+J17 -> 3256.2 | L17: 0 | M17: =M16+K17-L17 -> 62289.471 | N17: IOCL Card
A18: 15 | B18: 18.09.2025 | E18: 200 | F18: 91.33 | G18: =E18*F18 -> 18266 | H18: 5 | I18: 103.26 | J18: =H18*I18 -> 516.3 | K18: =G18+J18 -> 18782.3 | L18: 0 | M18: =M17+K18-L18 -> 81071.771 | N18: IOCL Card
A19: 16 | B19: 19.09.2025 | E19: 43 | F19: 91.33 | G19: =E19*F19 -> 3927.19 | H19: 3 | I19: 103.26 | J19: =H19*I19 -> 309.78 | K19: =G19+J19 -> 4236.97 | L19: 62000 | M19: =M18+K19-L19 -> 23308.741 | N19: IOCL Card
... A22: 19 | B22: 25.09.2025 | E22: 280 | F22: 91.23 | G22: =E22*F22 -> 25544.4 | H22: 0 | I22: 0 | J22: =H22*I22 -> 0 | K22: =G22+J22 -> 25544.4 | L22: 0 | M22: =M21+K22-L22 -> 51434.641 | N22: IOCL Card
A23: 20 | B23: 27.09.2025 | E23: 0 | F23: 0 | G23: =E23*F23 -> 0 | H23: 0 | I23: 103.26 | J23: =H23*I23 -> 0 | K23: =G23+J23 -> 0 | L23: 50807.32 | M23: =M22+K23-L23 -> 627.3207
A24: 21 | B24: 28.09.2025 | E24: 0 | F24: 0 | G24: =E24*F24 -> 0 | H24: 5 | I24: 103.26 | J24: =H24*I24 -> 516.3 | K24: =G24+J24 -> 516.3 | L24: 0 | M24: =M23+K24-L24 -> 1143.6207
A25: 22 | B25: 29.09.2025 | E25: 30 | F25: 91.23 | G25: =E25*F25 -> 2736.9 | H25: 5 | I25: 103.26 | J25: =H25*I25 -> 516.3 | K25: =G25+J25 -> 3253.2 | L25: 0 | M25: =M24+K25-L25 -> 4396.8207
A26: 23 | E26: 0 | F26: 0 | G26: 0 | H26: 0 | I26: 0 | J26: =H26*I26 -> 0 | K26: =G26+J26 -> 0 | L26: 0 | M26: =M25+K26-L26 -> 4396.8207
A27: 24 | E27: 0 | F27: 0 | G27: 0 | H27: 0 | I27: 0 | J27: =H27*I27 -> 0 | K27: =G27+J27 -> 0 | L27: 0 | M27: =M26+K27-L27 -> 4396.8207
A28: 25 | E28: 0 | F28: 0 | G28: 0 | H28: 0 | I28: 0 | J28: =H28*I28 -> 0 | K28: =G28+J28 -> 0 | L28: 0 | M28: =M27+K28-L28 -> 4396.8207
A29: 26 | E29: 0 | F29: 0 | G29: 0 | H29: 0 | I29: 0 | J29: =H29*I29 -> 0 | K29: =G29+J29 -> 0 | L29: 0 | M29: =M28+K29-L29 -> 4396.8207
A30: 27 | E30: 0 | F30: 0 | G30: =E30*F30 -> 0 | H30: 0 | I30: 0 | J30: =H30*I30 -> 0 | K30: =G30+J30 -> 0 | L30: 0 | M30: =M29+K30-L30 -> 4396.8207
A31: 28 | E31: 0 | F31: 0 | G31: =E31*F31 -> 0 | H31: 0 | I31: 0 | J31: =H31*I31 -> 0 | K31: =G31+J31 -> 0 | L31: 0 | M31: =M30+K31-L31 -> 4396.8207
A32: 29 | E32: 0 | F32: 0 | G32: =E32*F32 -> 0 | H32: 0 | I32: 0 | J32: =H32*I32 -> 0 | K32: =G32+J32 -> 0 | L32: 0 | M32: =M31+K32-L32 -> 4396.8207
A33: 30 | E33: 0 | F33: 0 | G33: =E33*F33 -> 0 | H33: 0 | I33: 0 | J33: =H33*I33 -> 0 | K33: =G33+J33 -> 0 | L33: 0 | M33: =M32+K33-L33 -> 4396.8207
A34: 31 | E34: 0 | F34: 0 | G34: =E34*F34 -> 0 | H34: 0 | I34: 0 | J34: =H34*I34 -> 0 | K34: =G34+J34 -> 0 | L34: 0 | M34: =M33+K34-L34 -> 4396.8207
A35: 35 | E35: 0 | F35: 0 | G35: =E35*F35 -> 0 | H35: 0 | I35: 0 | J35: =H35*I35 -> 0 | K35: =G35+J35 -> 0 | L35: 0 | M35: =M34+K35-L35 -> 4396.8207
A36: 36 | E36: 0 | F36: 0 | G36: =E36*F36 -> 0 | H36: 0 | I36: 0 | J36: =H36*I36 -> 0 | K36: =G36+J36 -> 0 | L36: =+K36 -> 0 | M36: =M35+K36-L36 -> 4396.8207
A37: 37 | E37: 0 | F37: 0 | G37: =E37*F37 -> 0 | H37: 0 | I37: 0 | J37: =H37*I37 -> 0 | K37: =G37+J37 -> 0 | L37: =+K37 -> 0 | M37: =M36+K37-L37 -> 4396.8207
A38: 38 | E38: 0 | F38: 0 | G38: =E38*F38 -> 0 | H38: 0 | I38: 0 | J38: =H38*I38 -> 0 | K38: =G38+J38 -> 0 | L38: =+K38 -> 0 | M38: =M37+K38-L38 -> 4396.8207
A39: 39 | E39: 0 | F39: 0 | G39: =E39*F39 -> 0 | H39: 0 | I39: 0 | J39: =H39*I39 -> 0 | K39: =G39+J39 -> 0 | L39: =+K39 -> 0 | M39: =M38+K39-L39 -> 4396.8207
A40: 40 | E40: 0 | F40: 0 | G40: =E40*F40 -> 0 | H40: 0 | I40: 0 | J40: =H40*I40 -> 0 | K40: =G40+J40 -> 0 | L40: =+K40 -> 0 | M40: =M39+K40-L40 -> 4396.8207
A41: 41 | E41: 0 | F41: 0 | G41: =E41*F41 -> 0 | H41: 0 | I41: 0 | J41: =H41*I41 -> 0 | K41: =G41+J41 -> 0 | L41: =+K41 -> 0 | M41: =M40+K41-L41 -> 4396.8207
A42: 42 | E42: 0 | F42: 0 | G42: =E42*F42 -> 0 | J42: =H42*I42 -> 0 | K42: =G42+J42 -> 0 | L42: =+K42 -> 0 | M42: =M41+K42-L42 -> 4396.8207
E43: =SUM(E4:E42) -> 1365 | G43: =SUM(G4:G42) -> 124634.45 | H43: =SUM(H4:H42) -> 100.68 | J43: =SUM(J4:J42) -> 10396.217 | K43: =SUM(K4:K42) -> 135030.67 | L43: =SUM(L4:L42) -> 167807.32
L46: 41648.541
L47: =L43+L46 -> 209455.86

Sheet Nalatwad
A1: Shri Pawad Basaweshwar Petroleums
A2: S.No | B2: Date | C2: GRN No | D2: Ind no/Bill No | E2: Diesel (Lts) | F2: Price | G2: Amount | H2: Petrol (Lts) | I2: Price | J2: Amount | K2: Total amount | L2: Amount paid | M2: As on Date | N2: Remarks
A3: Opening Balance | M3: 119940
A4: 1 | B4: 45901 | E4: 32.74 | F4: 91.74 | G4: =E4*F4 -> 3003.5676 | H4: 0 | I4: 0 | J4: =H4*I4 -> 0 | K4: =G4+J4 -> 3003.5676 | L4: 0 | M4: =M3+K4-L4 -> 122943.57 | N4: IOCL Card
A5: 2 | B5: 45902 | E5: 0 | F5: 0 | G5: =E5*F5 -> 0 | H5: 0 | I5: 0 | J5: =H5*I5 -> 0 | K5: =G5+J5 -> 0 | L5: 0 | M5: =M4+K5-L5 -> 122943.57 | N5: IOCL Card
A6: 3 | B6: 45903 | E6: 0 | F6: 0 | G6: =E6*F6 -> 0 | H6: 0 | I6: 0 | J6: =H6*I6 -> 0 | K6: =G6+J6 -> 0 | L6: 0 | M6: =M5+K6-L6 -> 122943.57 | N6: IOCL Card
A7: 4 | B7: 45904 | E7: 0 | F7: 0 | G7: =E7*F7 -> 0 | H7: 12.28 | I7: 103.57 | J7: =H7*I7 -> 1271.8396 | K7: =G7+J7 -> 1271.8396 | L7: 0 | M7: =M6+K7-L7 -> 124215.41 | N7: IOCL Card
A8: 5 | B8: 45905 | E8: 0 | F8: 0 | G8: =E8*F8 -> 0 | H8: 0 | I8: 0 | J8: =H8*I8 -> 0 | K8: =G8+J8 -> 0 | L8: 0 | M8: =M7+K8-L8 -> 124215.41 | N8: IOCL Card
A9: 6 | B9: 45906 | E9: 0 | F9: 0 | G9: =E9*F9 -> 0 | H9: 0 | I9: 0 | J9: =H9*I9 -> 0 | K9: =G9+J9 -> 0 | L9: 0 | M9: =M8+K9-L9 -> 124215.41 | N9: IOCL Card
A10: 7 | B10: 45907 | E10: 0 | F10: 0 | G10: =E10*F10 -> 0 | H10: 0 | I10: 0 | J10: =H10*I10 -> 0 | K10: =G10+J10 -> 0 | L10: 0 | M10: =M9+K10-L10 -> 124215.41 | N10: IOCL Card
A11: 8 | B11: 45908 | E11: 0 | F11: 0 | G11: =E11*F11 -> 0 | H11: 0 | I11: 0 | J11: =H11*I11 -> 0 | K11: =G11+J11 -> 0 | L11: 100000 | M11: =M10+K11-L11 -> 24215.41 | N11: IOCL Card
A12: 9 | B12: 45909 | E12: 65.49 | F12: 91.74 | G12: =E12*F12 -> 6008.0526 | H12: 0 | I12: 0 | J12: =H12*I12 -> 0 | K12: =G12+J12 -> 6008.0526 | L12: 0 | M12: =M11+K12-L12 -> 30223.462 | N12: IOCL Card
A13: 10 | B13: 45910 | E13: 32.74 | F13: 91.74 | G13: =E13*F13 -> 3003.5676 | H13: 0 | I13: 0 | J13: =H13*I13 -> 0 | K13: =G13+J13 -> 3003.5676 | L13: 0 | M13: =M12+K13-L13 -> 33227.03 | N13: IOCL Card
A14: 11 | B14: 45911 | E14: 0 | F14: 0 | G14: =E14*F14 -> 0 | H14: 0 | I14: 0 | J14: =H14*I14 -> 0 | K14: =G14+J14 -> 0 | L14: 0 | M14: =M13+K14-L14 -> 33227.03 | N14: IOCL Card
A15: 12 | B15: 45912 | E15: 0 | F15: 0 | G15: =E15*F15 -> 0 | H15: 0 | I15: 0 | J15: =H15*I15 -> 0 | K15: =G15+J15 -> 0 | L15: 0 | M15: =M14+K15-L15 -> 33227.03 | N15: IOCL Card
... A22: 19 | B22: 45919 | E22: 39.43 | F22: 91.62 | G22: =E22*F22 -> 3612.5766 | H22: 0 | I22: 0 | J22: =H22*I22 -> 0 | K22: =G22+J22 -> 3612.5766 | L22: 0 | M22: =M21+K22-L22 -> 43747.125 | N22: IOCL Card
A23: 20 | B23: 45920 | E23: 16.37 | F23: 91.62 | G23: =E23*F23 -> 1499.8194 | H23: 9.02 | I23: 103.57 | J23: =H23*I23 -> 934.2014 | K23: =G23+J23 -> 2434.0208 | L23: 0 | M23: =M22+K23-L23 -> 46181.146
A24: 21 | B24: 45921 | E24: 32.74 | F24: 91.62 | G24: =E24*F24 -> 2999.6388 | H24: 4.83 | I24: 103.57 | J24: =H24*I24 -> 500.2431 | K24: =G24+J24 -> 3499.8819 | L24: 0 | M24: =M23+K24-L24 -> 49681.027
A25: 22 | B25: 45922 | E25: 0 | F25: 0 | G25: =E25*F25 -> 0 | H25: 0 | I25: 0 | J25: =H25*I25 -> 0 | K25: =G25+J25 -> 0 | L25: 0 | M25: =M24+K25-L25 -> 49681.027
A26: 23 | B26: 45923 | E26: 43.66 | F26: 91.62 | G26: =E26*F26 -> 4000.1292 | H26: 0 | I26: 0 | J26: =H26*I26 -> 0 | K26: =G26+J26 -> 4000.1292 | L26: 0 | M26: =M25+K26-L26 -> 53681.157
A27: 24 | B27: 45924 | E27: 73.19 | F27: 91.62 | G27: =E27*F27 -> 6705.6678 | H27: 10 | I27: 103.57 | J27: =H27*I27 -> 1035.7 | K27: =G27+J27 -> 7741.3678 | L27: 0 | M27: =M26+K27-L27 -> 61422.524
A28: 25 | B28: 45925 | E28: 43.65 | F28: 91.62 | G28: =E28*F28 -> 3999.213 | H28: 0 | I28: 0 | J28: =H28*I28 -> 0 | K28: =G28+J28 -> 3999.213 | L28: 0 | M28: =M27+K28-L28 -> 65421.737
A29: 26 | B29: 45926 | E29: 0 | F29: 0 | G29: =E29*F29 -> 0 | H29: 0 | I29: 0 | J29: =H29*I29 -> 0 | K29: =G29+J29 -> 0 | L29: 0 | M29: =M28+K29-L29 -> 65421.737
A30: 27 | B30: 45927 | E30: 0 | F30: 0 | G30: =E30*F30 -> 0 | H30: 0 | I30: 0 | J30: =H30*I30 -> 0 | K30: =G30+J30 -> 0 | L30: 50000 | M30: =M29+K30-L30 -> 15421.737
A31: 28 | B31: 45928 | E31: 0 | F31: 0 | G31: =E31*F31 -> 0 | H31: 0 | I31: 0 | J31: =H31*I31 -> 0 | K31: =G31+J31 -> 0 | L31: 0 | M31: =M30+K31-L31 -> 15421.737
A32: 29 | B32: 45929 | E32: 0 | F32: 0 | G32: =E32*F32 -> 0 | H32: 0 | I32: 0 | J32: =H32*I32 -> 0 | K32: =G32+J32 -> 0 | L32: 0 | M32: =M31+K32-L32 -> 15421.737
A33: 30 | B33: 45930 | E33: 45 | F33: 91.62 | G33: =E33*F33 -> 4122.9 | H33: 0 | I33: 0 | J33: =H33*I33 -> 0 | K33: =G33+J33 -> 4122.9 | L33: 0 | M33: =M32+K33-L33 -> 19544.637
A34: 31 | E34: 0 | F34: 0 | G34: =E34*F34 -> 0 | H34: 0 | I34: 0 | J34: =H34*I34 -> 0 | K34: =G34+J34 -> 0 | L34: 0 | M34: =M33+K34-L34 -> 19544.637
A35: 35 | E35: 0 | F35: 0 | G35: =E35*F35 -> 0 | H35: 0 | I35: 0 | J35: =H35*I35 -> 0 | K35: =G35+J35 -> 0 | L35: =+K35 -> 0 | M35: =M34+K35-L35 -> 19544.637
A36: 36 | E36: 0 | F36: 0 | G36: =E36*F36 -> 0 | H36: 0 | I36: 0 | J36: =H36*I36 -> 0 | K36: =G36+J36 -> 0 | L36: =+K36 -> 0 | M36: =M35+K36-L36 -> 19544.637
A37: 37 | E37: 0 | F37: 0 | G37: =E37*F37 -> 0 | H37: 0 | I37: 0 | J37: =H37*I37 -> 0 | K37: =G37+J37 -> 0 | L37: =+K37 -> 0 | M37: =M36+K37-L37 -> 19544.637
A38: 38 | E38: 0 | F38: 0 | G38: =E38*F38 -> 0 | H38: 0 | I38: 0 | J38: =H38*I38 -> 0 | K38: =G38+J38 -> 0 | L38: =+K38 -> 0 | M38: =M37+K38-L38 -> 19544.637
A39: 39 | E39: 0 | F39: 0 | G39: =E39*F39 -> 0 | H39: 0 | I39: 0 | J39: =H39*I39 -> 0 | K39: =G39+J39 -> 0 | L39: =+K39 -> 0 | M39: =M38+K39-L39 -> 19544.637
A40: 40 | E40: 0 | F40: 0 | G40: =E40*F40 -> 0 | H40: 0 | I40: 0 | J40: =H40*I40 -> 0 | K40: =G40+J40 -> 0 | L40: =+K40 -> 0 | M40: 0
A41: 41 | E41: 0 | F41: 0 | G41: =E41*F41 -> 0 | H41: 0 | I41: 0 | J41: =H41*I41 -> 0 | K41: =G41+J41 -> 0 | L41: =+K41 -> 0 | M41: 0
A42: 42 | E42: 0 | F42: 0 | G42: =E42*F42 -> 0 | J42: =H42*I42 -> 0 | K42: =G42+J42 -> 0 | L42: =+K42 -> 0 | M42: 0
E43: =SUM(E4:E42) -> 468.66 | G43: =SUM(G4:G42) -> 42959.584 | H43: =SUM(H4:H42) -> 64.16 | J43: =SUM(J4:J42) -> 6645.0512 | K43: =SUM(K4:K42) -> 49604.635 | L43: =SUM(L4:L42) -> 150000

Sheet Muddebihal
A1: Bhosle Service Station
A2: S.No | B2: Date | C2: GRN No | D2: Ind no/Bill No | E2: Diesel (Lts) | F2: Price | G2: Amount | H2: Petrol (Lts) | I2: Price | J2: Amount | K2: Total amount | L2: Amount paid | M2: As on Date | N2: Remarks
A3: Opening Balance | M3: 45514.196
A4: 1 | B4: 01..09.2025 | E4: 43.73 | F4: 91.45 | G4: =E4*F4 -> 3999.1085 | H4: 4.83 | I4: 103.39 | J4: =H4*I4 -> 499.3737 | K4: =G4+J4 -> 4498.4822 | L4: 30000 | M4: =M3+K4-L4 -> 20012.678 | N4: IOCL Card
A5: 2 | B5: 02..09.2025 | E5: 54.67 | F5: 91.45 | G5: =E5*F5 -> 4999.5715 | H5: 0 | I5: 0 | J5: =H5*I5 -> 0 | K5: =G5+J5 -> 4999.5715 | L5: 0 | M5: =M4+K5-L5 -> 25012.25 | N5: IOCL Card
A6: 3 | B6: 03.09.2025 | E6: 76.54 | F6: 91.45 | G6: =E6*F6 -> 6999.583 | H6: 0 | I6: 0 | J6: =H6*I6 -> 0 | K6: =G6+J6 -> 6999.583 | L6: 0 | M6: =M5+K6-L6 -> 32011.833 | N6: IOCL Card
A7: 4 | B7: 04.09.2025 | E7: 114.82 | F7: 91.45 | G7: =E7*F7 -> 10500.289 | H7: 0 | I7: 0 | J7: =H7*I7 -> 0 | K7: =G7+J7 -> 10500.289 | L7: 0 | M7: =M6+K7-L7 -> 42512.122 | N7: IOCL Card
A8: 5 | B8: 05.09.2025 | E8: 49.21 | F8: 91.45 | G8: =E8*F8 -> 4500.2545 | H8: 4.83 | I8: 103.3 | J8: =H8*I8 -> 498.939 | K8: =G8+J8 -> 4999.1935 | L8: 0 | M8: =M7+K8-L8 -> 47511.315 | N8: IOCL Card
A9: 6 | B9: 06.09.2025 | E9: 109.34 | F9: 91.45 | G9: =E9*F9 -> 9999.143 | H9: 5 | I9: 103.3 | J9: =H9*I9 -> 516.5 | K9: =G9+J9 -> 10515.643 | L9: 40000 | M9: =M8+K9-L9 -> 18026.958 | N9: IOCL Card
A10: 7 | B10: 07.09.2025 | E10: 54.67 | F10: 91.45 | G10: =E10*F10 -> 4999.5715 | H10: 0 | I10: 0 | J10: =H10*I10 -> 0 | K10: =G10+J10 -> 4999.5715 | L10: 7000 | M10: =M9+K10-L10 -> 16026.53 | N10: IOCL Card
A11: 8 | B11: 8.09.2025 | E11: 100 | F11: 91.45 | G11: =E11*F11 -> 9145 | H11: 0 | I11: 0 | J11: =H11*I11 -> 0 | K11: =G11+J11 -> 9145 | L11: 0 | M11: =M10+K11-L11 -> 25171.53 | N11: IOCL Card
A12: 9 | B12: 09.09.2025 | E12: 120.27 | F12: 91.45 | G12: =E12*F12 -> 10998.692 | H12: 0 | I12: 0 | J12: =H12*I12 -> 0 | K12: =G12+J12 -> 10998.692 | L12: 16027 | M12: =M11+K12-L12 -> 20143.221 | N12: IOCL Card
A13: 10 | B13: 10.09.2025 | E13: 0 | F13: 0 | G13: =E13*F13 -> 0 | H13: 4.83 | I13: 103.39 | J13: =H13*I13 -> 499.3737 | K13: =G13+J13 -> 499.3737 | L13: 0 | M13: =M12+K13-L13 -> 20642.595 | N13: IOCL Card
A14: 11 | B14: 11.09.2025 | E14: 65.6 | F14: 91.45 | G14: =E14*F14 -> 5999.12 | H14: 0 | I14: 0 | J14: =H14*I14 -> 0 | K14: =G14+J14 -> 5999.12 | L14: 0 | M14: =M13+K14-L14 -> 26641.715 | N14: IOCL Card
A15: 12 | B15: 12.09.2025 | E15: 120.11 | F15: 91.45 | G15: =E15*F15 -> 10984.059 | H15: 0 | I15: 0 | J15: =H15*I15 -> 0 | K15: =G15+J15 -> 10984.059 | L15: 0 | M15: =M14+K15-L15 -> 37625.774 | N15: IOCL Card
... A20: 17 | B20: 17.09.2025 | E20: 213.6 | F20: 91.45 | G20: =E20*F20 -> 19533.72 | H20: 5 | I20: 103.39 | J20: =H20*I20 -> 516.95 | K20: =G20+J20 -> 20050.67 | L20: 0 | M20: =M19+K20-L20 -> 34677.196 | N20: IOCL Card
A21: 18 | B21: 18.09.2025 | E21: 120.27 | F21: 91.45 | G21: =E21*F21 -> 10998.692 | H21: 4.83 | I21: 103.39 | J21: =H21*I21 -> 499.3737 | K21: =G21+J21 -> 11498.065 | L21: 35000 | M21: =M20+K21-L21 -> 11175.261 | N21: IOCL Card | Q21: =76.54*91.45 -> 6999.583
A22: 19 | B22: 19.09.2025 | E22: 58 | F22: 91.45 | G22: =E22*F22 -> 5304.1 | H22: 3.03 | I22: 103.39 | J22: =H22*I22 -> 313.2717 | K22: =G22+J22 -> 5617.3717 | L22: 0 | M22: =M21+K22-L22 -> 16792.633 | N22: IOCL Card
A23: 20 | B23: 20.09.2025 | E23: 54.67 | F23: 91.45 | G23: =E23*F23 -> 4999.5715 | H23: 0 | I23: 0 | J23: =H23*I23 -> 0 | K23: =G23+J23 -> 4999.5715 | L23: 0 | M23: =M22+K23-L23 -> 21792.204 | N23: IOCL Card
A24: 21 | B24: 23.09.2025 | E24: 122.8 | F24: 91.45 | G24: =E24*F24 -> 11230.06 | H24: 0 | I24: 0 | J24: =H24*I24 -> 0 | K24: =G24+J24 -> 11230.06 | L24: 0 | M24: =M23+K24-L24 -> 33022.264 | N24: IOCL Card
A25: 22 | B25: 24.09.2025 | E25: 209.8 | F25: 91.45 | G25: =E25*F25 -> 19186.21 | H25: 0 | I25: 0 | J25: =H25*I25 -> 0 | K25: =G25+J25 -> 19186.21 | L25: 0 | M25: =M24+K25-L25 -> 52208.474 | N25: IOCL Card
A26: 23 | B26: 25.09.2025 | E26: 91.87 | F26: 91.45 | G26: =E26*F26 -> 8401.5115 | H26: 10 | I26: 103.39 | J26: =H26*I26 -> 1033.9 | K26: =G26+J26 -> 9435.4115 | L26: 0 | M26: =M25+K26-L26 -> 61643.886 | N26: IOCL Card | O26: 14616
A27: 24 | E27: 0 | F27: 0 | G27: =E27*F27 -> 0 | H27: 0 | J27: =H27*E26 -> 0 | K27: =G27+J27 -> 0 | L27: 0 | M27: =M26+K27-L27 -> 61643.886 | N27: IOCL Card
A28: 25 | B28: 27.09.2025 | E28: 70 | F28: 91.45 | G28: =E28*F28 -> 6401.5 | H28: 0 | I28: 0 | J28: =H28*I28 -> 0 | K28: =G28+J28 -> 6401.5 | L28: 50000 | M28: =M27+K28-L28 -> 18045.386 | N28: IOCL Card
A29: 26 | B29: 29.09.2025 | E29: 70 | F29: 91.45 | G29: =E29*F29 -> 6401.5 | H29: 0 | I29: 0 | J29: =H29*I29 -> 0 | K29: =G29+J29 -> 6401.5 | L29: 0 | M29: =M28+K29-L29 -> 24446.886 | N29: IOCL Card
A30: 27 | B30: 30.09.2025 | E30: 65.13 | F30: 91.45 | G30: =E30*F30 -> 5956.1385 | H30: 0 | I30: 0 | J30: =H30*I30 -> 0 | K30: =G30+J30 -> 5956.1385 | L30: 0 | M30: =M29+K30-L30 -> 30403.024 | N30: IOCL Card
A31: 28 | E31: 0 | F31: 0 | G31: =E31*F31 -> 0 | H31: 0 | I31: 0 | J31: =H31*I31 -> 0 | K31: =G31+J31 -> 0 | L31: 0 | M31: =M30+K31-L31 -> 30403.024 | N31: IOCL Card
A32: 29 | E32: 0 | F32: 0 | G32: =E32*F32 -> 0 | H32: 0 | I32: 0 | J32: =H32*I32 -> 0 | K32: =G32+J32 -> 0 | L32: 0 | M32: =M31+K32-L32 -> 30403.024 | N32: IOCL Card
A33: 30 | E33: 0 | F33: 0 | G33: =E33*F33 -> 0 | H33: 0 | I33: 0 | J33: =H33*I33 -> 0 | K33: =G33+J33 -> 0 | L33: 0 | M33: =M32+K33-L33 -> 30403.024 | N33: IOCL Card
A34: 31 | E34: 0 | F34: 0 | G34: =E34*F34 -> 0 | H34: 0 | I34: 0 | J34: =H34*I34 -> 0 | K34: =G34+J34 -> 0 | L34: 0 | M34: =M33+K34-L34 -> 30403.024 | N34: IOCL Card
A35: 32 | E35: 0 | F35: 0 | G35: =E35*F35 -> 0 | H35: 0 | I35: 0 | J35: =H35*I35 -> 0 | K35: =G35+J35 -> 0 | L35: 0 | M35: =M34+K35-L35 -> 30403.024 | N35: IOCL Card
A36: 33 | E36: 0 | F36: 0 | G36: =E36*F36 -> 0 | H36: 0 | I36: 0 | J36: =H36*I36 -> 0 | K36: =G36+J36 -> 0 | L36: 0 | M36: =M35+K36-L36 -> 30403.024 | N36: IOCL Card
A37: 34 | E37: 0 | F37: 0 | G37: =E37*F37 -> 0 | H37: 0 | I37: 0 | J37: =H37*I37 -> 0 | K37: =G37+J37 -> 0 | L37: 0 | M37: =M36+K37-L37 -> 30403.024 | N37: IOCL Card
A38: 35 | E38: 0 | F38: 0 | G38: =E38*F38 -> 0 | H38: 0 | I38: 0 | J38: =H38*I38 -> 0 | K38: =G38+J38 -> 0 | L38: 0 | M38: =M37+K38-L38 -> 30403.024
A39: 36 | E39: 0 | F39: 0 | G39: =E39*F39 -> 0 | H39: 0 | I39: 0 | J39: =H39*I39 -> 0 | K39: =G39+J39 -> 0 | L39: 0 | M39: =M38+K39-L39 -> 30403.024
A40: 37 | E40: 0 | F40: 0 | G40: =E40*F40 -> 0 | H40: 0 | I40: 0 | J40: =H40*I40 -> 0 | K40: =G40+J40 -> 0 | L40: =+K40 -> 0 | M40: =M39+K40-L40 -> 30403.024
A41: 38 | E41: 0 | F41: 0 | G41: =E41*F41 -> 0 | H41: 0 | I41: 0 | J41: =H41*I41 -> 0 | K41: =G41+J41 -> 0 | L41: =+K41 -> 0 | M41: =M40+K41-L41 -> 30403.024
A42: 39 | E42: 0 | F42: 0 | G42: =E42*F42 -> 0 | H42: 0 | I42: 0 | J42: =H42*I42 -> 0 | K42: =G42+J42 -> 0 | L42: =+K42 -> 0 | M42: =M41+K42-L42 -> 30403.024
A43: 40 | E43: 0 | F43: 0 | G43: =E43*F43 -> 0 | H43: 0 | I43: 0 | J43: =H43*I43 -> 0 | K43: =G43+J43 -> 0 | L43: =+K43 -> 0 | M43: =M42+K43-L43 -> 30403.024
A44: 41 | E44: 0 | F44: 0 | G44: =E44*F44 -> 0 | J44: =H44*I44 -> 0 | K44: =G44+J44 -> 0 | L44: =+K44 -> 0 | M44: =M43+K44-L44 -> 30403.024
A45: 42 | E45: 0 | F45: 0 | G45: =E45*F45 -> 0 | J45: =H45*I45 -> 0 | K45: =G45+J45 -> 0 | L45: =+K45 -> 0 | M45: =M44+K45-L45 -> 30403.024
E46: 0 | F46: 0 | G46: =E46*F46 -> 0 | J46: =H46*I46 -> 0 | K46: =G46+J46 -> 0 | L46: =+K46 -> 0 | M46: =M45+K46-L46 -> 30403.024
E47: =SUM(E4:E46) -> 2309.1 | G47: =SUM(G4:G46) -> 211167.19 | H47: =SUM(H4:H46) -> 55.61 | J47: =SUM(J4:J46) -> 5748.6332 | K47: =SUM(K4:K46) -> 216915.83 | L47: =SUM(L4:L46) -> 232027

Sheet Khanapur
A1: J K Makavi
A2: S.No | B2: Date | C2: GRN No | D2: Ind No/Bill No | E2: Diesel (Lts) | F2: Price | G2: Amount | H2: Petrol (Lts) | I2: Price | J2: Amount | K2: Total amount | L2: Payment Amount | M2: Amount paid | N2: Remarks
D3: Opening Balance | K3: 0 | M3: =+K3 -> 0
A4: 1 | B4: 45901 | E4: 0 | F4: 0 | G4: =F4*E4 -> 0 | H4: 0 | I4: 0 | J4: =H4*I4 -> 0 | K4: =G4+J4 -> 0 | L4: =+K4 -> 0 | M4: =+L4 -> 0
A5: 2 | B5: 45902 | E5: 0 | F5: 0 | G5: =F5*E5 -> 0 | H5: 0 | I5: 0 | J5: =H5*I5 -> 0 | K5: =G5+J5 -> 0 | L5: =+K5 -> 0 | M5: =+L5 -> 0
A6: 3 | B6: 45903 | E6: 0 | F6: 0 | G6: =F6*E6 -> 0 | H6: 0 | I6: 0 | J6: =H6*I6 -> 0 | K6: =G6+J6 -> 0 | L6: =+K6 -> 0 | M6: =+L6 -> 0
A7: 4 | B7: 45904 | E7: 0 | F7: 0 | G7: =F7*E7 -> 0 | H7: 4.86 | I7: 102.77 | J7: =H7*I7 -> 499.4622 | K7: =G7+J7 -> 499.4622 | L7: =+K7 -> 499.4622 | M7: =+L7 -> 499.4622
A8: 5 | B8: 45905 | E8: 0 | F8: 0 | G8: =F8*E8 -> 0 | H8: 0 | I8: 0 | J8: =H8*I8 -> 0 | K8: =G8+J8 -> 0 | L8: =+K8 -> 0 | M8: =+L8 -> 0
A9: 6 | B9: 45906 | E9: 0 | F9: 0 | G9: =F9*E9 -> 0 | H9: 0 | I9: 0 | J9: =H9*I9 -> 0 | K9: =G9+J9 -> 0 | L9: =+K9 -> 0 | M9: =+L9 -> 0
A10: 7 | B10: 45907 | E10: 0 | F10: 0 | G10: =F10*E10 -> 0 | H10: 0 | I10: 0 | J10: =H10*I10 -> 0 | K10: =G10+J10 -> 0 | L10: =+K10 -> 0 | M10: =+L10 -> 0
A11: 8 | B11: 45908 | E11: 0 | F11: 0 | G11: =F11*E11 -> 0 | H11: 7.5 | I11: 102.77 | J11: =H11*I11 -> 770.775 | K11: =G11+J11 -> 770.775 | L11: =+K11 -> 770.775 | M11: =+L11 -> 770.775
A12: 9 | B12: 45909 | E12: 0 | F12: 0 | G12: =F12*E12 -> 0 | H12: 0 | I12: 0 | J12: =H12*I12 -> 0 | K12: =G12+J12 -> 0 | L12: =+K12 -> 0 | M12: =+L12 -> 0
A13: 10 | B13: 45910 | E13: 30 | F13: 90.88 | G13: =F13*E13 -> 2726.4 | H13: 4.87 | I13: 102.77 | J13: =H13*I13 -> 500.4899 | K13: =G13+J13 -> 3226.8899 | L13: =+K13 -> 3226.8899 | M13: =+L13 -> 3226.8899
A14: 11 | B14: 45911 | E14: 29.32 | F14: 90.88 | G14: =F14*E14 -> 2664.6016 | H14: 0 | I14: 0 | J14: =H14*I14 -> 0 | K14: =G14+J14 -> 2664.6016 | L14: =+K14 -> 2664.6016 | M14: =+L14 -> 2664.6016
A15: 12 | B15: 45912 | E15: 100 | F15: 90.88 | G15: =F15*E15 -> 9088 | H15: 5 | I15: 102.77 | J15: =H15*I15 -> 513.85 | K15: =G15+J15 -> 9601.85 | L15: =+K15 -> 9601.85 | M15: =+L15 -> 9601.85
... A19: 16 | B19: 45916 | E19: 440 | F19: 90.88 | G19: =F19*E19 -> 39987.2 | H19: 0 | I19: 0 | J19: =H19*I19 -> 0 | K19: =G19+J19 -> 39987.2 | L19: =+K19 -> 39987.2 | M19: =+L19 -> 39987.2
A20: 17 | B20: 45917 | E20: 50 | F20: 0 | G20: =F20*E20 -> 0 | H20: 16.63 | I20: 102.77 | J20: =H20*I20 -> 1709.0651 | K20: =G20+J20 -> 1709.0651 | L20: =+K20 -> 1709.0651 | M20: =+L20 -> 1709.0651 | O20: 16.68
A21: 18 | B21: 45918 | E21: 205 | F21: 90.88 | G21: =F21*E21 -> 18630.4 | H21: 0 | I21: 0 | J21: =H21*I21 -> 0 | K21: =G21+J21 -> 18630.4 | L21: =+K21 -> 18630.4 | M21: =+L21 -> 18630.4
A22: 19 | B22: 45919 | E22: 150 | F22: 90.88 | G22: =F22*E22 -> 13632 | H22: 0 | I22: 0 | J22: =H22*I22 -> 0 | K22: =G22+J22 -> 13632 | L22: =+K22 -> 13632 | M22: =+L22 -> 13632
A23: 20 | B23: 45920 | E23: 139 | F23: 90.88 | G23: =F23*E23 -> 12632.32 | H23: 0 | I23: 0 | J23: =H23*I23 -> 0 | K23: =G23+J23 -> 12632.32 | L23: =+K23 -> 12632.32 | M23: =+L23 -> 12632.32 | N23: 0
A24: 21 | B24: 45921 | E24: 0 | F24: 0 | G24: =F24*E24 -> 0 | H24: 0 | I24: 0 | J24: =H24*I24 -> 0 | K24: =G24+J24 -> 0 | L24: =+K24 -> 0 | M24: =+L24 -> 0
A25: 22 | B25: 45922 | E25: 20 | F25: 90.88 | G25: =F25*E25 -> 1817.6 | H25: 5 | I25: 102.77 | J25: =H25*I25 -> 513.85 | K25: =G25+J25 -> 2331.45 | L25: =+K25 -> 2331.45 | M25: =+L25 -> 2331.45
A26: 23 | B26: 45923 | E26: 187.28 | F26: 90.88 | G26: =F26*E26 -> 17020.006 | H26: 0 | I26: 0 | J26: =H26*I26 -> 0 | K26: =G26+J26 -> 17020.006 | L26: =+K26 -> 17020.006 | M26: =+L26 -> 17020.006
A27: 24 | B27: 45924 | E27: 110 | F27: 90.88 | G27: =F27*E27 -> 9996.8 | H27: 0 | I27: 0 | J27: =H27*I27 -> 0 | K27: =G27+J27 -> 9996.8 | L27: =+K27 -> 9996.8 | M27: =+L27 -> 9996.8
A28: 25 | B28: 45925 | E28: 0 | F28: 0 | G28: =F28*E28 -> 0 | H28: 0 | I28: 0 | J28: =H28*I28 -> 0 | K28: =G28+J28 -> 0 | L28: =+K28 -> 0 | M28: =+L28 -> 0
A29: 26 | B29: 45926 | E29: 0 | F29: 0 | G29: =F29*E29 -> 0 | H29: 5 | I29: 102.77 | J29: =H29*I29 -> 513.85 | K29: =G29+J29 -> 513.85 | L29: 0 | M29: =M28+K29-L29 -> 513.85
A30: 27 | B30: 45927 | E30: 50 | F30: 95.88 | G30: =F30*E30 -> 4794 | H30: 0 | I30: 0 | J30: =H30*I30 -> 0 | K30: =G30+J30 -> 4794 | L30: 0 | M30: =M29+K30-L30 -> 5307.85
A31: 28 | B31: 45928 | E31: 0 | F31: 95.88 | G31: =F31*E31 -> 0 | H31: 0 | I31: 0 | J31: =H31*I31 -> 0 | K31: =G31+J31 -> 0 | L31: 0 | M31: =M30+K31-L31 -> 5307.85
A32: 29 | B32: 45929 | E32: 40 | F32: 95.88 | G32: =F32*E32 -> 3835.2 | H32: 5 | I32: 102.77 | J32: =H32*I32 -> 513.85 | K32: =G32+J32 -> 4349.05 | L32: 0 | M32: =M31+K32-L32 -> 9656.9
A33: 30 | B33: 45930 | E33: 0 | F33: 0 | G33: =F33*E33 -> 0 | H33: 5 | I33: 102.77 | J33: =H33*I33 -> 513.85 | K33: =G33+J33 -> 513.85 | L33: 0 | M33: =M32+K33-L33 -> 10170.75
A34: 31
E35: =SUM(E4:E34) -> 1822.61 | G35: =SUM(G4:G34) -> 161544.8 | H35: =SUM(H4:H34) -> 58.86 | J35: =SUM(J4:J34) -> 6049.0422 | K35: =SUM(K4:K34) -> 167593.84 | L35: =SUM(L4:L34) -> 157423.09 | M35: =SUM(M4:M34) -> 188380.29
E36: 1541.87
E37: 1661 | H37: 43.92
E38: =E37-E36 -> 119.13

Sheet Munavali-2
A1: Shri Daneshwari
A2: S.No | B2: Date | C2: GRN No | D2: Ind No/Bill No | E2: Diesel (Lts) | F2: Price | G2: Amount | H2: Petrol (Lts) | I2: Price | J2: Amount | K2: Total amount | L2: Amount paid | M2: As on date | N2: Remarks
D3: Opening Balance | K3: 480082.77 | M3: 480082.77 | O3: 26506.4
A4: 1 | B4: 45901 | E4: 0 | F4: 0 | G4: =E4*F4 -> 0 | H4: 5 | I4: 103.24 | J4: =H4*I4 -> 516.2 | K4: =G4+J4 -> 516.2 | L4: 240000 | M4: =M3+K4-L4 -> 240598.97
A5: 2 | B5: 45902 | E5: 400 | F5: 91.32 | G5: =E5*F5 -> 36528 | H5: 0 | I5: 0 | J5: =H5*I5 -> 0 | K5: =G5+J5 -> 36528 | L5: 0 | M5: =M4+K5-L5 -> 277126.97
A6: 3 | B6: 45903 | E6: 100 | F6: 91.32 | G6: =E6*F6 -> 9132 | H6: 5 | I6: 103.24 | J6: =H6*I6 -> 516.2 | K6: =G6+J6 -> 9648.2 | L6: 0 | M6: =M5+K6-L6 -> 286775.17
A7: 4 | B7: 45904 | E7: 430 | F7: 91.32 | G7: =E7*F7 -> 39267.6 | H7: 5 | I7: 103.24 | J7: =H7*I7 -> 516.2 | K7: =G7+J7 -> 39783.8 | L7: 0 | M7: =M6+K7-L7 -> 326558.97
A8: 5 | B8: 45905 | E8: 400 | F8: 91.32 | G8: =E8*F8 -> 36528 | H8: 5 | I8: 103.24 | J8: =H8*I8 -> 516.2 | K8: =G8+J8 -> 37044.2 | L8: 0 | M8: =M7+K8-L8 -> 363603.17
A9: 6 | B9: 45906 | E9: 400 | F9: 91.32 | G9: =E9*F9 -> 36528 | H9: 10 | I9: 103.24 | J9: =H9*I9 -> 1032.4 | K9: =G9+J9 -> 37560.4 | L9: 0 | M9: =M8+K9-L9 -> 401163.57
A10: 7 | B10: 45907 | E10: 0 | F10: 0 | G10: =E10*F10 -> 0 | H10: 0 | I10: 0 | J10: =H10*I10 -> 0 | K10: =G10+J10 -> 0 | L10: 0 | M10: =M9+K10-L10 -> 401163.57 | T10: =30*91.32 -> 2739.6
A11: 8 | B11: 45908 | E11: 0 | F11: 0 | G11: =E11*F11 -> 0 | H11: 0 | I11: 0 | J11: =H11*I11 -> 0 | K11: =G11+J11 -> 0 | L11: 400000 | M11: =M10+K11-L11 -> 1163.5744 | T11: =20*103.24 -> 2064.8
A12: 9 | B12: 45909 | E12: 469.34 | F12: 91.32 | G12: =E12*F12 -> 42860.129 | H12: 11 | I12: 103.24 | J12: =H12*I12 -> 1135.64 | K12: =G12+J12 -> 43995.769 | L12: 0 | M12: =M11+K12-L12 -> 45159.343
A13: 10 | B13: 45910 | E13: 420 | F13: 91.32 | G13: =E13*F13 -> 38354.4 | H13: 0 | I13: 0 | J13: =H13*I13 -> 0 | K13: =G13+J13 -> 38354.4 | L13: 0 | M13: =M12+K13-L13 -> 83513.743
A14: 11 | B14: 45911 | E14: 420 | F14: 91.32 | G14: =E14*F14 -> 38354.4 | H14: 50 | I14: 103.24 | J14: =H14*I14 -> 5162 | K14: =G14+J14 -> 43516.4 | L14: 0 | M14: =M13+K14-L14 -> 127030.14
A15: 12 | B15: 45912 | E15: 440 | F15: 91.32 | G15: =E15*F15 -> 40180.8 | H15: 5 | I15: 103.24 | J15: =H15*I15 -> 516.2 | K15: =G15+J15 -> 40697 | L15: 0 | M15: =M14+K15-L15 -> 167727.14
A16: 13 | B16: 45913 | D16: 0 | E16: 400 | F16: 91.32 | G16: =E16*F16 -> 36528 | H16: 5 | I16: 103.24 | J16: =H16*I16 -> 516.2 | K16: =G16+J16 -> 37044.2 | L16: 0 | M16: =M15+K16-L16 -> 204771.34
A17: 14 | B17: 45914 | E17: 400 | F17: 91.32 | G17: =E17*F17 -> 36528 | H17: 3 | I17: 103.24 | J17: =H17*I17 -> 309.72 | K17: =G17+J17 -> 36837.72 | L17: 0 | M17: =M16+K17-L17 -> 241609.06
A18: 15 | B18: 45915 | E18: 0 | F18: 0 | G18: =E18*F18 -> 0 | H18: 4 | I18: 103.24 | J18: =H18*I18 -> 412.96 | K18: =G18+J18 -> 412.96 | L18: 0 | M18: =M17+K18-L18 -> 242022.02
A19: 16 | B19: 45916 | E19: 620 | F19: 91.32 | G19: =E19*F19 -> 56618.4 | H19: 16 | I19: 103.24 | J19: =H19*I19 -> 1651.84 | K19: =G19+J19 -> 58270.24 | L19: 0 | M19: =M18+K19-L19 -> 300292.26
A20: 17 | B20: 45917 | E20: 0 | F20: 0 | G20: =E20*F20 -> 0 | H20: 0 | I20: 0 | J20: =H20*I20 -> 0 | K20: =G20+J20 -> 0 | L20: 0 | M20: =M19+K20-L20 -> 300292.26
A21: 18 | B21: 45918 | E21: 640 | F21: 91.32 | G21: =E21*F21 -> 58444.8 | H21: 17 | I21: 103.24 | J21: =H21*I21 -> 1755.08 | K21: =G21+J21 -> 60199.88 | L21: 150000 | M21: =M20+K21-L21 -> 210492.14
A22: 19 | B22: 45919 | E22: 350 | F22: 91.32 | G22: =E22*F22 -> 31962 | H22: 0 | I22: 0 | J22: =H22*I22 -> 0 | K22: =G22+J22 -> 31962 | L22: 0 | M22: =M21+K22-L22 -> 242454.14
A23: 20 | B23: 45920 | E23: 400 | F23: 91.32 | G23: =E23*F23 -> 36528 | H23: 6 | I23: 103.24 | J23: =H23*I23 -> 619.44 | K23: =G23+J23 -> 37147.44 | L23: 0 | M23: =M22+K23-L23 -> 279601.58
A24: 21 | B24: 45921 | E24: 425.71 | F24: 91.32 | G24: =E24*F24 -> 38875.837 | H24: 0 | I24: 0 | J24: =H24*I24 -> 0 | K24: =G24+J24 -> 38875.837 | L24: 0 | M24: =M23+K24-L24 -> 318477.42
A25: 22 | B25: 45922 | E25: 1100 | F25: 91.32 | G25: =E25*F25 -> 100452 | H25: 15.74 | I25: 103.24 | J25: =H25*I25 -> 1624.9976 | K25: =G25+J25 -> 102077 | L25: 0 | M25: =M24+K25-L25 -> 420554.42
A26: 23 | B26: 45923 | E26: 0 | F26: 0 | G26: =E26*F26 -> 0 | H26: 5 | I26: 103.24 | J26: =H26*I26 -> 516.2 | K26: =G26+J26 -> 516.2 | L26: 0 | M26: =M25+K26-L26 -> 421070.62
A27: 24 | B27: 45924 | E27: 0 | F27: 0 | G27: =E27*F27 -> 0 | H27: 0 | I27: 0 | J27: =H27*I27 -> 0 | K27: =G27+J27 -> 0 | L27: 0 | M27: =M26+K27-L27 -> 421070.62
A28: 25 | B28: 45925 | E28: 340 | F28: 91.32 | G28: =E28*F28 -> 31048.8 | H28: 0 | I28: 0 | J28: =H28*I28 -> 0 | K28: =G28+J28 -> 31048.8 | L28: 0 | M28: =M27+K28-L28 -> 452119.42
... A31: 28 | B31: 45928 | E31: 0 | F31: 0 | G31: =E31*F31 -> 0 | H31: 0 | I31: 0 | J31: =H31*I31 -> 0 | K31: =G31+J31 -> 0 | L31: 0 | M31: =M30+K31-L31 -> 204850.86
A32: 29 | B32: 45929 | D32: BPCL | E32: 427.32 | F32: 91.26 | G32: =E32*F32 -> 38997.223 | H32: 3 | I32: 103.18 | J32: =H32*I32 -> 309.54 | K32: =G32+J32 -> 39306.763 | L32: 39306.76 | M32: =M31+K32-L32 -> 204850.86
A33: 30 | B33: 45930 | E33: 317.77 | F33: 91.26 | G33: =E33*F33 -> 28999.69 | H33: 2.98 | I33: 103.18 | J33: =H33*I33 -> 307.4764 | K33: =G33+J33 -> 29307.167 | L33: 29307 | M33: =M32+K33-L33 -> 204851.03
A34: 31 | E34: 0 | F34: 0 | G34: =E34*F34 -> 0 | H34: 0 | I34: 0 | J34: =H34*I34 -> 0 | K34: =G34+J34 -> 0 | L34: 0 | M34: =M33+K34-L34 -> 204851.03
A35: 32 | E35: 0 | F35: 0 | G35: =E35*F35 -> 0 | H35: 0 | I35: 0 | J35: =H35*I35 -> 0 | K35: =G35+J35 -> 0 | L35: 0 | M35: =M34+K35-L35 -> 204851.03
A36: 33 | E36: 0 | F36: 0 | G36: =E36*F36 -> 0 | H36: 0 | I36: 0 | J36: =H36*I36 -> 0 | K36: =G36+J36 -> 0 | L36: 0 | M36: =M35+K36-L36 -> 204851.03 | O36: 204166.29 | P36: 204851.03 | Q36: =O36-P36 -> -684.74
E37: =SUM(E4:E36) -> 9465.14 | G37: =SUM(G4:G36) -> 864311.88 | H37: =SUM(H4:H36) -> 184.72 | J37: =SUM(J4:J36) -> 19070.134 | K37: =SUM(K4:K36) -> 883382.01 | L37: =SUM(L4:L36) -> 1158613.8

Sheet Gokak Dharwad PKG 3
A1: AJ Petrolinks
A2: S.No | B2: Date | C2: GRN No | D2: Ind No/Bill No | E2: Diesel (Lts) | F2: Price | G2: Amount | H2: Petrol (Lts) | I2: Price | J2: Amount | K2: Total amount | L2: Amount paid | M2: As on Date | N2: Remarks
D3: Opening Balance | K3: 743234.15 | M3: 743234.15 | N3: 0 | O3: 0 | P3: 0
A4: 1 | B4: 45901 | E4: 117.54 | F4: 91.48 | G4: =E4*F4 -> 10752.559 | H4: 17 | I4: 103.41 | J4: =H4*I4 -> 1757.97 | K4: =G4+J4 -> 12510.529 | M4: =M3+K4-L4 -> 755744.67
A5: 2 | B5: 45902 | E5: 324.72 | F5: 91.48 | G5: =E5*F5 -> 29705.386 | H5: 12 | I5: 103.41 | J5: =H5*I5 -> 1240.92 | K5: =G5+J5 -> 30946.306 | M5: =M4+K5-L5 -> 786690.98
A6: 3 | B6: 45903 | E6: 743.43 | F6: 91.48 | G6: =E6*F6 -> 68008.976 | H6: 42 | I6: 103.41 | J6: =H6*I6 -> 4343.22 | K6: =G6+J6 -> 72352.196 | M6: =M5+K6-L6 -> 859043.18
A7: 4 | B7: 45904 | E7: 294.81 | F7: 91.48 | G7: =E7*F7 -> 26969.219 | H7: 5 | I7: 103.41 | J7: =H7*I7 -> 517.05 | K7: =G7+J7 -> 27486.269 | M7: =M6+K7-L7 -> 886529.45
A8: 5 | B8: 45905 | E8: 191.01 | F8: 91.48 | G8: =E8*F8 -> 17473.595 | H8: 6 | I8: 103.41 | J8: =H8*I8 -> 620.46 | K8: =G8+J8 -> 18094.055 | M8: =M7+K8-L8 -> 904623.5
A9: 6 | B9: 45906 | E9: 363.77 | F9: 91.48 | G9: =E9*F9 -> 33277.68 | H9: 25 | I9: 103.41 | J9: =H9*I9 -> 2585.25 | K9: =G9+J9 -> 35862.93 | M9: =M8+K9-L9 -> 940486.43
A10: 7 | B10: 45907 | E10: 40.68 | F10: 91.48 | G10: =E10*F10 -> 3721.4064 | H10: 6 | I10: 103.41 | J10: =H10*I10 -> 620.46 | K10: =G10+J10 -> 4341.8664 | M10: =M9+K10-L10 -> 944828.3
A11: 8 | B11: 45908 | E11: 120.67 | F11: 91.48 | G11: =E11*F11 -> 11038.892 | H11: 10 | I11: 103.41 | J11: =H11*I11 -> 1034.1 | K11: =G11+J11 -> 12072.992 | M11: =M10+K11-L11 -> 956901.29
A12: 9 | B12: 45909 | E12: 517.69 | F12: 91.48 | G12: =E12*F12 -> 47358.281 | H12: 33 | I12: 103.41 | J12: =H12*I12 -> 3412.53 | K12: =G12+J12 -> 50770.811 | L12: 600000 | M12: =M11+K12-L12 -> 407672.1
A13: 10 | B13: 45910 | E13: 451.28 | F13: 91.48 | G13: =E13*F13 -> 41283.094 | H13: 12 | I13: 103.41 | J13: =H13*I13 -> 1240.92 | K13: =G13+J13 -> 42524.014 | M13: =M12+K13-L13 -> 450196.11
A14: 11 | B14: 45911 | E14: 146.19 | F14: 91.48 | G14: =E14*F14 -> 13373.461 | H14: 0 | I14: 103.41 | J14: =H14*I14 -> 0 | K14: =G14+J14 -> 13373.461 | M14: =M13+K14-L14 -> 463569.57
A15: 12 | B15: 45912 | E15: 492.55 | F15: 91.48 | G15: =E15*F15 -> 45058.474 | H15: 11 | I15: 103.41 | J15: =H15*I15 -> 1137.51 | K15: =G15+J15 -> 46195.984 | M15: =M14+K15-L15 -> 509765.56
A16: 13 | B16: 45913 | E16: 158.8 | F16: 91.48 | G16: =E16*F16 -> 14527.024 | H16: 27 | I16: 103.41 | J16: =H16*I16 -> 2792.07 | K16: =G16+J16 -> 17319.094 | M16: =M15+K16-L16 -> 527084.65
A17: 14 | B17: 45914 | E17: 360 | F17: 91.48 | G17: =E17*F17 -> 32932.8 | H17: 0 | I17: 0 | J17: =H17*I17 -> 0 | K17: =G17+J17 -> 32932.8 | M17: =M16+K17-L17 -> 560017.45
A18: 15 | B18: 45915 | E18: 38.12 | F18: 91.48 | G18: =E18*F18 -> 3487.2176 | H18: 5 | I18: 103.41 | J18: =H18*I18 -> 517.05 | K18: =G18+J18 -> 4004.2676 | M18: =M17+K18-L18 -> 564021.72
A19: 16 | B19: 45916 | E19: 532.62 | F19: 91.48 | G19: =E19*F19 -> 48724.078 | H19: 0 | I19: 103.41 | J19: =H19*I19 -> 0 | K19: =G19+J19 -> 48724.078 | M19: =M18+K19-L19 -> 612745.8 | P19: =M19-O19 -> 612745.8
A20: 17 | B20: 45917 | E20: 74.12 | F20: 91.48 | G20: =E20*F20 -> 6780.4976 | H20: 28 | I20: 103.41 | J20: =H20*I20 -> 2895.48 | K20: =G20+J20 -> 9675.9776 | M20: =M19+K20-L20 -> 622421.78
A21: 18 | B21: 45918 | E21: 114.78 | F21: 91.48 | G21: =E21*F21 -> 10500.074 | H21: 11 | I21: 103.41 | J21: =H21*I21 -> 1137.51 | K21: =G21+J21 -> 11637.584 | M21: =M20+K21-L21 -> 634059.36
A22: 19 | B22: 45919 | E22: 292.17 | F22: 91.48 | G22: =E22*F22 -> 26727.712 | H22: 0 | I22: 103.41 | J22: =H22*I22 -> 0 | K22: =G22+J22 -> 26727.712 | M22: =M21+K22-L22 -> 660787.07
A23: 20 | B23: 45920 | E23: 336.24 | F23: 91.48 | G23: =E23*F23 -> 30759.235 | H23: 22 | I23: 103.41 | J23: =H23*I23 -> 2275.02 | K23: =G23+J23 -> 33034.255 | M23: =M22+K23-L23 -> 693821.33
A24: 21 | B24: 45921 | E24: 547.56 | F24: 91.48 | G24: =E24*F24 -> 50090.789 | H24: 0 | I24: 0 | J24: =H24*I24 -> 0 | K24: =G24+J24 -> 50090.789 | M24: =M23+K24-L24 -> 743912.12
A25: 22 | B25: 45922 | E25: 183.34 | F25: 91.48 | G25: =E25*F25 -> 16771.943 | H25: 10 | I25: 103.41 | J25: =H25*I25 -> 1034.1 | K25: =G25+J25 -> 17806.043 | M25: =M24+K25-L25 -> 761718.16
A26: 23 | B26: 45923 | E26: 406.71 | F26: 91.48 | G26: =E26*F26 -> 37205.831 | H26: 11 | I26: 103.41 | J26: =H26*I26 -> 1137.51 | K26: =G26+J26 -> 38343.341 | M26: =M25+K26-L26 -> 800061.5
A27: 24 | B27: 45924 | E27: 441 | F27: 91.48 | G27: =E27*F27 -> 40342.68 | H27: 5 | I27: 103.41 | J27: =H27*I27 -> 517.05 | K27: =G27+J27 -> 40859.73 | M27: =M26+K27-L27 -> 840921.23
A28: 25 | B28: 45925 | E28: 92.44 | F28: 91.48 | G28: =E28*F28 -> 8456.4112 | H28: 17 | I28: 103.41 | J28: =H28*I28 -> 1757.97 | K28: =G28+J28 -> 10214.381 | M28: =M27+K28-L28 -> 851135.61
A29: 26 | B29: 45926 | E29: 924.92 | F29: 91.48 | G29: =E29*F29 -> 84611.682 | H29: 12 | I29: 103.41 | J29: =H29*I29 -> 1240.92 | K29: =G29+J29 -> 85852.602 | M29: =M28+K29-L29 -> 936988.21
A30: 27 | B30: 45927 | E30: 120 | F30: 91.48 | G30: =E30*F30 -> 10977.6 | H30: 0 | I30: 0 | J30: =H30*I30 -> 0 | K30: =G30+J30 -> 10977.6 | M30: =M29+K30-L30 -> 947965.81
A31: 28 | B31: 45928 | E31: 0 | F31: 91.48 | G31: =E31*F31 -> 0 | H31: 5 | I31: 103.41 | J31: =H31*I31 -> 517.05 | K31: =G31+J31 -> 517.05 | M31: =M30+K31-L31 -> 948482.86
... A34: 31 | B34: 45931 | E34: 0 | F34: 0 | G34: =E34*F34 -> 0 | H34: 0 | I34: 0 | J34: =H34*I34 -> 0 | K34: =G34+J34 -> 0 | M34: =M33+K34-L34 -> 1036892.1
A35: 32 | E35: 0 | F35: 0 | G35: =E35*F35 -> 0 | H35: 0 | I35: 0 | J35: =H35*I35 -> 0 | K35: =G35+J35 -> 0 | M35: =M34+K35-L35 -> 1036892.1
A36: 33 | E36: 0 | F36: 0 | G36: =E36*F36 -> 0 | H36: 0 | I36: 0 | J36: =H36*I36 -> 0 | K36: =G36+J36 -> 0 | M36: =M35+K36-L36 -> 1036892.1
A37: 34 | E37: 0 | F37: 0 | G37: =E37*F37 -> 0 | H37: 0 | I37: 0 | J37: =H37*I37 -> 0 | K37: =G37+J37 -> 0 | M37: =M36+K37-L37 -> 1036892.1
A38: 35 | E38: 0 | F38: 0 | G38: =E38*F38 -> 0 | H38: 0 | I38: 0 | J38: =H38*I38 -> 0 | K38: =G38+J38 -> 0 | M38: =M37+K38-L38 -> 1036892.1
E39: 0 | F39: 0 | G39: =E39*F39 -> 0 | H39: 0 | I39: 0 | J39: =H39*I39 -> 0 | K39: =G39+J39 -> 0 | M39: =M38+K39-L39 -> 1036892.1
E40: =SUM(E4:E37) -> 9359.68 | G40: =SUM(G4:G37) -> 856223.53 | H40: =SUM(H4:H37) -> 362 | J40: =SUM(J4:J37) -> 37434.42 | K40: =SUM(K4:K37) -> 893657.95 | L40: =SUM(L4:L37) -> 600000

Sheet Ankalgi
A1: Shiva ganga
A2: S.No | B2: Date | C2: GRN No | D2: Ind no/Bill No | E2: Diesel (Lts) | F2: Price | G2: Amount | H2: Petrol (Lts) | I2: Price | J2: Amount | K2: Total amount | L2: Amount paid | M2: As on Date | N2: Remarks
A3: Opening Balance | M3: 228405.77
A4: 1 | B4: 45901 | C4: 0 | E4: 0 | F4: 0 | G4: =E4*F4 -> 0 | H4: 0 | I4: 0 | J4: =H4*I4 -> 0 | K4: =G4+J4 -> 0 | L4: 128000 | M4: =M3+K4-L4 -> 100405.77
A5: 2 | B5: 45902 | C5: 0 | E5: 200 | F5: 91.31 | G5: =E5*F5 -> 18262 | H5: 10 | I5: 103.23 | J5: =H5*I5 -> 1032.3 | K5: =G5+J5 -> 19294.3 | L5: 0 | M5: =M4+K5-L5 -> 119700.07
A6: 3 | B6: 45903 | C6: 0 | E6: 0 | F6: 0 | G6: =E6*F6 -> 0 | H6: 0 | I6: 0 | J6: =H6*I6 -> 0 | K6: =G6+J6 -> 0 | L6: 0 | M6: =M5+K6-L6 -> 119700.07
A7: 4 | B7: 45904 | C7: 0 | E7: 0 | F7: 0 | G7: =E7*F7 -> 0 | H7: 0 | I7: 0 | J7: =H7*I7 -> 0 | K7: =G7+J7 -> 0 | L7: 0 | M7: =M6+K7-L7 -> 119700.07
A8: 5 | B8: 45905 | C8: 0 | E8: 63.01 | F8: 91.31 | G8: =E8*F8 -> 5753.4431 | H8: 15 | I8: 103.23 | J8: =H8*I8 -> 1548.45 | K8: =G8+J8 -> 7301.8931 | L8: 0 | M8: =M7+K8-L8 -> 127001.97
A9: 6 | B9: 45906 | C9: 0 | E9: 282.81 | F9: 91.31 | G9: =E9*F9 -> 25823.381 | H9: 16 | I9: 103.23 | J9: =H9*I9 -> 1651.68 | K9: =G9+J9 -> 27475.061 | L9: 0 | M9: =M8+K9-L9 -> 154477.03
A10: 7 | B10: 45907 | C10: 0 | E10: 35.79 | F10: 91.31 | G10: =E10*F10 -> 3267.9849 | H10: 0 | I10: 0 | J10: =H10*I10 -> 0 | K10: =G10+J10 -> 3267.9849 | L10: 0 | M10: =M9+K10-L10 -> 157745.01
A11: 8 | B11: 45908 | C11: 0 | E11: 65 | F11: 91.31 | G11: =E11*F11 -> 5935.15 | H11: 0 | I11: 0 | J11: =H11*I11 -> 0 | K11: =G11+J11 -> 5935.15 | L11: 157745 | M11: =M10+K11-L11 -> 5935.1617
A12: 9 | B12: 45909 | C12: 0 | E12: 0 | F12: 0 | G12: =E12*F12 -> 0 | H12: 5 | I12: 103.23 | J12: =H12*I12 -> 516.15 | K12: =G12+J12 -> 516.15 | L12: 0 | M12: =M11+K12-L12 -> 6451.3117
A13: 10 | B13: 45910 | C13: 0 | E13: 56.01 | F13: 91.31 | G13: =E13*F13 -> 5114.2731 | H13: 12 | I13: 103.23 | J13: =H13*I13 -> 1238.76 | K13: =G13+J13 -> 6353.0331 | L13: 0 | M13: =M12+K13-L13 -> 12804.345
A14: 11 | B14: 45911 | C14: 0 | E14: 10 | F14: 91.31 | G14: =E14*F14 -> 913.1 | H14: 0 | I14: 0 | J14: =H14*I14 -> 0 | K14: =G14+J14 -> 913.1 | L14: 0 | M14: =M13+K14-L14 -> 13717.445
A15: 12 | B15: 45912 | C15: 0 | E15: 0 | F15: 0 | G15: =E15*F15 -> 0 | H15: 0 | I15: 0 | J15: =H15*I15 -> 0 | K15: =G15+J15 -> 0 | L15: 0 | M15: =M14+K15-L15 -> 13717.445
... A33: 30 | B33: 45930 | C33: 0 | E33: 0 | F33: 0 | G33: =E33*F33 -> 0 | H33: 16 | I33: 103.23 | J33: =H33*I33 -> 1651.68 | K33: =G33+J33 -> 1651.68 | L33: 0 | M33: =M32+K33-L33 -> 105996.1
A34: 31 | C34: 0 | E34: 0 | F34: 0 | G34: =E34*F34 -> 0 | H34: 0 | I34: 0 | J34: =H34*I34 -> 0 | K34: =G34+J34 -> 0 | L34: 0 | M34: =M33+K34-L34 -> 105996.1
E35: =SUM(E4:E34) -> 1622.61 | G35: =SUM(G4:G34) -> 148160.52 | H35: =SUM(H4:H34) -> 147 | J35: =SUM(J4:J34) -> 15174.81 | K35: =SUM(K4:K34) -> 163335.33 | L35: =SUM(L4:L34) -> 285745

Sheet  Shankeshwar
A1: S R PATIL
A2: S.No | B2: Date | C2: GRN No | D2: Ind no/Bill No | E2: Diesel (Lts) | F2: Price | G2: Amount | H2: Petrol (Lts) | I2: Price | J2: Amount | K2: Total amount | L2: Amount paid | M2: As on Date | N2: Remarks
A3: Opening Balance | M3: 0
A4: 1 | B4: 45901 | C4: 0 | E4: 0 | F4: 0 | G4: =E4*F4 -> 0 | H4: 0 | I4: 0 | J4: =H4*I4 -> 0 | K4: =G4+J4 -> 0 | L4: =+K4 -> 0 | M4: =M3+K4-L4 -> 0
A5: 2 | B5: 45902 | C5: 0 | E5: 0 | F5: 0 | G5: =E5*F5 -> 0 | H5: 0 | I5: 0 | J5: =H5*I5 -> 0 | K5: =G5+J5 -> 0 | L5: =+K5 -> 0 | M5: =M4+K5-L5 -> 0
A6: 3 | B6: 45903 | C6: 0 | E6: 0 | F6: 0 | G6: =E6*F6 -> 0 | H6: 0 | I6: 0 | J6: =H6*I6 -> 0 | K6: =G6+J6 -> 0 | L6: =+K6 -> 0 | M6: =M5+K6-L6 -> 0
A7: 4 | B7: 45904 | C7: 0 | E7: 0 | F7: 0 | G7: =E7*F7 -> 0 | H7: 0 | I7: 0 | J7: =H7*I7 -> 0 | K7: =G7+J7 -> 0 | L7: =+K7 -> 0 | M7: =M6+K7-L7 -> 0
A8: 5 | B8: 45905 | C8: 0 | E8: 0 | F8: 0 | G8: =E8*F8 -> 0 | H8: 0 | I8: 0 | J8: =H8*I8 -> 0 | K8: =G8+J8 -> 0 | L8: =+K8 -> 0 | M8: =M7+K8-L8 -> 0
A9: 6 | B9: 45906 | C9: 0 | E9: 0 | F9: 0 | G9: =E9*F9 -> 0 | H9: 0 | I9: 0 | J9: =H9*I9 -> 0 | K9: =G9+J9 -> 0 | L9: =+K9 -> 0 | M9: =M8+K9-L9 -> 0
A10: 7 | B10: 45907 | C10: 0 | E10: 0 | F10: 0 | G10: =E10*F10 -> 0 | H10: 0 | I10: 0 | J10: =H10*I10 -> 0 | K10: =G10+J10 -> 0 | L10: =+K10 -> 0 | M10: =M9+K10-L10 -> 0
A11: 8 | B11: 45908 | C11: 0 | E11: 0 | F11: 0 | G11: =E11*F11 -> 0 | H11: 0 | I11: 0 | J11: =H11*I11 -> 0 | K11: =G11+J11 -> 0 | L11: =+K11 -> 0 | M11: =M10+K11-L11 -> 0
A12: 9 | B12: 45909 | C12: 0 | E12: 0 | F12: 0 | G12: =E12*F12 -> 0 | H12: 0 | I12: 0 | J12: =H12*I12 -> 0 | K12: =G12+J12 -> 0 | L12: =+K12 -> 0 | M12: =M11+K12-L12 -> 0
A13: 10 | B13: 45910 | C13: 0 | E13: 0 | F13: 0 | G13: =E13*F13 -> 0 | H13: 0 | I13: 0 | J13: =H13*I13 -> 0 | K13: =G13+J13 -> 0 | L13: =+K13 -> 0 | M13: =M12+K13-L13 -> 0
A14: 11 | B14: 45911 | C14: 0 | E14: 0 | F14: 0 | G14: =E14*F14 -> 0 | H14: 0 | I14: 0 | J14: =H14*I14 -> 0 | K14: =G14+J14 -> 0 | L14: =+K14 -> 0 | M14: =M13+K14-L14 -> 0
A15: 12 | B15: 45912 | C15: 0 | E15: 0 | F15: 0 | G15: =E15*F15 -> 0 | H15: 0 | I15: 0 | J15: =H15*I15 -> 0 | K15: =G15+J15 -> 0 | L15: =+K15 -> 0 | M15: =M14+K15-L15 -> 0
... A33: 30 | B33: 45930 | C33: 0 | E33: 0 | F33: 0 | G33: =E33*F33 -> 0 | H33: 0 | I33: 0 | J33: =H33*I33 -> 0 | K33: =G33+J33 -> 0 | L33: =+K33 -> 0 | M33: =M32+K33-L33 -> 0
A34: 31 | C34: 0 | E34: 0 | F34: 0 | G34: =E34*F34 -> 0 | H34: 0 | I34: 0 | J34: =H34*I34 -> 0 | K34: =G34+J34 -> 0 | L34: =+K34 -> 0 | M34: =M33+K34-L34 -> 0
E35: =SUM(E4:E34) -> 0 | G35: =SUM(G4:G34) -> 0 | H35: =SUM(H4:H34) -> 29 | J35: =SUM(J4:J34) -> 2993.38 | K35: =SUM(K4:K34) -> 2993.38 | L35: =SUM(L4:L34) -> 2993.38

Sheet kumta
A1: Krishma fuel station
A2: S.No | B2: Date | C2: GRN No | D2: Ind No/Bill No | E2: Diesel (Lts) | F2: Price | G2: Amount | H2: Petrol (Lts) | I2: Price | J2: Amount | K2: Total amount | L2: Amount paid | M2: As on Date | N2: Remarks
A3: Opening Balance | K3: 0 | M3: =+K3 -> 0
A4: 1 | B4: 45901 | E4: 43.73 | F4: 91.92 | G4: =E4*F4 -> 4019.6616 | H4: 4.52 | I4: 103.96 | J4: =H4*I4 -> 469.8992 | K4: =G4+J4 -> 4489.5608 | L4: =+K4 -> 4489.5608 | M4: =M3+K4-L4 -> 0 | N4: IOCL Card
A5: 2 | B5: 45902 | F5: 0 | G5: =E5*F5 -> 0 | H5: 0 | I5: 0 | J5: =H5*I5 -> 0 | K5: =G5+J5 -> 0 | L5: =+K5 -> 0 | M5: =M4+K5-L5 -> 0
A6: 3 | B6: 45903 | E6: 0 | F6: 0 | G6: =E6*F6 -> 0 | H6: 0 | I6: 0 | J6: =H6*I6 -> 0 | K6: =G6+J6 -> 0 | L6: =+K6 -> 0 | M6: =M5+K6-L6 -> 0
A7: 4 | B7: 45904 | E7: 40 | F7: 91.92 | G7: =E7*F7 -> 3676.8 | H7: 5.49 | I7: 103.96 | J7: =H7*I7 -> 570.7404 | K7: =G7+J7 -> 4247.5404 | L7: =+K7 -> 4247.5404 | M7: =M6+K7-L7 -> 0
A8: 5 | B8: 45905 | E8: 0 | F8: 0 | G8: =E8*F8 -> 0 | H8: 0 | I8: 0 | J8: =H8*I8 -> 0 | K8: =G8+J8 -> 0 | L8: =+K8 -> 0 | M8: =M7+K8-L8 -> 0
A9: 6 | B9: 45906 | E9: 0 | F9: 0 | G9: =E9*F9 -> 0 | H9: 0 | I9: 0 | J9: =H9*I9 -> 0 | K9: =G9+J9 -> 0 | L9: =+K9 -> 0 | M9: =M8+K9-L9 -> 0
A10: 7 | B10: 45907 | E10: 40 | F10: 91.92 | G10: =E10*F10 -> 3676.8 | H10: 0 | I10: 0 | J10: =H10*I10 -> 0 | K10: =G10+J10 -> 3676.8 | L10: =+K10 -> 3676.8 | M10: =M9+K10-L10 -> 0
A11: 8 | B11: 45908 | E11: 0 | F11: 0 | G11: =E11*F11 -> 0 | H11: 0 | I11: 0 | J11: =H11*I11 -> 0 | K11: =G11+J11 -> 0 | L11: =+K11 -> 0 | M11: =M10+K11-L11 -> 0
A12: 9 | B12: 45909 | E12: 0 | F12: 0 | G12: =E12*F12 -> 0 | H12: 0 | I12: 0 | J12: =H12*I12 -> 0 | K12: =G12+J12 -> 0 | L12: =+K12 -> 0 | M12: =M11+K12-L12 -> 0
A13: 10 | B13: 45910 | E13: 0 | F13: 0 | G13: =E13*F13 -> 0 | H13: 13.16 | I13: 103.96 | J13: =H13*I13 -> 1368.1136 | K13: =G13+J13 -> 1368.1136 | L13: =+K13 -> 1368.1136 | M13: =M12+K13-L13 -> 0
A14: 11 | B14: 45911 | E14: 0 | F14: 0 | G14: =E14*F14 -> 0 | H14: 0 | I14: 0 | J14: =H14*I14 -> 0 | K14: =G14+J14 -> 0 | L14: =+K14 -> 0 | M14: =M13+K14-L14 -> 0
A15: 12 | B15: 45912 | E15: 40 | F15: 91.92 | G15: =E15*F15 -> 3676.8 | H15: 0 | I15: 0 | J15: =H15*I15 -> 0 | K15: =G15+J15 -> 3676.8 | L15: =+K15 -> 3676.8 | M15: =M14+K15-L15 -> 0
A16: 13 | B16: 45913 | E16: 50 | F16: 91.92 | G16: =E16*F16 -> 4596 | H16: 0 | I16: 0 | J16: =H16*I16 -> 0 | K16: =G16+J16 -> 4596 | L16: =+K16 -> 4596 | M16: =M15+K16-L16 -> 0
A17: 14 | B17: 45914 | E17: 0 | F17: 0 | G17: =E17*F17 -> 0 | H17: 0 | I17: 0 | J17: =H17*I17 -> 0 | K17: =G17+J17 -> 0 | L17: =+K17 -> 0 | M17: =M16+K17-L17 -> 0
... A28: 25 | B28: 45925 | E28: 70 | F28: 91.92 | G28: =E28*F28 -> 6434.4 | H28: 0 | I28: 0 | J28: =H28*I28 -> 0 | K28: =G28+J28 -> 6434.4 | L28: =+K28 -> 6434.4 | M28: =M27+K28-L28 -> 0
A29: 26 | B29: 45926 | E29: 40 | F29: 91.92 | G29: =E29*F29 -> 3676.8 | H29: 12.74 | I29: 103.96 | J29: =H29*I29 -> 1324.4504 | K29: =G29+J29 -> 5001.2504 | L29: 5001.25 | M29: =M28+K29-L29 -> 0.0004
A30: 27 | B30: 45927 | E30: 40 | F30: 91.92 | G30: =E30*F30 -> 3676.8 | H30: 0 | I30: 103.96 | J30: =H30*I30 -> 0 | K30: =G30+J30 -> 3676.8 | L30: =+K30 -> 3676.8 | M30: =M29+K30-L30 -> 0.0004
A31: 28 | B31: 45928 | E31: 100 | F31: 91.92 | G31: =E31*F31 -> 9192 | H31: 0 | I31: 0 | J31: =H31*I31 -> 0 | K31: =G31+J31 -> 9192 | L31: =+K31 -> 9192 | M31: =M30+K31-L31 -> 0.0004
A32: 29 | B32: 45929 | E32: 70 | F32: 91.92 | G32: =E32*F32 -> 6434.4 | H32: 0 | I32: 0 | J32: =H32*I32 -> 0 | K32: =G32+J32 -> 6434.4 | L32: =+K32 -> 6434.4 | M32: =M31+K32-L32 -> 0.0004
A33: 30 | B33: 45930 | E33: 0 | F33: 0 | G33: =E33*F33 -> 0 | H33: 0 | I33: 0 | J33: =H33*I33 -> 0 | K33: =G33+J33 -> 0 | L33: =+K33 -> 0 | M33: =M32+K33-L33 -> 0.0004
A34: 31 | B34: 45931 | E34: 0 | F34: 0 | G34: =E34*F34 -> 0 | H34: 0 | I34: 0 | J34: =H34*I34 -> 0 | K34: =G34+J34 -> 0 | L34: =+K34 -> 0 | M34: =M33+K34-L34 -> 0.0004
E35: =SUM(E4:E34) -> 708.42 | G35: =SUM(G4:G34) -> 65117.966 | H35: =SUM(H4:H34) -> 48.37 | J35: =SUM(J4:J34) -> 5028.5452 | K35: =SUM(K4:K34) -> 70146.512 | L35: =SUM(L4:L34) -> 70146.511

Sheet Borgaon
A1: Aadisagar Petrolium
A2: S.No | B2: Date | C2: GRN No | D2: Ind no/Bill No | E2: Diesel (Lts) | F2: Price | G2: Amount | H2: Petrol (Lts) | I2: Price | J2: Amount | K2: Total amount | L2: Amount paid | M2: As on Date | N2: Remarks
A3: Opening Balance | K3: 38975.608 | M3: 38975.608
A4: 1 | B4: 45901 | E4: 0 | F4: 0 | G4: =E4*F4 -> 0 | H4: 0 | I4: 0 | J4: =H4*I4 -> 0 | K4: =G4+J4 -> 0 | L4: 0 | M4: =M3+K4-L4 -> 38975.608
A5: 2 | B5: 45902 | E5: 0 | F5: 0 | G5: =E5*F5 -> 0 | H5: 0 | I5: 0 | J5: =H5*I5 -> 0 | K5: =G5+J5 -> 0 | L5: 0 | M5: =M4+K5-L5 -> 38975.608
A6: 3 | B6: 45903 | E6: 0 | F6: 0 | G6: =E6*F6 -> 0 | H6: 5 | I6: 103.73 | J6: =H6*I6 -> 518.65 | K6: =G6+J6 -> 518.65 | L6: 0 | M6: =M5+K6-L6 -> 39494.258
A7: 4 | B7: 45904 | E7: 41 | F7: 91.77 | G7: =E7*F7 -> 3762.57 | H7: 0 | I7: 0 | J7: =H7*I7 -> 0 | K7: =G7+J7 -> 3762.57 | L7: 0 | M7: =M6+K7-L7 -> 43256.828
A8: 5 | B8: 45905 | E8: 0 | F8: 0 | G8: =E8*F8 -> 0 | H8: 6 | I8: 103.73 | J8: =H8*I8 -> 622.38 | K8: =G8+J8 -> 622.38 | L8: 0 | M8: =M7+K8-L8 -> 43879.208
A9: 6 | B9: 45906 | E9: 0 | F9: 0 | G9: =E9*F9 -> 0 | H9: 1.92 | I9: 103.73 | J9: =H9*I9 -> 199.1616 | K9: =G9+J9 -> 199.1616 | L9: 43000 | M9: =M8+K9-L9 -> 1078.3697
A10: 7 | B10: 45907 | E10: 20 | F10: 91.77 | G10: =E10*F10 -> 1835.4 | H10: 0 | I10: 0 | J10: =H10*I10 -> 0 | K10: =G10+J10 -> 1835.4 | L10: 0 | M10: =M9+K10-L10 -> 2913.7697
A11: 8 | B11: 45908 | E11: 67.5 | F11: 91.77 | G11: =E11*F11 -> 6194.475 | H11: 10 | I11: 103.73 | J11: =H11*I11 -> 1037.3 | K11: =G11+J11 -> 7231.775 | L11: 0 | M11: =M10+K11-L11 -> 10145.545
A12: 9 | B12: 45909 | E12: 20 | F12: 91.77 | G12: =E12*F12 -> 1835.4 | H12: 5 | I12: 103.73 | J12: =H12*I12 -> 518.65 | K12: =G12+J12 -> 2354.05 | L12: 0 | M12: =M11+K12-L12 -> 12499.595
A13: 10 | B13: 45910 | E13: 0 | F13: 0 | G13: =E13*F13 -> 0 | H13: 0 | I13: 0 | J13: =H13*I13 -> 0 | K13: =G13+J13 -> 0 | L13: 0 | M13: =M12+K13-L13 -> 12499.595
A14: 11 | B14: 45911 | E14: 0 | F14: 0 | G14: =E14*F14 -> 0 | H14: 5 | I14: 103.73 | J14: =H14*I14 -> 518.65 | K14: =G14+J14 -> 518.65 | L14: 0 | M14: =M13+K14-L14 -> 13018.245
A15: 12 | B15: 45912 | E15: 0 | F15: 0 | G15: =E15*F15 -> 0 | H15: 0 | I15: 0 | J15: =H15*I15 -> 0 | K15: =G15+J15 -> 0 | L15: 0 | M15: =M14+K15-L15 -> 13018.245
... A25: 22 | B25: 45922 | E25: 0 | F25: 0 | G25: =E25*F25 -> 0 | H25: 5 | I25: 103.73 | J25: =H25*I25 -> 518.65 | K25: =G25+J25 -> 518.65 | L25: 0 | M25: =M24+K25-L25 -> 28008.865
A26: 23 | B26: 45923 | E26: 0 | F26: 0 | G26: =E26*F26 -> 0 | H26: 6 | I26: 103.73 | J26: =H26*I26 -> 622.38 | K26: =G26+J26 -> 622.38 | L26: 0 | M26: =M25+K26-L26 -> 28631.245 | Q26: d
A27: 24 | B27: 45924 | E27: 20 | F27: 91.77 | G27: =E27*F27 -> 1835.4 | H27: 0 | I27: 0 | J27: =H27*I27 -> 0 | K27: =G27+J27 -> 1835.4 | L27: 0 | M27: =M26+K27-L27 -> 30466.645 | Q27: 30 | R27: 50
A28: 25 | B28: 45925 | E28: 30 | F28: 91.77 | G28: =E28*F28 -> 2753.1 | H28: 0 | I28: 0 | J28: =H28*I28 -> 0 | K28: =G28+J28 -> 2753.1 | L28: 0 | M28: =M27+K28-L28 -> 33219.745 | Q28: 50 | R28: 4.51
A29: 26 | B29: 45926 | E29: 0 | F29: 0 | G29: =E29*F29 -> 0 | H29: 5 | I29: 103.73 | J29: =H29*I29 -> 518.65 | K29: =G29+J29 -> 518.65 | L29: 0 | M29: =M28+K29-L29 -> 33738.395
A30: 27 | B30: 45927 | E30: 0 | F30: 0 | G30: =E30*F30 -> 0 | H30: 0 | I30: 0 | J30: =H30*I30 -> 0 | K30: =G30+J30 -> 0 | L30: 0 | M30: =M29+K30-L30 -> 33738.395
A31: 28 | B31: 45928 | E31: 0 | F31: 0 | G31: =E31*F31 -> 0 | H31: 0 | I31: 0 | J31: =H31*I31 -> 0 | K31: =G31+J31 -> 0 | L31: 0 | M31: =M30+K31-L31 -> 33738.395
A32: 29 | B32: 45929 | E32: 0 | F32: 0 | G32: =E32*F32 -> 0 | H32: 0 | I32: 0 | J32: =H32*I32 -> 0 | K32: =G32+J32 -> 0 | L32: 0 | M32: =M31+K32-L32 -> 33738.395
A33: 30 | B33: 45930 | E33: 80 | F33: 91.77 | G33: =E33*F33 -> 7341.6 | H33: 4.99 | I33: 103.73 | J33: =H33*I33 -> 517.6127 | K33: =G33+J33 -> 7859.2127 | L33: 0 | M33: =M32+K33-L33 -> 41597.607
A34: 31 | B34: 45931 | E34: 0 | F34: 0 | G34: =E34*F34 -> 0 | H34: 0 | I34: 0 | J34: =H34*I34 -> 0 | K34: =G34+J34 -> 0 | L34: 0 | M34: =M33+K34-L34 -> 41597.607
E35: =SUM(E4:E34) -> 393.5 | G35: =SUM(G4:G34) -> 36111.495 | H35: =SUM(H4:H34) -> 90.91 | J35: =SUM(J4:J34) -> 9510.5043 | K35: =SUM(K4:K34) -> 45621.999 | L35: =SUM(L4:L34) -> 43000

Sheet Ugar,Khagwad,Kudichi
A1: Shiri Bhrhmanath Petrolium
A2: S.No | B2: Date | C2: GRN No | D2: Ind No/Bill No | E2: Diesel (Lts) | F2: Price | G2: Amount | H2: Petrol (Lts) | I2: Price | J2: Amount | K2: Total amount | L2: Amount paid | M2: As on Date | N2: Remarks
A3: Opening Balance | K3: 276896.24 | M3: 276896.24
A4: 1 | B4: 45901 | E4: 470 | F4: 91.93 | G4: =E4*F4 -> 43207.1 | H4: 35 | I4: 103.89 | J4: =H4*I4 -> 3636.15 | K4: =G4+J4 -> 46843.25 | L4: 0 | M4: =M3+K4-L4 -> 323739.49
A5: 2 | B5: 45902 | E5: 70 | F5: 91.93 | G5: =E5*F5 -> 6435.1 | H5: 5 | I5: 103.89 | J5: =H5*I5 -> 519.45 | K5: =G5+J5 -> 6954.55 | L5: 0 | M5: =M4+K5-L5 -> 330694.04
A6: 3 | B6: 45903 | E6: 0 | F6: 0 | G6: =E6*F6 -> 0 | H6: 10 | I6: 103.89 | J6: =H6*I6 -> 1038.9 | K6: =G6+J6 -> 1038.9 | L6: 0 | M6: =M5+K6-L6 -> 331732.94
A7: 4 | B7: 45904 | E7: 215 | F7: 91.93 | G7: =E7*F7 -> 19764.95 | H7: 10 | I7: 103.89 | J7: =H7*I7 -> 1038.9 | K7: =G7+J7 -> 20803.85 | L7: 0 | M7: =M6+K7-L7 -> 352536.79
A8: 5 | B8: 45905 | E8: 100 | F8: 91.93 | G8: =E8*F8 -> 9193 | H8: 15 | I8: 103.89 | J8: =H8*I8 -> 1558.35 | K8: =G8+J8 -> 10751.35 | L8: 0 | M8: =M7+K8-L8 -> 363288.14
A9: 6 | B9: 45906 | E9: 90 | F9: 91.93 | G9: =E9*F9 -> 8273.7 | H9: 35 | I9: 103.89 | J9: =H9*I9 -> 3636.15 | K9: =G9+J9 -> 11909.85 | L9: 0 | M9: =M8+K9-L9 -> 375197.99
A10: 7 | B10: 45907 | E10: 310 | F10: 91.93 | G10: =E10*F10 -> 28498.3 | H10: 0 | I10: 0 | J10: =H10*I10 -> 0 | K10: =G10+J10 -> 28498.3 | L10: 0 | M10: =M9+K10-L10 -> 403696.29
A11: 8 | B11: 45908 | E11: 330 | F11: 91.93 | G11: =E11*F11 -> 30336.9 | H11: 0 | I11: 0 | J11: =H11*I11 -> 0 | K11: =G11+J11 -> 30336.9 | L11: 403000 | M11: =M10+K11-L11 -> 31033.189
A12: 9 | B12: 45909 | E12: 90 | F12: 91.93 | G12: =E12*F12 -> 8273.7 | H12: 0 | I12: 0 | J12: =H12*I12 -> 0 | K12: =G12+J12 -> 8273.7 | L12: 0 | M12: =M11+K12-L12 -> 39306.889
A13: 10 | B13: 45910 | E13: 0 | F13: 0 | G13: =E13*F13 -> 0 | H13: 15 | I13: 103.89 | J13: =H13*I13 -> 1558.35 | K13: =G13+J13 -> 1558.35 | L13: 0 | M13: =M12+K13-L13 -> 40865.239
A14: 11 | B14: 45911 | E14: 350 | F14: 91.93 | G14: =E14*F14 -> 32175.5 | H14: 5 | I14: 103.89 | J14: =H14*I14 -> 519.45 | K14: =G14+J14 -> 32694.95 | L14: 0 | M14: =M13+K14-L14 -> 73560.189
A15: 12 | B15: 45912 | E15: 157.61 | F15: 91.93 | G15: =E15*F15 -> 14489.087 | H15: 0 | I15: 0 | J15: =H15*I15 -> 0 | K15: =G15+J15 -> 14489.087 | L15: 0 | M15: =M14+K15-L15 -> 88049.276
... A33: 30 | B33: 45930 | E33: 40 | F33: 91.93 | G33: =E33*F33 -> 3677.2 | H33: 0 | I33: 0 | J33: =H33*I33 -> 0 | K33: =G33+J33 -> 3677.2 | L33: 0 | M33: =M32+K33-L33 -> 230919.24
A34: 31 | E34: 0 | F34: 0 | G34: =E34*F34 -> 0 | H34: 0 | I34: 0 | J34: =H34*I34 -> 0 | K34: =G34+J34 -> 0 | L34: 0 | M34: =M33+K34-L34 -> 230919.24
E35: =SUM(E4:E34) -> 3544.61 | G35: =SUM(G4:G34) -> 325856 | H35: =SUM(H4:H34) -> 300 | J35: =SUM(J4:J34) -> 31167 | K35: =SUM(K4:K34) -> 357023 | L35: =SUM(L4:L34) -> 403000

Sheet Kabbur
A1: Shri Jai Hanuman Petrolium
A2: S.No | B2: Date | C2: GRN No | D2: Ind no/Bill No | E2: Diesel (Lts) | F2: Price | G2: Amount | H2: Petrol (Lts) | I2: Price | J2: Amount | K2: Total amount | L2: Amount paid | M2: As on Date | N2: Remarks
A3: Opening Balance | K3: 0 | M3: =+K3 -> 0
A4: 1 | B4: 45901 | E4: 0 | F4: 0 | G4: =E4*F4 -> 0 | K4: =G4+J4 -> 0 | L4: =+K4 -> 0
A5: 2 | B5: 45902 | E5: 0 | F5: 0 | G5: =E5*F5 -> 0 | K5: =G5+J5 -> 0 | L5: =+K5 -> 0
A6: 3 | B6: 45903 | E6: 0 | F6: 0 | G6: =E6*F6 -> 0 | K6: =G6+J6 -> 0 | L6: =+K6 -> 0
A7: 4 | B7: 45904 | E7: 0 | F7: 0 | G7: =E7*F7 -> 0 | K7: =G7+J7 -> 0 | L7: =+K7 -> 0
A8: 5 | B8: 45905 | E8: 0 | F8: 0 | G8: =E8*F8 -> 0 | K8: =G8+J8 -> 0 | L8: =+K8 -> 0
A9: 6 | B9: 45906 | E9: 0 | F9: 0 | G9: =E9*F9 -> 0 | K9: =G9+J9 -> 0 | L9: =+K9 -> 0
A10: 7 | B10: 45907 | E10: 0 | F10: 0 | G10: =E10*F10 -> 0 | K10: =G10+J10 -> 0 | L10: =+K10 -> 0
A11: 8 | B11: 45908 | E11: 0 | F11: 0 | G11: =E11*F11 -> 0 | K11: =G11+J11 -> 0 | L11: =+K11 -> 0
A12: 9 | B12: 45909 | E12: 70 | F12: 91.59 | G12: =E12*F12 -> 6411.3 | H12: 5 | I12: 103.53 | J12: =H12*I12 -> 517.65 | K12: =G12+J12 -> 6928.95 | L12: =+K12 -> 6928.95
A13: 10 | B13: 45910 | E13: 0 | F13: 0 | G13: =E13*F13 -> 0 | J13: =H13*I13 -> 0 | K13: =G13+J13 -> 0 | L13: =+K13 -> 0
A14: 11 | B14: 45911 | E14: 0 | F14: 0 | G14: =E14*F14 -> 0 | J14: =H14*I14 -> 0 | K14: =G14+J14 -> 0 | L14: =+K14 -> 0
A15: 12 | B15: 45912 | E15: 155 | F15: 91.59 | G15: =E15*F15 -> 14196.45 | H15: 6 | I15: 103.53 | J15: =H15*I15 -> 621.18 | K15: =G15+J15 -> 14817.63 | L15: =+K15 -> 14817.63
A16: 13 | B16: 45913 | E16: 0 | F16: 0 | G16: =E16*F16 -> 0 | J16: =H16*I16 -> 0 | K16: =G16+J16 -> 0 | L16: =+K16 -> 0
A17: 14 | B17: 45914 | E17: 0 | F17: 0 | G17: =E17*F17 -> 0 | J17: =H17*I17 -> 0 | K17: =G17+J17 -> 0 | L17: =+K17 -> 0
A18: 15 | B18: 45915 | E18: 100 | F18: 91.59 | G18: =E18*F18 -> 9159 | J18: =H18*I18 -> 0 | K18: =G18+J18 -> 9159 | L18: =+K18 -> 9159
A19: 16 | B19: 45916 | E19: 0 | F19: 0 | G19: =E19*F19 -> 0 | J19: =H19*I19 -> 0 | K19: =G19+J19 -> 0 | L19: =+K19 -> 0
A20: 17 | B20: 45917 | E20: 0 | F20: 0 | G20: =E20*F20 -> 0 | J20: =H20*I20 -> 0 | K20: =G20+J20 -> 0 | L20: =+K20 -> 0
A21: 18 | B21: 45918 | E21: 0 | F21: 0 | G21: =E21*F21 -> 0 | J21: =H21*I21 -> 0 | K21: =G21+J21 -> 0 | L21: =+K21 -> 0
A22: 19 | B22: 45919 | E22: 0 | F22: 0 | G22: =E22*F22 -> 0 | J22: =H22*I22 -> 0 | K22: =G22+J22 -> 0 | L22: =+K22 -> 0
A23: 20 | B23: 45920 | E23: 0 | F23: 0 | G23: =E23*F23 -> 0 | J23: =H23*I23 -> 0 | K23: =G23+J23 -> 0 | L23: =+K23 -> 0
A24: 21 | B24: 45921 | E24: 0 | F24: 0 | G24: =E24*F24 -> 0 | J24: =H24*I24 -> 0 | K24: =G24+J24 -> 0 | L24: =+K24 -> 0
A25: 22 | B25: 45922 | E25: 0 | F25: 0 | G25: =E25*F25 -> 0 | H25: 15.25 | I25: 103.53 | J25: =H25*I25 -> 1578.8325 | K25: =G25+J25 -> 1578.8325 | L25: =+K25 -> 1578.8325
A26: 23 | B26: 45923 | E26: 0 | F26: 0 | G26: =E26*F26 -> 0 | J26: =H26*I26 -> 0 | K26: =G26+J26 -> 0 | L26: =+K26 -> 0
A27: 24 | B27: 45924 | E27: 100 | F27: 91.59 | G27: =E27*F27 -> 9159 | K27: =G27+J27 -> 9159 | L27: =+K27 -> 9159 | O27: 0
A28: 25 | B28: 45925 | E28: 0 | F28: 0 | G28: =E28*F28 -> 0 | K28: =G28+J28 -> 0 | L28: =+K28 -> 0
A29: 26 | B29: 45926 | E29: 0 | F29: 0 | G29: =E29*F29 -> 0 | K29: =G29+J29 -> 0 | L29: =+K29 -> 0
A30: 27 | B30: 45927 | E30: 0 | F30: 0 | G30: =E30*F30 -> 0 | K30: =G30+J30 -> 0 | L30: =+K30 -> 0
A31: 28 | B31: 45928 | E31: 0 | F31: 0 | G31: =E31*F31 -> 0 | K31: =G31+J31 -> 0 | L31: =+K31 -> 0
A32: 29 | B32: 45929 | E32: 0 | F32: 0 | G32: =E32*F32 -> 0 | K32: =G32+J32 -> 0 | L32: =+K32 -> 0
A33: 30 | B33: 45930 | E33: 0 | F33: 0 | G33: =E33*F33 -> 0 | K33: =G33+J33 -> 0 | L33: =+K33 -> 0
A34: 31 | E34: 0 | F34: 0 | G34: =E34*F34 -> 0 | K34: =G34+J34 -> 0
E35: =SUM(E4:E34) -> 425 | G35: =SUM(G4:G34) -> 38925.75 | H35: =SUM(H4:H34) -> 26.25 | J35: =SUM(J4:J34) -> 2717.6625 | K35: =SUM(K4:K34) -> 41643.413 | L35: =SUM(L4:L34) -> 41643.413

Sheet Jalgaon
A1: Sri Sai Petrol Pump
A2: S.No | B2: Date | C2: GRN No | D2: Ind No/Bill No | E2: Diesel (Lts) | F2: Price | G2: Amount | H2: Petrol (Lts) | I2: Price | J2: Amount | K2: Total amount | L2: Amount paid | M2: As on Date | N2: Remarks
A3: Opening Balance | K3: 215765.12 | M3: =+K3 -> 215765.12
A4: 1 | B4: 45901 | E4: 469.69 | F4: 91.71 | G4: =E4*F4 -> 43075.27 | H4: 0 | I4: 0 | J4: =H4*I4 -> 0 | K4: =G4+J4 -> 43075.27 | L4: 0 | M4: =M3+K4-L4 -> 258840.39
A5: 2 | B5: 45902 | E5: 525 | F5: 91.71 | G5: =E5*F5 -> 48147.75 | H5: 0 | I5: 0 | J5: =H5*I5 -> 0 | K5: =G5+J5 -> 48147.75 | L5: 0 | M5: =M4+K5-L5 -> 306988.14
A6: 3 | B6: 45903 | E6: 400 | F6: 91.71 | G6: =E6*F6 -> 36684 | H6: 0 | I6: 0 | J6: =H6*I6 -> 0 | K6: =G6+J6 -> 36684 | L6: 0 | M6: =M5+K6-L6 -> 343672.14
A7: 4 | B7: 45904 | E7: 443 | F7: 91.71 | G7: =E7*F7 -> 40627.53 | H7: 0 | I7: 0 | J7: =H7*I7 -> 0 | K7: =G7+J7 -> 40627.53 | L7: 0 | M7: =M6+K7-L7 -> 384299.67
A8: 5 | B8: 45905 | E8: 475 | F8: 91.71 | G8: =E8*F8 -> 43562.25 | H8: 0 | I8: 0 | J8: =H8*I8 -> 0 | K8: =G8+J8 -> 43562.25 | L8: 0 | M8: =M7+K8-L8 -> 427861.92
A9: 6 | B9: 45906 | E9: 45 | F9: 91.71 | G9: =E9*F9 -> 4126.95 | H9: 0 | I9: 0 | J9: =H9*I9 -> 0 | K9: =G9+J9 -> 4126.95 | L9: 0 | M9: =M8+K9-L9 -> 431988.87
A10: 7 | B10: 45907 | E10: 57.28 | F10: 91.71 | G10: =E10*F10 -> 5253.1488 | H10: 0 | I10: 0 | J10: =H10*I10 -> 0 | K10: =G10+J10 -> 5253.1488 | L10: 0 | M10: =M9+K10-L10 -> 437242.02
A11: 8 | B11: 45908 | E11: 800 | F11: 91.71 | G11: =E11*F11 -> 73368 | H11: 0 | I11: 0 | J11: =H11*I11 -> 0 | K11: =G11+J11 -> 73368 | L11: 300000 | M11: =M10+K11-L11 -> 210610.02
A12: 9 | B12: 45909 | E12: 143.41 | F12: 91.71 | G12: =E12*F12 -> 13152.131 | H12: 0 | I12: 0 | J12: =H12*I12 -> 0 | K12: =G12+J12 -> 13152.131 | L12: 0 | M12: =M11+K12-L12 -> 223762.15
A13: 10 | B13: 45910 | E13: 440 | F13: 91.71 | G13: =E13*F13 -> 40352.4 | H13: 0 | I13: 0 | J13: =H13*I13 -> 0 | K13: =G13+J13 -> 40352.4 | L13: 0 | M13: =M12+K13-L13 -> 264114.55
A14: 11 | B14: 45911 | E14: 470 | F14: 91.71 | G14: =E14*F14 -> 43103.7 | H14: 6.18 | I14: 105.19 | J14: =H14*I14 -> 650.0742 | K14: =G14+J14 -> 43753.774 | L14: 0 | M14: =M13+K14-L14 -> 307868.32
A15: 12 | B15: 45912 | E15: 400 | F15: 91.71 | G15: =E15*F15 -> 36684 | H15: 0 | I15: 0 | J15: =H15*I15 -> 0 | K15: =G15+J15 -> 36684 | L15: 0 | M15: =M14+K15-L15 -> 344552.32
... A30: 27 | B30: 45927 | E30: 430 | F30: 91.71 | G30: =E30*F30 -> 39435.3 | H30: 0 | I30: 0 | J30: =H30*I30 -> 0 | K30: =G30+J30 -> 39435.3 | L30: 0 | M30: =M29+K30-L30 -> 418477.57
B31: 45927 | E31: 43.46 | F31: 92.03 | G31: =E31*F31 -> 3999.6238 | K31: =G31+J31 -> 3999.6238 | L31: 4000 | M31: =M30+K31-L31 -> 418477.19
A32: 28 | B32: 45928 | E32: 0 | F32: 0 | G32: =E32*F32 -> 0 | H32: 0 | I32: 105.19 | J32: =H32*I32 -> 0 | K32: =G32+J32 -> 0 | L32: 0 | M32: =M31+K32-L32 -> 418477.19
A33: 29 | B33: 45929 | E33: 498.47 | F33: 91.71 | G33: =E33*F33 -> 45714.684 | H33: 5 | I33: 0 | J33: =H33*I33 -> 0 | K33: =G33+J33 -> 45714.684 | L33: 0 | M33: =M32+K33-L33 -> 464191.87
A34: 30 | B34: 45930 | E34: 495 | F34: 91.71 | G34: =E34*F34 -> 45396.45 | H34: 0 | I34: 0 | J34: =H34*I34 -> 0 | K34: =G34+J34 -> 45396.45 | L34: 0 | M34: =M33+K34-L34 -> 509588.32
A35: 31 | E35: 0 | F35: 0 | G35: =E35*F35 -> 0 | H35: 0 | I35: 0 | J35: =H35*I35 -> 0 | K35: =G35+J35 -> 0 | L35: 0 | M35: =M34+K35-L35 -> 509588.32
A36: 32 | E36: 0 | F36: 0 | G36: =E36*F36 -> 0 | H36: 0 | I36: 0 | J36: =H36*I36 -> 0 | K36: =G36+J36 -> 0 | L36: 0 | M36: =M35+K36-L36 -> 509588.32
A37: 33 | E37: 0 | F37: 0 | G37: =E37*F37 -> 0 | H37: 0 | I37: 0 | J37: =H37*I37 -> 0 | K37: =G37+J37 -> 0 | L37: 0 | M37: =M36+K37-L37 -> 509588.32
A38: 34 | E38: 0 | F38: 0 | G38: =E38*F38 -> 0 | H38: 0 | I38: 0 | J38: =H38*I38 -> 0 | K38: =G38+J38 -> 0 | L38: 0 | M38: =M37+K38-L38 -> 509588.32
A39: 35 | E39: 0 | F39: 0 | G39: =E39*F39 -> 0 | H39: 0 | I39: 0 | J39: =H39*I39 -> 0 | K39: =G39+J39 -> 0 | L39: 0 | M39: =M38+K39-L39 -> 509588.32
A40: 36 | E40: 0 | F40: 0 | G40: =E40*F40 -> 0 | H40: 0 | I40: 0 | J40: =H40*I40 -> 0 | K40: =G40+J40 -> 0 | L40: 0 | M40: =M39+K40-L40 -> 509588.32
A41: 37 | E41: 0 | F41: 0 | G41: =E41*F41 -> 0 | H41: 0 | I41: 0 | J41: =H41*I41 -> 0 | K41: =G41+J41 -> 0 | L41: 0 | M41: =M40+K41-L41 -> 509588.32
A42: 38 | E42: 0 | F42: 0 | G42: =E42*F42 -> 0 | H42: 0 | I42: 0 | J42: =H42*I42 -> 0 | K42: =G42+J42 -> 0 | L42: 0 | M42: =M41+K42-L42 -> 509588.32
A43: 39 | E43: 0 | F43: 0 | G43: =E43*F43 -> 0 | H43: 0 | I43: 0 | J43: =H43*I43 -> 0 | K43: =G43+J43 -> 0 | L43: 0 | M43: =M42+K43-L43 -> 509588.32
A44: 40 | E44: 0 | F44: 0 | G44: =E44*F44 -> 0 | H44: 0 | I44: 0 | J44: =H44*I44 -> 0 | K44: =G44+J44 -> 0 | L44: 0 | M44: =M43+K44-L44 -> 509588.32
E45: =SUM(E4:E44) -> 10846.58 | G45: =SUM(G4:G44) -> 994753.76 | H45: =SUM(H4:H44) -> 34.18 | J45: =SUM(J4:J44) -> 3069.4442 | K45: =SUM(K4:K44) -> 997823.2 | L45: =SUM(L4:L44) -> 704000

Sheet MKBD
A1: Shree Sai Samarth Petroleum
A2: S.No | B2: Date | C2: GRN No | D2: Ind No/Bill No | E2: Diesel (Lts) | F2: Price | G2: Amount | H2: Petrol (Lts) | I2: Price | J2: Amount | K2: Total amount | L2: Amount paid | M2: As on Date | N2: Remarks
A3: Opening Balance | K3: 1341625.6 | M3: 1341625.6 | O3: 1194597
A4: 1 | B4: 45901 | C4: 0 | E4: 0 | F4: 0 | G4: =E4*F4 -> 0 | H4: 0 | I4: 0 | J4: =H4*I4 -> 0 | K4: =G4+J4 -> 0 | M4: =M3+K4-L4 -> 1341625.6
A5: 2 | B5: 45902 | C5: 0 | E5: 0 | F5: 0 | G5: =E5*F5 -> 0 | H5: 0 | I5: 0 | J5: =H5*I5 -> 0 | K5: =G5+J5 -> 0 | M5: =M4+K5-L5 -> 1341625.6
A6: 3 | B6: 45903 | C6: 0 | E6: 0 | F6: 0 | G6: =E6*F6 -> 0 | H6: 0 | I6: 0 | J6: =H6*I6 -> 0 | K6: =G6+J6 -> 0 | M6: =M5+K6-L6 -> 1341625.6
A7: 4 | B7: 45904 | C7: 0 | E7: 0 | F7: 0 | G7: =E7*F7 -> 0 | H7: 0 | I7: 0 | J7: =H7*I7 -> 0 | K7: =G7+J7 -> 0 | M7: =M6+K7-L7 -> 1341625.6
A8: 5 | B8: 45905 | C8: 0 | E8: 0 | F8: 0 | G8: =E8*F8 -> 0 | H8: 0 | I8: 0 | J8: =H8*I8 -> 0 | K8: =G8+J8 -> 0 | M8: =M7+K8-L8 -> 1341625.6
A9: 6 | B9: 45906 | C9: 0 | E9: 0 | F9: 0 | G9: =E9*F9 -> 0 | H9: 0 | I9: 0 | J9: =H9*I9 -> 0 | K9: =G9+J9 -> 0 | M9: =M8+K9-L9 -> 1341625.6
A10: 7 | B10: 45907 | C10: 0 | E10: 2000 | F10: 91.14 | G10: =E10*F10 -> 182280 | H10: 20 | I10: 104.6 | J10: =H10*I10 -> 2092 | K10: =G10+J10 -> 184372 | M10: =M9+K10-L10 -> 1525997.6
A11: 8 | B11: 45908 | C11: 0 | E11: 0 | F11: 0 | G11: =E11*F11 -> 0 | H11: 0 | I11: 0 | J11: =H11*I11 -> 0 | K11: =G11+J11 -> 0 | L11: 1521955 | M11: =M10+K11-L11 -> 4042.65
A12: 9 | B12: 45909 | C12: 0 | E12: 0 | F12: 0 | G12: =E12*F12 -> 0 | H12: 0 | I12: 0 | J12: =H12*I12 -> 0 | K12: =G12+J12 -> 0 | M12: =M11+K12-L12 -> 4042.65
A13: 10 | B13: 45910 | C13: 0 | E13: 0 | F13: 0 | G13: =E13*F13 -> 0 | H13: 0 | I13: 0 | J13: =H13*I13 -> 0 | K13: =G13+J13 -> 0 | M13: =M12+K13-L13 -> 4042.65
A14: 11 | B14: 45911 | C14: 0 | E14: 0 | F14: 0 | G14: =E14*F14 -> 0 | H14: 0 | I14: 0 | J14: =H14*I14 -> 0 | K14: =G14+J14 -> 0 | M14: =M13+K14-L14 -> 4042.65
A15: 12 | B15: 45912 | C15: 0 | E15: 0 | F15: 0 | G15: =E15*F15 -> 0 | H15: 0 | I15: 0 | J15: =H15*I15 -> 0 | K15: =G15+J15 -> 0 | M15: =M14+K15-L15 -> 4042.65
A16: 13 | B16: 45913 | C16: 0 | E16: 0 | F16: 0 | G16: =E16*F16 -> 0 | H16: 0 | I16: 0 | J16: =H16*I16 -> 0 | K16: =G16+J16 -> 0 | M16: =M15+K16-L16 -> 4042.65
A17: 14 | B17: 45914 | C17: 0 | E17: 0 | F17: 0 | G17: =E17*F17 -> 0 | H17: 0 | I17: 0 | J17: =H17*I17 -> 0 | K17: =G17+J17 -> 0 | M17: =M16+K17-L17 -> 4042.65
A18: 15 | B18: 45915 | C18: 0 | E18: 500 | F18: 91.14 | G18: =E18*F18 -> 45570 | H18: 20 | I18: 104.6 | J18: =H18*I18 -> 2092 | K18: =G18+J18 -> 47662 | M18: =M17+K18-L18 -> 51704.65
A19: 16 | B19: 45916 | C19: 0 | E19: 0 | F19: 0 | G19: =E19*F19 -> 0 | H19: 0 | I19: 0 | J19: =H19*I19 -> 0 | K19: =G19+J19 -> 0 | M19: =M18+K19-L19 -> 51704.65
A20: 17 | B20: 45917 | C20: 0 | E20: 0 | F20: 0 | G20: =E20*F20 -> 0 | H20: 0 | I20: 0 | J20: =H20*I20 -> 0 | K20: =G20+J20 -> 0 | M20: =M19+K20-L20 -> 51704.65
A21: 18 | B21: 45918 | C21: 0 | E21: 0 | F21: 0 | G21: =E21*F21 -> 0 | H21: 0 | I21: 0 | J21: =H21*I21 -> 0 | K21: =G21+J21 -> 0 | M21: =M20+K21-L21 -> 51704.65
A22: 19 | B22: 45919 | C22: 0 | E22: 0 | F22: 0 | G22: =E22*F22 -> 0 | H22: 0 | I22: 0 | J22: =H22*I22 -> 0 | K22: =G22+J22 -> 0 | M22: =M21+K22-L22 -> 51704.65
A23: 20 | B23: 45920 | C23: 0 | E23: 0 | F23: 0 | G23: =E23*F23 -> 0 | H23: 0 | I23: 0 | J23: =H23*I23 -> 0 | K23: =G23+J23 -> 0 | M23: =M22+K23-L23 -> 51704.65
... A32: 29 | B32: 45929 | C32: 0 | E32: 600 | F32: 91.14 | G32: =E32*F32 -> 54684 | H32: 20 | I32: 104.6 | J32: =H32*I32 -> 2092 | K32: =G32+J32 -> 56776 | M32: =M31+K32-L32 -> 108480.65
A33: 30 | B33: 45930 | C33: 0 | E33: 80 | F33: 95.72 | G33: =E33*F33 -> 7657.6 | H33: 0 | I33: 0 | J33: =H33*I33 -> 0 | K33: =G33+J33 -> 7657.6 | L33: 7657.6 | M33: =M32+K33-L33 -> 108480.65
A34: 31 | C34: 0 | E34: 0 | F34: 0 | G34: =E34*F34 -> 0 | H34: 0 | I34: 0 | J34: =H34*I34 -> 0 | K34: =G34+J34 -> 0 | M34: =M33+K34-L34 -> 108480.65
A35: 32 | E35: 0 | F35: 0 | G35: =E35*F35 -> 0 | H35: 0 | I35: 0 | J35: =H35*I35 -> 0 | K35: =G35+J35 -> 0 | M35: =M34+K35-L35 -> 108480.65 | P35: 1194597.7 | Q35: =P35-M35 -> 1086117.1
E36: =SUM(E4:E35) -> 3180 | G36: =SUM(G4:G35) -> 290191.6 | H36: =SUM(H4:H35) -> 60 | J36: =SUM(J4:J35) -> 6276 | K36: =SUM(K4:K35) -> 296467.6 | L36: =SUM(L4:L35) -> 1529612.6

Sheet Srirangapatna
A1: Anupama F/S
A2: S.No | B2: Date | C2: GRN No | D2: Ind no/Bill No | E2: Diesel (Lts) | F2: Price | G2: Amount | H2: Petrol (Lts) | I2: Price | J2: Amount | K2: Total amount | L2: Amount paid | M2: As on Date | N2: Remarks
A3: Opening Balance | M3: 0
A4: 1 | B4: 45901 | E4: 0 | F4: 0 | G4: =E4*F4 -> 0 | H4: 0 | I4: 0 | J4: =H4*I4 -> 0 | K4: =G4+J4 -> 0 | L4: =+K4 -> 0 | M4: 0
A5: 2 | B5: 45902 | E5: 0 | F5: 0 | G5: =E5*F5 -> 0 | H5: 0 | I5: 0 | J5: =H5*I5 -> 0 | K5: =G5+J5 -> 0 | L5: =+K5 -> 0 | M5: 0
A6: 3 | B6: 45903 | E6: 0 | F6: 0 | G6: =E6*F6 -> 0 | H6: 0 | I6: 0 | J6: =H6*I6 -> 0 | K6: =G6+J6 -> 0 | L6: =+K6 -> 0 | M6: 0
A7: 4 | B7: 45904 | E7: 0 | F7: 0 | G7: =E7*F7 -> 0 | H7: 0 | I7: 0 | J7: =H7*I7 -> 0 | K7: =G7+J7 -> 0 | L7: =+K7 -> 0 | M7: 0
A8: 5 | B8: 45905 | E8: 0 | F8: 0 | G8: =E8*F8 -> 0 | H8: 14.74 | I8: 102.46 | J8: =H8*I8 -> 1510.2604 | K8: =G8+J8 -> 1510.2604 | L8: =+K8 -> 1510.2604 | M8: 0
A9: 6 | B9: 45906 | E9: 0 | F9: 0 | G9: =E9*F9 -> 0 | H9: 0 | I9: 0 | J9: =H9*I9 -> 0 | K9: =G9+J9 -> 0 | L9: =+K9 -> 0 | M9: 0
A10: 7 | B10: 45907 | E10: 0 | F10: 0 | G10: =E10*F10 -> 0 | H10: 0 | I10: 0 | J10: =H10*I10 -> 0 | K10: =G10+J10 -> 0 | L10: =+K10 -> 0 | M10: 0
A11: 8 | B11: 45908 | E11: 0 | F11: 0 | G11: =E11*F11 -> 0 | H11: 0 | I11: 0 | J11: =H11*I11 -> 0 | K11: =G11+J11 -> 0 | L11: =+K11 -> 0 | M11: 0
A12: 9 | B12: 45909 | E12: 0 | F12: 0 | G12: =E12*F12 -> 0 | H12: 0 | I12: 0 | J12: =H12*I12 -> 0 | K12: =G12+J12 -> 0 | L12: =+K12 -> 0 | M12: 0
A13: 10 | B13: 45910 | E13: 0 | F13: 0 | G13: =E13*F13 -> 0 | H13: 0 | I13: 0 | J13: =H13*I13 -> 0 | K13: =G13+J13 -> 0 | L13: =+K13 -> 0 | M13: 0
A14: 11 | B14: 45911 | E14: 0 | F14: 0 | G14: =E14*F14 -> 0 | H14: 0 | I14: 0 | J14: =H14*I14 -> 0 | K14: =G14+J14 -> 0 | L14: =+K14 -> 0 | M14: 0
A15: 12 | B15: 45912 | E15: 0 | F15: 0 | G15: =E15*F15 -> 0 | H15: 15.62 | I15: 102.46 | J15: =H15*I15 -> 1600.4252 | K15: =G15+J15 -> 1600.4252 | L15: =+K15 -> 1600.4252 | M15: 0
... A33: 30 | B33: 45930 | E33: 0 | F33: 0 | G33: =E33*F33 -> 0 | H33: 0 | I33: 0 | J33: =H33*I33 -> 0 | K33: =G33+J33 -> 0 | L33: =+K33 -> 0 | M33: 0
A34: 31 | E34: 0 | F34: 0 | G34: =E34*F34 -> 0 | H34: 0 | I34: 0 | J34: =H34*I34 -> 0 | K34: =G34+J34 -> 0 | L34: =+K34 -> 0 | M34: 0
E35: =SUM(E4:E34) -> 0 | G35: =SUM(G4:G34) -> 0 | H35: =SUM(H4:H34) -> 71.28 | J35: =SUM(J4:J34) -> 7303.3488 | K35: =SUM(K4:K34) -> 7303.3488 | L35: =SUM(L4:L34) -> 7303.3488

Sheet Malebenur(KUWSDB)
A1: Sri Ramanjuneya Service Station
A2: S.No | B2: Date | C2: GRN No | D2: Ind No/Bill No | E2: Diesel (Lts) | F2: Price | G2: Amount | H2: Petrol (Lts) | I2: Price | J2: Amount | K2: Total amount | L2: Amount paid | M2: As on Date | N2: Remarks
A3: Opening Balance | K3: 191809.52 | M3: =+K3 -> 191809.52 | O3: 46138.764
A4: 1 | B4: 45901 | E4: 500 | F4: 92.26 | G4: =E4*F4 -> 46130 | H4: 0 | J4: =H4*I4 -> 0 | K4: =G4+J4 -> 46130 | L4: 191809.52 | M4: =M3+K4-L4 -> 46129.997
A5: 2 | B5: 45902 | E5: 0 | F5: 0 | G5: =E5*F5 -> 0 | H5: 0 | J5: =H5*I5 -> 0 | K5: =G5+J5 -> 0 | L5: 0 | M5: =M4+K5-L5 -> 46129.997
A6: 3 | B6: 45903 | E6: 0 | F6: 0 | G6: =E6*F6 -> 0 | H6: 0 | J6: =H6*I6 -> 0 | K6: =G6+J6 -> 0 | L6: 0 | M6: =M5+K6-L6 -> 46129.997
A7: 4 | B7: 45904 | E7: 0 | F7: 0 | G7: =E7*F7 -> 0 | H7: 0 | J7: =H7*I7 -> 0 | K7: =G7+J7 -> 0 | L7: 0 | M7: =M6+K7-L7 -> 46129.997
A8: 5 | B8: 45905 | E8: 500 | F8: 92.26 | G8: =E8*F8 -> 46130 | H8: 35 | I8: 104.13 | J8: =H8*I8 -> 3644.55 | K8: =G8+J8 -> 49774.55 | L8: 30000 | M8: =M7+K8-L8 -> 65904.547
A9: 6 | B9: 45906 | E9: 433.56 | F9: 92.26 | G9: =E9*F9 -> 40000.246 | H9: 0 | J9: =H9*I9 -> 0 | K9: =G9+J9 -> 40000.246 | L9: 40000 | M9: =M8+K9-L9 -> 65904.792
A10: 7 | B10: 45907 | E10: 0 | F10: 0 | G10: =E10*F10 -> 0 | H10: 0 | J10: =H10*I10 -> 0 | K10: =G10+J10 -> 0 | L10: 0 | M10: =M9+K10-L10 -> 65904.792
A11: 8 | B11: 45908 | E11: 0 | F11: 0 | G11: =E11*F11 -> 0 | H11: 0 | J11: =H11*I11 -> 0 | K11: =G11+J11 -> 0 | L11: 0 | M11: =M10+K11-L11 -> 65904.792
A12: 9 | B12: 45909 | E12: 500 | F12: 92.26 | G12: =E12*F12 -> 46130 | H12: 35 | I12: 104.13 | J12: =H12*I12 -> 3644.55 | K12: =G12+J12 -> 49774.55 | L12: 65904 | M12: =M11+K12-L12 -> 49775.342
A13: 10 | B13: 45910 | E13: 500 | F13: 92.26 | G13: =E13*F13 -> 46130 | H13: 0 | J13: =H13*I13 -> 0 | K13: =G13+J13 -> 46130 | L13: 49774.55 | M13: =M12+K13-L13 -> 46130.792
A14: 11 | B14: 45911 | E14: 500 | F14: 92.26 | G14: =E14*F14 -> 46130 | H14: 0 | J14: =H14*I14 -> 0 | K14: =G14+J14 -> 46130 | L14: 46130 | M14: =M13+K14-L14 -> 46130.792
A15: 12 | B15: 45912 | E15: 433.98 | F15: 92.17 | G15: =E15*F15 -> 39999.937 | H15: 0 | J15: =H15*I15 -> 0 | K15: =G15+J15 -> 39999.937 | L15: 39999.94 | M15: =M14+K15-L15 -> 46130.789
A16: 13 | B16: 45913 | E16: 433.98 | F16: 92.17 | G16: =E16*F16 -> 39999.937 | H16: 0 | J16: =H16*I16 -> 0 | K16: =G16+J16 -> 39999.937 | L16: 39999.94 | M16: =M15+K16-L16 -> 46130.786
A17: 14 | B17: 45914 | E17: 0 | F17: 0 | G17: =E17*F17 -> 0 | H17: 0 | J17: =H17*I17 -> 0 | K17: =G17+J17 -> 0 | L17: 0 | M17: =M16+K17-L17 -> 46130.786
A18: 15 | B18: 45915 | E18: 500 | F18: 92.17 | G18: =E18*F18 -> 46085 | H18: 35 | I18: 104.13 | J18: =H18*I18 -> 3644.55 | K18: =G18+J18 -> 49729.55 | L18: 46130.79 | M18: =M17+K18-L18 -> 49729.546
A19: 16 | B19: 45916 | E19: 500 | F19: 92.17 | G19: =E19*F19 -> 46085 | H19: 35 | I19: 104.13 | J19: =H19*I19 -> 3644.55 | K19: =G19+J19 -> 49729.55 | L19: 49774.55 | M19: =M18+K19-L19 -> 49684.546
A20: 17 | B20: 45917 | E20: 0 | F20: 0 | G20: =E20*F20 -> 0 | H20: 0 | I20: 104.13 | J20: =H20*I20 -> 0 | K20: =G20+J20 -> 0 | L20: 0 | M20: =M19+K20-L20 -> 49684.546 | V20: =400*90.23 -> 36092
A21: 18 | B21: 45918 | E21: 433.56 | F21: 92.26 | G21: =E21*F21 -> 40000.246 | H21: 0 | J21: =H21*I21 -> 0 | K21: =G21+J21 -> 40000.246 | L21: 40000.25 | M21: =M20+K21-L21 -> 49684.541 | V21: =35*104.14 -> 3644.9
A22: 19 | B22: 45919 | E22: 433.56 | F22: 92.26 | G22: =E22*F22 -> 40000.246 | H22: 0 | J22: =H22*I22 -> 0 | K22: =G22+J22 -> 40000.246 | L22: 40000.25 | M22: =M21+K22-L22 -> 49684.537
A23: 20 | B23: 45920 | E23: 0 | F23: 0 | G23: =E23*F23 -> 0 | H23: 0 | J23: =H23*I23 -> 0 | K23: =G23+J23 -> 0 | L23: 0 | M23: =M22+K23-L23 -> 49684.537
A24: 21 | B24: 45921 | E24: 325.34 | F24: 92.21 | G24: =E24*F24 -> 29999.601 | H24: 0 | J24: =H24*I24 -> 0 | K24: =G24+J24 -> 29999.601 | L24: 30000 | M24: =M23+K24-L24 -> 49684.138
A25: 22 | B25: 45922 | E25: 194.2 | F25: 92.26 | G25: =E25*F25 -> 17916.892 | H25: 20 | I25: 104.13 | J25: =H25*I25 -> 2082.6 | K25: =G25+J25 -> 19999.492 | L25: 0 | M25: =M24+K25-L25 -> 69683.63
A26: 23 | B26: 45923 | E26: 394.05 | F26: 92.26 | G26: =E26*F26 -> 36355.053 | H26: 35 | I26: 104.13 | J26: =H26*I26 -> 3644.55 | K26: =G26+J26 -> 39999.603 | L26: 0 | M26: =M25+K26-L26 -> 109683.23
A27: 24 | B27: 45924 | E27: 0 | F27: 0 | G27: =E27*F27 -> 0 | H27: 0 | J27: =H27*I27 -> 0 | K27: =G27+J27 -> 0 | L27: 80000 | M27: =M26+K27-L27 -> 29683.233
A28: 25 | B28: 45925 | E28: 325.49 | F28: 92.17 | G28: =E28*F28 -> 30000.413 | H28: 0 | J28: =H28*I28 -> 0 | K28: =G28+J28 -> 30000.413 | L28: 30000 | M28: =M27+K28-L28 -> 29683.646
A29: 26 | B29: 45926 | E29: 216.9 | F29: 92.21 | G29: =E29*F29 -> 20000.349 | H29: 0 | J29: =H29*I29 -> 0 | K29: =G29+J29 -> 20000.349 | L29: 20000 | M29: =M28+K29-L29 -> 29683.995
A30: 27 | B30: 45927 | E30: 549.91 | F30: 92.17 | G30: =E30*F30 -> 50685.205 | H30: 19.99 | I30: 103.03 | J30: =H30*I30 -> 2059.5697 | K30: =G30+J30 -> 52744.774 | L30: 79774.14 | M30: =M29+K30-L30 -> 2654.6299 | P30: 29774.14
A31: 28 | B31: 45928 | E31: 0 | F31: 92.26 | G31: =E31*F31 -> 0 | H31: 0 | J31: =H31*I31 -> 0 | K31: =G31+J31 -> 0 | L31: 0 | M31: =M30+K31-L31 -> 2654.6299 | P31: 50000
A32: 29 | B32: 45929 | E32: 433.98 | F32: 92.17 | G32: =E32*F32 -> 39999.937 | H32: 0 | J32: =H32*I32 -> 0 | K32: =G32+J32 -> 39999.937 | L32: 39999.94 | M32: =M31+K32-L32 -> 2654.6265 | P32: =SUM(P30:P31) -> 79774.14
A33: 30 | B33: 45930 | E33: 195.07 | F33: 92.17 | G33: =E33*F33 -> 17979.602 | H33: 20 | I33: 103.03 | J33: =H33*I33 -> 2060.6 | K33: =G33+J33 -> 20040.202 | L33: 20060 | M33: =M32+K33-L33 -> 2634.8284
A34: 31 | E34: 0 | F34: 0 | G34: =E34*F34 -> 0 | H34: 0 | J34: =H34*I34 -> 0 | K34: =G34+J34 -> 0 | L34: 0 | M34: =M33+K34-L34 -> 2634.8284
E35: 0 | F35: 0 | G35: =E35*F35 -> 0 | H35: 0 | J35: =H35*I35 -> 0 | K35: =G35+J35 -> 0 | L35: 0 | M35: =M34+K35-L35 -> 2634.8284
E36: =SUM(E4:E34) -> 8303.58 | G36: =SUM(G4:G34) -> 765757.66 | H36: =SUM(H4:H34) -> 234.99 | J36: =SUM(J4:J34) -> 24425.52 | K36: =SUM(K4:K34) -> 790183.18 | L36: =SUM(L4:L34) -> 979357.87
E37: 0 | G37: 0 | H37: 0 | J37: 0 | K37: =G37+J37 -> 0 | L37: 0
S42: 9052944708

Sheet BPCL March 25
A1: BPCL Card Ledger
A2: S.No | B2: Date | C2: Petrol Bunk Name | D2: Card No | E2: Diesel (Lts) | F2: Price | G2: Amount | H2: Petrol (Lts) | I2: Price | J2: Amount | K2: Total amount | L2: Recharge Amount | M2: As on Date | N2: Remarks | O2: Redeem
A3: Opening Balance | K3: 16888.16
A4: 1 | B4: 01.09.2025 | C4: SAI BABA FILLING STATION | D4: FC3450563998 | E4: 6222.8 | F4: 96.42 | G4: =E4*F4 -> 600002.38 | J4: =H4*I4 -> 0 | K4: =G4+J4 -> 600002.38 | L4: 874300 | M4: =K3+L4-K4 -> 291185.78
A5: 2 | B5: 01.09.2025 | C5: AMBATI PUSHPALATHA CHANNAIAH | D5: FC3450698859 | E5: 52.26 | F5: 95.7 | G5: =E5*F5 -> 5001.282 | J5: =H5*I5 -> 0 | K5: =G5+J5 -> 5001.282 | M5: =M4+L5-K5 -> 286184.5
A6: 3 | B6: 01.09.2025 | C6: DANESWARI PETROLEUM | D6: FC8000207648 | E6: 2628.13 | F6: 91.32 | G6: =E6*F6 -> 240000.83 | J6: =H6*I6 -> 0 | K6: =G6+J6 -> 240000.83 | M6: =M5+L6-K6 -> 46183.67
A7: 4 | B7: 01.09.2025 | C7: SREE S.V.AGENCIES | D7: FC8000207659 | G7: =E7*F7 -> 0 | H7: 25 | I7: 109.01 | J7: =H7*I7 -> 2725.25 | K7: =G7+J7 -> 2725.25 | M7: =M6+L7-K7 -> 43458.42
A8: 5 | B8: 02.09.2025 | C8: SANDHYA FUEL STATION | D8: FC3450563999 | G8: =E8*F8 -> 0 | H8: 3.81 | I8: 107.46 | J8: =H8*I8 -> 409.4226 | K8: =G8+J8 -> 409.4226 | M8: =M7+L8-K8 -> 43048.998
A9: 6 | B9: 02.09.2025 | C9: AKARAPU BALAKISTAMMA | D9: FC3450676134 | E9: 34.3 | F9: 96.83 | G9: =E9*F9 -> 3321.269 | J9: =H9*I9 -> 0 | K9: =G9+J9 -> 3321.269 | M9: =M8+L9-K9 -> 39727.729
A10: 7 | B10: 03.09.2025 | C10: SAI PRIYA FILLING STATION | D10: FC8000207658 | E10: 31.35 | F10: 95.7 | G10: =E10*F10 -> 3000.195 | J10: =H10*I10 -> 0 | K10: =G10+J10 -> 3000.195 | M10: =M9+L10-K10 -> 36727.534
A11: 8 | B11: 04.09.2025 | C11: BHASKAR ENTERPRISES BHARAT | D11: FC3450698868 | E11: 49.95 | F11: 95.82 | G11: =E11*F11 -> 4786.209 | J11: =H11*I11 -> 0 | K11: =G11+J11 -> 4786.209 | M11: =M10+L11-K11 -> 31941.325
A12: 9 | B12: 04.09.2025 | C12: SAI BABA FILLING STATION | D12: FC3450698859 | E12: 60.67 | F12: 96.42 | G12: =E12*F12 -> 5849.8014 | J12: =H12*I12 -> 0 | K12: =G12+J12 -> 5849.8014 | M12: =M11+L12-K12 -> 26091.523
A13: 10 | B13: 04.09.2025 | C13: V.V.VARDE BHARAT | D13: FC8000207649 | E13: 0 | F13: 0 | G13: =E13*F13 -> 0 | H13: 4.87 | I13: 102.77 | J13: =H13*I13 -> 500.4899 | K13: =G13+J13 -> 500.4899 | M13: =M12+L13-K13 -> 25591.033
A14: 11 | B14: 04.09.2025 | C14: SHIVAGANGA SERVICE STATION | D14: FC8000207650 | E14: 108.42 | F14: 92.23 | G14: =E14*F14 -> 9999.5766 | J14: =H14*I14 -> 0 | K14: =G14+J14 -> 9999.5766 | M14: =M13+L14-K14 -> 15591.457
A15: 12 | B15: 05.09.2025 | C15: RAJ SERVICE STATION, BHARAT PETROLEUM | D15: FC3450563999 | E15: 0 | F15: 0 | G15: =E15*F15 -> 0 | H15: 3.72 | I15: 107.51 | J15: =H15*I15 -> 399.9372 | K15: =G15+J15 -> 399.9372 | M15: =M14+L15-K15 -> 15191.52
A16: 13 | B16: 05.09.2025 | C16: SHIVAGANGA SERVICE STATION | D16: FC8000207650 | E16: 271.06 | F16: 92.23 | G16: =E16*F16 -> 24999.864 | J16: =H16*I16 -> 0 | K16: =G16+J16 -> 24999.864 | L16: 27354 | M16: =M15+L16-K16 -> 17545.656
A17: 14 | B17: 06.09.2025 | C17: LAKEVIEW FILLING STATION | D17: FC8000207659 | G17: =E17*F17 -> 0 | H17: 10 | I17: 109.94 | J17: =H17*I17 -> 1099.4 | K17: =G17+J17 -> 1099.4 | L17: 50000 | M17: =M16+L17-K17 -> 66446.256
A18: 15 | B18: 08.09.2025 | C18: SHREE SAI SAMARTH PETROLEUM | D18: FC0323247261 | E18: 16699.08 | F18: 91.14 | G18: =E18*F18 -> 1521954.2 | J18: =H18*I18 -> 0 | K18: =G18+J18 -> 1521954.2 | L18: 6050000 | M18: =M17+L18-K18 -> 4594492.1
A19: 16 | B19: 08.09.2025 | C19: SAI BABA FILLING STATION | D19: FC3450563998 | E19: 35781.1 | F19: 96.42 | G19: =E19*F19 -> 3450013.7 | J19: =H19*I19 -> 0 | K19: 3450000 | M19: =M18+L19-K19 -> 1144492.1
A20: 17 | B20: 08.09.2025 | C20: MAHMOOD FILLING STATION | D20: FC3450563999 | G20: =E20*F20 -> 0 | H20: 4.28 | I20: 107.46 | J20: =H20*I20 -> 459.9288 | K20: =G20+J20 -> 459.9288 | M20: =M19+L20-K20 -> 1144032.2
A21: 18 | B21: 08.09.2025 | C21: SLV FILLING STATION | D21: FC3450676134 | E21: 45.18 | F21: 96.07 | G21: =E21*F21 -> 4340.4426 | J21: =H21*I21 -> 0 | K21: =G21+J21 -> 4340.4426 | M21: =M20+L21-K21 -> 1139691.7
A22: 19 | B22: 08.09.2025 | C22: DANESWARI PETROLEUM | D22: FC8000207648 | E22: 4380.2 | F22: 91.32 | G22: =E22*F22 -> 399999.86 | J22: =H22*I22 -> 0 | K22: 400000 | M22: =M21+L22-K22 -> 739691.73
A23: 20 | B23: 08.09.2025 | C23: V.V.VARDE BHARAT | D23: FC8000207649 | G23: =E23*F23 -> 0 | H23: 7.5 | I23: 102.77 | J23: =H23*I23 -> 770.775 | K23: =G23+J23 -> 770.775 | M23: =M22+L23-K23 -> 738920.96
A24: 21 | B24: 08.09.2025 | C24: SHRI BRAHMANATH | D24: FC8000207650 | E24: 4383.78 | F24: 91.91 | G24: =E24*F24 -> 402913.22 | J24: =H24*I24 -> 0 | K24: =G24+J24 -> 402913.22 | M24: =M23+L24-K24 -> 336007.74
A25: 22 | B25: 08.09.2025 | C25: AMADABAKULA FILLING | D25: FC8000207650 | E25: 617.92 | F25: 97.1 | G25: =E25*F25 -> 60000.032 | J25: =H25*I25 -> 0 | K25: =G25+J25 -> 60000.032 | M25: =M24+L25-K25 -> 276007.71
A26: 23 | B26: 08.09.2025 | C26: LAKEVIEW FILLING STATION | D26: FC8000207659 | E26: 0 | G26: =E26*F26 -> 0 | H26: 5 | I26: 109.94 | J26: =H26*I26 -> 549.7 | K26: =G26+J26 -> 549.7 | M26: =M25+L26-K26 -> 275458.01
A27: 24 | B27: 08.09.2025 | C27: BP-KAKINADA BHARAT | D27: FC8000207659 | E27: 0 | G27: =E27*F27 -> 0 | H27: 5 | I27: 109.94 | J27: =H27*I27 -> 549.7 | K27: =G27+J27 -> 549.7 | M27: =M26+L27-K27 -> 274908.31
A28: 25 | B28: 09.09.2025 | C28: VISHNU FILLING STATION | D28: FC8000207659 | E28: 0 | G28: =E28*F28 -> 0 | H28: 4.55 | I28: 109.94 | J28: =H28*I28 -> 500.227 | K28: =G28+J28 -> 500.227 | M28: =M27+L28-K28 -> 274408.08
A29: 26 | B29: 09.09.2025 | C29: K.VENKATA LAKSHMI SRINIVASA FU | D29: FC3450698859 | E29: 53.91 | F29: 96.08 | G29: =E29*F29 -> 5179.6728 | J29: =H29*I29 -> 0 | K29: =G29+J29 -> 5179.6728 | M29: =M28+L29-K29 -> 269228.41
A30: 27 | B30: 10.09.2025 | C30: V.V.VARDE BHARAT | D30: FC8000207649 | E30: 30 | F30: 90.88 | G30: =E30*F30 -> 2726.4 | H30: 4.87 | I30: 102.77 | J30: =H30*I30 -> 500.4899 | K30: =G30+J30 -> 3226.8899 | M30: =M29+L30-K30 -> 266001.52
A31: 28 | B31: 11.09.2025 | C31: KAKINADA BHARAT PETROLEUM | D31: FC8000207659 | E31: 36 | F31: 97.71 | G31: =E31*F31 -> 3517.56 | H31: 5 | I31: 109.94 | J31: =H31*I31 -> 549.7 | K31: =G31+J31 -> 4067.26 | M31: =M30+L31-K31 -> 261934.26
A32: 29 | B32: 11.09.2025 | C32: V.V.VARDE BHARAT | D32: FC8000207649 | E32: 29.32 | F32: 90.88 | G32: =E32*F32 -> 2664.6016 | J32: =H32*I32 -> 0 | K32: =G32+J32 -> 2664.6016 | M32: =M31+L32-K32 -> 259269.66
A33: 30 | B33: 11.09.2025 | C33: AMADABAKULA FILLING | D33: FC8000207650 | E33: 600 | F33: 97.1 | G33: =E33*F33 -> 58260 | J33: =H33*I33 -> 0 | K33: =G33+J33 -> 58260 | M33: =M32+L33-K33 -> 201009.66
A34: 31 | B34: 12.09.2025 | C34: V.V.VARDE BHARAT | D34: FC8000207649 | E34: 100 | F34: 90.88 | G34: =E34*F34 -> 9088 | H34: 5 | I34: 102.77 | J34: =H34*I34 -> 513.85 | K34: =G34+J34 -> 9601.85 | M34: =M33+L34-K34 -> 191407.81
A35: 32 | B35: 12.09.2025 | C35: SANDHYA FUEL STATION | D35: FC3450563999 | E35: 0 | F35: 0 | G35: =E35*F35 -> 0 | H35: 3.72 | I35: 107.46 | J35: =H35*I35 -> 399.7512 | K35: =G35+J35 -> 399.7512 | M35: =M34+L35-K35 -> 191008.05
A36: 33 | B36: 12.09.2025 | C36: SREE VEERABHADRESHWARA SER | D36: FC8000207650 | E36: 433.98 | F36: 92.17 | G36: =E36*F36 -> 39999.937 | J36: =H36*I36 -> 0 | K36: =G36+J36 -> 39999.937 | M36: =M35+L36-K36 -> 151008.12
A37: 34 | B37: 12.09.2025 | C37: SHIVAGANGA SERVICE STATION | D37: FC8000207650 | E37: 300 | F37: 92.23 | G37: =E37*F37 -> 27669 | H37: 20 | I37: 104.09 | J37: =H37*I37 -> 2081.8 | K37: =G37+J37 -> 29750.8 | M37: =M36+L37-K37 -> 121257.32
A38: 35 | B38: 12.09.2025 | C38: BP-KAKINADA BHARAT | D38: FC8000207659 | E38: 0 | F38: 0 | G38: =E38*F38 -> 0 | H38: 25 | I38: 109.94 | J38: =H38*I38 -> 2748.5 | K38: =G38+J38 -> 2748.5 | M38: =M37+L38-K38 -> 118508.82
A39: 36 | B39: 13.09.2025 | C39: V.V.VARDE BHARAT | D39: FC8000207649 | E39: 50 | F39: 90.88 | G39: =E39*F39 -> 4544 | J39: =H39*I39 -> 0 | K39: =G39+J39 -> 4544 | M39: =M38+L39-K39 -> 113964.82
A40: 37 | B40: 13.09.2025 | C40: SREE VEERABHADRESHWARA SER | D40: FC8000207650 | E40: 433.98 | F40: 92.17 | G40: =E40*F40 -> 39999.937 | J40: =H40*I40 -> 0 | K40: =G40+J40 -> 39999.937 | M40: =M39+L40-K40 -> 73964.881
A41: 38 | B41: 14.09.2025 | C41: V.V.VARDE BHARAT | D41: FC8000207649 | E41: 50 | F41: 90.88 | G41: =E41*F41 -> 4544 | J41: =H41*I41 -> 0 | K41: =G41+J41 -> 4544 | M41: =M40+L41-K41 -> 69420.881
A42: 39 | B42: 15.09.2025 | C42: V.V.VARDE BHARAT | D42: FC8000207649 | E42: 172.01 | F42: 90.88 | G42: =E42*F42 -> 15632.269 | J42: =H42*I42 -> 0 | K42: =G42+J42 -> 15632.269 | M42: =M41+L42-K42 -> 53788.612
A43: 40 | B43: 15.09.2025 | C43: EARTH PAVERS (HYD) | D43: FC3450563999 | G43: =E43*F43 -> 0 | H43: 3.72 | I43: 107.46 | J43: =H43*I43 -> 399.7512 | K43: =G43+J43 -> 399.7512 | M43: =M42+L43-K43 -> 53388.861
A44: 41 | B44: 16.09.2025 | C44: SRI LAKSHMI NARASIMHA PETRO ST | D44: FC8000207659 | G44: =E44*F44 -> 0 | H44: 15 | I44: 109.39 | J44: =H44*I44 -> 1640.85 | K44: =G44+J44 -> 1640.85 | M44: =M43+L44-K44 -> 51748.011
A45: 42 | B45: 16.09.2025 | C45: V.V.VARDE BHARAT | D45: FC8000207649 | E45: 440 | F45: 90.88 | G45: =E45*F45 -> 39987.2 | J45: =H45*I45 -> 0 | K45: =G45+J45 -> 39987.2 | M45: =M44+L45-K45 -> 11760.811
A46: 43 | B46: 17.09.2025 | C46: KESHAV PETROFIL BHARAT | D46: FC3450698859 | E46: 49.5 | F46: 95.7 | G46: =E46*F46 -> 4737.15 | J46: =H46*I46 -> 0 | K46: =G46+J46 -> 4737.15 | M46: =M45+L46-K46 -> 7023.6608
A47: 44 | B47: 17.09.2025 | C47: V.V.VARDE BHARAT | D47: FC8000207649 | G47: =E47*F47 -> 0 | H47: 16.68 | I47: 102.77 | J47: =H47*I47 -> 1714.2036 | K47: =G47+J47 -> 1714.2036 | M47: =M46+L47-K47 -> 5309.4572
A48: 45 | B48: 18.09.2025 | C48: SANDHYA FUEL STATION | D48: FC3450563999 | G48: =E48*F48 -> 0 | H48: 4.19 | I48: 107.46 | J48: =H48*I48 -> 450.2574 | K48: =G48+J48 -> 450.2574 | L48: 200000 | M48: =M47+L48-K48 -> 204859.2
A49: 46 | B49: 18.09.2025 | C49: V.V.VARDE BHARAT | D49: FC8000207649 | E49: 255 | F49: 90.88 | G49: =E49*F49 -> 23174.4 | J49: =H49*I49 -> 0 | K49: =G49+J49 -> 23174.4 | M49: =M48+L49-K49 -> 181684.8
A50: 47 | B50: 18.09.2025 | C50: SREE S.V.AGENCIES BHARAT | D50: FC8000207659 | G50: =E50*F50 -> 0 | H50: 20 | I50: 109.01 | J50: =H50*I50 -> 2180.2 | K50: =G50+J50 -> 2180.2 | M50: =M49+L50-K50 -> 179504.6
A51: 48 | B51: 19.09.2025 | C51: SAI BABA FILLING STATION | D51: FC3450563998 | E51: 50.28 | F51: 96.42 | G51: =E51*F51 -> 4847.9976 | J51: =H51*I51 -> 0 | K51: =G51+J51 -> 4847.9976 | M51: =M50+L51-K51 -> 174656.6
A52: 49 | B52: 19.09.2025 | C52: DANESWARI PETROLEUM | D52: FC8000207648 | E52: 1642.58 | F52: 91.32 | G52: =E52*F52 -> 150000.41 | J52: =H52*I52 -> 0 | K52: =G52+J52 -> 150000.41 | M52: =M51+L52-K52 -> 24656.197
A53: 50 | B53: 19.09.2025 | C53: V.V.VARDE BHARAT | D53: FC8000207649 | E53: 150 | F53: 90.88 | G53: =E53*F53 -> 13632 | J53: =H53*I53 -> 0 | K53: =G53+J53 -> 13632 | M53: =M52+L53-K53 -> 11024.197
A54: 51 | B54: 19.09.2025 | C54: SANDHYA FUEL STATION | D54: FC8000207658 | E54: 21.94 | F54: 95.7 | G54: =E54*F54 -> 2099.658 | J54: =H54*I54 -> 0 | K54: =G54+J54 -> 2099.658 | M54: =M53+L54-K54 -> 8924.5386
A55: 52 | B55: 20.08.2025 | C55: AKARAPU BALAKISTAMMA | D55: FC3450676134 | E55: 39.21 | F55: 96.83 | G55: =E55*F55 -> 3796.7043 | J55: =H55*I55 -> 0 | K55: =G55+J55 -> 3796.7043 | L55: 28971 | M55: =M54+L55-K55 -> 34098.834
A56: 53 | B56: 20.08.2025 | C56: V.V.VARDE BHARAT | D56: FC8000207649 | E56: 135.5 | F56: 90.88 | G56: =E56*F56 -> 12314.24 | J56: =H56*I56 -> 0 | K56: =G56+J56 -> 12314.24 | M56: =M55+L56-K56 -> 21784.594
